ISO-10303-21;
HEADER;
FILE_DESCRIPTION(('Open CASCADE Model'),'2;1');
FILE_NAME('Open CASCADE Shape Model','2025-07-21T14:59:40',('Author'),(
    'Open CASCADE'),'Open CASCADE STEP processor 7.7','Open CASCADE 7.7'
  ,'Unknown');
FILE_SCHEMA(('AUTOMOTIVE_DESIGN { 1 0 10303 214 1 1 1 1 }'));
ENDSEC;
DATA;
#1 = APPLICATION_PROTOCOL_DEFINITION('international standard',
  'automotive_design',2000,#2);
#2 = APPLICATION_CONTEXT(
  'core data for automotive mechanical design processes');
#3 = SHAPE_DEFINITION_REPRESENTATION(#4,#10);
#4 = PRODUCT_DEFINITION_SHAPE('','',#5);
#5 = PRODUCT_DEFINITION('design','',#6,#9);
#6 = PRODUCT_DEFINITION_FORMATION('','',#7);
#7 = PRODUCT('Open CASCADE STEP translator 7.7 1',
  'Open CASCADE STEP translator 7.7 1','',(#8));
#8 = PRODUCT_CONTEXT('',#2,'mechanical');
#9 = PRODUCT_DEFINITION_CONTEXT('part definition',#2,'design');
#10 = ADVANCED_BREP_SHAPE_REPRESENTATION('',(#11,#15),#1961);
#11 = AXIS2_PLACEMENT_3D('',#12,#13,#14);
#12 = CARTESIAN_POINT('',(0.,0.,0.));
#13 = DIRECTION('',(0.,0.,1.));
#14 = DIRECTION('',(1.,0.,-0.));
#15 = MANIFOLD_SOLID_BREP('',#16);
#16 = CLOSED_SHELL('',(#17,#507,#583,#636,#690,#739,#938,#992,#1041,
    #1227,#1276,#1325,#1375,#1424,#1615,#1664,#1718,#1890,#1909,#1935));
#17 = ADVANCED_FACE('',(#18),#32,.F.);
#18 = FACE_BOUND('',#19,.F.);
#19 = EDGE_LOOP('',(#20,#55,#88,#121,#149,#182,#215,#243,#272,#300,#329,
    #358,#386,#415,#443,#476));
#20 = ORIENTED_EDGE('',*,*,#21,.T.);
#21 = EDGE_CURVE('',#22,#24,#26,.T.);
#22 = VERTEX_POINT('',#23);
#23 = CARTESIAN_POINT('',(-0.3327,-0.479800517261,0.));
#24 = VERTEX_POINT('',#25);
#25 = CARTESIAN_POINT('',(-0.3327,-0.4738,0.));
#26 = SURFACE_CURVE('',#27,(#31,#43),.PCURVE_S1.);
#27 = LINE('',#28,#29);
#28 = CARTESIAN_POINT('',(-0.3327,-0.6719,0.));
#29 = VECTOR('',#30,1.);
#30 = DIRECTION('',(8.406534764956E-16,1.,0.));
#31 = PCURVE('',#32,#37);
#32 = PLANE('',#33);
#33 = AXIS2_PLACEMENT_3D('',#34,#35,#36);
#34 = CARTESIAN_POINT('',(0.252702777241,0.462608140997,0.));
#35 = DIRECTION('',(0.,0.,1.));
#36 = DIRECTION('',(1.,0.,-0.));
#37 = DEFINITIONAL_REPRESENTATION('',(#38),#42);
#38 = LINE('',#39,#40);
#39 = CARTESIAN_POINT('',(-0.585402777241,-1.134508140997));
#40 = VECTOR('',#41,1.);
#41 = DIRECTION('',(8.406534764956E-16,1.));
#42 = ( GEOMETRIC_REPRESENTATION_CONTEXT(2) 
PARAMETRIC_REPRESENTATION_CONTEXT() REPRESENTATION_CONTEXT('2D SPACE',''
  ) );
#43 = PCURVE('',#44,#49);
#44 = PLANE('',#45);
#45 = AXIS2_PLACEMENT_3D('',#46,#47,#48);
#46 = CARTESIAN_POINT('',(-0.3327,-0.6719,0.));
#47 = DIRECTION('',(-1.,8.406534764956E-16,0.));
#48 = DIRECTION('',(8.406534764956E-16,1.,0.));
#49 = DEFINITIONAL_REPRESENTATION('',(#50),#54);
#50 = LINE('',#51,#52);
#51 = CARTESIAN_POINT('',(0.,0.));
#52 = VECTOR('',#53,1.);
#53 = DIRECTION('',(1.,0.));
#54 = ( GEOMETRIC_REPRESENTATION_CONTEXT(2) 
PARAMETRIC_REPRESENTATION_CONTEXT() REPRESENTATION_CONTEXT('2D SPACE',''
  ) );
#55 = ORIENTED_EDGE('',*,*,#56,.T.);
#56 = EDGE_CURVE('',#24,#57,#59,.T.);
#57 = VERTEX_POINT('',#58);
#58 = CARTESIAN_POINT('',(-0.5803,-3.32850066953E-17,0.));
#59 = SURFACE_CURVE('',#60,(#65,#76),.PCURVE_S1.);
#60 = CIRCLE('',#61,0.580403009635);
#61 = AXIS2_PLACEMENT_3D('',#62,#63,#64);
#62 = CARTESIAN_POINT('',(1.004852400071E-04,1.711819639987E-03,0.));
#63 = DIRECTION('',(0.,0.,-1.));
#64 = DIRECTION('',(-0.573395519519,-0.819278693849,-0.));
#65 = PCURVE('',#32,#66);
#66 = DEFINITIONAL_REPRESENTATION('',(#67),#75);
#67 = ( BOUNDED_CURVE() B_SPLINE_CURVE(2,(#68,#69,#70,#71,#72,#73,#74),
.UNSPECIFIED.,.T.,.F.) B_SPLINE_CURVE_WITH_KNOTS((1,2,2,2,2,1),(
    -2.094395102393,0.,2.094395102393,4.188790204786,6.28318530718,
8.377580409573),.UNSPECIFIED.) CURVE() GEOMETRIC_REPRESENTATION_ITEM() 
RATIONAL_B_SPLINE_CURVE((1.,0.5,1.,0.5,1.,0.5,1.)) REPRESENTATION_ITEM(
  '') );
#68 = CARTESIAN_POINT('',(-0.585402777241,-0.936408140997));
#69 = CARTESIAN_POINT('',(-1.409013408457,-0.359980791778));
#70 = CARTESIAN_POINT('',(-0.498007364989,6.507326307277E-02));
#71 = CARTESIAN_POINT('',(0.412998678479,0.490127317923));
#72 = CARTESIAN_POINT('',(0.325603266227,-0.511354086147));
#73 = CARTESIAN_POINT('',(0.238207853975,-1.512835490216));
#74 = CARTESIAN_POINT('',(-0.585402777241,-0.936408140997));
#75 = ( GEOMETRIC_REPRESENTATION_CONTEXT(2) 
PARAMETRIC_REPRESENTATION_CONTEXT() REPRESENTATION_CONTEXT('2D SPACE',''
  ) );
#76 = PCURVE('',#77,#82);
#77 = CYLINDRICAL_SURFACE('',#78,0.580403009635);
#78 = AXIS2_PLACEMENT_3D('',#79,#80,#81);
#79 = CARTESIAN_POINT('',(1.004852400071E-04,1.711819639987E-03,0.));
#80 = DIRECTION('',(0.,0.,-1.));
#81 = DIRECTION('',(-0.573395519519,-0.819278693849,-0.));
#82 = DEFINITIONAL_REPRESENTATION('',(#83),#87);
#83 = LINE('',#84,#85);
#84 = CARTESIAN_POINT('',(0.,0.));
#85 = VECTOR('',#86,1.);
#86 = DIRECTION('',(1.,0.));
#87 = ( GEOMETRIC_REPRESENTATION_CONTEXT(2) 
PARAMETRIC_REPRESENTATION_CONTEXT() REPRESENTATION_CONTEXT('2D SPACE',''
  ) );
#88 = ORIENTED_EDGE('',*,*,#89,.T.);
#89 = EDGE_CURVE('',#57,#90,#92,.T.);
#90 = VERTEX_POINT('',#91);
#91 = CARTESIAN_POINT('',(-0.3327,0.4738,0.));
#92 = SURFACE_CURVE('',#93,(#98,#109),.PCURVE_S1.);
#93 = CIRCLE('',#94,0.580403009635);
#94 = AXIS2_PLACEMENT_3D('',#95,#96,#97);
#95 = CARTESIAN_POINT('',(1.004852400066E-04,-1.711819639987E-03,0.));
#96 = DIRECTION('',(0.,0.,-1.));
#97 = DIRECTION('',(-0.999995650617,2.949363824049E-03,0.));
#98 = PCURVE('',#32,#99);
#99 = DEFINITIONAL_REPRESENTATION('',(#100),#108);
#100 = ( BOUNDED_CURVE() B_SPLINE_CURVE(2,(#101,#102,#103,#104,#105,#106
,#107),.UNSPECIFIED.,.T.,.F.) B_SPLINE_CURVE_WITH_KNOTS((1,2,2,2,2,1),(
    -2.094395102393,0.,2.094395102393,4.188790204786,6.28318530718,
8.377580409573),.UNSPECIFIED.) CURVE() GEOMETRIC_REPRESENTATION_ITEM() 
RATIONAL_B_SPLINE_CURVE((1.,0.5,1.,0.5,1.,0.5,1.)) REPRESENTATION_ITEM(
  '') );
#101 = CARTESIAN_POINT('',(-0.833002777241,-0.462608140997));
#102 = CARTESIAN_POINT('',(-0.830037818651,0.542674988176));
#103 = CARTESIAN_POINT('',(3.908042991382E-02,3.746569412983E-02));
#104 = CARTESIAN_POINT('',(0.908198678479,-0.467743599917));
#105 = CARTESIAN_POINT('',(3.611547132397E-02,-0.967817435043));
#106 = CARTESIAN_POINT('',(-0.835967735831,-1.46789127017));
#107 = CARTESIAN_POINT('',(-0.833002777241,-0.462608140997));
#108 = ( GEOMETRIC_REPRESENTATION_CONTEXT(2) 
PARAMETRIC_REPRESENTATION_CONTEXT() REPRESENTATION_CONTEXT('2D SPACE',''
  ) );
#109 = PCURVE('',#110,#115);
#110 = CYLINDRICAL_SURFACE('',#111,0.580403009635);
#111 = AXIS2_PLACEMENT_3D('',#112,#113,#114);
#112 = CARTESIAN_POINT('',(1.004852400066E-04,-1.711819639987E-03,0.));
#113 = DIRECTION('',(0.,0.,-1.));
#114 = DIRECTION('',(-0.999995650617,2.949363824049E-03,0.));
#115 = DEFINITIONAL_REPRESENTATION('',(#116),#120);
#116 = LINE('',#117,#118);
#117 = CARTESIAN_POINT('',(0.,0.));
#118 = VECTOR('',#119,1.);
#119 = DIRECTION('',(1.,0.));
#120 = ( GEOMETRIC_REPRESENTATION_CONTEXT(2) 
PARAMETRIC_REPRESENTATION_CONTEXT() REPRESENTATION_CONTEXT('2D SPACE',''
  ) );
#121 = ORIENTED_EDGE('',*,*,#122,.T.);
#122 = EDGE_CURVE('',#90,#123,#125,.T.);
#123 = VERTEX_POINT('',#124);
#124 = CARTESIAN_POINT('',(-0.3327,0.478861975733,0.));
#125 = SURFACE_CURVE('',#126,(#130,#137),.PCURVE_S1.);
#126 = LINE('',#127,#128);
#127 = CARTESIAN_POINT('',(-0.3327,0.4738,0.));
#128 = VECTOR('',#129,1.);
#129 = DIRECTION('',(-2.802178254985E-16,1.,0.));
#130 = PCURVE('',#32,#131);
#131 = DEFINITIONAL_REPRESENTATION('',(#132),#136);
#132 = LINE('',#133,#134);
#133 = CARTESIAN_POINT('',(-0.585402777241,1.119185900315E-02));
#134 = VECTOR('',#135,1.);
#135 = DIRECTION('',(-2.802178254985E-16,1.));
#136 = ( GEOMETRIC_REPRESENTATION_CONTEXT(2) 
PARAMETRIC_REPRESENTATION_CONTEXT() REPRESENTATION_CONTEXT('2D SPACE',''
  ) );
#137 = PCURVE('',#138,#143);
#138 = PLANE('',#139);
#139 = AXIS2_PLACEMENT_3D('',#140,#141,#142);
#140 = CARTESIAN_POINT('',(-0.3327,0.4738,0.));
#141 = DIRECTION('',(-1.,-2.802178254985E-16,0.));
#142 = DIRECTION('',(-2.802178254985E-16,1.,0.));
#143 = DEFINITIONAL_REPRESENTATION('',(#144),#148);
#144 = LINE('',#145,#146);
#145 = CARTESIAN_POINT('',(0.,0.));
#146 = VECTOR('',#147,1.);
#147 = DIRECTION('',(1.,0.));
#148 = ( GEOMETRIC_REPRESENTATION_CONTEXT(2) 
PARAMETRIC_REPRESENTATION_CONTEXT() REPRESENTATION_CONTEXT('2D SPACE',''
  ) );
#149 = ORIENTED_EDGE('',*,*,#150,.T.);
#150 = EDGE_CURVE('',#123,#151,#153,.T.);
#151 = VERTEX_POINT('',#152);
#152 = CARTESIAN_POINT('',(0.4986,0.2937,0.));
#153 = SURFACE_CURVE('',#154,(#159,#170),.PCURVE_S1.);
#154 = CIRCLE('',#155,0.576497068044);
#155 = AXIS2_PLACEMENT_3D('',#156,#157,#158);
#156 = CARTESIAN_POINT('',(-1.536311127586E-03,6.972708387259E-03,0.));
#157 = DIRECTION('',(0.,0.,-1.));
#158 = DIRECTION('',(-0.579992002399,0.814622168341,0.));
#159 = PCURVE('',#32,#160);
#160 = DEFINITIONAL_REPRESENTATION('',(#161),#169);
#161 = ( BOUNDED_CURVE() B_SPLINE_CURVE(2,(#162,#163,#164,#165,#166,#167
,#168),.UNSPECIFIED.,.T.,.F.) B_SPLINE_CURVE_WITH_KNOTS((1,2,2,2,2,1),(
    -2.094395102393,0.,2.094395102393,4.188790204786,6.28318530718,
8.377580409573),.UNSPECIFIED.) CURVE() GEOMETRIC_REPRESENTATION_ITEM() 
RATIONAL_B_SPLINE_CURVE((1.,0.5,1.,0.5,1.,0.5,1.)) REPRESENTATION_ITEM(
  '') );
#162 = CARTESIAN_POINT('',(-0.588602777241,1.399185900315E-02));
#163 = CARTESIAN_POINT('',(0.224815552453,0.593126756336));
#164 = CARTESIAN_POINT('',(0.319651920915,-0.400881629749));
#165 = CARTESIAN_POINT('',(0.414488289376,-1.394890015835));
#166 = CARTESIAN_POINT('',(-0.49376640878,-0.980016527083));
#167 = CARTESIAN_POINT('',(-1.402021106935,-0.56514303833));
#168 = CARTESIAN_POINT('',(-0.588602777241,1.399185900315E-02));
#169 = ( GEOMETRIC_REPRESENTATION_CONTEXT(2) 
PARAMETRIC_REPRESENTATION_CONTEXT() REPRESENTATION_CONTEXT('2D SPACE',''
  ) );
#170 = PCURVE('',#171,#176);
#171 = CYLINDRICAL_SURFACE('',#172,0.576497068044);
#172 = AXIS2_PLACEMENT_3D('',#173,#174,#175);
#173 = CARTESIAN_POINT('',(-1.536311127586E-03,6.972708387259E-03,0.));
#174 = DIRECTION('',(0.,0.,-1.));
#175 = DIRECTION('',(-0.579992002399,0.814622168341,0.));
#176 = DEFINITIONAL_REPRESENTATION('',(#177),#181);
#177 = LINE('',#178,#179);
#178 = CARTESIAN_POINT('',(0.,0.));
#179 = VECTOR('',#180,1.);
#180 = DIRECTION('',(1.,0.));
#181 = ( GEOMETRIC_REPRESENTATION_CONTEXT(2) 
PARAMETRIC_REPRESENTATION_CONTEXT() REPRESENTATION_CONTEXT('2D SPACE',''
  ) );
#182 = ORIENTED_EDGE('',*,*,#183,.T.);
#183 = EDGE_CURVE('',#151,#184,#186,.T.);
#184 = VERTEX_POINT('',#185);
#185 = CARTESIAN_POINT('',(0.6929,7.9E-03,0.));
#186 = SURFACE_CURVE('',#187,(#192,#203),.PCURVE_S1.);
#187 = CIRCLE('',#188,0.317110028291);
#188 = AXIS2_PLACEMENT_3D('',#189,#190,#191);
#189 = CARTESIAN_POINT('',(0.375858503079,1.307635228625E-03,0.));
#190 = DIRECTION('',(0.,0.,-1.));
#191 = DIRECTION('',(0.38706280461,0.922053352733,0.));
#192 = PCURVE('',#32,#193);
#193 = DEFINITIONAL_REPRESENTATION('',(#194),#202);
#194 = ( BOUNDED_CURVE() B_SPLINE_CURVE(2,(#195,#196,#197,#198,#199,#200
,#201),.UNSPECIFIED.,.T.,.F.) B_SPLINE_CURVE_WITH_KNOTS((1,2,2,2,2,1),(
    -2.094395102393,0.,2.094395102393,4.188790204786,6.28318530718,
8.377580409573),.UNSPECIFIED.) CURVE() GEOMETRIC_REPRESENTATION_ITEM() 
RATIONAL_B_SPLINE_CURVE((1.,0.5,1.,0.5,1.,0.5,1.)) REPRESENTATION_ITEM(
  '') );
#195 = CARTESIAN_POINT('',(0.245897222759,-0.168908140997));
#196 = CARTESIAN_POINT('',(0.752335654288,-0.38150264986));
#197 = CARTESIAN_POINT('',(0.315004193143,-0.713793942586));
#198 = CARTESIAN_POINT('',(-0.122327268003,-1.046085235311));
#199 = CARTESIAN_POINT('',(-0.191434238387,-0.501199433722));
#200 = CARTESIAN_POINT('',(-0.26054120877,4.368636786657E-02));
#201 = CARTESIAN_POINT('',(0.245897222759,-0.168908140997));
#202 = ( GEOMETRIC_REPRESENTATION_CONTEXT(2) 
PARAMETRIC_REPRESENTATION_CONTEXT() REPRESENTATION_CONTEXT('2D SPACE',''
  ) );
#203 = PCURVE('',#204,#209);
#204 = CYLINDRICAL_SURFACE('',#205,0.317110028291);
#205 = AXIS2_PLACEMENT_3D('',#206,#207,#208);
#206 = CARTESIAN_POINT('',(0.375858503079,1.307635228625E-03,0.));
#207 = DIRECTION('',(0.,0.,-1.));
#208 = DIRECTION('',(0.38706280461,0.922053352733,0.));
#209 = DEFINITIONAL_REPRESENTATION('',(#210),#214);
#210 = LINE('',#211,#212);
#211 = CARTESIAN_POINT('',(0.,0.));
#212 = VECTOR('',#213,1.);
#213 = DIRECTION('',(1.,0.));
#214 = ( GEOMETRIC_REPRESENTATION_CONTEXT(2) 
PARAMETRIC_REPRESENTATION_CONTEXT() REPRESENTATION_CONTEXT('2D SPACE',''
  ) );
#215 = ORIENTED_EDGE('',*,*,#216,.T.);
#216 = EDGE_CURVE('',#184,#217,#219,.T.);
#217 = VERTEX_POINT('',#218);
#218 = CARTESIAN_POINT('',(0.75,7.9E-03,0.));
#219 = SURFACE_CURVE('',#220,(#224,#231),.PCURVE_S1.);
#220 = LINE('',#221,#222);
#221 = CARTESIAN_POINT('',(0.6929,7.9E-03,0.));
#222 = VECTOR('',#223,1.);
#223 = DIRECTION('',(1.,-1.519022308211E-16,0.));
#224 = PCURVE('',#32,#225);
#225 = DEFINITIONAL_REPRESENTATION('',(#226),#230);
#226 = LINE('',#227,#228);
#227 = CARTESIAN_POINT('',(0.440197222759,-0.454708140997));
#228 = VECTOR('',#229,1.);
#229 = DIRECTION('',(1.,-1.519022308211E-16));
#230 = ( GEOMETRIC_REPRESENTATION_CONTEXT(2) 
PARAMETRIC_REPRESENTATION_CONTEXT() REPRESENTATION_CONTEXT('2D SPACE',''
  ) );
#231 = PCURVE('',#232,#237);
#232 = PLANE('',#233);
#233 = AXIS2_PLACEMENT_3D('',#234,#235,#236);
#234 = CARTESIAN_POINT('',(0.6929,7.9E-03,0.));
#235 = DIRECTION('',(1.519022308211E-16,1.,-0.));
#236 = DIRECTION('',(1.,-1.519022308211E-16,0.));
#237 = DEFINITIONAL_REPRESENTATION('',(#238),#242);
#238 = LINE('',#239,#240);
#239 = CARTESIAN_POINT('',(0.,0.));
#240 = VECTOR('',#241,1.);
#241 = DIRECTION('',(1.,0.));
#242 = ( GEOMETRIC_REPRESENTATION_CONTEXT(2) 
PARAMETRIC_REPRESENTATION_CONTEXT() REPRESENTATION_CONTEXT('2D SPACE',''
  ) );
#243 = ORIENTED_EDGE('',*,*,#244,.T.);
#244 = EDGE_CURVE('',#217,#245,#247,.T.);
#245 = VERTEX_POINT('',#246);
#246 = CARTESIAN_POINT('',(-0.3359,0.6709,0.));
#247 = SURFACE_CURVE('',#248,(#253,#260),.PCURVE_S1.);
#248 = CIRCLE('',#249,0.747192777916);
#249 = AXIS2_PLACEMENT_3D('',#250,#251,#252);
#250 = CARTESIAN_POINT('',(2.813288000891E-03,4.88922238336E-03,0.));
#251 = DIRECTION('',(0.,0.,1.));
#252 = DIRECTION('',(0.999991881724,4.029452245292E-03,-0.));
#253 = PCURVE('',#32,#254);
#254 = DEFINITIONAL_REPRESENTATION('',(#255),#259);
#255 = CIRCLE('',#256,0.747192777916);
#256 = AXIS2_PLACEMENT_2D('',#257,#258);
#257 = CARTESIAN_POINT('',(-0.24988948924,-0.457718918613));
#258 = DIRECTION('',(0.999991881724,4.029452245292E-03));
#259 = ( GEOMETRIC_REPRESENTATION_CONTEXT(2) 
PARAMETRIC_REPRESENTATION_CONTEXT() REPRESENTATION_CONTEXT('2D SPACE',''
  ) );
#260 = PCURVE('',#261,#266);
#261 = CYLINDRICAL_SURFACE('',#262,0.747192777916);
#262 = AXIS2_PLACEMENT_3D('',#263,#264,#265);
#263 = CARTESIAN_POINT('',(2.813288000891E-03,4.88922238336E-03,0.));
#264 = DIRECTION('',(-0.,-0.,-1.));
#265 = DIRECTION('',(0.999991881724,4.029452245292E-03,-0.));
#266 = DEFINITIONAL_REPRESENTATION('',(#267),#271);
#267 = LINE('',#268,#269);
#268 = CARTESIAN_POINT('',(-0.,0.));
#269 = VECTOR('',#270,1.);
#270 = DIRECTION('',(-1.,0.));
#271 = ( GEOMETRIC_REPRESENTATION_CONTEXT(2) 
PARAMETRIC_REPRESENTATION_CONTEXT() REPRESENTATION_CONTEXT('2D SPACE',''
  ) );
#272 = ORIENTED_EDGE('',*,*,#273,.T.);
#273 = EDGE_CURVE('',#245,#274,#276,.T.);
#274 = VERTEX_POINT('',#275);
#275 = CARTESIAN_POINT('',(-0.3359,0.670295104228,0.));
#276 = SURFACE_CURVE('',#277,(#281,#288),.PCURVE_S1.);
#277 = LINE('',#278,#279);
#278 = CARTESIAN_POINT('',(-0.3359,0.6709,0.));
#279 = VECTOR('',#280,1.);
#280 = DIRECTION('',(5.713963070639E-16,-1.,0.));
#281 = PCURVE('',#32,#282);
#282 = DEFINITIONAL_REPRESENTATION('',(#283),#287);
#283 = LINE('',#284,#285);
#284 = CARTESIAN_POINT('',(-0.588602777241,0.208291859003));
#285 = VECTOR('',#286,1.);
#286 = DIRECTION('',(5.713963070639E-16,-1.));
#287 = ( GEOMETRIC_REPRESENTATION_CONTEXT(2) 
PARAMETRIC_REPRESENTATION_CONTEXT() REPRESENTATION_CONTEXT('2D SPACE',''
  ) );
#288 = PCURVE('',#289,#294);
#289 = PLANE('',#290);
#290 = AXIS2_PLACEMENT_3D('',#291,#292,#293);
#291 = CARTESIAN_POINT('',(-0.3359,0.6709,0.));
#292 = DIRECTION('',(1.,5.713963070639E-16,-0.));
#293 = DIRECTION('',(5.713963070639E-16,-1.,0.));
#294 = DEFINITIONAL_REPRESENTATION('',(#295),#299);
#295 = LINE('',#296,#297);
#296 = CARTESIAN_POINT('',(0.,0.));
#297 = VECTOR('',#298,1.);
#298 = DIRECTION('',(1.,0.));
#299 = ( GEOMETRIC_REPRESENTATION_CONTEXT(2) 
PARAMETRIC_REPRESENTATION_CONTEXT() REPRESENTATION_CONTEXT('2D SPACE',''
  ) );
#300 = ORIENTED_EDGE('',*,*,#301,.T.);
#301 = EDGE_CURVE('',#274,#302,#304,.T.);
#302 = VERTEX_POINT('',#303);
#303 = CARTESIAN_POINT('',(-0.75,2.818925648462E-17,0.));
#304 = SURFACE_CURVE('',#305,(#310,#317),.PCURVE_S1.);
#305 = CIRCLE('',#306,0.753504660968);
#306 = AXIS2_PLACEMENT_3D('',#307,#308,#309);
#307 = CARTESIAN_POINT('',(3.500700916322E-03,-2.442911880311E-03,0.));
#308 = DIRECTION('',(0.,0.,1.));
#309 = DIRECTION('',(-0.446182642699,0.894941925129,0.));
#310 = PCURVE('',#32,#311);
#311 = DEFINITIONAL_REPRESENTATION('',(#312),#316);
#312 = CIRCLE('',#313,0.753504660968);
#313 = AXIS2_PLACEMENT_2D('',#314,#315);
#314 = CARTESIAN_POINT('',(-0.249202076325,-0.465051052877));
#315 = DIRECTION('',(-0.446182642699,0.894941925129));
#316 = ( GEOMETRIC_REPRESENTATION_CONTEXT(2) 
PARAMETRIC_REPRESENTATION_CONTEXT() REPRESENTATION_CONTEXT('2D SPACE',''
  ) );
#317 = PCURVE('',#318,#323);
#318 = CYLINDRICAL_SURFACE('',#319,0.753504660968);
#319 = AXIS2_PLACEMENT_3D('',#320,#321,#322);
#320 = CARTESIAN_POINT('',(3.500700916322E-03,-2.442911880311E-03,0.));
#321 = DIRECTION('',(-0.,-0.,-1.));
#322 = DIRECTION('',(-0.446182642699,0.894941925129,0.));
#323 = DEFINITIONAL_REPRESENTATION('',(#324),#328);
#324 = LINE('',#325,#326);
#325 = CARTESIAN_POINT('',(-0.,0.));
#326 = VECTOR('',#327,1.);
#327 = DIRECTION('',(-1.,0.));
#328 = ( GEOMETRIC_REPRESENTATION_CONTEXT(2) 
PARAMETRIC_REPRESENTATION_CONTEXT() REPRESENTATION_CONTEXT('2D SPACE',''
  ) );
#329 = ORIENTED_EDGE('',*,*,#330,.T.);
#330 = EDGE_CURVE('',#302,#331,#333,.T.);
#331 = VERTEX_POINT('',#332);
#332 = CARTESIAN_POINT('',(-0.3359,-0.670295104228,0.));
#333 = SURFACE_CURVE('',#334,(#339,#346),.PCURVE_S1.);
#334 = CIRCLE('',#335,0.753504660968);
#335 = AXIS2_PLACEMENT_3D('',#336,#337,#338);
#336 = CARTESIAN_POINT('',(3.500700916321E-03,2.442911880311E-03,0.));
#337 = DIRECTION('',(0.,0.,1.));
#338 = DIRECTION('',(-0.99999474449,-3.242066050625E-03,0.));
#339 = PCURVE('',#32,#340);
#340 = DEFINITIONAL_REPRESENTATION('',(#341),#345);
#341 = CIRCLE('',#342,0.753504660968);
#342 = AXIS2_PLACEMENT_2D('',#343,#344);
#343 = CARTESIAN_POINT('',(-0.249202076325,-0.460165229117));
#344 = DIRECTION('',(-0.99999474449,-3.242066050625E-03));
#345 = ( GEOMETRIC_REPRESENTATION_CONTEXT(2) 
PARAMETRIC_REPRESENTATION_CONTEXT() REPRESENTATION_CONTEXT('2D SPACE',''
  ) );
#346 = PCURVE('',#347,#352);
#347 = CYLINDRICAL_SURFACE('',#348,0.753504660968);
#348 = AXIS2_PLACEMENT_3D('',#349,#350,#351);
#349 = CARTESIAN_POINT('',(3.500700916321E-03,2.442911880311E-03,0.));
#350 = DIRECTION('',(-0.,-0.,-1.));
#351 = DIRECTION('',(-0.99999474449,-3.242066050625E-03,0.));
#352 = DEFINITIONAL_REPRESENTATION('',(#353),#357);
#353 = LINE('',#354,#355);
#354 = CARTESIAN_POINT('',(-0.,0.));
#355 = VECTOR('',#356,1.);
#356 = DIRECTION('',(-1.,0.));
#357 = ( GEOMETRIC_REPRESENTATION_CONTEXT(2) 
PARAMETRIC_REPRESENTATION_CONTEXT() REPRESENTATION_CONTEXT('2D SPACE',''
  ) );
#358 = ORIENTED_EDGE('',*,*,#359,.T.);
#359 = EDGE_CURVE('',#331,#360,#362,.T.);
#360 = VERTEX_POINT('',#361);
#361 = CARTESIAN_POINT('',(-0.3359,-0.6719,0.));
#362 = SURFACE_CURVE('',#363,(#367,#374),.PCURVE_S1.);
#363 = LINE('',#364,#365);
#364 = CARTESIAN_POINT('',(-0.3359,-0.4776,0.));
#365 = VECTOR('',#366,1.);
#366 = DIRECTION('',(2.856981535319E-16,-1.,0.));
#367 = PCURVE('',#32,#368);
#368 = DEFINITIONAL_REPRESENTATION('',(#369),#373);
#369 = LINE('',#370,#371);
#370 = CARTESIAN_POINT('',(-0.588602777241,-0.940208140997));
#371 = VECTOR('',#372,1.);
#372 = DIRECTION('',(2.856981535319E-16,-1.));
#373 = ( GEOMETRIC_REPRESENTATION_CONTEXT(2) 
PARAMETRIC_REPRESENTATION_CONTEXT() REPRESENTATION_CONTEXT('2D SPACE',''
  ) );
#374 = PCURVE('',#375,#380);
#375 = PLANE('',#376);
#376 = AXIS2_PLACEMENT_3D('',#377,#378,#379);
#377 = CARTESIAN_POINT('',(-0.3359,-0.4776,0.));
#378 = DIRECTION('',(1.,2.856981535319E-16,-0.));
#379 = DIRECTION('',(2.856981535319E-16,-1.,0.));
#380 = DEFINITIONAL_REPRESENTATION('',(#381),#385);
#381 = LINE('',#382,#383);
#382 = CARTESIAN_POINT('',(0.,0.));
#383 = VECTOR('',#384,1.);
#384 = DIRECTION('',(1.,0.));
#385 = ( GEOMETRIC_REPRESENTATION_CONTEXT(2) 
PARAMETRIC_REPRESENTATION_CONTEXT() REPRESENTATION_CONTEXT('2D SPACE',''
  ) );
#386 = ORIENTED_EDGE('',*,*,#387,.T.);
#387 = EDGE_CURVE('',#360,#388,#390,.T.);
#388 = VERTEX_POINT('',#389);
#389 = CARTESIAN_POINT('',(0.75,2.5E-03,0.));
#390 = SURFACE_CURVE('',#391,(#396,#403),.PCURVE_S1.);
#391 = CIRCLE('',#392,0.750693294207);
#392 = AXIS2_PLACEMENT_3D('',#393,#394,#395);
#393 = CARTESIAN_POINT('',(-6.884191908916E-04,-2.054131088534E-04,0.));
#394 = DIRECTION('',(0.,0.,1.));
#395 = DIRECTION('',(-0.446535999983,-0.894765668049,0.));
#396 = PCURVE('',#32,#397);
#397 = DEFINITIONAL_REPRESENTATION('',(#398),#402);
#398 = CIRCLE('',#399,0.750693294207);
#399 = AXIS2_PLACEMENT_2D('',#400,#401);
#400 = CARTESIAN_POINT('',(-0.253391196432,-0.462813554106));
#401 = DIRECTION('',(-0.446535999983,-0.894765668049));
#402 = ( GEOMETRIC_REPRESENTATION_CONTEXT(2) 
PARAMETRIC_REPRESENTATION_CONTEXT() REPRESENTATION_CONTEXT('2D SPACE',''
  ) );
#403 = PCURVE('',#404,#409);
#404 = CYLINDRICAL_SURFACE('',#405,0.750693294207);
#405 = AXIS2_PLACEMENT_3D('',#406,#407,#408);
#406 = CARTESIAN_POINT('',(-6.884191908916E-04,-2.054131088534E-04,0.));
#407 = DIRECTION('',(-0.,-0.,-1.));
#408 = DIRECTION('',(-0.446535999983,-0.894765668049,0.));
#409 = DEFINITIONAL_REPRESENTATION('',(#410),#414);
#410 = LINE('',#411,#412);
#411 = CARTESIAN_POINT('',(-0.,0.));
#412 = VECTOR('',#413,1.);
#413 = DIRECTION('',(-1.,0.));
#414 = ( GEOMETRIC_REPRESENTATION_CONTEXT(2) 
PARAMETRIC_REPRESENTATION_CONTEXT() REPRESENTATION_CONTEXT('2D SPACE',''
  ) );
#415 = ORIENTED_EDGE('',*,*,#416,.T.);
#416 = EDGE_CURVE('',#388,#417,#419,.T.);
#417 = VERTEX_POINT('',#418);
#418 = CARTESIAN_POINT('',(0.6929,2.5E-03,0.));
#419 = SURFACE_CURVE('',#420,(#424,#431),.PCURVE_S1.);
#420 = LINE('',#421,#422);
#421 = CARTESIAN_POINT('',(0.75,2.5E-03,0.));
#422 = VECTOR('',#423,1.);
#423 = DIRECTION('',(-1.,-1.610163646704E-15,0.));
#424 = PCURVE('',#32,#425);
#425 = DEFINITIONAL_REPRESENTATION('',(#426),#430);
#426 = LINE('',#427,#428);
#427 = CARTESIAN_POINT('',(0.497297222759,-0.460108140997));
#428 = VECTOR('',#429,1.);
#429 = DIRECTION('',(-1.,-1.610163646704E-15));
#430 = ( GEOMETRIC_REPRESENTATION_CONTEXT(2) 
PARAMETRIC_REPRESENTATION_CONTEXT() REPRESENTATION_CONTEXT('2D SPACE',''
  ) );
#431 = PCURVE('',#432,#437);
#432 = PLANE('',#433);
#433 = AXIS2_PLACEMENT_3D('',#434,#435,#436);
#434 = CARTESIAN_POINT('',(0.75,2.5E-03,0.));
#435 = DIRECTION('',(1.610163646704E-15,-1.,0.));
#436 = DIRECTION('',(-1.,-1.610163646704E-15,0.));
#437 = DEFINITIONAL_REPRESENTATION('',(#438),#442);
#438 = LINE('',#439,#440);
#439 = CARTESIAN_POINT('',(0.,0.));
#440 = VECTOR('',#441,1.);
#441 = DIRECTION('',(1.,0.));
#442 = ( GEOMETRIC_REPRESENTATION_CONTEXT(2) 
PARAMETRIC_REPRESENTATION_CONTEXT() REPRESENTATION_CONTEXT('2D SPACE',''
  ) );
#443 = ORIENTED_EDGE('',*,*,#444,.T.);
#444 = EDGE_CURVE('',#417,#445,#447,.T.);
#445 = VERTEX_POINT('',#446);
#446 = CARTESIAN_POINT('',(0.4986,-0.2832,0.));
#447 = SURFACE_CURVE('',#448,(#453,#464),.PCURVE_S1.);
#448 = CIRCLE('',#449,0.316824710438);
#449 = AXIS2_PLACEMENT_3D('',#450,#451,#452);
#450 = CARTESIAN_POINT('',(0.376142012403,9.001879559106E-03,0.));
#451 = DIRECTION('',(0.,0.,-1.));
#452 = DIRECTION('',(0.999789401397,-2.052200900024E-02,0.));
#453 = PCURVE('',#32,#454);
#454 = DEFINITIONAL_REPRESENTATION('',(#455),#463);
#455 = ( BOUNDED_CURVE() B_SPLINE_CURVE(2,(#456,#457,#458,#459,#460,#461
,#462),.UNSPECIFIED.,.T.,.F.) B_SPLINE_CURVE_WITH_KNOTS((1,2,2,2,2,1),(
    -2.094395102393,0.,2.094395102393,4.188790204786,6.28318530718,
8.377580409573),.UNSPECIFIED.) CURVE() GEOMETRIC_REPRESENTATION_ITEM() 
RATIONAL_B_SPLINE_CURVE((1.,0.5,1.,0.5,1.,0.5,1.)) REPRESENTATION_ITEM(
  '') );
#456 = CARTESIAN_POINT('',(0.440197222759,-0.460108140997));
#457 = CARTESIAN_POINT('',(0.428935637018,-1.008749069218));
#458 = CARTESIAN_POINT('',(-4.057055150668E-02,-0.724675785769));
#459 = CARTESIAN_POINT('',(-0.510076740031,-0.44060250232));
#460 = CARTESIAN_POINT('',(-2.930896576561E-02,-0.176034857548));
#461 = CARTESIAN_POINT('',(0.4514588085,8.853278722389E-02));
#462 = CARTESIAN_POINT('',(0.440197222759,-0.460108140997));
#463 = ( GEOMETRIC_REPRESENTATION_CONTEXT(2) 
PARAMETRIC_REPRESENTATION_CONTEXT() REPRESENTATION_CONTEXT('2D SPACE',''
  ) );
#464 = PCURVE('',#465,#470);
#465 = CYLINDRICAL_SURFACE('',#466,0.316824710438);
#466 = AXIS2_PLACEMENT_3D('',#467,#468,#469);
#467 = CARTESIAN_POINT('',(0.376142012403,9.001879559106E-03,0.));
#468 = DIRECTION('',(0.,0.,-1.));
#469 = DIRECTION('',(0.999789401397,-2.052200900024E-02,0.));
#470 = DEFINITIONAL_REPRESENTATION('',(#471),#475);
#471 = LINE('',#472,#473);
#472 = CARTESIAN_POINT('',(0.,0.));
#473 = VECTOR('',#474,1.);
#474 = DIRECTION('',(1.,0.));
#475 = ( GEOMETRIC_REPRESENTATION_CONTEXT(2) 
PARAMETRIC_REPRESENTATION_CONTEXT() REPRESENTATION_CONTEXT('2D SPACE',''
  ) );
#476 = ORIENTED_EDGE('',*,*,#477,.T.);
#477 = EDGE_CURVE('',#445,#22,#478,.T.);
#478 = SURFACE_CURVE('',#479,(#484,#495),.PCURVE_S1.);
#479 = CIRCLE('',#480,0.578130891473);
#480 = AXIS2_PLACEMENT_3D('',#481,#482,#483);
#481 = CARTESIAN_POINT('',(-6.721748436972E-03,-2.334804163306E-03,0.));
#482 = DIRECTION('',(-0.,0.,-1.));
#483 = DIRECTION('',(0.874061144093,-0.485815928502,-0.));
#484 = PCURVE('',#32,#485);
#485 = DEFINITIONAL_REPRESENTATION('',(#486),#494);
#486 = ( BOUNDED_CURVE() B_SPLINE_CURVE(2,(#487,#488,#489,#490,#491,#492
,#493),.UNSPECIFIED.,.T.,.F.) B_SPLINE_CURVE_WITH_KNOTS((1,2,2,2,2,1),(
    -2.094395102393,0.,2.094395102393,4.188790204786,6.28318530718,
8.377580409573),.UNSPECIFIED.) CURVE() GEOMETRIC_REPRESENTATION_ITEM() 
RATIONAL_B_SPLINE_CURVE((1.,0.5,1.,0.5,1.,0.5,1.)) REPRESENTATION_ITEM(
  '') );
#487 = CARTESIAN_POINT('',(0.245897222759,-0.745808140997));
#488 = CARTESIAN_POINT('',(-0.240575566508,-1.621051083459));
#489 = CARTESIAN_POINT('',(-0.75532179453,-0.762131818473));
#490 = CARTESIAN_POINT('',(-1.270068022552,9.678744651323E-02));
#491 = CARTESIAN_POINT('',(-0.268849005263,0.113111123989));
#492 = CARTESIAN_POINT('',(0.732370012026,0.129434801466));
#493 = CARTESIAN_POINT('',(0.245897222759,-0.745808140997));
#494 = ( GEOMETRIC_REPRESENTATION_CONTEXT(2) 
PARAMETRIC_REPRESENTATION_CONTEXT() REPRESENTATION_CONTEXT('2D SPACE',''
  ) );
#495 = PCURVE('',#496,#501);
#496 = CYLINDRICAL_SURFACE('',#497,0.578130891473);
#497 = AXIS2_PLACEMENT_3D('',#498,#499,#500);
#498 = CARTESIAN_POINT('',(-6.721748436972E-03,-2.334804163306E-03,0.));
#499 = DIRECTION('',(-0.,0.,-1.));
#500 = DIRECTION('',(0.874061144093,-0.485815928502,-0.));
#501 = DEFINITIONAL_REPRESENTATION('',(#502),#506);
#502 = LINE('',#503,#504);
#503 = CARTESIAN_POINT('',(0.,0.));
#504 = VECTOR('',#505,1.);
#505 = DIRECTION('',(1.,0.));
#506 = ( GEOMETRIC_REPRESENTATION_CONTEXT(2) 
PARAMETRIC_REPRESENTATION_CONTEXT() REPRESENTATION_CONTEXT('2D SPACE',''
  ) );
#507 = ADVANCED_FACE('',(#508),#44,.F.);
#508 = FACE_BOUND('',#509,.F.);
#509 = EDGE_LOOP('',(#510,#511,#534,#562));
#510 = ORIENTED_EDGE('',*,*,#21,.F.);
#511 = ORIENTED_EDGE('',*,*,#512,.F.);
#512 = EDGE_CURVE('',#513,#22,#515,.T.);
#513 = VERTEX_POINT('',#514);
#514 = CARTESIAN_POINT('',(-0.3327,-0.479800517261,0.9922));
#515 = SURFACE_CURVE('',#516,(#520,#527),.PCURVE_S1.);
#516 = LINE('',#517,#518);
#517 = CARTESIAN_POINT('',(-0.3327,-0.479800517261,0.9922));
#518 = VECTOR('',#519,1.);
#519 = DIRECTION('',(0.,0.,-1.));
#520 = PCURVE('',#44,#521);
#521 = DEFINITIONAL_REPRESENTATION('',(#522),#526);
#522 = LINE('',#523,#524);
#523 = CARTESIAN_POINT('',(0.192099482739,-0.9922));
#524 = VECTOR('',#525,1.);
#525 = DIRECTION('',(0.,1.));
#526 = ( GEOMETRIC_REPRESENTATION_CONTEXT(2) 
PARAMETRIC_REPRESENTATION_CONTEXT() REPRESENTATION_CONTEXT('2D SPACE',''
  ) );
#527 = PCURVE('',#496,#528);
#528 = DEFINITIONAL_REPRESENTATION('',(#529),#533);
#529 = LINE('',#530,#531);
#530 = CARTESIAN_POINT('',(1.662538257932,-0.9922));
#531 = VECTOR('',#532,1.);
#532 = DIRECTION('',(0.,1.));
#533 = ( GEOMETRIC_REPRESENTATION_CONTEXT(2) 
PARAMETRIC_REPRESENTATION_CONTEXT() REPRESENTATION_CONTEXT('2D SPACE',''
  ) );
#534 = ORIENTED_EDGE('',*,*,#535,.T.);
#535 = EDGE_CURVE('',#513,#536,#538,.T.);
#536 = VERTEX_POINT('',#537);
#537 = CARTESIAN_POINT('',(-0.3327,-0.4738,0.9922));
#538 = SURFACE_CURVE('',#539,(#543,#550),.PCURVE_S1.);
#539 = LINE('',#540,#541);
#540 = CARTESIAN_POINT('',(-0.3327,-0.6719,0.9922));
#541 = VECTOR('',#542,1.);
#542 = DIRECTION('',(8.406534764956E-16,1.,0.));
#543 = PCURVE('',#44,#544);
#544 = DEFINITIONAL_REPRESENTATION('',(#545),#549);
#545 = LINE('',#546,#547);
#546 = CARTESIAN_POINT('',(0.,-0.9922));
#547 = VECTOR('',#548,1.);
#548 = DIRECTION('',(1.,0.));
#549 = ( GEOMETRIC_REPRESENTATION_CONTEXT(2) 
PARAMETRIC_REPRESENTATION_CONTEXT() REPRESENTATION_CONTEXT('2D SPACE',''
  ) );
#550 = PCURVE('',#551,#556);
#551 = PLANE('',#552);
#552 = AXIS2_PLACEMENT_3D('',#553,#554,#555);
#553 = CARTESIAN_POINT('',(-0.540344350742,0.321053002102,0.9922));
#554 = DIRECTION('',(0.,0.,1.));
#555 = DIRECTION('',(1.,0.,-0.));
#556 = DEFINITIONAL_REPRESENTATION('',(#557),#561);
#557 = LINE('',#558,#559);
#558 = CARTESIAN_POINT('',(0.207644350742,-0.992953002102));
#559 = VECTOR('',#560,1.);
#560 = DIRECTION('',(8.406534764956E-16,1.));
#561 = ( GEOMETRIC_REPRESENTATION_CONTEXT(2) 
PARAMETRIC_REPRESENTATION_CONTEXT() REPRESENTATION_CONTEXT('2D SPACE',''
  ) );
#562 = ORIENTED_EDGE('',*,*,#563,.F.);
#563 = EDGE_CURVE('',#24,#536,#564,.T.);
#564 = SURFACE_CURVE('',#565,(#569,#576),.PCURVE_S1.);
#565 = LINE('',#566,#567);
#566 = CARTESIAN_POINT('',(-0.3327,-0.4738,0.));
#567 = VECTOR('',#568,1.);
#568 = DIRECTION('',(0.,0.,1.));
#569 = PCURVE('',#44,#570);
#570 = DEFINITIONAL_REPRESENTATION('',(#571),#575);
#571 = LINE('',#572,#573);
#572 = CARTESIAN_POINT('',(0.1981,0.));
#573 = VECTOR('',#574,1.);
#574 = DIRECTION('',(0.,-1.));
#575 = ( GEOMETRIC_REPRESENTATION_CONTEXT(2) 
PARAMETRIC_REPRESENTATION_CONTEXT() REPRESENTATION_CONTEXT('2D SPACE',''
  ) );
#576 = PCURVE('',#77,#577);
#577 = DEFINITIONAL_REPRESENTATION('',(#578),#582);
#578 = LINE('',#579,#580);
#579 = CARTESIAN_POINT('',(0.,0.));
#580 = VECTOR('',#581,1.);
#581 = DIRECTION('',(0.,-1.));
#582 = ( GEOMETRIC_REPRESENTATION_CONTEXT(2) 
PARAMETRIC_REPRESENTATION_CONTEXT() REPRESENTATION_CONTEXT('2D SPACE',''
  ) );
#583 = ADVANCED_FACE('',(#584),#77,.F.);
#584 = FACE_BOUND('',#585,.F.);
#585 = EDGE_LOOP('',(#586,#587,#615,#635));
#586 = ORIENTED_EDGE('',*,*,#563,.T.);
#587 = ORIENTED_EDGE('',*,*,#588,.T.);
#588 = EDGE_CURVE('',#536,#589,#591,.T.);
#589 = VERTEX_POINT('',#590);
#590 = CARTESIAN_POINT('',(-0.5803,-3.32850066953E-17,0.9922));
#591 = SURFACE_CURVE('',#592,(#597,#604),.PCURVE_S1.);
#592 = CIRCLE('',#593,0.580403009635);
#593 = AXIS2_PLACEMENT_3D('',#594,#595,#596);
#594 = CARTESIAN_POINT('',(1.004852400071E-04,1.711819639987E-03,0.9922)
  );
#595 = DIRECTION('',(0.,0.,-1.));
#596 = DIRECTION('',(-0.573395519519,-0.819278693849,-0.));
#597 = PCURVE('',#77,#598);
#598 = DEFINITIONAL_REPRESENTATION('',(#599),#603);
#599 = LINE('',#600,#601);
#600 = CARTESIAN_POINT('',(0.,-0.9922));
#601 = VECTOR('',#602,1.);
#602 = DIRECTION('',(1.,0.));
#603 = ( GEOMETRIC_REPRESENTATION_CONTEXT(2) 
PARAMETRIC_REPRESENTATION_CONTEXT() REPRESENTATION_CONTEXT('2D SPACE',''
  ) );
#604 = PCURVE('',#551,#605);
#605 = DEFINITIONAL_REPRESENTATION('',(#606),#614);
#606 = ( BOUNDED_CURVE() B_SPLINE_CURVE(2,(#607,#608,#609,#610,#611,#612
,#613),.UNSPECIFIED.,.T.,.F.) B_SPLINE_CURVE_WITH_KNOTS((1,2,2,2,2,1),(
    -2.094395102393,0.,2.094395102393,4.188790204786,6.28318530718,
8.377580409573),.UNSPECIFIED.) CURVE() GEOMETRIC_REPRESENTATION_ITEM() 
RATIONAL_B_SPLINE_CURVE((1.,0.5,1.,0.5,1.,0.5,1.)) REPRESENTATION_ITEM(
  '') );
#607 = CARTESIAN_POINT('',(0.207644350742,-0.794853002102));
#608 = CARTESIAN_POINT('',(-0.615966280474,-0.218425652883));
#609 = CARTESIAN_POINT('',(0.295039762994,0.206628401968));
#610 = CARTESIAN_POINT('',(1.206045806462,0.631682456818));
#611 = CARTESIAN_POINT('',(1.11865039421,-0.369798947251));
#612 = CARTESIAN_POINT('',(1.031254981958,-1.371280351321));
#613 = CARTESIAN_POINT('',(0.207644350742,-0.794853002102));
#614 = ( GEOMETRIC_REPRESENTATION_CONTEXT(2) 
PARAMETRIC_REPRESENTATION_CONTEXT() REPRESENTATION_CONTEXT('2D SPACE',''
  ) );
#615 = ORIENTED_EDGE('',*,*,#616,.F.);
#616 = EDGE_CURVE('',#57,#589,#617,.T.);
#617 = SURFACE_CURVE('',#618,(#622,#628),.PCURVE_S1.);
#618 = LINE('',#619,#620);
#619 = CARTESIAN_POINT('',(-0.5803,0.,0.));
#620 = VECTOR('',#621,1.);
#621 = DIRECTION('',(0.,0.,1.));
#622 = PCURVE('',#77,#623);
#623 = DEFINITIONAL_REPRESENTATION('',(#624),#627);
#624 = B_SPLINE_CURVE_WITH_KNOTS('',1,(#625,#626),.UNSPECIFIED.,.F.,.F.,
  (2,2),(0.,0.9922),.PIECEWISE_BEZIER_KNOTS.);
#625 = CARTESIAN_POINT('',(0.957202562095,0.));
#626 = CARTESIAN_POINT('',(0.957202562095,-0.9922));
#627 = ( GEOMETRIC_REPRESENTATION_CONTEXT(2) 
PARAMETRIC_REPRESENTATION_CONTEXT() REPRESENTATION_CONTEXT('2D SPACE',''
  ) );
#628 = PCURVE('',#110,#629);
#629 = DEFINITIONAL_REPRESENTATION('',(#630),#634);
#630 = LINE('',#631,#632);
#631 = CARTESIAN_POINT('',(0.,0.));
#632 = VECTOR('',#633,1.);
#633 = DIRECTION('',(0.,-1.));
#634 = ( GEOMETRIC_REPRESENTATION_CONTEXT(2) 
PARAMETRIC_REPRESENTATION_CONTEXT() REPRESENTATION_CONTEXT('2D SPACE',''
  ) );
#635 = ORIENTED_EDGE('',*,*,#56,.F.);
#636 = ADVANCED_FACE('',(#637),#110,.F.);
#637 = FACE_BOUND('',#638,.F.);
#638 = EDGE_LOOP('',(#639,#640,#668,#689));
#639 = ORIENTED_EDGE('',*,*,#616,.T.);
#640 = ORIENTED_EDGE('',*,*,#641,.T.);
#641 = EDGE_CURVE('',#589,#642,#644,.T.);
#642 = VERTEX_POINT('',#643);
#643 = CARTESIAN_POINT('',(-0.3327,0.4738,0.9922));
#644 = SURFACE_CURVE('',#645,(#650,#657),.PCURVE_S1.);
#645 = CIRCLE('',#646,0.580403009635);
#646 = AXIS2_PLACEMENT_3D('',#647,#648,#649);
#647 = CARTESIAN_POINT('',(1.004852400066E-04,-1.711819639987E-03,0.9922
    ));
#648 = DIRECTION('',(0.,0.,-1.));
#649 = DIRECTION('',(-0.999995650617,2.949363824049E-03,0.));
#650 = PCURVE('',#110,#651);
#651 = DEFINITIONAL_REPRESENTATION('',(#652),#656);
#652 = LINE('',#653,#654);
#653 = CARTESIAN_POINT('',(0.,-0.9922));
#654 = VECTOR('',#655,1.);
#655 = DIRECTION('',(1.,0.));
#656 = ( GEOMETRIC_REPRESENTATION_CONTEXT(2) 
PARAMETRIC_REPRESENTATION_CONTEXT() REPRESENTATION_CONTEXT('2D SPACE',''
  ) );
#657 = PCURVE('',#551,#658);
#658 = DEFINITIONAL_REPRESENTATION('',(#659),#667);
#659 = ( BOUNDED_CURVE() B_SPLINE_CURVE(2,(#660,#661,#662,#663,#664,#665
,#666),.UNSPECIFIED.,.T.,.F.) B_SPLINE_CURVE_WITH_KNOTS((1,2,2,2,2,1),(
    -2.094395102393,0.,2.094395102393,4.188790204786,6.28318530718,
8.377580409573),.UNSPECIFIED.) CURVE() GEOMETRIC_REPRESENTATION_ITEM() 
RATIONAL_B_SPLINE_CURVE((1.,0.5,1.,0.5,1.,0.5,1.)) REPRESENTATION_ITEM(
  '') );
#660 = CARTESIAN_POINT('',(-3.995564925813E-02,-0.321053002102));
#661 = CARTESIAN_POINT('',(-3.699069066828E-02,0.684230127071));
#662 = CARTESIAN_POINT('',(0.832127557897,0.179020833025));
#663 = CARTESIAN_POINT('',(1.701245806462,-0.326188461022));
#664 = CARTESIAN_POINT('',(0.829162599307,-0.826262296148));
#665 = CARTESIAN_POINT('',(-4.292060784798E-02,-1.326336131275));
#666 = CARTESIAN_POINT('',(-3.995564925813E-02,-0.321053002102));
#667 = ( GEOMETRIC_REPRESENTATION_CONTEXT(2) 
PARAMETRIC_REPRESENTATION_CONTEXT() REPRESENTATION_CONTEXT('2D SPACE',''
  ) );
#668 = ORIENTED_EDGE('',*,*,#669,.F.);
#669 = EDGE_CURVE('',#90,#642,#670,.T.);
#670 = SURFACE_CURVE('',#671,(#675,#682),.PCURVE_S1.);
#671 = LINE('',#672,#673);
#672 = CARTESIAN_POINT('',(-0.3327,0.4738,0.));
#673 = VECTOR('',#674,1.);
#674 = DIRECTION('',(0.,0.,1.));
#675 = PCURVE('',#110,#676);
#676 = DEFINITIONAL_REPRESENTATION('',(#677),#681);
#677 = LINE('',#678,#679);
#678 = CARTESIAN_POINT('',(0.957202562095,0.));
#679 = VECTOR('',#680,1.);
#680 = DIRECTION('',(0.,-1.));
#681 = ( GEOMETRIC_REPRESENTATION_CONTEXT(2) 
PARAMETRIC_REPRESENTATION_CONTEXT() REPRESENTATION_CONTEXT('2D SPACE',''
  ) );
#682 = PCURVE('',#138,#683);
#683 = DEFINITIONAL_REPRESENTATION('',(#684),#688);
#684 = LINE('',#685,#686);
#685 = CARTESIAN_POINT('',(0.,0.));
#686 = VECTOR('',#687,1.);
#687 = DIRECTION('',(0.,-1.));
#688 = ( GEOMETRIC_REPRESENTATION_CONTEXT(2) 
PARAMETRIC_REPRESENTATION_CONTEXT() REPRESENTATION_CONTEXT('2D SPACE',''
  ) );
#689 = ORIENTED_EDGE('',*,*,#89,.F.);
#690 = ADVANCED_FACE('',(#691),#138,.F.);
#691 = FACE_BOUND('',#692,.F.);
#692 = EDGE_LOOP('',(#693,#694,#695,#718));
#693 = ORIENTED_EDGE('',*,*,#122,.F.);
#694 = ORIENTED_EDGE('',*,*,#669,.T.);
#695 = ORIENTED_EDGE('',*,*,#696,.T.);
#696 = EDGE_CURVE('',#642,#697,#699,.T.);
#697 = VERTEX_POINT('',#698);
#698 = CARTESIAN_POINT('',(-0.3327,0.478861975733,0.9922));
#699 = SURFACE_CURVE('',#700,(#704,#711),.PCURVE_S1.);
#700 = LINE('',#701,#702);
#701 = CARTESIAN_POINT('',(-0.3327,0.4738,0.9922));
#702 = VECTOR('',#703,1.);
#703 = DIRECTION('',(-2.802178254985E-16,1.,0.));
#704 = PCURVE('',#138,#705);
#705 = DEFINITIONAL_REPRESENTATION('',(#706),#710);
#706 = LINE('',#707,#708);
#707 = CARTESIAN_POINT('',(0.,-0.9922));
#708 = VECTOR('',#709,1.);
#709 = DIRECTION('',(1.,0.));
#710 = ( GEOMETRIC_REPRESENTATION_CONTEXT(2) 
PARAMETRIC_REPRESENTATION_CONTEXT() REPRESENTATION_CONTEXT('2D SPACE',''
  ) );
#711 = PCURVE('',#551,#712);
#712 = DEFINITIONAL_REPRESENTATION('',(#713),#717);
#713 = LINE('',#714,#715);
#714 = CARTESIAN_POINT('',(0.207644350742,0.152746997898));
#715 = VECTOR('',#716,1.);
#716 = DIRECTION('',(-2.802178254985E-16,1.));
#717 = ( GEOMETRIC_REPRESENTATION_CONTEXT(2) 
PARAMETRIC_REPRESENTATION_CONTEXT() REPRESENTATION_CONTEXT('2D SPACE',''
  ) );
#718 = ORIENTED_EDGE('',*,*,#719,.F.);
#719 = EDGE_CURVE('',#123,#697,#720,.T.);
#720 = SURFACE_CURVE('',#721,(#725,#732),.PCURVE_S1.);
#721 = LINE('',#722,#723);
#722 = CARTESIAN_POINT('',(-0.3327,0.478861975733,0.));
#723 = VECTOR('',#724,1.);
#724 = DIRECTION('',(0.,0.,1.));
#725 = PCURVE('',#138,#726);
#726 = DEFINITIONAL_REPRESENTATION('',(#727),#731);
#727 = LINE('',#728,#729);
#728 = CARTESIAN_POINT('',(5.061975733213E-03,0.));
#729 = VECTOR('',#730,1.);
#730 = DIRECTION('',(0.,-1.));
#731 = ( GEOMETRIC_REPRESENTATION_CONTEXT(2) 
PARAMETRIC_REPRESENTATION_CONTEXT() REPRESENTATION_CONTEXT('2D SPACE',''
  ) );
#732 = PCURVE('',#171,#733);
#733 = DEFINITIONAL_REPRESENTATION('',(#734),#738);
#734 = LINE('',#735,#736);
#735 = CARTESIAN_POINT('',(6.797517574973E-03,0.));
#736 = VECTOR('',#737,1.);
#737 = DIRECTION('',(-0.,-1.));
#738 = ( GEOMETRIC_REPRESENTATION_CONTEXT(2) 
PARAMETRIC_REPRESENTATION_CONTEXT() REPRESENTATION_CONTEXT('2D SPACE',''
  ) );
#739 = ADVANCED_FACE('',(#740,#793),#171,.F.);
#740 = FACE_BOUND('',#741,.F.);
#741 = EDGE_LOOP('',(#742,#743,#744,#772));
#742 = ORIENTED_EDGE('',*,*,#150,.F.);
#743 = ORIENTED_EDGE('',*,*,#719,.T.);
#744 = ORIENTED_EDGE('',*,*,#745,.T.);
#745 = EDGE_CURVE('',#697,#746,#748,.T.);
#746 = VERTEX_POINT('',#747);
#747 = CARTESIAN_POINT('',(0.4986,0.2937,0.9922));
#748 = SURFACE_CURVE('',#749,(#754,#761),.PCURVE_S1.);
#749 = CIRCLE('',#750,0.576497068044);
#750 = AXIS2_PLACEMENT_3D('',#751,#752,#753);
#751 = CARTESIAN_POINT('',(-1.536311127586E-03,6.972708387259E-03,0.9922
    ));
#752 = DIRECTION('',(0.,0.,-1.));
#753 = DIRECTION('',(-0.579992002399,0.814622168341,0.));
#754 = PCURVE('',#171,#755);
#755 = DEFINITIONAL_REPRESENTATION('',(#756),#760);
#756 = LINE('',#757,#758);
#757 = CARTESIAN_POINT('',(0.,-0.9922));
#758 = VECTOR('',#759,1.);
#759 = DIRECTION('',(1.,0.));
#760 = ( GEOMETRIC_REPRESENTATION_CONTEXT(2) 
PARAMETRIC_REPRESENTATION_CONTEXT() REPRESENTATION_CONTEXT('2D SPACE',''
  ) );
#761 = PCURVE('',#551,#762);
#762 = DEFINITIONAL_REPRESENTATION('',(#763),#771);
#763 = ( BOUNDED_CURVE() B_SPLINE_CURVE(2,(#764,#765,#766,#767,#768,#769
,#770),.UNSPECIFIED.,.T.,.F.) B_SPLINE_CURVE_WITH_KNOTS((1,2,2,2,2,1),(
    -2.094395102393,0.,2.094395102393,4.188790204786,6.28318530718,
8.377580409573),.UNSPECIFIED.) CURVE() GEOMETRIC_REPRESENTATION_ITEM() 
RATIONAL_B_SPLINE_CURVE((1.,0.5,1.,0.5,1.,0.5,1.)) REPRESENTATION_ITEM(
  '') );
#764 = CARTESIAN_POINT('',(0.204444350742,0.155546997898));
#765 = CARTESIAN_POINT('',(1.017862680436,0.734681895231));
#766 = CARTESIAN_POINT('',(1.112699048898,-0.259326490854));
#767 = CARTESIAN_POINT('',(1.207535417359,-1.25333487694));
#768 = CARTESIAN_POINT('',(0.299280719203,-0.838461388188));
#769 = CARTESIAN_POINT('',(-0.608973978952,-0.423587899435));
#770 = CARTESIAN_POINT('',(0.204444350742,0.155546997898));
#771 = ( GEOMETRIC_REPRESENTATION_CONTEXT(2) 
PARAMETRIC_REPRESENTATION_CONTEXT() REPRESENTATION_CONTEXT('2D SPACE',''
  ) );
#772 = ORIENTED_EDGE('',*,*,#773,.T.);
#773 = EDGE_CURVE('',#746,#151,#774,.T.);
#774 = SURFACE_CURVE('',#775,(#779,#786),.PCURVE_S1.);
#775 = LINE('',#776,#777);
#776 = CARTESIAN_POINT('',(0.4986,0.2937,0.9922));
#777 = VECTOR('',#778,1.);
#778 = DIRECTION('',(0.,0.,-1.));
#779 = PCURVE('',#171,#780);
#780 = DEFINITIONAL_REPRESENTATION('',(#781),#785);
#781 = LINE('',#782,#783);
#782 = CARTESIAN_POINT('',(1.668960741198,-0.9922));
#783 = VECTOR('',#784,1.);
#784 = DIRECTION('',(-0.,1.));
#785 = ( GEOMETRIC_REPRESENTATION_CONTEXT(2) 
PARAMETRIC_REPRESENTATION_CONTEXT() REPRESENTATION_CONTEXT('2D SPACE',''
  ) );
#786 = PCURVE('',#204,#787);
#787 = DEFINITIONAL_REPRESENTATION('',(#788),#792);
#788 = LINE('',#789,#790);
#789 = CARTESIAN_POINT('',(0.,-0.9922));
#790 = VECTOR('',#791,1.);
#791 = DIRECTION('',(-0.,1.));
#792 = ( GEOMETRIC_REPRESENTATION_CONTEXT(2) 
PARAMETRIC_REPRESENTATION_CONTEXT() REPRESENTATION_CONTEXT('2D SPACE',''
  ) );
#793 = FACE_BOUND('',#794,.F.);
#794 = EDGE_LOOP('',(#795));
#795 = ORIENTED_EDGE('',*,*,#796,.F.);
#796 = EDGE_CURVE('',#797,#797,#799,.T.);
#797 = VERTEX_POINT('',#798);
#798 = CARTESIAN_POINT('',(0.,0.583467729365,0.1875));
#799 = SURFACE_CURVE('',#800,(#831,#882),.PCURVE_S1.);
#800 = B_SPLINE_CURVE_WITH_KNOTS('',8,(#801,#802,#803,#804,#805,#806,
    #807,#808,#809,#810,#811,#812,#813,#814,#815,#816,#817,#818,#819,
    #820,#821,#822,#823,#824,#825,#826,#827,#828,#829,#830),
  .UNSPECIFIED.,.T.,.F.,(9,7,7,7,9),(0.,0.500000000002,1.,1.500016615123
    ,2.000033230268),.UNSPECIFIED.);
#801 = CARTESIAN_POINT('',(2.04267937727E-17,0.583467729365,0.1875));
#802 = CARTESIAN_POINT('',(1.219860682426E-02,0.583435221096,0.1875));
#803 = CARTESIAN_POINT('',(2.450586743217E-02,0.583107423039,
    0.184779029509));
#804 = CARTESIAN_POINT('',(3.608194188365E-02,0.582477311446,
    0.179251917657));
#805 = CARTESIAN_POINT('',(4.617199572574E-02,0.581650446274,
    0.171219014326));
#806 = CARTESIAN_POINT('',(5.419104631142E-02,0.580830890909,
    0.161139351471));
#807 = CARTESIAN_POINT('',(5.971316102019E-02,0.580213700558,
    0.149626785763));
#808 = CARTESIAN_POINT('',(6.25E-02,0.579902215675,0.137344650757));
#809 = CARTESIAN_POINT('',(6.25E-02,0.579902215675,0.112655349243));
#810 = CARTESIAN_POINT('',(5.971316102027E-02,0.580213700558,
    0.100373214237));
#811 = CARTESIAN_POINT('',(5.419104631111E-02,0.580830890909,
    8.886064852903E-02));
#812 = CARTESIAN_POINT('',(4.617199572604E-02,0.581650446274,
    7.878098567387E-02));
#813 = CARTESIAN_POINT('',(3.608194188358E-02,0.582477311446,
    7.074808234303E-02));
#814 = CARTESIAN_POINT('',(2.45058674322E-02,0.583107423039,
    6.52209704911E-02));
#815 = CARTESIAN_POINT('',(1.219860682421E-02,0.583435221096,6.25E-02));
#816 = CARTESIAN_POINT('',(-1.219901218697E-02,0.583500238714,6.25E-02)
  );
#817 = CARTESIAN_POINT('',(-2.45058852795E-02,0.583238015758,
    6.522115201229E-02));
#818 = CARTESIAN_POINT('',(-3.60816011318E-02,0.582669761876,
    7.074800539079E-02));
#819 = CARTESIAN_POINT('',(-4.617177632913E-02,0.581897122026,
    7.878067832589E-02));
#820 = CARTESIAN_POINT('',(-5.419114927065E-02,0.581120892056,
    8.886047752779E-02));
#821 = CARTESIAN_POINT('',(-5.971336718289E-02,0.580533649095,
    0.100373483966));
#822 = CARTESIAN_POINT('',(-6.25E-02,0.580237305326,0.112655803273));
#823 = CARTESIAN_POINT('',(-6.25E-02,0.580237305326,0.137344196728));
#824 = CARTESIAN_POINT('',(-5.971336718262E-02,0.580533649095,
    0.149626516033));
#825 = CARTESIAN_POINT('',(-5.419114927162E-02,0.581120892056,
    0.161139522472));
#826 = CARTESIAN_POINT('',(-4.617177632808E-02,0.581897122026,
    0.171219321675));
#827 = CARTESIAN_POINT('',(-3.608160113179E-02,0.582669761876,
    0.179251994608));
#828 = CARTESIAN_POINT('',(-2.450588528004E-02,0.583238015758,
    0.184778847988));
#829 = CARTESIAN_POINT('',(-1.219901218671E-02,0.583500238714,0.1875));
#830 = CARTESIAN_POINT('',(2.081668171172E-17,0.583467729365,0.1875));
#831 = PCURVE('',#171,#832);
#832 = DEFINITIONAL_REPRESENTATION('',(#833),#881);
#833 = B_SPLINE_CURVE_WITH_KNOTS('',3,(#834,#835,#836,#837,#838,#839,
    #840,#841,#842,#843,#844,#845,#846,#847,#848,#849,#850,#851,#852,
    #853,#854,#855,#856,#857,#858,#859,#860,#861,#862,#863,#864,#865,
    #866,#867,#868,#869,#870,#871,#872,#873,#874,#875,#876,#877,#878,
    #879,#880),.UNSPECIFIED.,.T.,.F.,(4,1,1,1,1,1,1,1,1,1,1,1,1,1,1,1,1,
    1,1,1,1,1,1,1,1,1,1,1,1,1,1,1,1,1,1,1,1,1,1,1,1,1,1,1,4),(0.,
    4.545530068791E-02,9.091060137581E-02,0.136365902064,0.181821202752,
    0.22727650344,0.272731804127,0.318187104815,0.363642405503,
    0.409097706191,0.454553006879,0.500008307567,0.545463608255,
    0.590918908943,0.636374209631,0.681829510319,0.727284811006,
    0.772740111694,0.818195412382,0.86365071307,0.909106013758,
    0.954561314446,1.000016615134,1.045471915822,1.09092721651,
    1.136382517198,1.181837817886,1.227293118573,1.272748419261,
    1.318203719949,1.363659020637,1.409114321325,1.454569622013,
    1.500024922701,1.545480223389,1.590935524077,1.636390824765,
    1.681846125453,1.72730142614,1.772756726828,1.818212027516,
    1.863667328204,1.909122628892,1.95457792958,2.000033230268),
  .QUASI_UNIFORM_KNOTS.);
#834 = CARTESIAN_POINT('',(0.62138378333,-0.1875));
#835 = CARTESIAN_POINT('',(0.626515390736,-0.187502893811));
#836 = CARTESIAN_POINT('',(0.636801022471,-0.187077712656));
#837 = CARTESIAN_POINT('',(0.651965863004,-0.185184768376));
#838 = CARTESIAN_POINT('',(0.666526834445,-0.182062261674));
#839 = CARTESIAN_POINT('',(0.680176589408,-0.177778235488));
#840 = CARTESIAN_POINT('',(0.692632637778,-0.172421852046));
#841 = CARTESIAN_POINT('',(0.703642165864,-0.166103786682));
#842 = CARTESIAN_POINT('',(0.712983122886,-0.158951620746));
#843 = CARTESIAN_POINT('',(0.720466217717,-0.15110753686));
#844 = CARTESIAN_POINT('',(0.725936639966,-0.142724452667));
#845 = CARTESIAN_POINT('',(0.729275766026,-0.133967979245));
#846 = CARTESIAN_POINT('',(0.730402621721,-0.124998350643));
#847 = CARTESIAN_POINT('',(0.729274945545,-0.116028773004));
#848 = CARTESIAN_POINT('',(0.725935023685,-0.107272404008));
#849 = CARTESIAN_POINT('',(0.720463842073,-9.888948808405E-02));
#850 = CARTESIAN_POINT('',(0.712980036347,-9.104562895576E-02));
#851 = CARTESIAN_POINT('',(0.703638437973,-8.389374512746E-02));
#852 = CARTESIAN_POINT('',(0.692628319254,-7.757600014257E-02));
#853 = CARTESIAN_POINT('',(0.680171858887,-7.222002234176E-02));
#854 = CARTESIAN_POINT('',(0.666521447502,-6.793628362342E-02));
#855 = CARTESIAN_POINT('',(0.65196120534,-6.481467152046E-02));
#856 = CARTESIAN_POINT('',(0.636792443923,-6.29204816799E-02));
#857 = CARTESIAN_POINT('',(0.621377995312,-6.228952872433E-02));
#858 = CARTESIAN_POINT('',(0.605964523531,-6.292140392755E-02));
#859 = CARTESIAN_POINT('',(0.590798565204,-6.481639480896E-02));
#860 = CARTESIAN_POINT('',(0.576242453568,-6.793864737097E-02));
#861 = CARTESIAN_POINT('',(0.562597099247,-7.222287908867E-02));
#862 = CARTESIAN_POINT('',(0.550146212068,-7.757923566303E-02));
#863 = CARTESIAN_POINT('',(0.539141803023,-8.389727713793E-02));
#864 = CARTESIAN_POINT('',(0.529805697447,-9.104938940806E-02));
#865 = CARTESIAN_POINT('',(0.522326843758,-9.889339898554E-02));
#866 = CARTESIAN_POINT('',(0.516859776968,-0.107276339605));
#867 = CARTESIAN_POINT('',(0.513522858157,-0.116032563062));
#868 = CARTESIAN_POINT('',(0.512396817908,-0.125001649211));
#869 = CARTESIAN_POINT('',(0.513523678108,-0.133970684601));
#870 = CARTESIAN_POINT('',(0.516861392063,-0.142726803579));
#871 = CARTESIAN_POINT('',(0.522329218587,-0.151109576305));
#872 = CARTESIAN_POINT('',(0.529808780118,-0.158953359878));
#873 = CARTESIAN_POINT('',(0.539145537251,-0.166105194745));
#874 = CARTESIAN_POINT('',(0.550150498183,-0.172422898312));
#875 = CARTESIAN_POINT('',(0.562601941872,-0.177778914713));
#876 = CARTESIAN_POINT('',(0.576247413821,-0.182062614746));
#877 = CARTESIAN_POINT('',(0.590804808191,-0.185184884323));
#878 = CARTESIAN_POINT('',(0.605967180378,-0.187077718808));
#879 = CARTESIAN_POINT('',(0.616252175051,-0.187502887421));
#880 = CARTESIAN_POINT('',(0.62138378333,-0.1875));
#881 = ( GEOMETRIC_REPRESENTATION_CONTEXT(2) 
PARAMETRIC_REPRESENTATION_CONTEXT() REPRESENTATION_CONTEXT('2D SPACE',''
  ) );
#882 = PCURVE('',#883,#888);
#883 = CYLINDRICAL_SURFACE('',#884,6.25E-02);
#884 = AXIS2_PLACEMENT_3D('',#885,#886,#887);
#885 = CARTESIAN_POINT('',(6.341585223481E-19,0.,0.125));
#886 = DIRECTION('',(0.,1.,0.));
#887 = DIRECTION('',(-1.014653635757E-17,0.,1.));
#888 = DEFINITIONAL_REPRESENTATION('',(#889),#937);
#889 = B_SPLINE_CURVE_WITH_KNOTS('',3,(#890,#891,#892,#893,#894,#895,
    #896,#897,#898,#899,#900,#901,#902,#903,#904,#905,#906,#907,#908,
    #909,#910,#911,#912,#913,#914,#915,#916,#917,#918,#919,#920,#921,
    #922,#923,#924,#925,#926,#927,#928,#929,#930,#931,#932,#933,#934,
    #935,#936),.UNSPECIFIED.,.F.,.F.,(4,1,1,1,1,1,1,1,1,1,1,1,1,1,1,1,1,
    1,1,1,1,1,1,1,1,1,1,1,1,1,1,1,1,1,1,1,1,1,1,1,1,1,1,1,4),(0.,
    4.545530068791E-02,9.091060137581E-02,0.136365902064,0.181821202752,
    0.22727650344,0.272731804127,0.318187104815,0.363642405503,
    0.409097706191,0.454553006879,0.500008307567,0.545463608255,
    0.590918908943,0.636374209631,0.681829510319,0.727284811006,
    0.772740111694,0.818195412382,0.86365071307,0.909106013758,
    0.954561314446,1.000016615134,1.045471915822,1.09092721651,
    1.136382517198,1.181837817886,1.227293118573,1.272748419261,
    1.318203719949,1.363659020637,1.409114321325,1.454569622013,
    1.500024922701,1.545480223389,1.590935524077,1.636390824765,
    1.681846125453,1.72730142614,1.772756726828,1.818212027516,
    1.863667328204,1.909122628892,1.95457792958,2.000033230268),
  .QUASI_UNIFORM_KNOTS.);
#890 = CARTESIAN_POINT('',(3.268287003633E-16,0.583467729365));
#891 = CARTESIAN_POINT('',(4.732976856117E-02,0.583460801013));
#892 = CARTESIAN_POINT('',(0.142205534742,0.583397732741));
#893 = CARTESIAN_POINT('',(0.284924754348,0.583172669432));
#894 = CARTESIAN_POINT('',(0.427757392389,0.582830263333));
#895 = CARTESIAN_POINT('',(0.57058291968,0.58239782748));
#896 = CARTESIAN_POINT('',(0.713343669395,0.581908964335));
#897 = CARTESIAN_POINT('',(0.856040316539,0.581402121644));
#898 = CARTESIAN_POINT('',(0.998711523049,0.580917128144));
#899 = CARTESIAN_POINT('',(1.141420012304,0.580492224185));
#900 = CARTESIAN_POINT('',(1.284264408351,0.580161140392));
#901 = CARTESIAN_POINT('',(1.427307209646,0.579950553921));
#902 = CARTESIAN_POINT('',(1.570822626133,0.579878033422));
#903 = CARTESIAN_POINT('',(1.71433776947,0.579950606455));
#904 = CARTESIAN_POINT('',(1.857380499411,0.580161240772));
#905 = CARTESIAN_POINT('',(2.000224818305,0.580492364185));
#906 = CARTESIAN_POINT('',(2.142933294239,0.580917296835));
#907 = CARTESIAN_POINT('',(2.285604448495,0.581402304714));
#908 = CARTESIAN_POINT('',(2.428301303015,0.581909151041));
#909 = CARTESIAN_POINT('',(2.571061374289,0.58239798948));
#910 = CARTESIAN_POINT('',(2.713889548526,0.58283043895));
#911 = CARTESIAN_POINT('',(2.856712358058,0.583172654519));
#912 = CARTESIAN_POINT('',(2.999468120181,0.583398239483));
#913 = CARTESIAN_POINT('',(3.14164488741,0.583490671922));
#914 = CARTESIAN_POINT('',(3.283819570801,0.583445500817));
#915 = CARTESIAN_POINT('',(3.426569655747,0.583266460598));
#916 = CARTESIAN_POINT('',(3.569385942128,0.582968985091));
#917 = CARTESIAN_POINT('',(3.712207835712,0.582578555645));
#918 = CARTESIAN_POINT('',(3.854962590226,0.582128140781));
#919 = CARTESIAN_POINT('',(3.997655283563,0.581655331531));
#920 = CARTESIAN_POINT('',(4.140323247595,0.581199269083));
#921 = CARTESIAN_POINT('',(4.283029015724,0.580797581304));
#922 = CARTESIAN_POINT('',(4.425870180872,0.580483497021));
#923 = CARTESIAN_POINT('',(4.568908552514,0.580283302395));
#924 = CARTESIAN_POINT('',(4.712415277372,0.580214294298));
#925 = CARTESIAN_POINT('',(4.855921732401,0.580283352379));
#926 = CARTESIAN_POINT('',(4.998960031165,0.580483592352));
#927 = CARTESIAN_POINT('',(5.141801126847,0.580797714013));
#928 = CARTESIAN_POINT('',(5.284506854513,0.581199427882));
#929 = CARTESIAN_POINT('',(5.427174867099,0.581655504277));
#930 = CARTESIAN_POINT('',(5.569867390163,0.582128309627));
#931 = CARTESIAN_POINT('',(5.712622873676,0.582578719935));
#932 = CARTESIAN_POINT('',(5.855442159733,0.582969081153));
#933 = CARTESIAN_POINT('',(5.998268226604,0.583266666398));
#934 = CARTESIAN_POINT('',(6.140981673167,0.583445104079));
#935 = CARTESIAN_POINT('',(6.235855619932,0.583476567283));
#936 = CARTESIAN_POINT('',(6.28318530718,0.583467729365));
#937 = ( GEOMETRIC_REPRESENTATION_CONTEXT(2) 
PARAMETRIC_REPRESENTATION_CONTEXT() REPRESENTATION_CONTEXT('2D SPACE',''
  ) );
#938 = ADVANCED_FACE('',(#939),#204,.F.);
#939 = FACE_BOUND('',#940,.F.);
#940 = EDGE_LOOP('',(#941,#942,#970,#991));
#941 = ORIENTED_EDGE('',*,*,#773,.F.);
#942 = ORIENTED_EDGE('',*,*,#943,.T.);
#943 = EDGE_CURVE('',#746,#944,#946,.T.);
#944 = VERTEX_POINT('',#945);
#945 = CARTESIAN_POINT('',(0.6929,7.9E-03,0.9922));
#946 = SURFACE_CURVE('',#947,(#952,#959),.PCURVE_S1.);
#947 = CIRCLE('',#948,0.317110028291);
#948 = AXIS2_PLACEMENT_3D('',#949,#950,#951);
#949 = CARTESIAN_POINT('',(0.375858503079,1.307635228625E-03,0.9922));
#950 = DIRECTION('',(0.,0.,-1.));
#951 = DIRECTION('',(0.38706280461,0.922053352733,0.));
#952 = PCURVE('',#204,#953);
#953 = DEFINITIONAL_REPRESENTATION('',(#954),#958);
#954 = LINE('',#955,#956);
#955 = CARTESIAN_POINT('',(0.,-0.9922));
#956 = VECTOR('',#957,1.);
#957 = DIRECTION('',(1.,0.));
#958 = ( GEOMETRIC_REPRESENTATION_CONTEXT(2) 
PARAMETRIC_REPRESENTATION_CONTEXT() REPRESENTATION_CONTEXT('2D SPACE',''
  ) );
#959 = PCURVE('',#551,#960);
#960 = DEFINITIONAL_REPRESENTATION('',(#961),#969);
#961 = ( BOUNDED_CURVE() B_SPLINE_CURVE(2,(#962,#963,#964,#965,#966,#967
,#968),.UNSPECIFIED.,.T.,.F.) B_SPLINE_CURVE_WITH_KNOTS((1,2,2,2,2,1),(
    -2.094395102393,0.,2.094395102393,4.188790204786,6.28318530718,
8.377580409573),.UNSPECIFIED.) CURVE() GEOMETRIC_REPRESENTATION_ITEM() 
RATIONAL_B_SPLINE_CURVE((1.,0.5,1.,0.5,1.,0.5,1.)) REPRESENTATION_ITEM(
  '') );
#962 = CARTESIAN_POINT('',(1.038944350742,-2.735300210183E-02));
#963 = CARTESIAN_POINT('',(1.545382782271,-0.239947510965));
#964 = CARTESIAN_POINT('',(1.108051321126,-0.572238803691));
#965 = CARTESIAN_POINT('',(0.67071985998,-0.904530096416));
#966 = CARTESIAN_POINT('',(0.601612889596,-0.359644294827));
#967 = CARTESIAN_POINT('',(0.532505919213,0.185241506762));
#968 = CARTESIAN_POINT('',(1.038944350742,-2.735300210183E-02));
#969 = ( GEOMETRIC_REPRESENTATION_CONTEXT(2) 
PARAMETRIC_REPRESENTATION_CONTEXT() REPRESENTATION_CONTEXT('2D SPACE',''
  ) );
#970 = ORIENTED_EDGE('',*,*,#971,.T.);
#971 = EDGE_CURVE('',#944,#184,#972,.T.);
#972 = SURFACE_CURVE('',#973,(#977,#984),.PCURVE_S1.);
#973 = LINE('',#974,#975);
#974 = CARTESIAN_POINT('',(0.6929,7.9E-03,0.9922));
#975 = VECTOR('',#976,1.);
#976 = DIRECTION('',(0.,0.,-1.));
#977 = PCURVE('',#204,#978);
#978 = DEFINITIONAL_REPRESENTATION('',(#979),#983);
#979 = LINE('',#980,#981);
#980 = CARTESIAN_POINT('',(1.152561980741,-0.9922));
#981 = VECTOR('',#982,1.);
#982 = DIRECTION('',(-0.,1.));
#983 = ( GEOMETRIC_REPRESENTATION_CONTEXT(2) 
PARAMETRIC_REPRESENTATION_CONTEXT() REPRESENTATION_CONTEXT('2D SPACE',''
  ) );
#984 = PCURVE('',#232,#985);
#985 = DEFINITIONAL_REPRESENTATION('',(#986),#990);
#986 = LINE('',#987,#988);
#987 = CARTESIAN_POINT('',(0.,-0.9922));
#988 = VECTOR('',#989,1.);
#989 = DIRECTION('',(0.,1.));
#990 = ( GEOMETRIC_REPRESENTATION_CONTEXT(2) 
PARAMETRIC_REPRESENTATION_CONTEXT() REPRESENTATION_CONTEXT('2D SPACE',''
  ) );
#991 = ORIENTED_EDGE('',*,*,#183,.F.);
#992 = ADVANCED_FACE('',(#993),#232,.F.);
#993 = FACE_BOUND('',#994,.F.);
#994 = EDGE_LOOP('',(#995,#996,#1019,#1040));
#995 = ORIENTED_EDGE('',*,*,#971,.F.);
#996 = ORIENTED_EDGE('',*,*,#997,.T.);
#997 = EDGE_CURVE('',#944,#998,#1000,.T.);
#998 = VERTEX_POINT('',#999);
#999 = CARTESIAN_POINT('',(0.75,7.9E-03,0.9922));
#1000 = SURFACE_CURVE('',#1001,(#1005,#1012),.PCURVE_S1.);
#1001 = LINE('',#1002,#1003);
#1002 = CARTESIAN_POINT('',(0.6929,7.9E-03,0.9922));
#1003 = VECTOR('',#1004,1.);
#1004 = DIRECTION('',(1.,-1.519022308211E-16,0.));
#1005 = PCURVE('',#232,#1006);
#1006 = DEFINITIONAL_REPRESENTATION('',(#1007),#1011);
#1007 = LINE('',#1008,#1009);
#1008 = CARTESIAN_POINT('',(0.,-0.9922));
#1009 = VECTOR('',#1010,1.);
#1010 = DIRECTION('',(1.,0.));
#1011 = ( GEOMETRIC_REPRESENTATION_CONTEXT(2) 
PARAMETRIC_REPRESENTATION_CONTEXT() REPRESENTATION_CONTEXT('2D SPACE',''
  ) );
#1012 = PCURVE('',#551,#1013);
#1013 = DEFINITIONAL_REPRESENTATION('',(#1014),#1018);
#1014 = LINE('',#1015,#1016);
#1015 = CARTESIAN_POINT('',(1.233244350742,-0.313153002102));
#1016 = VECTOR('',#1017,1.);
#1017 = DIRECTION('',(1.,-1.519022308211E-16));
#1018 = ( GEOMETRIC_REPRESENTATION_CONTEXT(2) 
PARAMETRIC_REPRESENTATION_CONTEXT() REPRESENTATION_CONTEXT('2D SPACE',''
  ) );
#1019 = ORIENTED_EDGE('',*,*,#1020,.T.);
#1020 = EDGE_CURVE('',#998,#217,#1021,.T.);
#1021 = SURFACE_CURVE('',#1022,(#1026,#1033),.PCURVE_S1.);
#1022 = LINE('',#1023,#1024);
#1023 = CARTESIAN_POINT('',(0.75,7.9E-03,0.9922));
#1024 = VECTOR('',#1025,1.);
#1025 = DIRECTION('',(0.,0.,-1.));
#1026 = PCURVE('',#232,#1027);
#1027 = DEFINITIONAL_REPRESENTATION('',(#1028),#1032);
#1028 = LINE('',#1029,#1030);
#1029 = CARTESIAN_POINT('',(5.71E-02,-0.9922));
#1030 = VECTOR('',#1031,1.);
#1031 = DIRECTION('',(0.,1.));
#1032 = ( GEOMETRIC_REPRESENTATION_CONTEXT(2) 
PARAMETRIC_REPRESENTATION_CONTEXT() REPRESENTATION_CONTEXT('2D SPACE',''
  ) );
#1033 = PCURVE('',#261,#1034);
#1034 = DEFINITIONAL_REPRESENTATION('',(#1035),#1039);
#1035 = LINE('',#1036,#1037);
#1036 = CARTESIAN_POINT('',(-0.,-0.9922));
#1037 = VECTOR('',#1038,1.);
#1038 = DIRECTION('',(0.,1.));
#1039 = ( GEOMETRIC_REPRESENTATION_CONTEXT(2) 
PARAMETRIC_REPRESENTATION_CONTEXT() REPRESENTATION_CONTEXT('2D SPACE',''
  ) );
#1040 = ORIENTED_EDGE('',*,*,#216,.F.);
#1041 = ADVANCED_FACE('',(#1042,#1091),#261,.T.);
#1042 = FACE_BOUND('',#1043,.F.);
#1043 = EDGE_LOOP('',(#1044,#1045,#1069,#1090));
#1044 = ORIENTED_EDGE('',*,*,#1020,.F.);
#1045 = ORIENTED_EDGE('',*,*,#1046,.T.);
#1046 = EDGE_CURVE('',#998,#1047,#1049,.T.);
#1047 = VERTEX_POINT('',#1048);
#1048 = CARTESIAN_POINT('',(-0.3359,0.6709,0.9922));
#1049 = SURFACE_CURVE('',#1050,(#1055,#1062),.PCURVE_S1.);
#1050 = CIRCLE('',#1051,0.747192777916);
#1051 = AXIS2_PLACEMENT_3D('',#1052,#1053,#1054);
#1052 = CARTESIAN_POINT('',(2.813288000891E-03,4.88922238336E-03,0.9922)
  );
#1053 = DIRECTION('',(0.,0.,1.));
#1054 = DIRECTION('',(0.999991881724,4.029452245292E-03,-0.));
#1055 = PCURVE('',#261,#1056);
#1056 = DEFINITIONAL_REPRESENTATION('',(#1057),#1061);
#1057 = LINE('',#1058,#1059);
#1058 = CARTESIAN_POINT('',(-0.,-0.9922));
#1059 = VECTOR('',#1060,1.);
#1060 = DIRECTION('',(-1.,0.));
#1061 = ( GEOMETRIC_REPRESENTATION_CONTEXT(2) 
PARAMETRIC_REPRESENTATION_CONTEXT() REPRESENTATION_CONTEXT('2D SPACE',''
  ) );
#1062 = PCURVE('',#551,#1063);
#1063 = DEFINITIONAL_REPRESENTATION('',(#1064),#1068);
#1064 = CIRCLE('',#1065,0.747192777916);
#1065 = AXIS2_PLACEMENT_2D('',#1066,#1067);
#1066 = CARTESIAN_POINT('',(0.543157638743,-0.316163779718));
#1067 = DIRECTION('',(0.999991881724,4.029452245292E-03));
#1068 = ( GEOMETRIC_REPRESENTATION_CONTEXT(2) 
PARAMETRIC_REPRESENTATION_CONTEXT() REPRESENTATION_CONTEXT('2D SPACE',''
  ) );
#1069 = ORIENTED_EDGE('',*,*,#1070,.T.);
#1070 = EDGE_CURVE('',#1047,#245,#1071,.T.);
#1071 = SURFACE_CURVE('',#1072,(#1076,#1083),.PCURVE_S1.);
#1072 = LINE('',#1073,#1074);
#1073 = CARTESIAN_POINT('',(-0.3359,0.6709,0.9922));
#1074 = VECTOR('',#1075,1.);
#1075 = DIRECTION('',(0.,0.,-1.));
#1076 = PCURVE('',#261,#1077);
#1077 = DEFINITIONAL_REPRESENTATION('',(#1078),#1082);
#1078 = LINE('',#1079,#1080);
#1079 = CARTESIAN_POINT('',(-2.037247167122,-0.9922));
#1080 = VECTOR('',#1081,1.);
#1081 = DIRECTION('',(0.,1.));
#1082 = ( GEOMETRIC_REPRESENTATION_CONTEXT(2) 
PARAMETRIC_REPRESENTATION_CONTEXT() REPRESENTATION_CONTEXT('2D SPACE',''
  ) );
#1083 = PCURVE('',#289,#1084);
#1084 = DEFINITIONAL_REPRESENTATION('',(#1085),#1089);
#1085 = LINE('',#1086,#1087);
#1086 = CARTESIAN_POINT('',(0.,-0.9922));
#1087 = VECTOR('',#1088,1.);
#1088 = DIRECTION('',(0.,1.));
#1089 = ( GEOMETRIC_REPRESENTATION_CONTEXT(2) 
PARAMETRIC_REPRESENTATION_CONTEXT() REPRESENTATION_CONTEXT('2D SPACE',''
  ) );
#1090 = ORIENTED_EDGE('',*,*,#244,.F.);
#1091 = FACE_BOUND('',#1092,.F.);
#1092 = EDGE_LOOP('',(#1093));
#1093 = ORIENTED_EDGE('',*,*,#1094,.F.);
#1094 = EDGE_CURVE('',#1095,#1095,#1097,.T.);
#1095 = VERTEX_POINT('',#1096);
#1096 = CARTESIAN_POINT('',(0.,0.752076704064,0.1875));
#1097 = SURFACE_CURVE('',#1098,(#1125,#1176),.PCURVE_S1.);
#1098 = B_SPLINE_CURVE_WITH_KNOTS('',7,(#1099,#1100,#1101,#1102,#1103,
    #1104,#1105,#1106,#1107,#1108,#1109,#1110,#1111,#1112,#1113,#1114,
    #1115,#1116,#1117,#1118,#1119,#1120,#1121,#1122,#1123,#1124),
  .UNSPECIFIED.,.T.,.F.,(8,6,6,6,8),(0.,0.499999999997,1.,1.500017870751
    ,2.00003574151),.UNSPECIFIED.);
#1099 = CARTESIAN_POINT('',(-1.568190022283E-15,0.752076704064,0.1875));
#1100 = CARTESIAN_POINT('',(-1.398203171165E-02,0.752024059336,0.1875));
#1101 = CARTESIAN_POINT('',(-2.806125893449E-02,0.751665884837,
    0.183850233119));
#1102 = CARTESIAN_POINT('',(-4.09383090294E-02,0.75099869379,
    0.176463264585));
#1103 = CARTESIAN_POINT('',(-5.145438835111E-02,0.750190581448,
    0.165922124273));
#1104 = CARTESIAN_POINT('',(-5.879838396392E-02,0.749546896256,
    0.153100846002));
#1105 = CARTESIAN_POINT('',(-6.25E-02,0.749221958316,0.139082123422));
#1106 = CARTESIAN_POINT('',(-6.25E-02,0.749221958316,0.110917876577));
#1107 = CARTESIAN_POINT('',(-5.879838396383E-02,0.749546896256,
    9.689915399837E-02));
#1108 = CARTESIAN_POINT('',(-5.145438835134E-02,0.750190581448,
    8.407787572733E-02));
#1109 = CARTESIAN_POINT('',(-4.093830902935E-02,0.75099869379,
    7.353673541532E-02));
#1110 = CARTESIAN_POINT('',(-2.806125893439E-02,0.751665884837,
    6.614976688109E-02));
#1111 = CARTESIAN_POINT('',(-1.398203171162E-02,0.752024059336,6.25E-02)
  );
#1112 = CARTESIAN_POINT('',(1.398253145035E-02,0.752129350674,6.25E-02)
  );
#1113 = CARTESIAN_POINT('',(2.806138186132E-02,0.751877174535,
    6.615002963069E-02));
#1114 = CARTESIAN_POINT('',(4.093800500222E-02,0.751307154184,
    7.353668832431E-02));
#1115 = CARTESIAN_POINT('',(5.145429490505E-02,0.750578834434,
    8.407758491253E-02));
#1116 = CARTESIAN_POINT('',(5.879846519789E-02,0.749991021362,
    9.689911194198E-02));
#1117 = CARTESIAN_POINT('',(6.25E-02,0.749694259813,0.110918030046));
#1118 = CARTESIAN_POINT('',(6.25E-02,0.749694259813,0.139081969955));
#1119 = CARTESIAN_POINT('',(5.879846519775E-02,0.749991021362,
    0.153100888058));
#1120 = CARTESIAN_POINT('',(5.145429490554E-02,0.750578834434,
    0.165922415087));
#1121 = CARTESIAN_POINT('',(4.093800500191E-02,0.751307154184,
    0.176463311676));
#1122 = CARTESIAN_POINT('',(2.806138186102E-02,0.751877174535,
    0.183849970369));
#1123 = CARTESIAN_POINT('',(1.398253145068E-02,0.752129350674,0.1875));
#1124 = CARTESIAN_POINT('',(-1.574759862605E-15,0.752076704064,0.1875));
#1125 = PCURVE('',#261,#1126);
#1126 = DEFINITIONAL_REPRESENTATION('',(#1127),#1175);
#1127 = B_SPLINE_CURVE_WITH_KNOTS('',3,(#1128,#1129,#1130,#1131,#1132,
    #1133,#1134,#1135,#1136,#1137,#1138,#1139,#1140,#1141,#1142,#1143,
    #1144,#1145,#1146,#1147,#1148,#1149,#1150,#1151,#1152,#1153,#1154,
    #1155,#1156,#1157,#1158,#1159,#1160,#1161,#1162,#1163,#1164,#1165,
    #1166,#1167,#1168,#1169,#1170,#1171,#1172,#1173,#1174),
  .UNSPECIFIED.,.T.,.F.,(4,1,1,1,1,1,1,1,1,1,1,1,1,1,1,1,1,1,1,1,1,1,1,1
    ,1,1,1,1,1,1,1,1,1,1,1,1,1,1,1,1,1,1,1,1,4),(0.,4.545535776159E-02,
    9.091071552318E-02,0.136366073285,0.181821431046,0.227276788808,
    0.27273214657,0.318187504331,0.363642862093,0.409098219854,
    0.454553577616,0.500008935377,0.545464293139,0.590919650901,
    0.636375008662,0.681830366424,0.727285724185,0.772741081947,
    0.818196439709,0.86365179747,0.909107155232,0.954562512993,
    1.000017870755,1.045473228517,1.090928586278,1.13638394404,
    1.181839301801,1.227294659563,1.272750017324,1.318205375086,
    1.363660732848,1.409116090609,1.454571448371,1.500026806132,
    1.545482163894,1.590937521656,1.636392879417,1.681848237179,
    1.72730359494,1.772758952702,1.818214310464,1.863669668225,
    1.909125025987,1.954580383748,2.00003574151),.QUASI_UNIFORM_KNOTS.);
#1128 = CARTESIAN_POINT('',(-1.570532016001,-0.1875));
#1129 = CARTESIAN_POINT('',(-1.574502730964,-0.187502667249));
#1130 = CARTESIAN_POINT('',(-1.582454752881,-0.187075430154));
#1131 = CARTESIAN_POINT('',(-1.594164085216,-0.185176805574));
#1132 = CARTESIAN_POINT('',(-1.605397690974,-0.182048915518));
#1133 = CARTESIAN_POINT('',(-1.61592146745,-0.177760311781));
#1134 = CARTESIAN_POINT('',(-1.625519596647,-0.172400382629));
#1135 = CARTESIAN_POINT('',(-1.633998552385,-0.166079836997));
#1136 = CARTESIAN_POINT('',(-1.641188424697,-0.15892644689));
#1137 = CARTESIAN_POINT('',(-1.646944699022,-0.151082823261));
#1138 = CARTESIAN_POINT('',(-1.651149726,-0.142702984701));
#1139 = CARTESIAN_POINT('',(-1.653714154298,-0.133953328811));
#1140 = CARTESIAN_POINT('',(-1.654578280806,-0.124998230024));
#1141 = CARTESIAN_POINT('',(-1.653713477071,-0.116043181449));
#1142 = CARTESIAN_POINT('',(-1.65114839029,-0.10729363648));
#1143 = CARTESIAN_POINT('',(-1.646942734082,-9.891397744503E-02));
#1144 = CARTESIAN_POINT('',(-1.641185870581,-9.107059486935E-02));
#1145 = CARTESIAN_POINT('',(-1.633995463784,-8.391750726021E-02));
#1146 = CARTESIAN_POINT('',(-1.625516023969,-7.759730713102E-02));
#1147 = CARTESIAN_POINT('',(-1.615917525211,-7.223780882499E-02));
#1148 = CARTESIAN_POINT('',(-1.605393299439,-6.794953270236E-02));
#1149 = CARTESIAN_POINT('',(-1.594159931347,-6.482253441073E-02));
#1150 = CARTESIAN_POINT('',(-1.58244870025,-6.29228323314E-02));
#1151 = CARTESIAN_POINT('',(-1.570527202818,-6.228833464384E-02));
#1152 = CARTESIAN_POINT('',(-1.558606493743,-6.29238296807E-02));
#1153 = CARTESIAN_POINT('',(-1.546897542489,-6.482441514873E-02));
#1154 = CARTESIAN_POINT('',(-1.535667603235,-6.795213129783E-02));
#1155 = CARTESIAN_POINT('',(-1.525147631322,-7.224095433077E-02));
#1156 = CARTESIAN_POINT('',(-1.515553859799,-7.760084729068E-02));
#1157 = CARTESIAN_POINT('',(-1.507079276679,-8.392131675558E-02));
#1158 = CARTESIAN_POINT('',(-1.499893529236,-9.107457060227E-02));
#1159 = CARTESIAN_POINT('',(-1.494140830598,-9.891802641981E-02));
#1160 = CARTESIAN_POINT('',(-1.489938585707,-0.107297655949));
#1161 = CARTESIAN_POINT('',(-1.487375941108,-0.116047053419));
#1162 = CARTESIAN_POINT('',(-1.48651244454,-0.125001769876));
#1163 = CARTESIAN_POINT('',(-1.487376617869,-0.133956436228));
#1164 = CARTESIAN_POINT('',(-1.489939920435,-0.142705722712));
#1165 = CARTESIAN_POINT('',(-1.494142794548,-0.151085173047));
#1166 = CARTESIAN_POINT('',(-1.499896080795,-0.158928386663));
#1167 = CARTESIAN_POINT('',(-1.507082367414,-0.16608134236));
#1168 = CARTESIAN_POINT('',(-1.515557416467,-0.172401450179));
#1169 = CARTESIAN_POINT('',(-1.525151625201,-0.177760972665));
#1170 = CARTESIAN_POINT('',(-1.535671794485,-0.182049242964));
#1171 = CARTESIAN_POINT('',(-1.546902437455,-0.185176907751));
#1172 = CARTESIAN_POINT('',(-1.558609775982,-0.187075434568));
#1173 = CARTESIAN_POINT('',(-1.566561296688,-0.187502662284));
#1174 = CARTESIAN_POINT('',(-1.570532016001,-0.1875));
#1175 = ( GEOMETRIC_REPRESENTATION_CONTEXT(2) 
PARAMETRIC_REPRESENTATION_CONTEXT() REPRESENTATION_CONTEXT('2D SPACE',''
  ) );
#1176 = PCURVE('',#883,#1177);
#1177 = DEFINITIONAL_REPRESENTATION('',(#1178),#1226);
#1178 = B_SPLINE_CURVE_WITH_KNOTS('',3,(#1179,#1180,#1181,#1182,#1183,
    #1184,#1185,#1186,#1187,#1188,#1189,#1190,#1191,#1192,#1193,#1194,
    #1195,#1196,#1197,#1198,#1199,#1200,#1201,#1202,#1203,#1204,#1205,
    #1206,#1207,#1208,#1209,#1210,#1211,#1212,#1213,#1214,#1215,#1216,
    #1217,#1218,#1219,#1220,#1221,#1222,#1223,#1224,#1225),
  .UNSPECIFIED.,.F.,.F.,(4,1,1,1,1,1,1,1,1,1,1,1,1,1,1,1,1,1,1,1,1,1,1,1
    ,1,1,1,1,1,1,1,1,1,1,1,1,1,1,1,1,1,1,1,1,4),(0.,4.545535776159E-02,
    9.091071552318E-02,0.136366073285,0.181821431046,0.227276788808,
    0.27273214657,0.318187504331,0.363642862093,0.409098219854,
    0.454553577616,0.500008935377,0.545464293139,0.590919650901,
    0.636375008662,0.681830366424,0.727285724185,0.772741081947,
    0.818196439709,0.86365179747,0.909107155232,0.954562512993,
    1.000017870755,1.045473228517,1.090928586278,1.13638394404,
    1.181839301801,1.227294659563,1.272750017324,1.318205375086,
    1.363660732848,1.409116090609,1.454571448371,1.500026806132,
    1.545482163894,1.590937521656,1.636392879417,1.681848237179,
    1.72730359494,1.772758952702,1.818214310464,1.863669668225,
    1.909125025987,1.954580383748,2.00003574151),.QUASI_UNIFORM_KNOTS.);
#1179 = CARTESIAN_POINT('',(6.28318530718,0.752076704064));
#1180 = CARTESIAN_POINT('',(6.23572029118,0.752066258348));
#1181 = CARTESIAN_POINT('',(6.140649729637,0.752007245004));
#1182 = CARTESIAN_POINT('',(5.997797522447,0.751818180628));
#1183 = CARTESIAN_POINT('',(5.854911307483,0.751539324975));
#1184 = CARTESIAN_POINT('',(5.712073475148,0.751192170152));
#1185 = CARTESIAN_POINT('',(5.569319483957,0.750802960274));
#1186 = CARTESIAN_POINT('',(5.426640393317,0.750401590743));
#1187 = CARTESIAN_POINT('',(5.283997447459,0.750018959449));
#1188 = CARTESIAN_POINT('',(5.141333288205,0.74968467277));
#1189 = CARTESIAN_POINT('',(4.998565382822,0.749424775277));
#1190 = CARTESIAN_POINT('',(4.855643321782,0.749259770714));
#1191 = CARTESIAN_POINT('',(4.71236075746,0.749203041062));
#1192 = CARTESIAN_POINT('',(4.569078416379,0.749259814944));
#1193 = CARTESIAN_POINT('',(4.42615641498,0.749424859941));
#1194 = CARTESIAN_POINT('',(4.283388573173,0.749684791093));
#1195 = CARTESIAN_POINT('',(4.140724426017,0.750019102357));
#1196 = CARTESIAN_POINT('',(3.998081509699,0.750401746403));
#1197 = CARTESIAN_POINT('',(3.855402272786,0.750803119456));
#1198 = CARTESIAN_POINT('',(3.712648705646,0.751192310229));
#1199 = CARTESIAN_POINT('',(3.569809136776,0.751539474025));
#1200 = CARTESIAN_POINT('',(3.426929286339,0.751818182594));
#1201 = CARTESIAN_POINT('',(3.2840533472,0.752007640323));
#1202 = CARTESIAN_POINT('',(3.14153637544,0.752094507774));
#1203 = CARTESIAN_POINT('',(2.999021247774,0.752074631944));
#1204 = CARTESIAN_POINT('',(2.856150490769,0.751951011706));
#1205 = CARTESIAN_POINT('',(2.713277093773,0.751735504558));
#1206 = CARTESIAN_POINT('',(2.570444309122,0.75144761547));
#1207 = CARTESIAN_POINT('',(2.427697151538,0.751112552463));
#1208 = CARTESIAN_POINT('',(2.285023619318,0.750759060297));
#1209 = CARTESIAN_POINT('',(2.142385640162,0.750417073996));
#1210 = CARTESIAN_POINT('',(1.999725828051,0.750115359805));
#1211 = CARTESIAN_POINT('',(1.856962139726,0.749879277381));
#1212 = CARTESIAN_POINT('',(1.714044547526,0.749728806248));
#1213 = CARTESIAN_POINT('',(1.570768105447,0.7496769765));
#1214 = CARTESIAN_POINT('',(1.427491885013,0.749728846643));
#1215 = CARTESIAN_POINT('',(1.284574353603,0.74987935446));
#1216 = CARTESIAN_POINT('',(1.141810724066,0.75011546707));
#1217 = CARTESIAN_POINT('',(0.999150941804,0.750417202212));
#1218 = CARTESIAN_POINT('',(0.856512926855,0.750759199424));
#1219 = CARTESIAN_POINT('',(0.713839493503,0.751112688056));
#1220 = CARTESIAN_POINT('',(0.571091846445,0.751447746112));
#1221 = CARTESIAN_POINT('',(0.428260735483,0.751735581146));
#1222 = CARTESIAN_POINT('',(0.285380975754,0.751951168432));
#1223 = CARTESIAN_POINT('',(0.142533983733,0.75207432842));
#1224 = CARTESIAN_POINT('',(4.746496872761E-02,0.752088599031));
#1225 = CARTESIAN_POINT('',(-2.48689957516E-14,0.752076704064));
#1226 = ( GEOMETRIC_REPRESENTATION_CONTEXT(2) 
PARAMETRIC_REPRESENTATION_CONTEXT() REPRESENTATION_CONTEXT('2D SPACE',''
  ) );
#1227 = ADVANCED_FACE('',(#1228),#289,.F.);
#1228 = FACE_BOUND('',#1229,.F.);
#1229 = EDGE_LOOP('',(#1230,#1231,#1232,#1255));
#1230 = ORIENTED_EDGE('',*,*,#273,.F.);
#1231 = ORIENTED_EDGE('',*,*,#1070,.F.);
#1232 = ORIENTED_EDGE('',*,*,#1233,.T.);
#1233 = EDGE_CURVE('',#1047,#1234,#1236,.T.);
#1234 = VERTEX_POINT('',#1235);
#1235 = CARTESIAN_POINT('',(-0.3359,0.670295104228,0.9922));
#1236 = SURFACE_CURVE('',#1237,(#1241,#1248),.PCURVE_S1.);
#1237 = LINE('',#1238,#1239);
#1238 = CARTESIAN_POINT('',(-0.3359,0.6709,0.9922));
#1239 = VECTOR('',#1240,1.);
#1240 = DIRECTION('',(5.713963070639E-16,-1.,0.));
#1241 = PCURVE('',#289,#1242);
#1242 = DEFINITIONAL_REPRESENTATION('',(#1243),#1247);
#1243 = LINE('',#1244,#1245);
#1244 = CARTESIAN_POINT('',(0.,-0.9922));
#1245 = VECTOR('',#1246,1.);
#1246 = DIRECTION('',(1.,0.));
#1247 = ( GEOMETRIC_REPRESENTATION_CONTEXT(2) 
PARAMETRIC_REPRESENTATION_CONTEXT() REPRESENTATION_CONTEXT('2D SPACE',''
  ) );
#1248 = PCURVE('',#551,#1249);
#1249 = DEFINITIONAL_REPRESENTATION('',(#1250),#1254);
#1250 = LINE('',#1251,#1252);
#1251 = CARTESIAN_POINT('',(0.204444350742,0.349846997898));
#1252 = VECTOR('',#1253,1.);
#1253 = DIRECTION('',(5.713963070639E-16,-1.));
#1254 = ( GEOMETRIC_REPRESENTATION_CONTEXT(2) 
PARAMETRIC_REPRESENTATION_CONTEXT() REPRESENTATION_CONTEXT('2D SPACE',''
  ) );
#1255 = ORIENTED_EDGE('',*,*,#1256,.T.);
#1256 = EDGE_CURVE('',#1234,#274,#1257,.T.);
#1257 = SURFACE_CURVE('',#1258,(#1262,#1269),.PCURVE_S1.);
#1258 = LINE('',#1259,#1260);
#1259 = CARTESIAN_POINT('',(-0.3359,0.670295104228,0.9922));
#1260 = VECTOR('',#1261,1.);
#1261 = DIRECTION('',(0.,0.,-1.));
#1262 = PCURVE('',#289,#1263);
#1263 = DEFINITIONAL_REPRESENTATION('',(#1264),#1268);
#1264 = LINE('',#1265,#1266);
#1265 = CARTESIAN_POINT('',(6.048957719903E-04,-0.9922));
#1266 = VECTOR('',#1267,1.);
#1267 = DIRECTION('',(0.,1.));
#1268 = ( GEOMETRIC_REPRESENTATION_CONTEXT(2) 
PARAMETRIC_REPRESENTATION_CONTEXT() REPRESENTATION_CONTEXT('2D SPACE',''
  ) );
#1269 = PCURVE('',#318,#1270);
#1270 = DEFINITIONAL_REPRESENTATION('',(#1271),#1275);
#1271 = LINE('',#1272,#1273);
#1272 = CARTESIAN_POINT('',(-4.75100480498E-03,-0.9922));
#1273 = VECTOR('',#1274,1.);
#1274 = DIRECTION('',(-0.,1.));
#1275 = ( GEOMETRIC_REPRESENTATION_CONTEXT(2) 
PARAMETRIC_REPRESENTATION_CONTEXT() REPRESENTATION_CONTEXT('2D SPACE',''
  ) );
#1276 = ADVANCED_FACE('',(#1277),#318,.T.);
#1277 = FACE_BOUND('',#1278,.F.);
#1278 = EDGE_LOOP('',(#1279,#1280,#1281,#1305));
#1279 = ORIENTED_EDGE('',*,*,#301,.F.);
#1280 = ORIENTED_EDGE('',*,*,#1256,.F.);
#1281 = ORIENTED_EDGE('',*,*,#1282,.T.);
#1282 = EDGE_CURVE('',#1234,#1283,#1285,.T.);
#1283 = VERTEX_POINT('',#1284);
#1284 = CARTESIAN_POINT('',(-0.75,2.818925648462E-17,0.9922));
#1285 = SURFACE_CURVE('',#1286,(#1291,#1298),.PCURVE_S1.);
#1286 = CIRCLE('',#1287,0.753504660968);
#1287 = AXIS2_PLACEMENT_3D('',#1288,#1289,#1290);
#1288 = CARTESIAN_POINT('',(3.500700916322E-03,-2.442911880311E-03,
    0.9922));
#1289 = DIRECTION('',(0.,0.,1.));
#1290 = DIRECTION('',(-0.446182642699,0.894941925129,0.));
#1291 = PCURVE('',#318,#1292);
#1292 = DEFINITIONAL_REPRESENTATION('',(#1293),#1297);
#1293 = LINE('',#1294,#1295);
#1294 = CARTESIAN_POINT('',(-0.,-0.9922));
#1295 = VECTOR('',#1296,1.);
#1296 = DIRECTION('',(-1.,0.));
#1297 = ( GEOMETRIC_REPRESENTATION_CONTEXT(2) 
PARAMETRIC_REPRESENTATION_CONTEXT() REPRESENTATION_CONTEXT('2D SPACE',''
  ) );
#1298 = PCURVE('',#551,#1299);
#1299 = DEFINITIONAL_REPRESENTATION('',(#1300),#1304);
#1300 = CIRCLE('',#1301,0.753504660968);
#1301 = AXIS2_PLACEMENT_2D('',#1302,#1303);
#1302 = CARTESIAN_POINT('',(0.543845051658,-0.323495913982));
#1303 = DIRECTION('',(-0.446182642699,0.894941925129));
#1304 = ( GEOMETRIC_REPRESENTATION_CONTEXT(2) 
PARAMETRIC_REPRESENTATION_CONTEXT() REPRESENTATION_CONTEXT('2D SPACE',''
  ) );
#1305 = ORIENTED_EDGE('',*,*,#1306,.F.);
#1306 = EDGE_CURVE('',#302,#1283,#1307,.T.);
#1307 = SURFACE_CURVE('',#1308,(#1312,#1319),.PCURVE_S1.);
#1308 = LINE('',#1309,#1310);
#1309 = CARTESIAN_POINT('',(-0.75,5.637851296925E-17,0.));
#1310 = VECTOR('',#1311,1.);
#1311 = DIRECTION('',(0.,0.,1.));
#1312 = PCURVE('',#318,#1313);
#1313 = DEFINITIONAL_REPRESENTATION('',(#1314),#1318);
#1314 = LINE('',#1315,#1316);
#1315 = CARTESIAN_POINT('',(-1.105058954638,0.));
#1316 = VECTOR('',#1317,1.);
#1317 = DIRECTION('',(-0.,-1.));
#1318 = ( GEOMETRIC_REPRESENTATION_CONTEXT(2) 
PARAMETRIC_REPRESENTATION_CONTEXT() REPRESENTATION_CONTEXT('2D SPACE',''
  ) );
#1319 = PCURVE('',#347,#1320);
#1320 = DEFINITIONAL_REPRESENTATION('',(#1321),#1324);
#1321 = B_SPLINE_CURVE_WITH_KNOTS('',1,(#1322,#1323),.UNSPECIFIED.,.F.,
  .F.,(2,2),(0.,0.9922),.PIECEWISE_BEZIER_KNOTS.);
#1322 = CARTESIAN_POINT('',(0.,0.));
#1323 = CARTESIAN_POINT('',(0.,-0.9922));
#1324 = ( GEOMETRIC_REPRESENTATION_CONTEXT(2) 
PARAMETRIC_REPRESENTATION_CONTEXT() REPRESENTATION_CONTEXT('2D SPACE',''
  ) );
#1325 = ADVANCED_FACE('',(#1326),#347,.T.);
#1326 = FACE_BOUND('',#1327,.F.);
#1327 = EDGE_LOOP('',(#1328,#1329,#1330,#1354));
#1328 = ORIENTED_EDGE('',*,*,#330,.F.);
#1329 = ORIENTED_EDGE('',*,*,#1306,.T.);
#1330 = ORIENTED_EDGE('',*,*,#1331,.T.);
#1331 = EDGE_CURVE('',#1283,#1332,#1334,.T.);
#1332 = VERTEX_POINT('',#1333);
#1333 = CARTESIAN_POINT('',(-0.3359,-0.670295104228,0.9922));
#1334 = SURFACE_CURVE('',#1335,(#1340,#1347),.PCURVE_S1.);
#1335 = CIRCLE('',#1336,0.753504660968);
#1336 = AXIS2_PLACEMENT_3D('',#1337,#1338,#1339);
#1337 = CARTESIAN_POINT('',(3.500700916321E-03,2.442911880311E-03,0.9922
    ));
#1338 = DIRECTION('',(0.,0.,1.));
#1339 = DIRECTION('',(-0.99999474449,-3.242066050625E-03,0.));
#1340 = PCURVE('',#347,#1341);
#1341 = DEFINITIONAL_REPRESENTATION('',(#1342),#1346);
#1342 = LINE('',#1343,#1344);
#1343 = CARTESIAN_POINT('',(-0.,-0.9922));
#1344 = VECTOR('',#1345,1.);
#1345 = DIRECTION('',(-1.,0.));
#1346 = ( GEOMETRIC_REPRESENTATION_CONTEXT(2) 
PARAMETRIC_REPRESENTATION_CONTEXT() REPRESENTATION_CONTEXT('2D SPACE',''
  ) );
#1347 = PCURVE('',#551,#1348);
#1348 = DEFINITIONAL_REPRESENTATION('',(#1349),#1353);
#1349 = CIRCLE('',#1350,0.753504660968);
#1350 = AXIS2_PLACEMENT_2D('',#1351,#1352);
#1351 = CARTESIAN_POINT('',(0.543845051658,-0.318610090222));
#1352 = DIRECTION('',(-0.99999474449,-3.242066050625E-03));
#1353 = ( GEOMETRIC_REPRESENTATION_CONTEXT(2) 
PARAMETRIC_REPRESENTATION_CONTEXT() REPRESENTATION_CONTEXT('2D SPACE',''
  ) );
#1354 = ORIENTED_EDGE('',*,*,#1355,.F.);
#1355 = EDGE_CURVE('',#331,#1332,#1356,.T.);
#1356 = SURFACE_CURVE('',#1357,(#1361,#1368),.PCURVE_S1.);
#1357 = LINE('',#1358,#1359);
#1358 = CARTESIAN_POINT('',(-0.3359,-0.670295104228,0.));
#1359 = VECTOR('',#1360,1.);
#1360 = DIRECTION('',(0.,0.,1.));
#1361 = PCURVE('',#347,#1362);
#1362 = DEFINITIONAL_REPRESENTATION('',(#1363),#1367);
#1363 = LINE('',#1364,#1365);
#1364 = CARTESIAN_POINT('',(-1.100307949833,0.));
#1365 = VECTOR('',#1366,1.);
#1366 = DIRECTION('',(-0.,-1.));
#1367 = ( GEOMETRIC_REPRESENTATION_CONTEXT(2) 
PARAMETRIC_REPRESENTATION_CONTEXT() REPRESENTATION_CONTEXT('2D SPACE',''
  ) );
#1368 = PCURVE('',#375,#1369);
#1369 = DEFINITIONAL_REPRESENTATION('',(#1370),#1374);
#1370 = LINE('',#1371,#1372);
#1371 = CARTESIAN_POINT('',(0.192695104228,0.));
#1372 = VECTOR('',#1373,1.);
#1373 = DIRECTION('',(0.,-1.));
#1374 = ( GEOMETRIC_REPRESENTATION_CONTEXT(2) 
PARAMETRIC_REPRESENTATION_CONTEXT() REPRESENTATION_CONTEXT('2D SPACE',''
  ) );
#1375 = ADVANCED_FACE('',(#1376),#375,.F.);
#1376 = FACE_BOUND('',#1377,.F.);
#1377 = EDGE_LOOP('',(#1378,#1379,#1380,#1403));
#1378 = ORIENTED_EDGE('',*,*,#359,.F.);
#1379 = ORIENTED_EDGE('',*,*,#1355,.T.);
#1380 = ORIENTED_EDGE('',*,*,#1381,.T.);
#1381 = EDGE_CURVE('',#1332,#1382,#1384,.T.);
#1382 = VERTEX_POINT('',#1383);
#1383 = CARTESIAN_POINT('',(-0.3359,-0.6719,0.9922));
#1384 = SURFACE_CURVE('',#1385,(#1389,#1396),.PCURVE_S1.);
#1385 = LINE('',#1386,#1387);
#1386 = CARTESIAN_POINT('',(-0.3359,-0.4776,0.9922));
#1387 = VECTOR('',#1388,1.);
#1388 = DIRECTION('',(2.856981535319E-16,-1.,0.));
#1389 = PCURVE('',#375,#1390);
#1390 = DEFINITIONAL_REPRESENTATION('',(#1391),#1395);
#1391 = LINE('',#1392,#1393);
#1392 = CARTESIAN_POINT('',(0.,-0.9922));
#1393 = VECTOR('',#1394,1.);
#1394 = DIRECTION('',(1.,0.));
#1395 = ( GEOMETRIC_REPRESENTATION_CONTEXT(2) 
PARAMETRIC_REPRESENTATION_CONTEXT() REPRESENTATION_CONTEXT('2D SPACE',''
  ) );
#1396 = PCURVE('',#551,#1397);
#1397 = DEFINITIONAL_REPRESENTATION('',(#1398),#1402);
#1398 = LINE('',#1399,#1400);
#1399 = CARTESIAN_POINT('',(0.204444350742,-0.798653002102));
#1400 = VECTOR('',#1401,1.);
#1401 = DIRECTION('',(2.856981535319E-16,-1.));
#1402 = ( GEOMETRIC_REPRESENTATION_CONTEXT(2) 
PARAMETRIC_REPRESENTATION_CONTEXT() REPRESENTATION_CONTEXT('2D SPACE',''
  ) );
#1403 = ORIENTED_EDGE('',*,*,#1404,.T.);
#1404 = EDGE_CURVE('',#1382,#360,#1405,.T.);
#1405 = SURFACE_CURVE('',#1406,(#1410,#1417),.PCURVE_S1.);
#1406 = LINE('',#1407,#1408);
#1407 = CARTESIAN_POINT('',(-0.3359,-0.6719,0.9922));
#1408 = VECTOR('',#1409,1.);
#1409 = DIRECTION('',(0.,0.,-1.));
#1410 = PCURVE('',#375,#1411);
#1411 = DEFINITIONAL_REPRESENTATION('',(#1412),#1416);
#1412 = LINE('',#1413,#1414);
#1413 = CARTESIAN_POINT('',(0.1943,-0.9922));
#1414 = VECTOR('',#1415,1.);
#1415 = DIRECTION('',(0.,1.));
#1416 = ( GEOMETRIC_REPRESENTATION_CONTEXT(2) 
PARAMETRIC_REPRESENTATION_CONTEXT() REPRESENTATION_CONTEXT('2D SPACE',''
  ) );
#1417 = PCURVE('',#404,#1418);
#1418 = DEFINITIONAL_REPRESENTATION('',(#1419),#1423);
#1419 = LINE('',#1420,#1421);
#1420 = CARTESIAN_POINT('',(-0.,-0.9922));
#1421 = VECTOR('',#1422,1.);
#1422 = DIRECTION('',(0.,1.));
#1423 = ( GEOMETRIC_REPRESENTATION_CONTEXT(2) 
PARAMETRIC_REPRESENTATION_CONTEXT() REPRESENTATION_CONTEXT('2D SPACE',''
  ) );
#1424 = ADVANCED_FACE('',(#1425,#1474),#404,.T.);
#1425 = FACE_BOUND('',#1426,.F.);
#1426 = EDGE_LOOP('',(#1427,#1428,#1452,#1473));
#1427 = ORIENTED_EDGE('',*,*,#1404,.F.);
#1428 = ORIENTED_EDGE('',*,*,#1429,.T.);
#1429 = EDGE_CURVE('',#1382,#1430,#1432,.T.);
#1430 = VERTEX_POINT('',#1431);
#1431 = CARTESIAN_POINT('',(0.75,2.5E-03,0.9922));
#1432 = SURFACE_CURVE('',#1433,(#1438,#1445),.PCURVE_S1.);
#1433 = CIRCLE('',#1434,0.750693294207);
#1434 = AXIS2_PLACEMENT_3D('',#1435,#1436,#1437);
#1435 = CARTESIAN_POINT('',(-6.884191908916E-04,-2.054131088534E-04,
    0.9922));
#1436 = DIRECTION('',(0.,0.,1.));
#1437 = DIRECTION('',(-0.446535999983,-0.894765668049,0.));
#1438 = PCURVE('',#404,#1439);
#1439 = DEFINITIONAL_REPRESENTATION('',(#1440),#1444);
#1440 = LINE('',#1441,#1442);
#1441 = CARTESIAN_POINT('',(-0.,-0.9922));
#1442 = VECTOR('',#1443,1.);
#1443 = DIRECTION('',(-1.,0.));
#1444 = ( GEOMETRIC_REPRESENTATION_CONTEXT(2) 
PARAMETRIC_REPRESENTATION_CONTEXT() REPRESENTATION_CONTEXT('2D SPACE',''
  ) );
#1445 = PCURVE('',#551,#1446);
#1446 = DEFINITIONAL_REPRESENTATION('',(#1447),#1451);
#1447 = CIRCLE('',#1448,0.750693294207);
#1448 = AXIS2_PLACEMENT_2D('',#1449,#1450);
#1449 = CARTESIAN_POINT('',(0.539655931551,-0.321258415211));
#1450 = DIRECTION('',(-0.446535999983,-0.894765668049));
#1451 = ( GEOMETRIC_REPRESENTATION_CONTEXT(2) 
PARAMETRIC_REPRESENTATION_CONTEXT() REPRESENTATION_CONTEXT('2D SPACE',''
  ) );
#1452 = ORIENTED_EDGE('',*,*,#1453,.T.);
#1453 = EDGE_CURVE('',#1430,#388,#1454,.T.);
#1454 = SURFACE_CURVE('',#1455,(#1459,#1466),.PCURVE_S1.);
#1455 = LINE('',#1456,#1457);
#1456 = CARTESIAN_POINT('',(0.75,2.5E-03,0.9922));
#1457 = VECTOR('',#1458,1.);
#1458 = DIRECTION('',(0.,0.,-1.));
#1459 = PCURVE('',#404,#1460);
#1460 = DEFINITIONAL_REPRESENTATION('',(#1461),#1465);
#1461 = LINE('',#1462,#1463);
#1462 = CARTESIAN_POINT('',(-2.037290398205,-0.9922));
#1463 = VECTOR('',#1464,1.);
#1464 = DIRECTION('',(0.,1.));
#1465 = ( GEOMETRIC_REPRESENTATION_CONTEXT(2) 
PARAMETRIC_REPRESENTATION_CONTEXT() REPRESENTATION_CONTEXT('2D SPACE',''
  ) );
#1466 = PCURVE('',#432,#1467);
#1467 = DEFINITIONAL_REPRESENTATION('',(#1468),#1472);
#1468 = LINE('',#1469,#1470);
#1469 = CARTESIAN_POINT('',(0.,-0.9922));
#1470 = VECTOR('',#1471,1.);
#1471 = DIRECTION('',(-0.,1.));
#1472 = ( GEOMETRIC_REPRESENTATION_CONTEXT(2) 
PARAMETRIC_REPRESENTATION_CONTEXT() REPRESENTATION_CONTEXT('2D SPACE',''
  ) );
#1473 = ORIENTED_EDGE('',*,*,#387,.F.);
#1474 = FACE_BOUND('',#1475,.F.);
#1475 = EDGE_LOOP('',(#1476));
#1476 = ORIENTED_EDGE('',*,*,#1477,.F.);
#1477 = EDGE_CURVE('',#1478,#1478,#1480,.T.);
#1478 = VERTEX_POINT('',#1479);
#1479 = CARTESIAN_POINT('',(0.,-0.75089839166,0.1875));
#1480 = SURFACE_CURVE('',#1481,(#1508,#1559),.PCURVE_S1.);
#1481 = B_SPLINE_CURVE_WITH_KNOTS('',7,(#1482,#1483,#1484,#1485,#1486,
    #1487,#1488,#1489,#1490,#1491,#1492,#1493,#1494,#1495,#1496,#1497,
    #1498,#1499,#1500,#1501,#1502,#1503,#1504,#1505,#1506,#1507),
  .UNSPECIFIED.,.T.,.F.,(8,6,6,6,8),(0.,0.499999999995,1.,1.500004371791
    ,2.000008743614),.UNSPECIFIED.);
#1482 = CARTESIAN_POINT('',(-1.320662417874E-16,-0.75089839166,0.1875));
#1483 = CARTESIAN_POINT('',(1.398286600744E-02,-0.750885568744,0.1875));
#1484 = CARTESIAN_POINT('',(2.80619495679E-02,-0.750568887207,
    0.183849801345));
#1485 = CARTESIAN_POINT('',(4.093865681924E-02,-0.749941337519,
    0.176462854549));
#1486 = CARTESIAN_POINT('',(5.14545673923E-02,-0.749167030632,
    0.165921813477));
#1487 = CARTESIAN_POINT('',(5.879844930239E-02,-0.748547399743,
    0.153100609111));
#1488 = CARTESIAN_POINT('',(6.25E-02,-0.748234587438,0.139082001946));
#1489 = CARTESIAN_POINT('',(6.25E-02,-0.748234587438,0.110917998053));
#1490 = CARTESIAN_POINT('',(5.879844930231E-02,-0.748547399743,
    9.689939088989E-02));
#1491 = CARTESIAN_POINT('',(5.145456739265E-02,-0.749167030632,
    8.407818652269E-02));
#1492 = CARTESIAN_POINT('',(4.093865681876E-02,-0.749941337519,
    7.353714545124E-02));
#1493 = CARTESIAN_POINT('',(2.806194956826E-02,-0.750568887207,
    6.615019865503E-02));
#1494 = CARTESIAN_POINT('',(1.398286600725E-02,-0.750885568744,6.25E-02)
  );
#1495 = CARTESIAN_POINT('',(-1.398298826744E-02,-0.750911214689,6.25E-02
    ));
#1496 = CARTESIAN_POINT('',(-2.806198280515E-02,-0.750620350127,
    6.615026295668E-02));
#1497 = CARTESIAN_POINT('',(-4.093858550087E-02,-0.750016466293,
    7.353713681581E-02));
#1498 = CARTESIAN_POINT('',(-5.145454340283E-02,-0.74926159222,
    8.407811752661E-02));
#1499 = CARTESIAN_POINT('',(-5.879846602473E-02,-0.748655568096,
    9.689937742274E-02));
#1500 = CARTESIAN_POINT('',(-6.25E-02,-0.748349617421,0.110918029589));
#1501 = CARTESIAN_POINT('',(-6.25E-02,-0.748349617421,0.139081970412));
#1502 = CARTESIAN_POINT('',(-5.87984660247E-02,-0.748655568096,
    0.153100622574));
#1503 = CARTESIAN_POINT('',(-5.145454340373E-02,-0.74926159222,
    0.165921882477));
#1504 = CARTESIAN_POINT('',(-4.093858549829E-02,-0.750016466293,
    0.176462863182));
#1505 = CARTESIAN_POINT('',(-2.806198280791E-02,-0.750620350127,
    0.183849737044));
#1506 = CARTESIAN_POINT('',(-1.398298826629E-02,-0.750911214689,0.1875)
  );
#1507 = CARTESIAN_POINT('',(-1.318389841742E-16,-0.75089839166,0.1875));
#1508 = PCURVE('',#404,#1509);
#1509 = DEFINITIONAL_REPRESENTATION('',(#1510),#1558);
#1510 = B_SPLINE_CURVE_WITH_KNOTS('',3,(#1511,#1512,#1513,#1514,#1515,
    #1516,#1517,#1518,#1519,#1520,#1521,#1522,#1523,#1524,#1525,#1526,
    #1527,#1528,#1529,#1530,#1531,#1532,#1533,#1534,#1535,#1536,#1537,
    #1538,#1539,#1540,#1541,#1542,#1543,#1544,#1545,#1546,#1547,#1548,
    #1549,#1550,#1551,#1552,#1553,#1554,#1555,#1556,#1557),
  .UNSPECIFIED.,.T.,.F.,(4,1,1,1,1,1,1,1,1,1,1,1,1,1,1,1,1,1,1,1,1,1,1,1
    ,1,1,1,1,1,1,1,1,1,1,1,1,1,1,1,1,1,1,1,1,4),(0.,4.545474417304E-02,
    9.090948834608E-02,0.136364232519,0.181818976692,0.227273720865,
    0.272728465038,0.318183209211,0.363637953384,0.409092697557,
    0.45454744173,0.500002185903,0.545456930076,0.59091167425,
    0.636366418423,0.681821162596,0.727275906769,0.772730650942,
    0.818185395115,0.863640139288,0.909094883461,0.954549627634,
    1.000004371807,1.04545911598,1.090913860153,1.136368604326,
    1.181823348499,1.227278092672,1.272732836845,1.318187581018,
    1.363642325191,1.409097069364,1.454551813537,1.50000655771,
    1.545461301883,1.590916046056,1.636370790229,1.681825534402,
    1.727280278576,1.772735022749,1.818189766922,1.863644511095,
    1.909099255268,1.954553999441,2.000008743614),
  .QUASI_UNIFORM_KNOTS.);
#1511 = CARTESIAN_POINT('',(-0.463807222209,-0.1875));
#1512 = CARTESIAN_POINT('',(-0.467759577961,-0.187502663173));
#1513 = CARTESIAN_POINT('',(-0.475674545358,-0.187075395397));
#1514 = CARTESIAN_POINT('',(-0.487328618521,-0.185176709138));
#1515 = CARTESIAN_POINT('',(-0.498508647804,-0.1820488087));
#1516 = CARTESIAN_POINT('',(-0.508981788398,-0.177760260222));
#1517 = CARTESIAN_POINT('',(-0.518533395443,-0.17240045042));
#1518 = CARTESIAN_POINT('',(-0.526971009316,-0.166080074898));
#1519 = CARTESIAN_POINT('',(-0.534125668734,-0.158926889328));
#1520 = CARTESIAN_POINT('',(-0.539853675598,-0.151083489037));
#1521 = CARTESIAN_POINT('',(-0.544038051304,-0.142703880299));
#1522 = CARTESIAN_POINT('',(-0.546589955912,-0.133954449464));
#1523 = CARTESIAN_POINT('',(-0.547450027047,-0.124999567003));
#1524 = CARTESIAN_POINT('',(-0.546589791069,-0.116044696837));
#1525 = CARTESIAN_POINT('',(-0.544037726136,-0.107295293104));
#1526 = CARTESIAN_POINT('',(-0.539853197384,-9.891572840026E-02));
#1527 = CARTESIAN_POINT('',(-0.534125046605,-9.107238663809E-02));
#1528 = CARTESIAN_POINT('',(-0.526970258859,-8.391927670039E-02));
#1529 = CARTESIAN_POINT('',(-0.518532520394,-7.75989795968E-02));
#1530 = CARTESIAN_POINT('',(-0.508980848437,-7.22392979511E-02));
#1531 = CARTESIAN_POINT('',(-0.498507504774,-6.795074466365E-02));
#1532 = CARTESIAN_POINT('',(-0.487327882768,-6.482337941292E-02));
#1533 = CARTESIAN_POINT('',(-0.475672043022,-6.292324636546E-02));
#1534 = CARTESIAN_POINT('',(-0.463806050468,-6.228831582104E-02));
#1535 = CARTESIAN_POINT('',(-0.451940248077,-6.292349038555E-02));
#1536 = CARTESIAN_POINT('',(-0.440284959021,-6.482383982237E-02));
#1537 = CARTESIAN_POINT('',(-0.429106165865,-6.795138108948E-02));
#1538 = CARTESIAN_POINT('',(-0.418633851031,-7.22400684422E-02));
#1539 = CARTESIAN_POINT('',(-0.409083322783,-7.759984652201E-02));
#1540 = CARTESIAN_POINT('',(-0.400646759518,-8.392020888069E-02));
#1541 = CARTESIAN_POINT('',(-0.393493099157,-9.10733583918E-02));
#1542 = CARTESIAN_POINT('',(-0.387765955854,-9.891671678965E-02));
#1543 = CARTESIAN_POINT('',(-0.383582251958,-0.107296273421));
#1544 = CARTESIAN_POINT('',(-0.381030777354,-0.116045641125));
#1545 = CARTESIAN_POINT('',(-0.380170857731,-0.125000432989));
#1546 = CARTESIAN_POINT('',(-0.381030942187,-0.13395521259));
#1547 = CARTESIAN_POINT('',(-0.383582577001,-0.142704553108));
#1548 = CARTESIAN_POINT('',(-0.387766434266,-0.151084066017));
#1549 = CARTESIAN_POINT('',(-0.393493720187,-0.158927364726));
#1550 = CARTESIAN_POINT('',(-0.40064751365,-0.166080442933));
#1551 = CARTESIAN_POINT('',(-0.409084183652,-0.172400710721));
#1552 = CARTESIAN_POINT('',(-0.418634843447,-0.177760420931));
#1553 = CARTESIAN_POINT('',(-0.429107112693,-0.182048888112));
#1554 = CARTESIAN_POINT('',(-0.440286426637,-0.185176733848));
#1555 = CARTESIAN_POINT('',(-0.451940018796,-0.18707539645));
#1556 = CARTESIAN_POINT('',(-0.45985486538,-0.187502661982));
#1557 = CARTESIAN_POINT('',(-0.463807222209,-0.1875));
#1558 = ( GEOMETRIC_REPRESENTATION_CONTEXT(2) 
PARAMETRIC_REPRESENTATION_CONTEXT() REPRESENTATION_CONTEXT('2D SPACE',''
  ) );
#1559 = PCURVE('',#1560,#1565);
#1560 = CYLINDRICAL_SURFACE('',#1561,6.25E-02);
#1561 = AXIS2_PLACEMENT_3D('',#1562,#1563,#1564);
#1562 = CARTESIAN_POINT('',(6.341585223481E-19,0.,0.125));
#1563 = DIRECTION('',(0.,1.,0.));
#1564 = DIRECTION('',(-1.014653635757E-17,0.,1.));
#1565 = DEFINITIONAL_REPRESENTATION('',(#1566),#1614);
#1566 = B_SPLINE_CURVE_WITH_KNOTS('',3,(#1567,#1568,#1569,#1570,#1571,
    #1572,#1573,#1574,#1575,#1576,#1577,#1578,#1579,#1580,#1581,#1582,
    #1583,#1584,#1585,#1586,#1587,#1588,#1589,#1590,#1591,#1592,#1593,
    #1594,#1595,#1596,#1597,#1598,#1599,#1600,#1601,#1602,#1603,#1604,
    #1605,#1606,#1607,#1608,#1609,#1610,#1611,#1612,#1613),
  .UNSPECIFIED.,.F.,.F.,(4,1,1,1,1,1,1,1,1,1,1,1,1,1,1,1,1,1,1,1,1,1,1,1
    ,1,1,1,1,1,1,1,1,1,1,1,1,1,1,1,1,1,1,1,1,4),(0.,4.545474417304E-02,
    9.090948834608E-02,0.136364232519,0.181818976692,0.227273720865,
    0.272728465038,0.318183209211,0.363637953384,0.409092697557,
    0.45454744173,0.500002185903,0.545456930076,0.59091167425,
    0.636366418423,0.681821162596,0.727275906769,0.772730650942,
    0.818185395115,0.863640139288,0.909094883461,0.954549627634,
    1.000004371807,1.04545911598,1.090913860153,1.136368604326,
    1.181823348499,1.227278092672,1.272732836845,1.318187581018,
    1.363642325191,1.409097069364,1.454551813537,1.50000655771,
    1.545461301883,1.590916046056,1.636370790229,1.681825534402,
    1.727280278576,1.772735022749,1.818189766922,1.863644511095,
    1.909099255268,1.954553999441,2.000008743614),
  .QUASI_UNIFORM_KNOTS.);
#1567 = CARTESIAN_POINT('',(-1.7763568394E-15,-0.75089839166));
#1568 = CARTESIAN_POINT('',(4.746715354417E-02,-0.75089639197));
#1569 = CARTESIAN_POINT('',(0.142540385228,-0.75085446989));
#1570 = CARTESIAN_POINT('',(0.285393109428,-0.750691055674));
#1571 = CARTESIAN_POINT('',(0.428277878564,-0.750437281932));
#1572 = CARTESIAN_POINT('',(0.571113132077,-0.750114049254));
#1573 = CARTESIAN_POINT('',(0.713863994436,-0.749747021472));
#1574 = CARTESIAN_POINT('',(0.856539756236,-0.749365538814));
#1575 = CARTESIAN_POINT('',(0.999179369931,-0.748999985895));
#1576 = CARTESIAN_POINT('',(1.141840274371,-0.748679513796));
#1577 = CARTESIAN_POINT('',(1.284604993967,-0.748429785238));
#1578 = CARTESIAN_POINT('',(1.427523909344,-0.748271009601));
#1579 = CARTESIAN_POINT('',(1.570803231084,-0.748216373753));
#1580 = CARTESIAN_POINT('',(1.71408249805,-0.748271020015));
#1581 = CARTESIAN_POINT('',(1.857001399315,-0.748429805163));
#1582 = CARTESIAN_POINT('',(1.999766101585,-0.748679541557));
#1583 = CARTESIAN_POINT('',(2.142427009627,-0.749000019456));
#1584 = CARTESIAN_POINT('',(2.285066591557,-0.74936557476));
#1585 = CARTESIAN_POINT('',(2.427742480694,-0.749747059683));
#1586 = CARTESIAN_POINT('',(2.57049289768,-0.750114076442));
#1587 = CARTESIAN_POINT('',(2.713329851195,-0.750437334149));
#1588 = CARTESIAN_POINT('',(2.856208304715,-0.750690986085));
#1589 = CARTESIAN_POINT('',(2.999084594811,-0.750854816496));
#1590 = CARTESIAN_POINT('',(3.141606420738,-0.750916101139));
#1591 = CARTESIAN_POINT('',(3.284127803035,-0.750871133616));
#1592 = CARTESIAN_POINT('',(3.4270028378,-0.75072333874));
#1593 = CARTESIAN_POINT('',(3.569879721266,-0.75048508));
#1594 = CARTESIAN_POINT('',(3.712715016092,-0.750176258828));
#1595 = CARTESIAN_POINT('',(3.85546385693,-0.749822424827));
#1596 = CARTESIAN_POINT('',(3.998138334245,-0.749452601051));
#1597 = CARTESIAN_POINT('',(4.14077668728,-0.749096947583));
#1598 = CARTESIAN_POINT('',(4.283436513899,-0.748784408293));
#1599 = CARTESIAN_POINT('',(4.426200188126,-0.748540479868));
#1600 = CARTESIAN_POINT('',(4.569118013452,-0.748385243887));
#1601 = CARTESIAN_POINT('',(4.712395884553,-0.74833180164));
#1602 = CARTESIAN_POINT('',(4.855673701358,-0.748385254077));
#1603 = CARTESIAN_POINT('',(4.998591511293,-0.748540499325));
#1604 = CARTESIAN_POINT('',(5.141355172873,-0.748784435458));
#1605 = CARTESIAN_POINT('',(5.284014985633,-0.749096980036));
#1606 = CARTESIAN_POINT('',(5.426653371991,-0.749452636881));
#1607 = CARTESIAN_POINT('',(5.569327733625,-0.749822458389));
#1608 = CARTESIAN_POINT('',(5.712077035934,-0.750176297559));
#1609 = CARTESIAN_POINT('',(5.854910646291,-0.750485082723));
#1610 = CARTESIAN_POINT('',(5.997793845133,-0.750723446975));
#1611 = CARTESIAN_POINT('',(6.140645306379,-0.750870809345));
#1612 = CARTESIAN_POINT('',(6.235718164808,-0.75090183352));
#1613 = CARTESIAN_POINT('',(6.28318530718,-0.75089839166));
#1614 = ( GEOMETRIC_REPRESENTATION_CONTEXT(2) 
PARAMETRIC_REPRESENTATION_CONTEXT() REPRESENTATION_CONTEXT('2D SPACE',''
  ) );
#1615 = ADVANCED_FACE('',(#1616),#432,.F.);
#1616 = FACE_BOUND('',#1617,.F.);
#1617 = EDGE_LOOP('',(#1618,#1619,#1642,#1663));
#1618 = ORIENTED_EDGE('',*,*,#1453,.F.);
#1619 = ORIENTED_EDGE('',*,*,#1620,.T.);
#1620 = EDGE_CURVE('',#1430,#1621,#1623,.T.);
#1621 = VERTEX_POINT('',#1622);
#1622 = CARTESIAN_POINT('',(0.6929,2.5E-03,0.9922));
#1623 = SURFACE_CURVE('',#1624,(#1628,#1635),.PCURVE_S1.);
#1624 = LINE('',#1625,#1626);
#1625 = CARTESIAN_POINT('',(0.75,2.5E-03,0.9922));
#1626 = VECTOR('',#1627,1.);
#1627 = DIRECTION('',(-1.,-1.610163646704E-15,0.));
#1628 = PCURVE('',#432,#1629);
#1629 = DEFINITIONAL_REPRESENTATION('',(#1630),#1634);
#1630 = LINE('',#1631,#1632);
#1631 = CARTESIAN_POINT('',(0.,-0.9922));
#1632 = VECTOR('',#1633,1.);
#1633 = DIRECTION('',(1.,0.));
#1634 = ( GEOMETRIC_REPRESENTATION_CONTEXT(2) 
PARAMETRIC_REPRESENTATION_CONTEXT() REPRESENTATION_CONTEXT('2D SPACE',''
  ) );
#1635 = PCURVE('',#551,#1636);
#1636 = DEFINITIONAL_REPRESENTATION('',(#1637),#1641);
#1637 = LINE('',#1638,#1639);
#1638 = CARTESIAN_POINT('',(1.290344350742,-0.318553002102));
#1639 = VECTOR('',#1640,1.);
#1640 = DIRECTION('',(-1.,-1.610163646704E-15));
#1641 = ( GEOMETRIC_REPRESENTATION_CONTEXT(2) 
PARAMETRIC_REPRESENTATION_CONTEXT() REPRESENTATION_CONTEXT('2D SPACE',''
  ) );
#1642 = ORIENTED_EDGE('',*,*,#1643,.T.);
#1643 = EDGE_CURVE('',#1621,#417,#1644,.T.);
#1644 = SURFACE_CURVE('',#1645,(#1649,#1656),.PCURVE_S1.);
#1645 = LINE('',#1646,#1647);
#1646 = CARTESIAN_POINT('',(0.6929,2.5E-03,0.9922));
#1647 = VECTOR('',#1648,1.);
#1648 = DIRECTION('',(1.118950841186E-16,0.,-1.));
#1649 = PCURVE('',#432,#1650);
#1650 = DEFINITIONAL_REPRESENTATION('',(#1651),#1655);
#1651 = LINE('',#1652,#1653);
#1652 = CARTESIAN_POINT('',(5.71E-02,-0.9922));
#1653 = VECTOR('',#1654,1.);
#1654 = DIRECTION('',(-1.118950841186E-16,1.));
#1655 = ( GEOMETRIC_REPRESENTATION_CONTEXT(2) 
PARAMETRIC_REPRESENTATION_CONTEXT() REPRESENTATION_CONTEXT('2D SPACE',''
  ) );
#1656 = PCURVE('',#465,#1657);
#1657 = DEFINITIONAL_REPRESENTATION('',(#1658),#1662);
#1658 = LINE('',#1659,#1660);
#1659 = CARTESIAN_POINT('',(0.,-0.9922));
#1660 = VECTOR('',#1661,1.);
#1661 = DIRECTION('',(-0.,1.));
#1662 = ( GEOMETRIC_REPRESENTATION_CONTEXT(2) 
PARAMETRIC_REPRESENTATION_CONTEXT() REPRESENTATION_CONTEXT('2D SPACE',''
  ) );
#1663 = ORIENTED_EDGE('',*,*,#416,.F.);
#1664 = ADVANCED_FACE('',(#1665),#465,.F.);
#1665 = FACE_BOUND('',#1666,.F.);
#1666 = EDGE_LOOP('',(#1667,#1668,#1696,#1717));
#1667 = ORIENTED_EDGE('',*,*,#1643,.F.);
#1668 = ORIENTED_EDGE('',*,*,#1669,.T.);
#1669 = EDGE_CURVE('',#1621,#1670,#1672,.T.);
#1670 = VERTEX_POINT('',#1671);
#1671 = CARTESIAN_POINT('',(0.4986,-0.2832,0.9922));
#1672 = SURFACE_CURVE('',#1673,(#1678,#1685),.PCURVE_S1.);
#1673 = CIRCLE('',#1674,0.316824710438);
#1674 = AXIS2_PLACEMENT_3D('',#1675,#1676,#1677);
#1675 = CARTESIAN_POINT('',(0.376142012403,9.001879559106E-03,0.9922));
#1676 = DIRECTION('',(0.,0.,-1.));
#1677 = DIRECTION('',(0.999789401397,-2.052200900024E-02,0.));
#1678 = PCURVE('',#465,#1679);
#1679 = DEFINITIONAL_REPRESENTATION('',(#1680),#1684);
#1680 = LINE('',#1681,#1682);
#1681 = CARTESIAN_POINT('',(0.,-0.9922));
#1682 = VECTOR('',#1683,1.);
#1683 = DIRECTION('',(1.,0.));
#1684 = ( GEOMETRIC_REPRESENTATION_CONTEXT(2) 
PARAMETRIC_REPRESENTATION_CONTEXT() REPRESENTATION_CONTEXT('2D SPACE',''
  ) );
#1685 = PCURVE('',#551,#1686);
#1686 = DEFINITIONAL_REPRESENTATION('',(#1687),#1695);
#1687 = ( BOUNDED_CURVE() B_SPLINE_CURVE(2,(#1688,#1689,#1690,#1691,
#1692,#1693,#1694),.UNSPECIFIED.,.T.,.F.) B_SPLINE_CURVE_WITH_KNOTS((1,2
    ,2,2,2,1),(-2.094395102393,0.,2.094395102393,4.188790204786,
6.28318530718,8.377580409573),.UNSPECIFIED.) CURVE() 
GEOMETRIC_REPRESENTATION_ITEM() RATIONAL_B_SPLINE_CURVE((1.,0.5,1.,0.5,
1.,0.5,1.)) REPRESENTATION_ITEM('') );
#1688 = CARTESIAN_POINT('',(1.233244350742,-0.318553002102));
#1689 = CARTESIAN_POINT('',(1.221982765001,-0.867193930323));
#1690 = CARTESIAN_POINT('',(0.752476576476,-0.583120646874));
#1691 = CARTESIAN_POINT('',(0.282970387952,-0.299047363425));
#1692 = CARTESIAN_POINT('',(0.763738162217,-3.44797186528E-02));
#1693 = CARTESIAN_POINT('',(1.244505936483,0.230087926119));
#1694 = CARTESIAN_POINT('',(1.233244350742,-0.318553002102));
#1695 = ( GEOMETRIC_REPRESENTATION_CONTEXT(2) 
PARAMETRIC_REPRESENTATION_CONTEXT() REPRESENTATION_CONTEXT('2D SPACE',''
  ) );
#1696 = ORIENTED_EDGE('',*,*,#1697,.T.);
#1697 = EDGE_CURVE('',#1670,#445,#1698,.T.);
#1698 = SURFACE_CURVE('',#1699,(#1703,#1710),.PCURVE_S1.);
#1699 = LINE('',#1700,#1701);
#1700 = CARTESIAN_POINT('',(0.4986,-0.2832,0.9922));
#1701 = VECTOR('',#1702,1.);
#1702 = DIRECTION('',(-5.594754205932E-17,0.,-1.));
#1703 = PCURVE('',#465,#1704);
#1704 = DEFINITIONAL_REPRESENTATION('',(#1705),#1709);
#1705 = LINE('',#1706,#1707);
#1706 = CARTESIAN_POINT('',(1.153421297578,-0.9922));
#1707 = VECTOR('',#1708,1.);
#1708 = DIRECTION('',(-0.,1.));
#1709 = ( GEOMETRIC_REPRESENTATION_CONTEXT(2) 
PARAMETRIC_REPRESENTATION_CONTEXT() REPRESENTATION_CONTEXT('2D SPACE',''
  ) );
#1710 = PCURVE('',#496,#1711);
#1711 = DEFINITIONAL_REPRESENTATION('',(#1712),#1716);
#1712 = LINE('',#1713,#1714);
#1713 = CARTESIAN_POINT('',(0.,-0.9922));
#1714 = VECTOR('',#1715,1.);
#1715 = DIRECTION('',(-0.,1.));
#1716 = ( GEOMETRIC_REPRESENTATION_CONTEXT(2) 
PARAMETRIC_REPRESENTATION_CONTEXT() REPRESENTATION_CONTEXT('2D SPACE',''
  ) );
#1717 = ORIENTED_EDGE('',*,*,#444,.F.);
#1718 = ADVANCED_FACE('',(#1719,#1750),#496,.F.);
#1719 = FACE_BOUND('',#1720,.F.);
#1720 = EDGE_LOOP('',(#1721,#1722,#1723,#1749));
#1721 = ORIENTED_EDGE('',*,*,#477,.F.);
#1722 = ORIENTED_EDGE('',*,*,#1697,.F.);
#1723 = ORIENTED_EDGE('',*,*,#1724,.T.);
#1724 = EDGE_CURVE('',#1670,#513,#1725,.T.);
#1725 = SURFACE_CURVE('',#1726,(#1731,#1738),.PCURVE_S1.);
#1726 = CIRCLE('',#1727,0.578130891473);
#1727 = AXIS2_PLACEMENT_3D('',#1728,#1729,#1730);
#1728 = CARTESIAN_POINT('',(-6.721748436972E-03,-2.334804163306E-03,
    0.9922));
#1729 = DIRECTION('',(-0.,0.,-1.));
#1730 = DIRECTION('',(0.874061144093,-0.485815928502,-0.));
#1731 = PCURVE('',#496,#1732);
#1732 = DEFINITIONAL_REPRESENTATION('',(#1733),#1737);
#1733 = LINE('',#1734,#1735);
#1734 = CARTESIAN_POINT('',(0.,-0.9922));
#1735 = VECTOR('',#1736,1.);
#1736 = DIRECTION('',(1.,0.));
#1737 = ( GEOMETRIC_REPRESENTATION_CONTEXT(2) 
PARAMETRIC_REPRESENTATION_CONTEXT() REPRESENTATION_CONTEXT('2D SPACE',''
  ) );
#1738 = PCURVE('',#551,#1739);
#1739 = DEFINITIONAL_REPRESENTATION('',(#1740),#1748);
#1740 = ( BOUNDED_CURVE() B_SPLINE_CURVE(2,(#1741,#1742,#1743,#1744,
#1745,#1746,#1747),.UNSPECIFIED.,.T.,.F.) B_SPLINE_CURVE_WITH_KNOTS((1,2
    ,2,2,2,1),(-2.094395102393,0.,2.094395102393,4.188790204786,
6.28318530718,8.377580409573),.UNSPECIFIED.) CURVE() 
GEOMETRIC_REPRESENTATION_ITEM() RATIONAL_B_SPLINE_CURVE((1.,0.5,1.,0.5,
1.,0.5,1.)) REPRESENTATION_ITEM('') );
#1741 = CARTESIAN_POINT('',(1.038944350742,-0.604253002102));
#1742 = CARTESIAN_POINT('',(0.552471561475,-1.479495944564));
#1743 = CARTESIAN_POINT('',(3.772533345294E-02,-0.620576679578));
#1744 = CARTESIAN_POINT('',(-0.477020894569,0.238342585408));
#1745 = CARTESIAN_POINT('',(0.52419812272,0.254666262884));
#1746 = CARTESIAN_POINT('',(1.525417140009,0.270989940361));
#1747 = CARTESIAN_POINT('',(1.038944350742,-0.604253002102));
#1748 = ( GEOMETRIC_REPRESENTATION_CONTEXT(2) 
PARAMETRIC_REPRESENTATION_CONTEXT() REPRESENTATION_CONTEXT('2D SPACE',''
  ) );
#1749 = ORIENTED_EDGE('',*,*,#512,.T.);
#1750 = FACE_BOUND('',#1751,.F.);
#1751 = EDGE_LOOP('',(#1752));
#1752 = ORIENTED_EDGE('',*,*,#1753,.F.);
#1753 = EDGE_CURVE('',#1754,#1754,#1756,.T.);
#1754 = VERTEX_POINT('',#1755);
#1755 = CARTESIAN_POINT('',(0.,-0.580426618475,0.1875));
#1756 = SURFACE_CURVE('',#1757,(#1788,#1839),.PCURVE_S1.);
#1757 = B_SPLINE_CURVE_WITH_KNOTS('',8,(#1758,#1759,#1760,#1761,#1762,
    #1763,#1764,#1765,#1766,#1767,#1768,#1769,#1770,#1771,#1772,#1773,
    #1774,#1775,#1776,#1777,#1778,#1779,#1780,#1781,#1782,#1783,#1784,
    #1785,#1786,#1787),.UNSPECIFIED.,.T.,.F.,(9,7,7,7,9),(0.,
    0.500000000005,1.,1.4999278033,1.999855606624),.UNSPECIFIED.);
#1758 = CARTESIAN_POINT('',(-2.081668171172E-17,-0.580426618475,0.1875)
  );
#1759 = CARTESIAN_POINT('',(-1.220013328248E-02,-0.580568475226,0.1875)
  );
#1760 = CARTESIAN_POINT('',(-2.450634050501E-02,-0.580417268823,
    0.184778346531));
#1761 = CARTESIAN_POINT('',(-3.608137874081E-02,-0.57995459729,
    0.179251887346));
#1762 = CARTESIAN_POINT('',(-4.617172165602E-02,-0.579275250436,
    0.171219528754));
#1763 = CARTESIAN_POINT('',(-5.419159406182E-02,-0.578573991755,
    0.161139441758));
#1764 = CARTESIAN_POINT('',(-5.971387914107E-02,-0.578038718619,
    0.149625604467));
#1765 = CARTESIAN_POINT('',(-6.25E-02,-0.577768652949,0.137343070023));
#1766 = CARTESIAN_POINT('',(-6.25E-02,-0.577768652949,0.112656929977));
#1767 = CARTESIAN_POINT('',(-5.971387914123E-02,-0.578038718619,
    0.100374395533));
#1768 = CARTESIAN_POINT('',(-5.419159406121E-02,-0.578573991755,
    8.886055824213E-02));
#1769 = CARTESIAN_POINT('',(-4.617172165684E-02,-0.579275250436,
    7.878047124662E-02));
#1770 = CARTESIAN_POINT('',(-3.60813787406E-02,-0.57995459729,
    7.07481126529E-02));
#1771 = CARTESIAN_POINT('',(-2.450634050465E-02,-0.580417268823,
    6.5221653469E-02));
#1772 = CARTESIAN_POINT('',(-1.220013328267E-02,-0.580568475226,6.25E-02
    ));
#1773 = CARTESIAN_POINT('',(1.219837166406E-02,-0.580284782206,6.25E-02)
  );
#1774 = CARTESIAN_POINT('',(2.450626017551E-02,-0.57984746058,
    6.52208645983E-02));
#1775 = CARTESIAN_POINT('',(3.608285804575E-02,-0.579114899436,
    7.074844493227E-02));
#1776 = CARTESIAN_POINT('',(4.617267614867E-02,-0.578198969602,
    7.878180660694E-02));
#1777 = CARTESIAN_POINT('',(5.419114807298E-02,-0.577308689338,
    8.886130264481E-02));
#1778 = CARTESIAN_POINT('',(5.971298409426E-02,-0.576642765569,
    0.100373225957));
#1779 = CARTESIAN_POINT('',(6.25E-02,-0.57630664774,0.112654958703));
#1780 = CARTESIAN_POINT('',(6.25E-02,-0.57630664774,0.137345041298));
#1781 = CARTESIAN_POINT('',(5.971298409397E-02,-0.576642765569,
    0.149626774042));
#1782 = CARTESIAN_POINT('',(5.419114807402E-02,-0.577308689338,
    0.161138697355));
#1783 = CARTESIAN_POINT('',(4.617267614753E-02,-0.578198969603,
    0.171218193394));
#1784 = CARTESIAN_POINT('',(3.608285804581E-02,-0.579114899436,
    0.179251555067));
#1785 = CARTESIAN_POINT('',(2.450626017622E-02,-0.57984746058,
    0.184779135402));
#1786 = CARTESIAN_POINT('',(1.219837166367E-02,-0.580284782206,0.1875));
#1787 = CARTESIAN_POINT('',(-2.456759638544E-17,-0.580426618475,0.1875)
  );
#1788 = PCURVE('',#496,#1789);
#1789 = DEFINITIONAL_REPRESENTATION('',(#1790),#1838);
#1790 = B_SPLINE_CURVE_WITH_KNOTS('',3,(#1791,#1792,#1793,#1794,#1795,
    #1796,#1797,#1798,#1799,#1800,#1801,#1802,#1803,#1804,#1805,#1806,
    #1807,#1808,#1809,#1810,#1811,#1812,#1813,#1814,#1815,#1816,#1817,
    #1818,#1819,#1820,#1821,#1822,#1823,#1824,#1825,#1826,#1827,#1828,
    #1829,#1830,#1831,#1832,#1833,#1834,#1835,#1836,#1837),
  .UNSPECIFIED.,.T.,.F.,(4,1,1,1,1,1,1,1,1,1,1,1,1,1,1,1,1,1,1,1,1,1,1,1
    ,1,1,1,1,1,1,1,1,1,1,1,1,1,1,1,1,1,1,1,1,4),(0.,4.54512637869E-02,
    9.090252757381E-02,0.136353791361,0.181805055148,0.227256318935,
    0.272707582721,0.318158846508,0.363610110295,0.409061374082,
    0.454512637869,0.499963901656,0.545415165443,0.59086642923,
    0.636317693017,0.681768956804,0.72722022059,0.772671484377,
    0.818122748164,0.863574011951,0.909025275738,0.954476539525,
    0.999927803312,1.045379067099,1.090830330886,1.136281594673,
    1.18173285846,1.227184122246,1.272635386033,1.31808664982,
    1.363537913607,1.408989177394,1.454440441181,1.499891704968,
    1.545342968755,1.590794232542,1.636245496329,1.681696760115,
    1.727148023902,1.772599287689,1.818050551476,1.863501815263,
    1.90895307905,1.954404342837,1.999855606624),.QUASI_UNIFORM_KNOTS.);
#1791 = CARTESIAN_POINT('',(1.051872958104,-0.1875));
#1792 = CARTESIAN_POINT('',(1.056990575619,-0.187502874003));
#1793 = CARTESIAN_POINT('',(1.067246352797,-0.187077701386));
#1794 = CARTESIAN_POINT('',(1.082362858812,-0.185184980709));
#1795 = CARTESIAN_POINT('',(1.09687405517,-0.182063040365));
#1796 = CARTESIAN_POINT('',(1.110474564938,-0.177779825573));
#1797 = CARTESIAN_POINT('',(1.122883734874,-0.172424370793));
#1798 = CARTESIAN_POINT('',(1.133850427944,-0.166107228023));
#1799 = CARTESIAN_POINT('',(1.14315410408,-0.158955915187));
#1800 = CARTESIAN_POINT('',(1.150606814252,-0.151112625127));
#1801 = CARTESIAN_POINT('',(1.156054927191,-0.142730409535));
#1802 = CARTESIAN_POINT('',(1.159380844433,-0.133974979386));
#1803 = CARTESIAN_POINT('',(1.160504495557,-0.125007165523));
#1804 = CARTESIAN_POINT('',(1.159384393295,-0.116039132654));
#1805 = CARTESIAN_POINT('',(1.156061918772,-0.107283249013));
#1806 = CARTESIAN_POINT('',(1.150617094213,-9.89003036421E-02));
#1807 = CARTESIAN_POINT('',(1.143167454216,-9.105603369947E-02));
#1808 = CARTESIAN_POINT('',(1.13386658319,-8.390350758884E-02));
#1809 = CARTESIAN_POINT('',(1.122902346175,-7.758492582297E-02));
#1810 = CARTESIAN_POINT('',(1.110495347359,-7.22278834285E-02));
#1811 = CARTESIAN_POINT('',(1.09689624961,-6.79427671167E-02));
#1812 = CARTESIAN_POINT('',(1.08238725431,-6.481937577643E-02));
#1813 = CARTESIAN_POINT('',(1.06726775382,-6.292297710435E-02));
#1814 = CARTESIAN_POINT('',(1.051898042929,-6.22895158228E-02));
#1815 = CARTESIAN_POINT('',(1.036524094046,-6.291896913769E-02));
#1816 = CARTESIAN_POINT('',(1.021392436279,-6.481188653921E-02));
#1817 = CARTESIAN_POINT('',(1.006865524283,-6.79324944733E-02));
#1818 = CARTESIAN_POINT('',(0.993244489649,-7.22154684209E-02));
#1819 = CARTESIAN_POINT('',(0.980813314288,-7.757086514591E-02));
#1820 = CARTESIAN_POINT('',(0.969824308672,-8.388815907035E-02));
#1821 = CARTESIAN_POINT('',(0.960499610605,-9.103969314015E-02));
#1822 = CARTESIAN_POINT('',(0.953028490654,-9.888330983713E-02));
#1823 = CARTESIAN_POINT('',(0.947565819386,-0.1072661481));
#1824 = CARTESIAN_POINT('',(0.94423032207,-0.116022663875));
#1825 = CARTESIAN_POINT('',(0.9431031278,-0.124992831761));
#1826 = CARTESIAN_POINT('',(0.944226762485,-0.133963221957));
#1827 = CARTESIAN_POINT('',(0.947558808219,-0.142720191889));
#1828 = CARTESIAN_POINT('',(0.953018184785,-0.151103761004));
#1829 = CARTESIAN_POINT('',(0.960486226642,-0.158948356565));
#1830 = CARTESIAN_POINT('',(0.969808126766,-0.166101108725));
#1831 = CARTESIAN_POINT('',(0.980794637055,-0.172419824292));
#1832 = CARTESIAN_POINT('',(0.993223786199,-0.177776874404));
#1833 = CARTESIAN_POINT('',(1.006842878167,-0.182061506535));
#1834 = CARTESIAN_POINT('',(1.021369592299,-0.185184477099));
#1835 = CARTESIAN_POINT('',(1.036496804587,-0.187077674685));
#1836 = CARTESIAN_POINT('',(1.046755344513,-0.187502901749));
#1837 = CARTESIAN_POINT('',(1.051872958104,-0.1875));
#1838 = ( GEOMETRIC_REPRESENTATION_CONTEXT(2) 
PARAMETRIC_REPRESENTATION_CONTEXT() REPRESENTATION_CONTEXT('2D SPACE',''
  ) );
#1839 = PCURVE('',#1560,#1840);
#1840 = DEFINITIONAL_REPRESENTATION('',(#1841),#1889);
#1841 = B_SPLINE_CURVE_WITH_KNOTS('',3,(#1842,#1843,#1844,#1845,#1846,
    #1847,#1848,#1849,#1850,#1851,#1852,#1853,#1854,#1855,#1856,#1857,
    #1858,#1859,#1860,#1861,#1862,#1863,#1864,#1865,#1866,#1867,#1868,
    #1869,#1870,#1871,#1872,#1873,#1874,#1875,#1876,#1877,#1878,#1879,
    #1880,#1881,#1882,#1883,#1884,#1885,#1886,#1887,#1888),
  .UNSPECIFIED.,.F.,.F.,(4,1,1,1,1,1,1,1,1,1,1,1,1,1,1,1,1,1,1,1,1,1,1,1
    ,1,1,1,1,1,1,1,1,1,1,1,1,1,1,1,1,1,1,1,1,4),(0.,4.54512637869E-02,
    9.090252757381E-02,0.136353791361,0.181805055148,0.227256318935,
    0.272707582721,0.318158846508,0.363610110295,0.409061374082,
    0.454512637869,0.499963901656,0.545415165443,0.59086642923,
    0.636317693017,0.681768956804,0.72722022059,0.772671484377,
    0.818122748164,0.863574011951,0.909025275738,0.954476539525,
    0.999927803312,1.045379067099,1.090830330886,1.136281594673,
    1.18173285846,1.227184122246,1.272635386033,1.31808664982,
    1.363537913607,1.408989177394,1.454440441181,1.499891704968,
    1.545342968755,1.590794232542,1.636245496329,1.681696760115,
    1.727148023902,1.772599287689,1.818050551476,1.863501815263,
    1.90895307905,1.954404342837,1.999855606624),.QUASI_UNIFORM_KNOTS.);
#1842 = CARTESIAN_POINT('',(6.28318530718,-0.580426618475));
#1843 = CARTESIAN_POINT('',(6.235854084082,-0.580461967042));
#1844 = CARTESIAN_POINT('',(6.140980789522,-0.58048377106));
#1845 = CARTESIAN_POINT('',(5.998275380585,-0.580384254885));
#1846 = CARTESIAN_POINT('',(5.855459597414,-0.580162867785));
#1847 = CARTESIAN_POINT('',(5.71265048087,-0.579844331581));
#1848 = CARTESIAN_POINT('',(5.569903699039,-0.57945981567));
#1849 = CARTESIAN_POINT('',(5.427218045062,-0.579045539773));
#1850 = CARTESIAN_POINT('',(5.284555469361,-0.578639338338));
#1851 = CARTESIAN_POINT('',(5.141854719931,-0.578277723312));
#1852 = CARTESIAN_POINT('',(4.99902008066,-0.577992991757));
#1853 = CARTESIAN_POINT('',(4.855991027955,-0.577810708848));
#1854 = CARTESIAN_POINT('',(4.712503236193,-0.577747674542));
#1855 = CARTESIAN_POINT('',(4.569014295722,-0.577810510916));
#1856 = CARTESIAN_POINT('',(4.425984934158,-0.577992615309));
#1857 = CARTESIAN_POINT('',(4.283149985314,-0.578277202238));
#1858 = CARTESIAN_POINT('',(4.140449105645,-0.578638719485));
#1859 = CARTESIAN_POINT('',(3.997786570013,-0.579044877559));
#1860 = CARTESIAN_POINT('',(3.855100805147,-0.579459173432));
#1861 = CARTESIAN_POINT('',(3.712354830298,-0.579843755894));
#1862 = CARTESIAN_POINT('',(3.569543181749,-0.580162461702));
#1863 = CARTESIAN_POINT('',(3.426737057406,-0.580383881643));
#1864 = CARTESIAN_POINT('',(3.283995018085,-0.580484137901));
#1865 = CARTESIAN_POINT('',(3.141819652602,-0.580449658805));
#1866 = CARTESIAN_POINT('',(2.999635221947,-0.580277919894));
#1867 = CARTESIAN_POINT('',(2.856868520524,-0.579974577769));
#1868 = CARTESIAN_POINT('',(2.714034049318,-0.579557949528));
#1869 = CARTESIAN_POINT('',(2.571195102139,-0.579055906825));
#1870 = CARTESIAN_POINT('',(2.428426012015,-0.578503682163));
#1871 = CARTESIAN_POINT('',(2.285722151553,-0.577940885308));
#1872 = CARTESIAN_POINT('',(2.143045740855,-0.577408443362));
#1873 = CARTESIAN_POINT('',(2.000333086493,-0.576945515203));
#1874 = CARTESIAN_POINT('',(1.857484431078,-0.576586593391));
#1875 = CARTESIAN_POINT('',(1.714436136455,-0.576358946592));
#1876 = CARTESIAN_POINT('',(1.570910625732,-0.576280559983));
#1877 = CARTESIAN_POINT('',(1.427383915333,-0.576358700211));
#1878 = CARTESIAN_POINT('',(1.284335304982,-0.576586121627));
#1879 = CARTESIAN_POINT('',(1.1414863247,-0.576944854343));
#1880 = CARTESIAN_POINT('',(0.998773568008,-0.577407642842));
#1881 = CARTESIAN_POINT('',(0.856097101794,-0.577940005363));
#1882 = CARTESIAN_POINT('',(0.71339351372,-0.578502783364));
#1883 = CARTESIAN_POINT('',(0.570623836702,-0.579055068279));
#1884 = CARTESIAN_POINT('',(0.427787593497,-0.579557178052));
#1885 = CARTESIAN_POINT('',(0.284943257499,-0.579974123634));
#1886 = CARTESIAN_POINT('',(0.142212771511,-0.580277076161));
#1887 = CARTESIAN_POINT('',(4.733157557434E-02,-0.580393173691));
#1888 = CARTESIAN_POINT('',(0.,-0.580426618475));
#1889 = ( GEOMETRIC_REPRESENTATION_CONTEXT(2) 
PARAMETRIC_REPRESENTATION_CONTEXT() REPRESENTATION_CONTEXT('2D SPACE',''
  ) );
#1890 = ADVANCED_FACE('',(#1891),#551,.T.);
#1891 = FACE_BOUND('',#1892,.T.);
#1892 = EDGE_LOOP('',(#1893,#1894,#1895,#1896,#1897,#1898,#1899,#1900,
    #1901,#1902,#1903,#1904,#1905,#1906,#1907,#1908));
#1893 = ORIENTED_EDGE('',*,*,#535,.T.);
#1894 = ORIENTED_EDGE('',*,*,#588,.T.);
#1895 = ORIENTED_EDGE('',*,*,#641,.T.);
#1896 = ORIENTED_EDGE('',*,*,#696,.T.);
#1897 = ORIENTED_EDGE('',*,*,#745,.T.);
#1898 = ORIENTED_EDGE('',*,*,#943,.T.);
#1899 = ORIENTED_EDGE('',*,*,#997,.T.);
#1900 = ORIENTED_EDGE('',*,*,#1046,.T.);
#1901 = ORIENTED_EDGE('',*,*,#1233,.T.);
#1902 = ORIENTED_EDGE('',*,*,#1282,.T.);
#1903 = ORIENTED_EDGE('',*,*,#1331,.T.);
#1904 = ORIENTED_EDGE('',*,*,#1381,.T.);
#1905 = ORIENTED_EDGE('',*,*,#1429,.T.);
#1906 = ORIENTED_EDGE('',*,*,#1620,.T.);
#1907 = ORIENTED_EDGE('',*,*,#1669,.T.);
#1908 = ORIENTED_EDGE('',*,*,#1724,.T.);
#1909 = ADVANCED_FACE('',(#1910),#883,.F.);
#1910 = FACE_BOUND('',#1911,.F.);
#1911 = EDGE_LOOP('',(#1912,#1932,#1933,#1934));
#1912 = ORIENTED_EDGE('',*,*,#1913,.T.);
#1913 = EDGE_CURVE('',#1095,#797,#1914,.T.);
#1914 = SEAM_CURVE('',#1915,(#1919,#1926),.PCURVE_S1.);
#1915 = LINE('',#1916,#1917);
#1916 = CARTESIAN_POINT('',(0.,0.8594,0.1875));
#1917 = VECTOR('',#1918,1.);
#1918 = DIRECTION('',(0.,-1.,0.));
#1919 = PCURVE('',#883,#1920);
#1920 = DEFINITIONAL_REPRESENTATION('',(#1921),#1925);
#1921 = LINE('',#1922,#1923);
#1922 = CARTESIAN_POINT('',(0.,0.8594));
#1923 = VECTOR('',#1924,1.);
#1924 = DIRECTION('',(0.,-1.));
#1925 = ( GEOMETRIC_REPRESENTATION_CONTEXT(2) 
PARAMETRIC_REPRESENTATION_CONTEXT() REPRESENTATION_CONTEXT('2D SPACE',''
  ) );
#1926 = PCURVE('',#883,#1927);
#1927 = DEFINITIONAL_REPRESENTATION('',(#1928),#1931);
#1928 = B_SPLINE_CURVE_WITH_KNOTS('',1,(#1929,#1930),.UNSPECIFIED.,.F.,
  .F.,(2,2),(0.107323295936,0.275932270635),.PIECEWISE_BEZIER_KNOTS.);
#1929 = CARTESIAN_POINT('',(6.28318530718,0.752076704064));
#1930 = CARTESIAN_POINT('',(6.28318530718,0.583467729365));
#1931 = ( GEOMETRIC_REPRESENTATION_CONTEXT(2) 
PARAMETRIC_REPRESENTATION_CONTEXT() REPRESENTATION_CONTEXT('2D SPACE',''
  ) );
#1932 = ORIENTED_EDGE('',*,*,#796,.T.);
#1933 = ORIENTED_EDGE('',*,*,#1913,.F.);
#1934 = ORIENTED_EDGE('',*,*,#1094,.T.);
#1935 = ADVANCED_FACE('',(#1936),#1560,.F.);
#1936 = FACE_BOUND('',#1937,.F.);
#1937 = EDGE_LOOP('',(#1938,#1958,#1959,#1960));
#1938 = ORIENTED_EDGE('',*,*,#1939,.T.);
#1939 = EDGE_CURVE('',#1754,#1478,#1940,.T.);
#1940 = SEAM_CURVE('',#1941,(#1945,#1952),.PCURVE_S1.);
#1941 = LINE('',#1942,#1943);
#1942 = CARTESIAN_POINT('',(0.,0.8594,0.1875));
#1943 = VECTOR('',#1944,1.);
#1944 = DIRECTION('',(0.,-1.,0.));
#1945 = PCURVE('',#1560,#1946);
#1946 = DEFINITIONAL_REPRESENTATION('',(#1947),#1951);
#1947 = LINE('',#1948,#1949);
#1948 = CARTESIAN_POINT('',(0.,0.8594));
#1949 = VECTOR('',#1950,1.);
#1950 = DIRECTION('',(0.,-1.));
#1951 = ( GEOMETRIC_REPRESENTATION_CONTEXT(2) 
PARAMETRIC_REPRESENTATION_CONTEXT() REPRESENTATION_CONTEXT('2D SPACE',''
  ) );
#1952 = PCURVE('',#1560,#1953);
#1953 = DEFINITIONAL_REPRESENTATION('',(#1954),#1957);
#1954 = B_SPLINE_CURVE_WITH_KNOTS('',1,(#1955,#1956),.UNSPECIFIED.,.F.,
  .F.,(2,2),(1.439826618475,1.61029839166),.PIECEWISE_BEZIER_KNOTS.);
#1955 = CARTESIAN_POINT('',(6.28318530718,-0.580426618475));
#1956 = CARTESIAN_POINT('',(6.28318530718,-0.75089839166));
#1957 = ( GEOMETRIC_REPRESENTATION_CONTEXT(2) 
PARAMETRIC_REPRESENTATION_CONTEXT() REPRESENTATION_CONTEXT('2D SPACE',''
  ) );
#1958 = ORIENTED_EDGE('',*,*,#1477,.T.);
#1959 = ORIENTED_EDGE('',*,*,#1939,.F.);
#1960 = ORIENTED_EDGE('',*,*,#1753,.T.);
#1961 = ( GEOMETRIC_REPRESENTATION_CONTEXT(3) 
GLOBAL_UNCERTAINTY_ASSIGNED_CONTEXT((#1965)) 
GLOBAL_UNIT_ASSIGNED_CONTEXT((#1962,#1963,#1964)) REPRESENTATION_CONTEXT
('Context #1','3D Context with UNIT and UNCERTAINTY') );
#1962 = ( LENGTH_UNIT() NAMED_UNIT(*) SI_UNIT(.MILLI.,.METRE.) );
#1963 = ( NAMED_UNIT(*) PLANE_ANGLE_UNIT() SI_UNIT($,.RADIAN.) );
#1964 = ( NAMED_UNIT(*) SI_UNIT($,.STERADIAN.) SOLID_ANGLE_UNIT() );
#1965 = UNCERTAINTY_MEASURE_WITH_UNIT(LENGTH_MEASURE(1.E-07),#1962,
  'distance_accuracy_value','confusion accuracy');
#1966 = PRODUCT_RELATED_PRODUCT_CATEGORY('part',$,(#7));
ENDSEC;
END-ISO-10303-21;
