ISO-10303-21;
HEADER;
FILE_DESCRIPTION(('Open CASCADE Model'),'2;1');
FILE_NAME('Open CASCADE Shape Model','2025-07-21T09:12:31',('Author'),(
    'Open CASCADE'),'Open CASCADE STEP processor 7.7','Open CASCADE 7.7'
  ,'Unknown');
FILE_SCHEMA(('AUTOMOTIVE_DESIGN { 1 0 10303 214 1 1 1 1 }'));
ENDSEC;
DATA;
#1 = APPLICATION_PROTOCOL_DEFINITION('international standard',
  'automotive_design',2000,#2);
#2 = APPLICATION_CONTEXT(
  'core data for automotive mechanical design processes');
#3 = SHAPE_DEFINITION_REPRESENTATION(#4,#10);
#4 = PRODUCT_DEFINITION_SHAPE('','',#5);
#5 = PRODUCT_DEFINITION('design','',#6,#9);
#6 = PRODUCT_DEFINITION_FORMATION('','',#7);
#7 = PRODUCT('Open CASCADE STEP translator 7.7 1',
  'Open CASCADE STEP translator 7.7 1','',(#8));
#8 = PRODUCT_CONTEXT('',#2,'mechanical');
#9 = PRODUCT_DEFINITION_CONTEXT('part definition',#2,'design');
#10 = ADVANCED_BREP_SHAPE_REPRESENTATION('',(#11,#15),#4763);
#11 = AXIS2_PLACEMENT_3D('',#12,#13,#14);
#12 = CARTESIAN_POINT('',(0.,0.,0.));
#13 = DIRECTION('',(0.,0.,1.));
#14 = DIRECTION('',(1.,0.,-0.));
#15 = MANIFOLD_SOLID_BREP('',#16);
#16 = CLOSED_SHELL('',(#17,#295,#889,#915,#967,#1420,#1455,#1488,#1648,
    #1805,#1859,#1865,#2269,#2847,#2895,#2969,#3184,#3429,#3458,#3686,
    #3772,#3844,#3849,#3969,#4191,#4291,#4340,#4427,#4434,#4441,#4466,
    #4471,#4478,#4696,#4723,#4751,#4757));
#17 = ADVANCED_FACE('',(#18),#73,.T.);
#18 = FACE_BOUND('',#19,.F.);
#19 = EDGE_LOOP('',(#20,#228,#256));
#20 = ORIENTED_EDGE('',*,*,#21,.F.);
#21 = EDGE_CURVE('',#22,#24,#26,.T.);
#22 = VERTEX_POINT('',#23);
#23 = CARTESIAN_POINT('',(0.133744922213,0.1993,0.));
#24 = VERTEX_POINT('',#25);
#25 = CARTESIAN_POINT('',(0.192625035894,-0.142614604604,0.142614604604)
  );
#26 = SURFACE_CURVE('',#27,(#72,#150),.PCURVE_S1.);
#27 = B_SPLINE_CURVE_WITH_KNOTS('',8,(#28,#29,#30,#31,#32,#33,#34,#35,
    #36,#37,#38,#39,#40,#41,#42,#43,#44,#45,#46,#47,#48,#49,#50,#51,#52,
    #53,#54,#55,#56,#57,#58,#59,#60,#61,#62,#63,#64,#65,#66,#67,#68,#69,
    #70,#71),.UNSPECIFIED.,.F.,.F.,(9,7,7,7,7,7,9),(0.,0.172769130511,
    0.425190908468,0.6976673332,1.,1.330514547578,1.537737856695),
  .UNSPECIFIED.);
#28 = CARTESIAN_POINT('',(0.133744922213,0.1993,-4.915732251777E-17));
#29 = CARTESIAN_POINT('',(0.133744922213,0.1993,8.045974878433E-03));
#30 = CARTESIAN_POINT('',(0.134288543182,0.198931325693,
    1.602403914906E-02));
#31 = CARTESIAN_POINT('',(0.13535979411,0.198205024297,2.39196241896E-02
    ));
#32 = CARTESIAN_POINT('',(0.13692492991,0.197131545076,
    3.171446330173E-02));
#33 = CARTESIAN_POINT('',(0.138932415596,0.195723445801,
    3.938220961344E-02));
#34 = CARTESIAN_POINT('',(0.141314165233,0.193999505282,
    4.688559636144E-02));
#35 = CARTESIAN_POINT('',(0.143988055665,0.191990242001,
    5.417513955372E-02));
#36 = CARTESIAN_POINT('',(0.151060232449,0.18646422577,
    7.143743947715E-02));
#37 = CARTESIAN_POINT('',(0.155759032407,0.182621903071,
    8.127779451374E-02));
#38 = CARTESIAN_POINT('',(0.160782254405,0.178271229811,
    9.069552467921E-02));
#39 = CARTESIAN_POINT('',(0.165977673593,0.173463806325,
    9.967426055572E-02));
#40 = CARTESIAN_POINT('',(0.171227566272,0.168247531316,0.108207658608)
  );
#41 = CARTESIAN_POINT('',(0.176452493572,0.162659194441,0.116305716916)
  );
#42 = CARTESIAN_POINT('',(0.181608003311,0.156711604352,0.123995934788)
  );
#43 = CARTESIAN_POINT('',(0.192143004772,0.143535483482,0.139224532721)
  );
#44 = CARTESIAN_POINT('',(0.197482335517,0.136274799608,0.146665240671)
  );
#45 = CARTESIAN_POINT('',(0.202612498028,0.128634905232,0.153617326229)
  );
#46 = CARTESIAN_POINT('',(0.207475397523,0.120654694786,0.160066529159)
  );
#47 = CARTESIAN_POINT('',(0.212029199711,0.112367488254,0.166005326461)
  );
#48 = CARTESIAN_POINT('',(0.216243308503,0.103799738237,0.171429834843)
  );
#49 = CARTESIAN_POINT('',(0.220093710395,9.497120832759E-02,
    0.176336732063));
#50 = CARTESIAN_POINT('',(0.227403330719,7.582770155267E-02,
    0.185583974573));
#51 = CARTESIAN_POINT('',(0.230765656083,6.547623361577E-02,
    0.18979358306));
#52 = CARTESIAN_POINT('',(0.233611095103,5.488711516257E-02,
    0.193334504149));
#53 = CARTESIAN_POINT('',(0.235913141855,4.410639963076E-02,
    0.196194955924));
#54 = CARTESIAN_POINT('',(0.237652647288,3.318077735735E-02,
    0.198365944907));
#55 = CARTESIAN_POINT('',(0.238817115498,2.215705524782E-02,
    0.199841317972));
#56 = CARTESIAN_POINT('',(0.2394,1.108163644535E-02,0.200617814248));
#57 = CARTESIAN_POINT('',(0.2394,-1.211460903291E-02,0.200779625577));
#58 = CARTESIAN_POINT('',(0.238703451605,-2.422905067864E-02,
    0.200028333181));
#59 = CARTESIAN_POINT('',(0.237310369441,-3.628307533453E-02,
    0.198442327029));
#60 = CARTESIAN_POINT('',(0.235228925211,-4.821627142079E-02,
    0.196026326969));
#61 = CARTESIAN_POINT('',(0.232475480576,-5.996813611593E-02,
    0.192789149674));
#62 = CARTESIAN_POINT('',(0.229075349088,-7.147836272884E-02,
    0.188743857781));
#63 = CARTESIAN_POINT('',(0.225064287173,-8.268734470748E-02,
    0.183907594004));
#64 = CARTESIAN_POINT('',(0.217623212752,-0.100339259438,0.174785986596)
  );
#65 = CARTESIAN_POINT('',(0.214566826241,-0.106923922835,0.171007601973)
  );
#66 = CARTESIAN_POINT('',(0.211328743255,-0.113313818,0.166966476651));
#67 = CARTESIAN_POINT('',(0.207913456611,-0.119524426372,0.162657978539)
  );
#68 = CARTESIAN_POINT('',(0.204325340669,-0.125563481234,0.158074749814)
  );
#69 = CARTESIAN_POINT('',(0.200571513565,-0.131430732497,0.153209333157)
  );
#70 = CARTESIAN_POINT('',(0.196664650842,-0.137118776489,0.148056486828)
  );
#71 = CARTESIAN_POINT('',(0.192625037891,-0.142614606749,0.142614605288)
  );
#72 = PCURVE('',#73,#78);
#73 = CYLINDRICAL_SURFACE('',#74,0.2408);
#74 = AXIS2_PLACEMENT_3D('',#75,#76,#77);
#75 = CARTESIAN_POINT('',(-1.4E-03,0.,0.));
#76 = DIRECTION('',(-0.,-0.,-1.));
#77 = DIRECTION('',(1.,0.,0.));
#78 = DEFINITIONAL_REPRESENTATION('',(#79),#149);
#79 = B_SPLINE_CURVE_WITH_KNOTS('',3,(#80,#81,#82,#83,#84,#85,#86,#87,
    #88,#89,#90,#91,#92,#93,#94,#95,#96,#97,#98,#99,#100,#101,#102,#103,
    #104,#105,#106,#107,#108,#109,#110,#111,#112,#113,#114,#115,#116,
    #117,#118,#119,#120,#121,#122,#123,#124,#125,#126,#127,#128,#129,
    #130,#131,#132,#133,#134,#135,#136,#137,#138,#139,#140,#141,#142,
    #143,#144,#145,#146,#147,#148),.UNSPECIFIED.,.F.,.F.,(4,1,1,1,1,1,1,
    1,1,1,1,1,1,1,1,1,1,1,1,1,1,1,1,1,1,1,1,1,1,1,1,1,1,1,1,1,1,1,1,1,1,
    1,1,1,1,1,1,1,1,1,1,1,1,1,1,1,1,1,1,1,1,1,1,1,1,1,4),(0.,
    2.329905843477E-02,4.659811686954E-02,6.989717530431E-02,
    9.319623373908E-02,0.116495292174,0.139794350609,0.163093409043,
    0.186392467478,0.209691525913,0.232990584348,0.256289642782,
    0.279588701217,0.302887759652,0.326186818087,0.349485876522,
    0.372784934956,0.396083993391,0.419383051826,0.442682110261,
    0.465981168695,0.48928022713,0.512579285565,0.535878344,
    0.559177402434,0.582476460869,0.605775519304,0.629074577739,
    0.652373636174,0.675672694608,0.698971753043,0.722270811478,
    0.745569869913,0.768868928347,0.792167986782,0.815467045217,
    0.838766103652,0.862065162086,0.885364220521,0.908663278956,
    0.931962337391,0.955261395826,0.97856045426,1.001859512695,
    1.02515857113,1.048457629565,1.071756687999,1.095055746434,
    1.118354804869,1.141653863304,1.164952921739,1.188251980173,
    1.211551038608,1.234850097043,1.258149155478,1.281448213912,
    1.304747272347,1.328046330782,1.351345389217,1.374644447651,
    1.397943506086,1.421242564521,1.444541622956,1.467840681391,
    1.491139739825,1.51443879826,1.537737856695),.QUASI_UNIFORM_KNOTS.);
#80 = CARTESIAN_POINT('',(-7.258106759756,4.915732251777E-17));
#81 = CARTESIAN_POINT('',(-7.258109684583,-2.893184696894E-03));
#82 = CARTESIAN_POINT('',(-7.257178454612,-8.657569244673E-03));
#83 = CARTESIAN_POINT('',(-7.253092206938,-1.722119741347E-02));
#84 = CARTESIAN_POINT('',(-7.246424261562,-2.568650285315E-02));
#85 = CARTESIAN_POINT('',(-7.237331782507,-3.403244135236E-02));
#86 = CARTESIAN_POINT('',(-7.226005058811,-4.223337032771E-02));
#87 = CARTESIAN_POINT('',(-7.212675925582,-5.025697674105E-02));
#88 = CARTESIAN_POINT('',(-7.197606491973,-5.806754065364E-02));
#89 = CARTESIAN_POINT('',(-7.181132249456,-6.561212226885E-02));
#90 = CARTESIAN_POINT('',(-7.163283841862,-7.296843209643E-02));
#91 = CARTESIAN_POINT('',(-7.144248740476,-8.012173851937E-02));
#92 = CARTESIAN_POINT('',(-7.124176552436,-8.707165239007E-02));
#93 = CARTESIAN_POINT('',(-7.103206716108,-9.381503599749E-02));
#94 = CARTESIAN_POINT('',(-7.081459489999,-0.100351002698));
#95 = CARTESIAN_POINT('',(-7.05903691622,-0.106679918624));
#96 = CARTESIAN_POINT('',(-7.03602123386,-0.112803919733));
#97 = CARTESIAN_POINT('',(-7.012473887034,-0.118726979719));
#98 = CARTESIAN_POINT('',(-6.988434768275,-0.124454873467));
#99 = CARTESIAN_POINT('',(-6.963919657181,-0.129995621775));
#100 = CARTESIAN_POINT('',(-6.938924020334,-0.135357729777));
#101 = CARTESIAN_POINT('',(-6.913556722461,-0.140523935637));
#102 = CARTESIAN_POINT('',(-6.887853858541,-0.145492845128));
#103 = CARTESIAN_POINT('',(-6.861859335924,-0.150260440143));
#104 = CARTESIAN_POINT('',(-6.835606963841,-0.154824220077));
#105 = CARTESIAN_POINT('',(-6.809125777466,-0.159181971692));
#106 = CARTESIAN_POINT('',(-6.782439136954,-0.16333197675));
#107 = CARTESIAN_POINT('',(-6.755565422298,-0.167272841013));
#108 = CARTESIAN_POINT('',(-6.728518513579,-0.171003400886));
#109 = CARTESIAN_POINT('',(-6.701307489075,-0.174522699008));
#110 = CARTESIAN_POINT('',(-6.673939631421,-0.177829607306));
#111 = CARTESIAN_POINT('',(-6.646410955814,-0.18092379215));
#112 = CARTESIAN_POINT('',(-6.618743605226,-0.183801633869));
#113 = CARTESIAN_POINT('',(-6.590966622587,-0.18645926835));
#114 = CARTESIAN_POINT('',(-6.563087901979,-0.1888951777));
#115 = CARTESIAN_POINT('',(-6.535119915267,-0.191107423178));
#116 = CARTESIAN_POINT('',(-6.50707291604,-0.193094387828));
#117 = CARTESIAN_POINT('',(-6.478956853444,-0.194854578697));
#118 = CARTESIAN_POINT('',(-6.450780945493,-0.19638668103));
#119 = CARTESIAN_POINT('',(-6.422553878338,-0.197689544943));
#120 = CARTESIAN_POINT('',(-6.394283813583,-0.198762190246));
#121 = CARTESIAN_POINT('',(-6.365978506757,-0.199603806145));
#122 = CARTESIAN_POINT('',(-6.337645140537,-0.200213753323));
#123 = CARTESIAN_POINT('',(-6.309291153791,-0.200591561579));
#124 = CARTESIAN_POINT('',(-6.280921337368,-0.200736942901));
#125 = CARTESIAN_POINT('',(-6.252548999143,-0.200649746332));
#126 = CARTESIAN_POINT('',(-6.224184883771,-0.200330173234));
#127 = CARTESIAN_POINT('',(-6.195834627966,-0.199778599674));
#128 = CARTESIAN_POINT('',(-6.167505432214,-0.19899555704));
#129 = CARTESIAN_POINT('',(-6.13920435757,-0.197981741816));
#130 = CARTESIAN_POINT('',(-6.110938865533,-0.196738016391));
#131 = CARTESIAN_POINT('',(-6.082716763859,-0.195265411881));
#132 = CARTESIAN_POINT('',(-6.054546294675,-0.193565127198));
#133 = CARTESIAN_POINT('',(-6.02643626229,-0.191638536438));
#134 = CARTESIAN_POINT('',(-5.998395880477,-0.18948716207));
#135 = CARTESIAN_POINT('',(-5.970435728181,-0.187112771929));
#136 = CARTESIAN_POINT('',(-5.9425645833,-0.184517010515));
#137 = CARTESIAN_POINT('',(-5.914801671988,-0.181702764583));
#138 = CARTESIAN_POINT('',(-5.887131418568,-0.178669052603));
#139 = CARTESIAN_POINT('',(-5.859672822405,-0.175430079748));
#140 = CARTESIAN_POINT('',(-5.832582363924,-0.172009361242));
#141 = CARTESIAN_POINT('',(-5.80576012171,-0.168399370799));
#142 = CARTESIAN_POINT('',(-5.779183587289,-0.164599526045));
#143 = CARTESIAN_POINT('',(-5.752820905065,-0.160606644606));
#144 = CARTESIAN_POINT('',(-5.726654503633,-0.15641786856));
#145 = CARTESIAN_POINT('',(-5.700675578868,-0.152030265145));
#146 = CARTESIAN_POINT('',(-5.674884772214,-0.147441189276));
#147 = CARTESIAN_POINT('',(-5.657826316238,-0.144246281745));
#148 = CARTESIAN_POINT('',(-5.649332758835,-0.142614605288));
#149 = ( GEOMETRIC_REPRESENTATION_CONTEXT(2) 
PARAMETRIC_REPRESENTATION_CONTEXT() REPRESENTATION_CONTEXT('2D SPACE',''
  ) );
#150 = PCURVE('',#151,#156);
#151 = CYLINDRICAL_SURFACE('',#152,0.2007);
#152 = AXIS2_PLACEMENT_3D('',#153,#154,#155);
#153 = CARTESIAN_POINT('',(0.,-1.4E-03,0.));
#154 = DIRECTION('',(-1.,-0.,-0.));
#155 = DIRECTION('',(0.,1.,0.));
#156 = DEFINITIONAL_REPRESENTATION('',(#157),#227);
#157 = B_SPLINE_CURVE_WITH_KNOTS('',3,(#158,#159,#160,#161,#162,#163,
    #164,#165,#166,#167,#168,#169,#170,#171,#172,#173,#174,#175,#176,
    #177,#178,#179,#180,#181,#182,#183,#184,#185,#186,#187,#188,#189,
    #190,#191,#192,#193,#194,#195,#196,#197,#198,#199,#200,#201,#202,
    #203,#204,#205,#206,#207,#208,#209,#210,#211,#212,#213,#214,#215,
    #216,#217,#218,#219,#220,#221,#222,#223,#224,#225,#226),
  .UNSPECIFIED.,.F.,.F.,(4,1,1,1,1,1,1,1,1,1,1,1,1,1,1,1,1,1,1,1,1,1,1,1
    ,1,1,1,1,1,1,1,1,1,1,1,1,1,1,1,1,1,1,1,1,1,1,1,1,1,1,1,1,1,1,1,1,1,1
    ,1,1,1,1,1,1,1,1,4),(0.,2.329905843477E-02,4.659811686954E-02,
    6.989717530431E-02,9.319623373908E-02,0.116495292174,0.139794350609,
    0.163093409043,0.186392467478,0.209691525913,0.232990584348,
    0.256289642782,0.279588701217,0.302887759652,0.326186818087,
    0.349485876522,0.372784934956,0.396083993391,0.419383051826,
    0.442682110261,0.465981168695,0.48928022713,0.512579285565,
    0.535878344,0.559177402434,0.582476460869,0.605775519304,
    0.629074577739,0.652373636174,0.675672694608,0.698971753043,
    0.722270811478,0.745569869913,0.768868928347,0.792167986782,
    0.815467045217,0.838766103652,0.862065162086,0.885364220521,
    0.908663278956,0.931962337391,0.955261395826,0.97856045426,
    1.001859512695,1.02515857113,1.048457629565,1.071756687999,
    1.095055746434,1.118354804869,1.141653863304,1.164952921739,
    1.188251980173,1.211551038608,1.234850097043,1.258149155478,
    1.281448213912,1.304747272347,1.328046330782,1.351345389217,
    1.374644447651,1.397943506086,1.421242564521,1.444541622956,
    1.467840681391,1.491139739825,1.51443879826,1.537737856695),
  .QUASI_UNIFORM_KNOTS.);
#158 = CARTESIAN_POINT('',(0.,-0.133744922213));
#159 = CARTESIAN_POINT('',(-1.441514474421E-02,-0.133744109792));
#160 = CARTESIAN_POINT('',(-4.313712428182E-02,-0.133930120925));
#161 = CARTESIAN_POINT('',(-8.588521080686E-02,-0.134743227034));
#162 = CARTESIAN_POINT('',(-0.128298180527,-0.136065388405));
#163 = CARTESIAN_POINT('',(-0.17034178325,-0.137858325608));
#164 = CARTESIAN_POINT('',(-0.211953753722,-0.140075646813));
#165 = CARTESIAN_POINT('',(-0.253030322077,-0.142661600188));
#166 = CARTESIAN_POINT('',(-0.293441298261,-0.145554113214));
#167 = CARTESIAN_POINT('',(-0.332950061311,-0.148677992323));
#168 = CARTESIAN_POINT('',(-0.371998913409,-0.152016437271));
#169 = CARTESIAN_POINT('',(-0.410550102613,-0.155522804468));
#170 = CARTESIAN_POINT('',(-0.44863518187,-0.159158505477));
#171 = CARTESIAN_POINT('',(-0.486268370534,-0.162887595551));
#172 = CARTESIAN_POINT('',(-0.523472809555,-0.166678521877));
#173 = CARTESIAN_POINT('',(-0.56027647897,-0.170503843127));
#174 = CARTESIAN_POINT('',(-0.596716158294,-0.174340374356));
#175 = CARTESIAN_POINT('',(-0.632839473557,-0.178169129432));
#176 = CARTESIAN_POINT('',(-0.668706825553,-0.181975118308));
#177 = CARTESIAN_POINT('',(-0.704396332838,-0.185747397632));
#178 = CARTESIAN_POINT('',(-0.73999781288,-0.189477723433));
#179 = CARTESIAN_POINT('',(-0.775430046808,-0.19314146927));
#180 = CARTESIAN_POINT('',(-0.810711019064,-0.196725962041));
#181 = CARTESIAN_POINT('',(-0.845840158919,-0.200217945018));
#182 = CARTESIAN_POINT('',(-0.880825209363,-0.203606262327));
#183 = CARTESIAN_POINT('',(-0.91567489143,-0.206880941162));
#184 = CARTESIAN_POINT('',(-0.950400721382,-0.210033241518));
#185 = CARTESIAN_POINT('',(-0.985016450221,-0.213055455471));
#186 = CARTESIAN_POINT('',(-1.019537857915,-0.215940758061));
#187 = CARTESIAN_POINT('',(-1.053983475356,-0.218683119579));
#188 = CARTESIAN_POINT('',(-1.08837118663,-0.221276937949));
#189 = CARTESIAN_POINT('',(-1.122730310571,-0.223717746682));
#190 = CARTESIAN_POINT('',(-1.157055445681,-0.225998893254));
#191 = CARTESIAN_POINT('',(-1.19133131529,-0.228113951931));
#192 = CARTESIAN_POINT('',(-1.225567530619,-0.230058703456));
#193 = CARTESIAN_POINT('',(-1.259766757435,-0.231828912893));
#194 = CARTESIAN_POINT('',(-1.293933297455,-0.233420908752));
#195 = CARTESIAN_POINT('',(-1.328070844333,-0.234831411513));
#196 = CARTESIAN_POINT('',(-1.362183144806,-0.236057563275));
#197 = CARTESIAN_POINT('',(-1.396273877491,-0.237096903528));
#198 = CARTESIAN_POINT('',(-1.4303467634,-0.237947359289));
#199 = CARTESIAN_POINT('',(-1.464405534045,-0.238607231643));
#200 = CARTESIAN_POINT('',(-1.498454234086,-0.239075182344));
#201 = CARTESIAN_POINT('',(-1.532496319518,-0.239350223728));
#202 = CARTESIAN_POINT('',(-1.566538225049,-0.23943169534));
#203 = CARTESIAN_POINT('',(-1.600576038192,-0.239319290858));
#204 = CARTESIAN_POINT('',(-1.634608900823,-0.239013224637));
#205 = CARTESIAN_POINT('',(-1.66864212536,-0.238514030161));
#206 = CARTESIAN_POINT('',(-1.702679280409,-0.237822589569));
#207 = CARTESIAN_POINT('',(-1.736724323709,-0.236940131677));
#208 = CARTESIAN_POINT('',(-1.770781045707,-0.235868240594));
#209 = CARTESIAN_POINT('',(-1.804853229235,-0.234608864281));
#210 = CARTESIAN_POINT('',(-1.83894464484,-0.233164323578));
#211 = CARTESIAN_POINT('',(-1.873059002414,-0.231537330201));
#212 = CARTESIAN_POINT('',(-1.907200260775,-0.229730979262));
#213 = CARTESIAN_POINT('',(-1.941371571028,-0.227748845516));
#214 = CARTESIAN_POINT('',(-1.975579351292,-0.225594701008));
#215 = CARTESIAN_POINT('',(-2.009818228373,-0.223273654214));
#216 = CARTESIAN_POINT('',(-2.044127407471,-0.220787992623));
#217 = CARTESIAN_POINT('',(-2.078380490196,-0.218152800891));
#218 = CARTESIAN_POINT('',(-2.112401170982,-0.215390695838));
#219 = CARTESIAN_POINT('',(-2.14633478329,-0.21249938824));
#220 = CARTESIAN_POINT('',(-2.180233895989,-0.209482819614));
#221 = CARTESIAN_POINT('',(-2.214166527088,-0.206343445605));
#222 = CARTESIAN_POINT('',(-2.2481871345,-0.203084707602));
#223 = CARTESIAN_POINT('',(-2.282344095493,-0.199710840075));
#224 = CARTESIAN_POINT('',(-2.316678553597,-0.196227126743));
#225 = CARTESIAN_POINT('',(-2.33970723375,-0.193836360221));
#226 = CARTESIAN_POINT('',(-2.351261991613,-0.192625037891));
#227 = ( GEOMETRIC_REPRESENTATION_CONTEXT(2) 
PARAMETRIC_REPRESENTATION_CONTEXT() REPRESENTATION_CONTEXT('2D SPACE',''
  ) );
#228 = ORIENTED_EDGE('',*,*,#229,.F.);
#229 = EDGE_CURVE('',#230,#22,#232,.T.);
#230 = VERTEX_POINT('',#231);
#231 = CARTESIAN_POINT('',(0.2394,0.,0.));
#232 = SURFACE_CURVE('',#233,(#238,#244),.PCURVE_S1.);
#233 = CIRCLE('',#234,0.2408);
#234 = AXIS2_PLACEMENT_3D('',#235,#236,#237);
#235 = CARTESIAN_POINT('',(-1.4E-03,0.,0.));
#236 = DIRECTION('',(0.,0.,1.));
#237 = DIRECTION('',(1.,0.,0.));
#238 = PCURVE('',#73,#239);
#239 = DEFINITIONAL_REPRESENTATION('',(#240),#243);
#240 = B_SPLINE_CURVE_WITH_KNOTS('',1,(#241,#242),.UNSPECIFIED.,.F.,.F.,
  (2,2),(0.,0.974921452578),.PIECEWISE_BEZIER_KNOTS.);
#241 = CARTESIAN_POINT('',(-6.28318530718,0.));
#242 = CARTESIAN_POINT('',(-7.258106759757,0.));
#243 = ( GEOMETRIC_REPRESENTATION_CONTEXT(2) 
PARAMETRIC_REPRESENTATION_CONTEXT() REPRESENTATION_CONTEXT('2D SPACE',''
  ) );
#244 = PCURVE('',#245,#250);
#245 = PLANE('',#246);
#246 = AXIS2_PLACEMENT_3D('',#247,#248,#249);
#247 = CARTESIAN_POINT('',(-1.4E-03,1.235273903049E-17,0.));
#248 = DIRECTION('',(0.,0.,1.));
#249 = DIRECTION('',(1.,0.,-0.));
#250 = DEFINITIONAL_REPRESENTATION('',(#251),#255);
#251 = CIRCLE('',#252,0.2408);
#252 = AXIS2_PLACEMENT_2D('',#253,#254);
#253 = CARTESIAN_POINT('',(2.602085213965E-17,-1.235273903049E-17));
#254 = DIRECTION('',(1.,0.));
#255 = ( GEOMETRIC_REPRESENTATION_CONTEXT(2) 
PARAMETRIC_REPRESENTATION_CONTEXT() REPRESENTATION_CONTEXT('2D SPACE',''
  ) );
#256 = ORIENTED_EDGE('',*,*,#257,.T.);
#257 = EDGE_CURVE('',#230,#24,#258,.T.);
#258 = SURFACE_CURVE('',#259,(#264,#277),.PCURVE_S1.);
#259 = ELLIPSE('',#260,0.340542625819,0.2408);
#260 = AXIS2_PLACEMENT_3D('',#261,#262,#263);
#261 = CARTESIAN_POINT('',(-1.4E-03,0.,0.));
#262 = DIRECTION('',(0.,-0.707106781187,-0.707106781187));
#263 = DIRECTION('',(-0.,0.707106781187,-0.707106781187));
#264 = PCURVE('',#73,#265);
#265 = DEFINITIONAL_REPRESENTATION('',(#266),#276);
#266 = B_SPLINE_CURVE_WITH_KNOTS('',8,(#267,#268,#269,#270,#271,#272,
    #273,#274,#275),.UNSPECIFIED.,.F.,.F.,(9,9),(1.570796326789,
    2.204648872874),.PIECEWISE_BEZIER_KNOTS.);
#267 = CARTESIAN_POINT('',(-6.283185307185,1.352229085247E-12));
#268 = CARTESIAN_POINT('',(-6.203953738925,-1.90789616358E-02));
#269 = CARTESIAN_POINT('',(-6.124722170664,-3.81579539662E-02));
#270 = CARTESIAN_POINT('',(-6.045490602403,-5.705439634713E-02));
#271 = CARTESIAN_POINT('',(-5.966259034143,-7.558580896354E-02));
#272 = CARTESIAN_POINT('',(-5.887027465882,-9.357336912979E-02));
#273 = CARTESIAN_POINT('',(-5.807795897622,-0.110845576131));
#274 = CARTESIAN_POINT('',(-5.728564329362,-0.127241669367));
#275 = CARTESIAN_POINT('',(-5.649332761101,-0.142614587917));
#276 = ( GEOMETRIC_REPRESENTATION_CONTEXT(2) 
PARAMETRIC_REPRESENTATION_CONTEXT() REPRESENTATION_CONTEXT('2D SPACE',''
  ) );
#277 = PCURVE('',#278,#283);
#278 = CYLINDRICAL_SURFACE('',#279,0.2408);
#279 = AXIS2_PLACEMENT_3D('',#280,#281,#282);
#280 = CARTESIAN_POINT('',(-1.4E-03,0.,0.));
#281 = DIRECTION('',(-0.,1.,-0.));
#282 = DIRECTION('',(1.,0.,0.));
#283 = DEFINITIONAL_REPRESENTATION('',(#284),#294);
#284 = B_SPLINE_CURVE_WITH_KNOTS('',8,(#285,#286,#287,#288,#289,#290,
    #291,#292,#293),.UNSPECIFIED.,.F.,.F.,(9,9),(1.570796326789,
    2.204648872874),.PIECEWISE_BEZIER_KNOTS.);
#285 = CARTESIAN_POINT('',(-6.283185307174,1.352229085247E-12));
#286 = CARTESIAN_POINT('',(-6.362416875435,-1.90789616358E-02));
#287 = CARTESIAN_POINT('',(-6.441648443695,-3.81579539662E-02));
#288 = CARTESIAN_POINT('',(-6.520880011956,-5.705439634713E-02));
#289 = CARTESIAN_POINT('',(-6.600111580216,-7.558580896354E-02));
#290 = CARTESIAN_POINT('',(-6.679343148477,-9.357336912979E-02));
#291 = CARTESIAN_POINT('',(-6.758574716737,-0.110845576131));
#292 = CARTESIAN_POINT('',(-6.837806284998,-0.127241669367));
#293 = CARTESIAN_POINT('',(-6.917037853258,-0.142614587917));
#294 = ( GEOMETRIC_REPRESENTATION_CONTEXT(2) 
PARAMETRIC_REPRESENTATION_CONTEXT() REPRESENTATION_CONTEXT('2D SPACE',''
  ) );
#295 = ADVANCED_FACE('',(#296),#151,.F.);
#296 = FACE_BOUND('',#297,.T.);
#297 = EDGE_LOOP('',(#298,#321,#349,#378,#404,#837,#838,#861,#888));
#298 = ORIENTED_EDGE('',*,*,#299,.F.);
#299 = EDGE_CURVE('',#300,#22,#302,.T.);
#300 = VERTEX_POINT('',#301);
#301 = CARTESIAN_POINT('',(2.22643191324E-02,0.1993,0.));
#302 = SURFACE_CURVE('',#303,(#307,#314),.PCURVE_S1.);
#303 = LINE('',#304,#305);
#304 = CARTESIAN_POINT('',(0.,0.1993,0.));
#305 = VECTOR('',#306,1.);
#306 = DIRECTION('',(1.,0.,0.));
#307 = PCURVE('',#151,#308);
#308 = DEFINITIONAL_REPRESENTATION('',(#309),#313);
#309 = LINE('',#310,#311);
#310 = CARTESIAN_POINT('',(-6.28318530718,0.));
#311 = VECTOR('',#312,1.);
#312 = DIRECTION('',(-0.,-1.));
#313 = ( GEOMETRIC_REPRESENTATION_CONTEXT(2) 
PARAMETRIC_REPRESENTATION_CONTEXT() REPRESENTATION_CONTEXT('2D SPACE',''
  ) );
#314 = PCURVE('',#245,#315);
#315 = DEFINITIONAL_REPRESENTATION('',(#316),#320);
#316 = LINE('',#317,#318);
#317 = CARTESIAN_POINT('',(1.4E-03,0.1993));
#318 = VECTOR('',#319,1.);
#319 = DIRECTION('',(1.,0.));
#320 = ( GEOMETRIC_REPRESENTATION_CONTEXT(2) 
PARAMETRIC_REPRESENTATION_CONTEXT() REPRESENTATION_CONTEXT('2D SPACE',''
  ) );
#321 = ORIENTED_EDGE('',*,*,#322,.F.);
#322 = EDGE_CURVE('',#323,#300,#325,.T.);
#323 = VERTEX_POINT('',#324);
#324 = CARTESIAN_POINT('',(0.,0.1993,0.));
#325 = SURFACE_CURVE('',#326,(#330,#337),.PCURVE_S1.);
#326 = LINE('',#327,#328);
#327 = CARTESIAN_POINT('',(0.,0.1993,0.));
#328 = VECTOR('',#329,1.);
#329 = DIRECTION('',(1.,0.,0.));
#330 = PCURVE('',#151,#331);
#331 = DEFINITIONAL_REPRESENTATION('',(#332),#336);
#332 = LINE('',#333,#334);
#333 = CARTESIAN_POINT('',(-6.28318530718,0.));
#334 = VECTOR('',#335,1.);
#335 = DIRECTION('',(-0.,-1.));
#336 = ( GEOMETRIC_REPRESENTATION_CONTEXT(2) 
PARAMETRIC_REPRESENTATION_CONTEXT() REPRESENTATION_CONTEXT('2D SPACE',''
  ) );
#337 = PCURVE('',#338,#343);
#338 = CYLINDRICAL_SURFACE('',#339,0.2007);
#339 = AXIS2_PLACEMENT_3D('',#340,#341,#342);
#340 = CARTESIAN_POINT('',(0.,-1.4E-03,0.));
#341 = DIRECTION('',(-1.,-0.,-0.));
#342 = DIRECTION('',(0.,1.,0.));
#343 = DEFINITIONAL_REPRESENTATION('',(#344),#348);
#344 = LINE('',#345,#346);
#345 = CARTESIAN_POINT('',(-0.,0.));
#346 = VECTOR('',#347,1.);
#347 = DIRECTION('',(-0.,-1.));
#348 = ( GEOMETRIC_REPRESENTATION_CONTEXT(2) 
PARAMETRIC_REPRESENTATION_CONTEXT() REPRESENTATION_CONTEXT('2D SPACE',''
  ) );
#349 = ORIENTED_EDGE('',*,*,#350,.F.);
#350 = EDGE_CURVE('',#351,#323,#353,.T.);
#351 = VERTEX_POINT('',#352);
#352 = CARTESIAN_POINT('',(-9.432558900624E-18,-5.089678678516E-15,
    -0.200695117031));
#353 = SURFACE_CURVE('',#354,(#359,#366),.PCURVE_S1.);
#354 = CIRCLE('',#355,0.2007);
#355 = AXIS2_PLACEMENT_3D('',#356,#357,#358);
#356 = CARTESIAN_POINT('',(0.,-1.4E-03,0.));
#357 = DIRECTION('',(1.,0.,0.));
#358 = DIRECTION('',(0.,1.,0.));
#359 = PCURVE('',#151,#360);
#360 = DEFINITIONAL_REPRESENTATION('',(#361),#365);
#361 = LINE('',#362,#363);
#362 = CARTESIAN_POINT('',(-0.,0.));
#363 = VECTOR('',#364,1.);
#364 = DIRECTION('',(-1.,0.));
#365 = ( GEOMETRIC_REPRESENTATION_CONTEXT(2) 
PARAMETRIC_REPRESENTATION_CONTEXT() REPRESENTATION_CONTEXT('2D SPACE',''
  ) );
#366 = PCURVE('',#367,#372);
#367 = PLANE('',#368);
#368 = AXIS2_PLACEMENT_3D('',#369,#370,#371);
#369 = CARTESIAN_POINT('',(0.,-1.4E-03,1.235273903049E-17));
#370 = DIRECTION('',(1.,0.,0.));
#371 = DIRECTION('',(-0.,0.,1.));
#372 = DEFINITIONAL_REPRESENTATION('',(#373),#377);
#373 = CIRCLE('',#374,0.2007);
#374 = AXIS2_PLACEMENT_2D('',#375,#376);
#375 = CARTESIAN_POINT('',(-1.235273903049E-17,-2.602085213965E-17));
#376 = DIRECTION('',(0.,-1.));
#377 = ( GEOMETRIC_REPRESENTATION_CONTEXT(2) 
PARAMETRIC_REPRESENTATION_CONTEXT() REPRESENTATION_CONTEXT('2D SPACE',''
  ) );
#378 = ORIENTED_EDGE('',*,*,#379,.F.);
#379 = EDGE_CURVE('',#380,#351,#382,.T.);
#380 = VERTEX_POINT('',#381);
#381 = CARTESIAN_POINT('',(0.131664307761,0.,-0.200695117031));
#382 = SURFACE_CURVE('',#383,(#387,#393),.PCURVE_S1.);
#383 = LINE('',#384,#385);
#384 = CARTESIAN_POINT('',(0.,0.,-0.200695117031));
#385 = VECTOR('',#386,1.);
#386 = DIRECTION('',(-1.,-0.,-0.));
#387 = PCURVE('',#151,#388);
#388 = DEFINITIONAL_REPRESENTATION('',(#389),#392);
#389 = B_SPLINE_CURVE_WITH_KNOTS('',1,(#390,#391),.UNSPECIFIED.,.F.,.F.,
  (2,2),(-0.28756,6.E-07),.PIECEWISE_BEZIER_KNOTS.);
#390 = CARTESIAN_POINT('',(-4.719364622407,-0.28756));
#391 = CARTESIAN_POINT('',(-4.719364622407,6.E-07));
#392 = ( GEOMETRIC_REPRESENTATION_CONTEXT(2) 
PARAMETRIC_REPRESENTATION_CONTEXT() REPRESENTATION_CONTEXT('2D SPACE',''
  ) );
#393 = PCURVE('',#394,#399);
#394 = PLANE('',#395);
#395 = AXIS2_PLACEMENT_3D('',#396,#397,#398);
#396 = CARTESIAN_POINT('',(-1.4E-03,0.,1.235273903049E-17));
#397 = DIRECTION('',(-0.,-1.,-0.));
#398 = DIRECTION('',(0.,0.,-1.));
#399 = DEFINITIONAL_REPRESENTATION('',(#400),#403);
#400 = B_SPLINE_CURVE_WITH_KNOTS('',1,(#401,#402),.UNSPECIFIED.,.F.,.F.,
  (2,2),(-0.28756,6.E-07),.PIECEWISE_BEZIER_KNOTS.);
#401 = CARTESIAN_POINT('',(0.200695117031,0.28896));
#402 = CARTESIAN_POINT('',(0.200695117031,1.3994E-03));
#403 = ( GEOMETRIC_REPRESENTATION_CONTEXT(2) 
PARAMETRIC_REPRESENTATION_CONTEXT() REPRESENTATION_CONTEXT('2D SPACE',''
  ) );
#404 = ORIENTED_EDGE('',*,*,#405,.T.);
#405 = EDGE_CURVE('',#380,#24,#406,.T.);
#406 = SURFACE_CURVE('',#407,(#515,#676),.PCURVE_S1.);
#407 = B_SPLINE_CURVE_WITH_KNOTS('',8,(#408,#409,#410,#411,#412,#413,
    #414,#415,#416,#417,#418,#419,#420,#421,#422,#423,#424,#425,#426,
    #427,#428,#429,#430,#431,#432,#433,#434,#435,#436,#437,#438,#439,
    #440,#441,#442,#443,#444,#445,#446,#447,#448,#449,#450,#451,#452,
    #453,#454,#455,#456,#457,#458,#459,#460,#461,#462,#463,#464,#465,
    #466,#467,#468,#469,#470,#471,#472,#473,#474,#475,#476,#477,#478,
    #479,#480,#481,#482,#483,#484,#485,#486,#487,#488,#489,#490,#491,
    #492,#493,#494,#495,#496,#497,#498,#499,#500,#501,#502,#503,#504,
    #505,#506,#507,#508,#509,#510,#511,#512,#513,#514),.UNSPECIFIED.,.F.
  ,.F.,(9,7,7,7,7,7,7,7,7,7,7,7,7,7,7,9),(0.,1.057374807797E-03,
    1.309433110764E-03,1.614001965128E-03,1.897564685007E-03,
    2.202130771326E-03,2.50669574907E-03,2.811259839935E-03,
    3.115823265599E-03,3.420386247798E-03,3.72494900828E-03,
    0.229082837887,0.68794721736,0.999998403506,1.31118202819,
    1.526326991179),.UNSPECIFIED.);
#408 = CARTESIAN_POINT('',(0.131664307761,-2.288218707886E-18,
    -0.200695117031));
#409 = CARTESIAN_POINT('',(0.131663785136,-4.967339811313E-05,
    -0.20069546354));
#410 = CARTESIAN_POINT('',(0.131663283698,-9.934711350621E-05,
    -0.200695796));
#411 = CARTESIAN_POINT('',(0.131662803447,-1.490211311812E-04,
    -0.200696114411));
#412 = CARTESIAN_POINT('',(0.131662344384,-1.98695436138E-04,
    -0.200696418771));
#413 = CARTESIAN_POINT('',(0.131661906511,-2.483700133743E-04,
    -0.200696709082));
#414 = CARTESIAN_POINT('',(0.131661489828,-2.980448478854E-04,
    -0.200696985341));
#415 = CARTESIAN_POINT('',(0.131661094336,-3.477199246648E-04,
    -0.20069724755));
#416 = CARTESIAN_POINT('',(0.131660630809,-4.092368885797E-04,
    -0.200697554865));
#417 = CARTESIAN_POINT('',(0.131660542787,-4.210785613695E-04,
    -0.200697613223));
#418 = CARTESIAN_POINT('',(0.131660455969,-4.329202468703E-04,
    -0.200697670782));
#419 = CARTESIAN_POINT('',(0.131660370356,-4.447619448789E-04,
    -0.200697727543));
#420 = CARTESIAN_POINT('',(0.131660285947,-4.566036551922E-04,
    -0.200697783505));
#421 = CARTESIAN_POINT('',(0.131660202742,-4.684453776068E-04,
    -0.200697838669));
#422 = CARTESIAN_POINT('',(0.131660120741,-4.802871119188E-04,
    -0.200697893034));
#423 = CARTESIAN_POINT('',(0.131659942316,-5.064375594122E-04,
    -0.200698011328));
#424 = CARTESIAN_POINT('',(0.131659846446,-5.207462779741E-04,
    -0.200698074888));
#425 = CARTESIAN_POINT('',(0.131659752334,-5.350550132517E-04,
    -0.200698137283));
#426 = CARTESIAN_POINT('',(0.13165965998,-5.493637648866E-04,
    -0.200698198512));
#427 = CARTESIAN_POINT('',(0.131659569385,-5.6367253252E-04,
    -0.200698258575));
#428 = CARTESIAN_POINT('',(0.131659480548,-5.779813157931E-04,
    -0.200698317472));
#429 = CARTESIAN_POINT('',(0.13165939347,-5.922901143471E-04,
    -0.200698375204));
#430 = CARTESIAN_POINT('',(0.131659228714,-6.199208614658E-04,
    -0.200698484434));
#431 = CARTESIAN_POINT('',(0.131659150803,-6.332428080434E-04,
    -0.200698536087));
#432 = CARTESIAN_POINT('',(0.131659074416,-6.465647672662E-04,
    -0.200698586731));
#433 = CARTESIAN_POINT('',(0.131658999553,-6.598867388449E-04,
    -0.200698636363));
#434 = CARTESIAN_POINT('',(0.131658926214,-6.732087224897E-04,
    -0.200698684985));
#435 = CARTESIAN_POINT('',(0.1316588544,-6.865307179112E-04,
    -0.200698732596));
#436 = CARTESIAN_POINT('',(0.13165878411,-6.9985272482E-04,
    -0.200698779197));
#437 = CARTESIAN_POINT('',(0.131658641484,-7.274835170784E-04,
    -0.200698873754));
#438 = CARTESIAN_POINT('',(0.131658569384,-7.417923041484E-04,
    -0.200698921556));
#439 = CARTESIAN_POINT('',(0.131658499041,-7.561011037776E-04,
    -0.200698968191));
#440 = CARTESIAN_POINT('',(0.131658430457,-7.704099156071E-04,
    -0.200699013661));
#441 = CARTESIAN_POINT('',(0.131658363632,-7.84718739278E-04,
    -0.200699057964));
#442 = CARTESIAN_POINT('',(0.131658298564,-7.990275744316E-04,
    -0.200699101102));
#443 = CARTESIAN_POINT('',(0.131658235256,-8.133364207092E-04,
    -0.200699143074));
#444 = CARTESIAN_POINT('',(0.131658112156,-8.419540827136E-04,
    -0.200699224686));
#445 = CARTESIAN_POINT('',(0.131658052365,-8.562628984393E-04,
    -0.200699264326));
#446 = CARTESIAN_POINT('',(0.131657994332,-8.705717245715E-04,
    -0.2006993028));
#447 = CARTESIAN_POINT('',(0.131657938057,-8.848805607514E-04,
    -0.200699340108));
#448 = CARTESIAN_POINT('',(0.131657883541,-8.991894066204E-04,
    -0.200699376251));
#449 = CARTESIAN_POINT('',(0.131657830784,-9.134982618194E-04,
    -0.200699411227));
#450 = CARTESIAN_POINT('',(0.131657779785,-9.278071259893E-04,
    -0.200699445038));
#451 = CARTESIAN_POINT('',(0.131657681305,-9.564248298854E-04,
    -0.200699510328));
#452 = CARTESIAN_POINT('',(0.131657633823,-9.707336696135E-04,
    -0.200699541807));
#453 = CARTESIAN_POINT('',(0.1316575881,-9.850425175952E-04,
    -0.20069957212));
#454 = CARTESIAN_POINT('',(0.131657544135,-9.993513734712E-04,
    -0.200699601267));
#455 = CARTESIAN_POINT('',(0.131657501929,-1.013660236882E-03,
    -0.200699629248));
#456 = CARTESIAN_POINT('',(0.131657461482,-1.02796910747E-03,
    -0.200699656063));
#457 = CARTESIAN_POINT('',(0.131657422793,-1.042277984876E-03,
    -0.200699681713));
#458 = CARTESIAN_POINT('',(0.131657348932,-1.070895721358E-03,
    -0.20069973068));
#459 = CARTESIAN_POINT('',(0.131657313761,-1.085204580433E-03,
    -0.200699753998));
#460 = CARTESIAN_POINT('',(0.131657280347,-1.099513445609E-03,
    -0.20069977615));
#461 = CARTESIAN_POINT('',(0.131657248693,-1.113822316526E-03,
    -0.200699797136));
#462 = CARTESIAN_POINT('',(0.131657218797,-1.128131192825E-03,
    -0.200699816956));
#463 = CARTESIAN_POINT('',(0.131657190659,-1.142440074148E-03,
    -0.20069983561));
#464 = CARTESIAN_POINT('',(0.13165716428,-1.156748960136E-03,
    -0.200699853098));
#465 = CARTESIAN_POINT('',(0.13165711504,-1.185366719892E-03,
    -0.200699885743));
#466 = CARTESIAN_POINT('',(0.131657092178,-1.199675593659E-03,
    -0.2006999009));
#467 = CARTESIAN_POINT('',(0.131657071075,-1.213984471373E-03,
    -0.20069991489));
#468 = CARTESIAN_POINT('',(0.13165705173,-1.228293352676E-03,
    -0.200699927715));
#469 = CARTESIAN_POINT('',(0.131657034144,-1.242602237209E-03,
    -0.200699939374));
#470 = CARTESIAN_POINT('',(0.131657018317,-1.256911124612E-03,
    -0.200699949867));
#471 = CARTESIAN_POINT('',(0.131657004248,-1.271220014528E-03,
    -0.200699959194));
#472 = CARTESIAN_POINT('',(0.131656979628,-1.299837788248E-03,
    -0.200699975516));
#473 = CARTESIAN_POINT('',(0.131656969076,-1.314146672053E-03,
    -0.200699982512));
#474 = CARTESIAN_POINT('',(0.131656960283,-1.328455557651E-03,
    -0.200699988341));
#475 = CARTESIAN_POINT('',(0.131656953249,-1.342764444685E-03,
    -0.200699993005));
#476 = CARTESIAN_POINT('',(0.131656947973,-1.357073332796E-03,
    -0.200699996502));
#477 = CARTESIAN_POINT('',(0.131656944456,-1.371382221625E-03,
    -0.200699998834));
#478 = CARTESIAN_POINT('',(0.131656942697,-1.385691110813E-03,-0.2007));
#479 = CARTESIAN_POINT('',(0.131656942697,-1.198770630478E-02,-0.2007));
#480 = CARTESIAN_POINT('',(0.132619801681,-2.237924618116E-02,
    -0.200061442476));
#481 = CARTESIAN_POINT('',(0.134483013927,-3.257592204962E-02,
    -0.198826729865));
#482 = CARTESIAN_POINT('',(0.137147623991,-4.25674077375E-02,
    -0.197022736124));
#483 = CARTESIAN_POINT('',(0.140480583332,-5.231789416824E-02,
    -0.194675672046));
#484 = CARTESIAN_POINT('',(0.144320785252,-6.17608360021E-02,
    -0.191826337154));
#485 = CARTESIAN_POINT('',(0.148488778134,-7.080229922813E-02,
    -0.188545758171));
#486 = CARTESIAN_POINT('',(0.161578807662,-9.670258468824E-02,
    -0.177632152557));
#487 = CARTESIAN_POINT('',(0.171483017167,-0.113005340643,
    -0.168567284075));
#488 = CARTESIAN_POINT('',(0.181671306131,-0.128031850485,-0.15796965544
    ));
#489 = CARTESIAN_POINT('',(0.191421125164,-0.141524870158,
    -0.146123831784));
#490 = CARTESIAN_POINT('',(0.200388670421,-0.15343752734,-0.133377767604
    ));
#491 = CARTESIAN_POINT('',(0.208483842252,-0.163887425779,
    -0.119865369934));
#492 = CARTESIAN_POINT('',(0.21568933329,-0.172995371278,-0.1055175726)
  );
#493 = CARTESIAN_POINT('',(0.226151217784,-0.186021984373,
    -7.95816062282E-02));
#494 = CARTESIAN_POINT('',(0.229860727133,-0.190577997783,
    -6.875954226113E-02));
#495 = CARTESIAN_POINT('',(0.233002927334,-0.194399368594,
    -5.766595658011E-02));
#496 = CARTESIAN_POINT('',(0.235546519299,-0.197471517913,
    -4.635411798114E-02));
#497 = CARTESIAN_POINT('',(0.237469149566,-0.199783382037,
    -3.487780062645E-02));
#498 = CARTESIAN_POINT('',(0.238756174344,-0.201327523081,
    -2.329087812425E-02));
#499 = CARTESIAN_POINT('',(0.2394,-0.2021,-1.164709277722E-02));
#500 = CARTESIAN_POINT('',(0.2394,-0.2021,1.161471165106E-02));
#501 = CARTESIAN_POINT('',(0.238759749339,-0.201331812288,
    2.322618246071E-02));
#502 = CARTESIAN_POINT('',(0.237479859827,-0.199796231999,
    3.478127567626E-02));
#503 = CARTESIAN_POINT('',(0.235567841909,-0.197497157456,
    4.622667485665E-02));
#504 = CARTESIAN_POINT('',(0.233038183067,-0.194441950044,
    5.750894052895E-02));
#505 = CARTESIAN_POINT('',(0.229912993389,-0.19064155865,
    6.857473786451E-02));
#506 = CARTESIAN_POINT('',(0.226223218291,-0.186110408648,
    7.937123537444E-02));
#507 = CARTESIAN_POINT('',(0.219097788705,-0.177240234278,
    9.708914437898E-02));
#508 = CARTESIAN_POINT('',(0.215939408954,-0.173278808218,0.104167519703
    ));
#509 = CARTESIAN_POINT('',(0.212546674764,-0.168984740646,0.111074688989
    ));
#510 = CARTESIAN_POINT('',(0.208931980318,-0.164359917348,0.117801262566
    ));
#511 = CARTESIAN_POINT('',(0.205110252012,-0.159406245154,0.124335014142
    ));
#512 = CARTESIAN_POINT('',(0.201100579259,-0.154126751075,0.130660744075
    ));
#513 = CARTESIAN_POINT('',(0.196927942493,-0.148526681917,0.136760564486
    ));
#514 = CARTESIAN_POINT('',(0.192625038345,-0.142614604404,0.142614606203
    ));
#515 = PCURVE('',#151,#516);
#516 = DEFINITIONAL_REPRESENTATION('',(#517),#675);
#517 = B_SPLINE_CURVE_WITH_KNOTS('',3,(#518,#519,#520,#521,#522,#523,
    #524,#525,#526,#527,#528,#529,#530,#531,#532,#533,#534,#535,#536,
    #537,#538,#539,#540,#541,#542,#543,#544,#545,#546,#547,#548,#549,
    #550,#551,#552,#553,#554,#555,#556,#557,#558,#559,#560,#561,#562,
    #563,#564,#565,#566,#567,#568,#569,#570,#571,#572,#573,#574,#575,
    #576,#577,#578,#579,#580,#581,#582,#583,#584,#585,#586,#587,#588,
    #589,#590,#591,#592,#593,#594,#595,#596,#597,#598,#599,#600,#601,
    #602,#603,#604,#605,#606,#607,#608,#609,#610,#611,#612,#613,#614,
    #615,#616,#617,#618,#619,#620,#621,#622,#623,#624,#625,#626,#627,
    #628,#629,#630,#631,#632,#633,#634,#635,#636,#637,#638,#639,#640,
    #641,#642,#643,#644,#645,#646,#647,#648,#649,#650,#651,#652,#653,
    #654,#655,#656,#657,#658,#659,#660,#661,#662,#663,#664,#665,#666,
    #667,#668,#669,#670,#671,#672,#673,#674),.UNSPECIFIED.,.F.,.F.,(4,1,
    1,1,1,1,1,1,1,1,1,1,1,1,1,1,1,1,1,1,1,1,1,1,1,1,1,1,1,1,1,1,1,1,1,1,
    1,1,1,1,1,1,1,1,1,1,1,1,1,1,1,1,1,1,1,1,1,1,1,1,1,1,1,1,1,1,1,1,1,1,
    1,1,1,1,1,1,1,1,1,1,1,1,1,1,1,1,1,1,1,1,1,1,1,1,1,1,1,1,1,1,1,1,1,1,
    1,1,1,1,1,1,1,1,1,1,1,1,1,1,1,1,1,1,1,1,1,1,1,1,1,1,1,1,1,1,1,1,1,1,
    1,1,1,1,1,1,1,1,1,1,1,1,1,1,1,1,4),(0.,9.911214228435E-03,
    1.982242845687E-02,2.973364268531E-02,3.964485691374E-02,
    4.955607114218E-02,5.946728537061E-02,6.937849959905E-02,
    7.928971382748E-02,8.920092805592E-02,9.911214228435E-02,
    0.109023356513,0.118934570741,0.12884578497,0.138756999198,
    0.148668213427,0.158579427655,0.168490641883,0.178401856112,
    0.18831307034,0.198224284569,0.208135498797,0.218046713026,
    0.227957927254,0.237869141482,0.247780355711,0.257691569939,
    0.267602784168,0.277513998396,0.287425212625,0.297336426853,
    0.307247641081,0.31715885531,0.327070069538,0.336981283767,
    0.346892497995,0.356803712224,0.366714926452,0.376626140681,
    0.386537354909,0.396448569137,0.406359783366,0.416270997594,
    0.426182211823,0.436093426051,0.44600464028,0.455915854508,
    0.465827068736,0.475738282965,0.485649497193,0.495560711422,
    0.50547192565,0.515383139879,0.525294354107,0.535205568336,
    0.545116782564,0.555027996792,0.564939211021,0.574850425249,
    0.584761639478,0.594672853706,0.604584067935,0.614495282163,
    0.624406496391,0.63431771062,0.644228924848,0.654140139077,
    0.664051353305,0.673962567534,0.683873781762,0.69378499599,
    0.703696210219,0.713607424447,0.723518638676,0.733429852904,
    0.743341067133,0.753252281361,0.76316349559,0.773074709818,
    0.782985924046,0.792897138275,0.802808352503,0.812719566732,
    0.82263078096,0.832541995189,0.842453209417,0.852364423645,
    0.862275637874,0.872186852102,0.882098066331,0.892009280559,
    0.901920494788,0.911831709016,0.921742923244,0.931654137473,
    0.941565351701,0.95147656593,0.961387780158,0.971298994387,
    0.981210208615,0.991121422844,1.001032637072,1.0109438513,
    1.020855065529,1.030766279757,1.040677493986,1.050588708214,
    1.060499922443,1.070411136671,1.080322350899,1.090233565128,
    1.100144779356,1.110055993585,1.119967207813,1.129878422042,
    1.13978963627,1.149700850498,1.159612064727,1.169523278955,
    1.179434493184,1.189345707412,1.199256921641,1.209168135869,
    1.219079350098,1.228990564326,1.238901778554,1.248812992783,
    1.258724207011,1.26863542124,1.278546635468,1.288457849697,
    1.298369063925,1.308280278153,1.318191492382,1.32810270661,
    1.338013920839,1.347925135067,1.357836349296,1.367747563524,
    1.377658777752,1.387569991981,1.397481206209,1.407392420438,
    1.417303634666,1.427214848895,1.437126063123,1.447037277352,
    1.45694849158,1.466859705808,1.476770920037,1.486682134265,
    1.496593348494,1.506504562722,1.516415776951,1.526326991179),
  .QUASI_UNIFORM_KNOTS.);
#518 = CARTESIAN_POINT('',(-4.719364622407,-0.131664307761));
#519 = CARTESIAN_POINT('',(-4.71316897715,-0.131651191785));
#520 = CARTESIAN_POINT('',(-4.700808614831,-0.13166000407));
#521 = CARTESIAN_POINT('',(-4.682361745045,-0.131776305477));
#522 = CARTESIAN_POINT('',(-4.664012991563,-0.131993736431));
#523 = CARTESIAN_POINT('',(-4.645754359721,-0.132310006434));
#524 = CARTESIAN_POINT('',(-4.627582078289,-0.132722634831));
#525 = CARTESIAN_POINT('',(-4.609492191811,-0.133228916732));
#526 = CARTESIAN_POINT('',(-4.59148179718,-0.133825938107));
#527 = CARTESIAN_POINT('',(-4.57354876644,-0.134510578388));
#528 = CARTESIAN_POINT('',(-4.555691873508,-0.135279517102));
#529 = CARTESIAN_POINT('',(-4.537910810705,-0.136129240098));
#530 = CARTESIAN_POINT('',(-4.520206232667,-0.137056046568));
#531 = CARTESIAN_POINT('',(-4.502579790611,-0.138056056534));
#532 = CARTESIAN_POINT('',(-4.485034166848,-0.139125218885));
#533 = CARTESIAN_POINT('',(-4.467573106594,-0.140259319973));
#534 = CARTESIAN_POINT('',(-4.450201448849,-0.141453992655));
#535 = CARTESIAN_POINT('',(-4.432925152194,-0.142704726181));
#536 = CARTESIAN_POINT('',(-4.415751330692,-0.144006875506));
#537 = CARTESIAN_POINT('',(-4.398688243741,-0.145355675253));
#538 = CARTESIAN_POINT('',(-4.381745449964,-0.146746238885));
#539 = CARTESIAN_POINT('',(-4.364933341839,-0.148173615599));
#540 = CARTESIAN_POINT('',(-4.348264985202,-0.149632634353));
#541 = CARTESIAN_POINT('',(-4.331749351536,-0.151118544845));
#542 = CARTESIAN_POINT('',(-4.315416668541,-0.152624686787));
#543 = CARTESIAN_POINT('',(-4.299223900413,-0.15415125225));
#544 = CARTESIAN_POINT('',(-4.283045940159,-0.155707062124));
#545 = CARTESIAN_POINT('',(-4.266915511556,-0.157286355175));
#546 = CARTESIAN_POINT('',(-4.250824752958,-0.15888720583));
#547 = CARTESIAN_POINT('',(-4.23477681127,-0.160506740202));
#548 = CARTESIAN_POINT('',(-4.218771980304,-0.162142425376));
#549 = CARTESIAN_POINT('',(-4.202811380353,-0.163791730502));
#550 = CARTESIAN_POINT('',(-4.186895939894,-0.165452223325));
#551 = CARTESIAN_POINT('',(-4.171026638179,-0.167121549247));
#552 = CARTESIAN_POINT('',(-4.155204411933,-0.168797441096));
#553 = CARTESIAN_POINT('',(-4.13943015388,-0.170477719931));
#554 = CARTESIAN_POINT('',(-4.123704688371,-0.172160297552));
#555 = CARTESIAN_POINT('',(-4.108028754743,-0.173843177886));
#556 = CARTESIAN_POINT('',(-4.092402990113,-0.175524458029));
#557 = CARTESIAN_POINT('',(-4.076827913751,-0.177202328782));
#558 = CARTESIAN_POINT('',(-4.061303912377,-0.17887507474));
#559 = CARTESIAN_POINT('',(-4.045831226496,-0.180541073952));
#560 = CARTESIAN_POINT('',(-4.030409937692,-0.182198797177));
#561 = CARTESIAN_POINT('',(-4.015039956848,-0.183846806759));
#562 = CARTESIAN_POINT('',(-3.999721013255,-0.185483755143));
#563 = CARTESIAN_POINT('',(-3.984452644595,-0.187108383041));
#564 = CARTESIAN_POINT('',(-3.969234187756,-0.188719517293));
#565 = CARTESIAN_POINT('',(-3.954064770467,-0.19031606842));
#566 = CARTESIAN_POINT('',(-3.938943303725,-0.1918970279));
#567 = CARTESIAN_POINT('',(-3.923868474996,-0.193461465186));
#568 = CARTESIAN_POINT('',(-3.908838742164,-0.195008524486));
#569 = CARTESIAN_POINT('',(-3.89385232821,-0.196537421314));
#570 = CARTESIAN_POINT('',(-3.878907216597,-0.198047438846));
#571 = CARTESIAN_POINT('',(-3.864001147329,-0.199537924085));
#572 = CARTESIAN_POINT('',(-3.849131613659,-0.201008283855));
#573 = CARTESIAN_POINT('',(-3.834295859425,-0.20245798065));
#574 = CARTESIAN_POINT('',(-3.819490876954,-0.203886528342));
#575 = CARTESIAN_POINT('',(-3.804713405523,-0.205293487768));
#576 = CARTESIAN_POINT('',(-3.789959930306,-0.206678462215));
#577 = CARTESIAN_POINT('',(-3.775226681785,-0.208041092817));
#578 = CARTESIAN_POINT('',(-3.760509635546,-0.209381053872));
#579 = CARTESIAN_POINT('',(-3.745804512408,-0.2106980481));
#580 = CARTESIAN_POINT('',(-3.731106778861,-0.211991801854));
#581 = CARTESIAN_POINT('',(-3.716411647559,-0.213262060302));
#582 = CARTESIAN_POINT('',(-3.701714078457,-0.214508582553));
#583 = CARTESIAN_POINT('',(-3.687008778021,-0.215731136898));
#584 = CARTESIAN_POINT('',(-3.672290205748,-0.216929495613));
#585 = CARTESIAN_POINT('',(-3.657552553007,-0.218103431385));
#586 = CARTESIAN_POINT('',(-3.642789824399,-0.219252707771));
#587 = CARTESIAN_POINT('',(-3.627995535163,-0.220377092067));
#588 = CARTESIAN_POINT('',(-3.613163839717,-0.221476284679));
#589 = CARTESIAN_POINT('',(-3.598285316733,-0.222550160358));
#590 = CARTESIAN_POINT('',(-3.583423178413,-0.223593536389));
#591 = CARTESIAN_POINT('',(-3.568567625649,-0.224606692239));
#592 = CARTESIAN_POINT('',(-3.553720843274,-0.225589021836));
#593 = CARTESIAN_POINT('',(-3.538881813246,-0.226540178566));
#594 = CARTESIAN_POINT('',(-3.524050383105,-0.227459768016));
#595 = CARTESIAN_POINT('',(-3.509226175019,-0.228347429864));
#596 = CARTESIAN_POINT('',(-3.494408877336,-0.229202815509));
#597 = CARTESIAN_POINT('',(-3.479598165728,-0.230025593656));
#598 = CARTESIAN_POINT('',(-3.46479372362,-0.230815448424));
#599 = CARTESIAN_POINT('',(-3.44999523606,-0.231572079475));
#600 = CARTESIAN_POINT('',(-3.435202390738,-0.23229520161));
#601 = CARTESIAN_POINT('',(-3.420414877131,-0.232984544533));
#602 = CARTESIAN_POINT('',(-3.40563238618,-0.233639852576));
#603 = CARTESIAN_POINT('',(-3.390854609868,-0.234260884454));
#604 = CARTESIAN_POINT('',(-3.376081240854,-0.234847413026));
#605 = CARTESIAN_POINT('',(-3.361311972132,-0.235399225072));
#606 = CARTESIAN_POINT('',(-3.346546496708,-0.235916121075));
#607 = CARTESIAN_POINT('',(-3.33178450731,-0.236397915024));
#608 = CARTESIAN_POINT('',(-3.317025696116,-0.236844434221));
#609 = CARTESIAN_POINT('',(-3.302269754504,-0.237255519104));
#610 = CARTESIAN_POINT('',(-3.287516372824,-0.237631023082));
#611 = CARTESIAN_POINT('',(-3.272765240189,-0.237970812378));
#612 = CARTESIAN_POINT('',(-3.258016044262,-0.238274765893));
#613 = CARTESIAN_POINT('',(-3.243268471145,-0.238542775068));
#614 = CARTESIAN_POINT('',(-3.228522204966,-0.238774743772));
#615 = CARTESIAN_POINT('',(-3.213776928611,-0.238970588194));
#616 = CARTESIAN_POINT('',(-3.199032320266,-0.239130236746));
#617 = CARTESIAN_POINT('',(-3.184288065622,-0.239253629988));
#618 = CARTESIAN_POINT('',(-3.16954381163,-0.239340720529));
#619 = CARTESIAN_POINT('',(-3.154799338421,-0.239391473085));
#620 = CARTESIAN_POINT('',(-3.140053917041,-0.239405863992));
#621 = CARTESIAN_POINT('',(-3.125308766084,-0.239383882827));
#622 = CARTESIAN_POINT('',(-3.110564331203,-0.239325544175));
#623 = CARTESIAN_POINT('',(-3.095820076833,-0.239230873644));
#624 = CARTESIAN_POINT('',(-3.081075733626,-0.239099909083));
#625 = CARTESIAN_POINT('',(-3.066330964024,-0.238932700309));
#626 = CARTESIAN_POINT('',(-3.051585451686,-0.238729309254));
#627 = CARTESIAN_POINT('',(-3.036838877352,-0.238489810019));
#628 = CARTESIAN_POINT('',(-3.022090925122,-0.238214288958));
#629 = CARTESIAN_POINT('',(-3.007341280588,-0.237902844774));
#630 = CARTESIAN_POINT('',(-2.992589631133,-0.237555588632));
#631 = CARTESIAN_POINT('',(-2.977835665639,-0.237172644273));
#632 = CARTESIAN_POINT('',(-2.963079074334,-0.236754148148));
#633 = CARTESIAN_POINT('',(-2.948319548591,-0.236300249564));
#634 = CARTESIAN_POINT('',(-2.933556780711,-0.235811110835));
#635 = CARTESIAN_POINT('',(-2.918790463695,-0.235286907457));
#636 = CARTESIAN_POINT('',(-2.904020290985,-0.234727828279));
#637 = CARTESIAN_POINT('',(-2.889245956193,-0.2341340757));
#638 = CARTESIAN_POINT('',(-2.874467152801,-0.233505865874));
#639 = CARTESIAN_POINT('',(-2.859683573841,-0.23284342892));
#640 = CARTESIAN_POINT('',(-2.844894911542,-0.232147009154));
#641 = CARTESIAN_POINT('',(-2.83010085696,-0.231416865324));
#642 = CARTESIAN_POINT('',(-2.815301099572,-0.230653270866));
#643 = CARTESIAN_POINT('',(-2.800495326835,-0.229856514165));
#644 = CARTESIAN_POINT('',(-2.785683223769,-0.229026898831));
#645 = CARTESIAN_POINT('',(-2.770864472315,-0.228164743979));
#646 = CARTESIAN_POINT('',(-2.756038751375,-0.227270384561));
#647 = CARTESIAN_POINT('',(-2.741205734166,-0.226344171541));
#648 = CARTESIAN_POINT('',(-2.726365095481,-0.225386472745));
#649 = CARTESIAN_POINT('',(-2.71151648181,-0.224397671214));
#650 = CARTESIAN_POINT('',(-2.696659619941,-0.223378172951));
#651 = CARTESIAN_POINT('',(-2.681793908624,-0.222328379664));
#652 = CARTESIAN_POINT('',(-2.666919939307,-0.221248792201));
#653 = CARTESIAN_POINT('',(-2.652043785639,-0.220140357461));
#654 = CARTESIAN_POINT('',(-2.637161812497,-0.219003342733));
#655 = CARTESIAN_POINT('',(-2.622272566832,-0.217838175706));
#656 = CARTESIAN_POINT('',(-2.607374090929,-0.216645257514));
#657 = CARTESIAN_POINT('',(-2.592464645608,-0.215425015609));
#658 = CARTESIAN_POINT('',(-2.577542519613,-0.214177892407));
#659 = CARTESIAN_POINT('',(-2.562606083715,-0.212904351152));
#660 = CARTESIAN_POINT('',(-2.54765377912,-0.211604877205));
#661 = CARTESIAN_POINT('',(-2.532684123351,-0.210279980573));
#662 = CARTESIAN_POINT('',(-2.517695711337,-0.208930198132));
#663 = CARTESIAN_POINT('',(-2.502687217669,-0.207556095958));
#664 = CARTESIAN_POINT('',(-2.487657398454,-0.206158271648));
#665 = CARTESIAN_POINT('',(-2.472605093178,-0.204737356676));
#666 = CARTESIAN_POINT('',(-2.457529226495,-0.20329401875));
#667 = CARTESIAN_POINT('',(-2.442428809997,-0.201828964213));
#668 = CARTESIAN_POINT('',(-2.427302943857,-0.200342940406));
#669 = CARTESIAN_POINT('',(-2.412150818773,-0.198836738233));
#670 = CARTESIAN_POINT('',(-2.396971716764,-0.197311194092));
#671 = CARTESIAN_POINT('',(-2.381765016221,-0.195767194218));
#672 = CARTESIAN_POINT('',(-2.366530181135,-0.194205670153));
#673 = CARTESIAN_POINT('',(-2.356354600083,-0.19315364165));
#674 = CARTESIAN_POINT('',(-2.351261980099,-0.192625038345));
#675 = ( GEOMETRIC_REPRESENTATION_CONTEXT(2) 
PARAMETRIC_REPRESENTATION_CONTEXT() REPRESENTATION_CONTEXT('2D SPACE',''
  ) );
#676 = PCURVE('',#278,#677);
#677 = DEFINITIONAL_REPRESENTATION('',(#678),#836);
#678 = B_SPLINE_CURVE_WITH_KNOTS('',3,(#679,#680,#681,#682,#683,#684,
    #685,#686,#687,#688,#689,#690,#691,#692,#693,#694,#695,#696,#697,
    #698,#699,#700,#701,#702,#703,#704,#705,#706,#707,#708,#709,#710,
    #711,#712,#713,#714,#715,#716,#717,#718,#719,#720,#721,#722,#723,
    #724,#725,#726,#727,#728,#729,#730,#731,#732,#733,#734,#735,#736,
    #737,#738,#739,#740,#741,#742,#743,#744,#745,#746,#747,#748,#749,
    #750,#751,#752,#753,#754,#755,#756,#757,#758,#759,#760,#761,#762,
    #763,#764,#765,#766,#767,#768,#769,#770,#771,#772,#773,#774,#775,
    #776,#777,#778,#779,#780,#781,#782,#783,#784,#785,#786,#787,#788,
    #789,#790,#791,#792,#793,#794,#795,#796,#797,#798,#799,#800,#801,
    #802,#803,#804,#805,#806,#807,#808,#809,#810,#811,#812,#813,#814,
    #815,#816,#817,#818,#819,#820,#821,#822,#823,#824,#825,#826,#827,
    #828,#829,#830,#831,#832,#833,#834,#835),.UNSPECIFIED.,.F.,.F.,(4,1,
    1,1,1,1,1,1,1,1,1,1,1,1,1,1,1,1,1,1,1,1,1,1,1,1,1,1,1,1,1,1,1,1,1,1,
    1,1,1,1,1,1,1,1,1,1,1,1,1,1,1,1,1,1,1,1,1,1,1,1,1,1,1,1,1,1,1,1,1,1,
    1,1,1,1,1,1,1,1,1,1,1,1,1,1,1,1,1,1,1,1,1,1,1,1,1,1,1,1,1,1,1,1,1,1,
    1,1,1,1,1,1,1,1,1,1,1,1,1,1,1,1,1,1,1,1,1,1,1,1,1,1,1,1,1,1,1,1,1,1,
    1,1,1,1,1,1,1,1,1,1,1,1,1,1,1,1,4),(0.,9.911214228435E-03,
    1.982242845687E-02,2.973364268531E-02,3.964485691374E-02,
    4.955607114218E-02,5.946728537061E-02,6.937849959905E-02,
    7.928971382748E-02,8.920092805592E-02,9.911214228435E-02,
    0.109023356513,0.118934570741,0.12884578497,0.138756999198,
    0.148668213427,0.158579427655,0.168490641883,0.178401856112,
    0.18831307034,0.198224284569,0.208135498797,0.218046713026,
    0.227957927254,0.237869141482,0.247780355711,0.257691569939,
    0.267602784168,0.277513998396,0.287425212625,0.297336426853,
    0.307247641081,0.31715885531,0.327070069538,0.336981283767,
    0.346892497995,0.356803712224,0.366714926452,0.376626140681,
    0.386537354909,0.396448569137,0.406359783366,0.416270997594,
    0.426182211823,0.436093426051,0.44600464028,0.455915854508,
    0.465827068736,0.475738282965,0.485649497193,0.495560711422,
    0.50547192565,0.515383139879,0.525294354107,0.535205568336,
    0.545116782564,0.555027996792,0.564939211021,0.574850425249,
    0.584761639478,0.594672853706,0.604584067935,0.614495282163,
    0.624406496391,0.63431771062,0.644228924848,0.654140139077,
    0.664051353305,0.673962567534,0.683873781762,0.69378499599,
    0.703696210219,0.713607424447,0.723518638676,0.733429852904,
    0.743341067133,0.753252281361,0.76316349559,0.773074709818,
    0.782985924046,0.792897138275,0.802808352503,0.812719566732,
    0.82263078096,0.832541995189,0.842453209417,0.852364423645,
    0.862275637874,0.872186852102,0.882098066331,0.892009280559,
    0.901920494788,0.911831709016,0.921742923244,0.931654137473,
    0.941565351701,0.95147656593,0.961387780158,0.971298994387,
    0.981210208615,0.991121422844,1.001032637072,1.0109438513,
    1.020855065529,1.030766279757,1.040677493986,1.050588708214,
    1.060499922443,1.070411136671,1.080322350899,1.090233565128,
    1.100144779356,1.110055993585,1.119967207813,1.129878422042,
    1.13978963627,1.149700850498,1.159612064727,1.169523278955,
    1.179434493184,1.189345707412,1.199256921641,1.209168135869,
    1.219079350098,1.228990564326,1.238901778554,1.248812992783,
    1.258724207011,1.26863542124,1.278546635468,1.288457849697,
    1.298369063925,1.308280278153,1.318191492382,1.32810270661,
    1.338013920839,1.347925135067,1.357836349296,1.367747563524,
    1.377658777752,1.387569991981,1.397481206209,1.407392420438,
    1.417303634666,1.427214848895,1.437126063123,1.447037277352,
    1.45694849158,1.466859705808,1.476770920037,1.486682134265,
    1.496593348494,1.506504562722,1.516415776951,1.526326991179),
  .QUASI_UNIFORM_KNOTS.);
#679 = CARTESIAN_POINT('',(-5.297860749172,-2.288218707886E-18));
#680 = CARTESIAN_POINT('',(-5.297795435659,-1.243439109755E-03));
#681 = CARTESIAN_POINT('',(-5.297839283714,-3.724258775555E-03));
#682 = CARTESIAN_POINT('',(-5.298418871692,-7.425900835016E-03));
#683 = CARTESIAN_POINT('',(-5.29950294636,-1.110581537486E-02));
#684 = CARTESIAN_POINT('',(-5.301081198025,-1.476441137266E-02));
#685 = CARTESIAN_POINT('',(-5.303142784039,-1.840128001268E-02));
#686 = CARTESIAN_POINT('',(-5.305676185237,-2.201608204171E-02));
#687 = CARTESIAN_POINT('',(-5.308669224389,-2.560829680458E-02));
#688 = CARTESIAN_POINT('',(-5.312109044385,-2.91772778827E-02));
#689 = CARTESIAN_POINT('',(-5.315982099922,-3.272222816937E-02));
#690 = CARTESIAN_POINT('',(-5.320274147847,-3.624219812326E-02));
#691 = CARTESIAN_POINT('',(-5.324970239747,-3.973607940144E-02));
#692 = CARTESIAN_POINT('',(-5.330054715434,-4.32026013243E-02));
#693 = CARTESIAN_POINT('',(-5.335511197287,-4.664032816209E-02));
#694 = CARTESIAN_POINT('',(-5.341322585232,-5.004765783165E-02));
#695 = CARTESIAN_POINT('',(-5.347471051577,-5.342282165928E-02));
#696 = CARTESIAN_POINT('',(-5.353938037433,-5.676388599748E-02));
#697 = CARTESIAN_POINT('',(-5.360704242941,-6.006875288858E-02));
#698 = CARTESIAN_POINT('',(-5.367749639107,-6.333517021562E-02));
#699 = CARTESIAN_POINT('',(-5.37505339626,-6.656071238597E-02));
#700 = CARTESIAN_POINT('',(-5.382594119721,-6.974287692498E-02));
#701 = CARTESIAN_POINT('',(-5.390348933776,-7.287875442578E-02));
#702 = CARTESIAN_POINT('',(-5.398296857497,-7.596629669279E-02));
#703 = CARTESIAN_POINT('',(-5.406406155691,-7.899962628274E-02));
#704 = CARTESIAN_POINT('',(-5.414681486949,-8.19865897908E-02));
#705 = CARTESIAN_POINT('',(-5.423175378469,-8.494973896064E-02));
#706 = CARTESIAN_POINT('',(-5.43186152751,-8.788239704565E-02));
#707 = CARTESIAN_POINT('',(-5.440734230001,-9.078542960849E-02));
#708 = CARTESIAN_POINT('',(-5.449782538262,-9.365768389897E-02));
#709 = CARTESIAN_POINT('',(-5.45899721063,-9.649855856306E-02));
#710 = CARTESIAN_POINT('',(-5.468368872359,-9.930732232702E-02));
#711 = CARTESIAN_POINT('',(-5.477888529401,-0.102083303099));
#712 = CARTESIAN_POINT('',(-5.487547449787,-0.104825843172));
#713 = CARTESIAN_POINT('',(-5.497337212625,-0.107534316448));
#714 = CARTESIAN_POINT('',(-5.507249710444,-0.110208128416));
#715 = CARTESIAN_POINT('',(-5.517277162406,-0.112846720133));
#716 = CARTESIAN_POINT('',(-5.527412123056,-0.115449570555));
#717 = CARTESIAN_POINT('',(-5.537647490812,-0.118016198727));
#718 = CARTESIAN_POINT('',(-5.547976515156,-0.120546165468));
#719 = CARTESIAN_POINT('',(-5.558392802875,-0.123039074658));
#720 = CARTESIAN_POINT('',(-5.568890323338,-0.125494574121));
#721 = CARTESIAN_POINT('',(-5.579463412878,-0.127912356126));
#722 = CARTESIAN_POINT('',(-5.590106778333,-0.130292157516));
#723 = CARTESIAN_POINT('',(-5.600815499777,-0.132633759485));
#724 = CARTESIAN_POINT('',(-5.611585032506,-0.134936987014));
#725 = CARTESIAN_POINT('',(-5.622411208303,-0.137201707989));
#726 = CARTESIAN_POINT('',(-5.633290236023,-0.139427832001));
#727 = CARTESIAN_POINT('',(-5.644218701547,-0.14161530886));
#728 = CARTESIAN_POINT('',(-5.655193567126,-0.143764126824));
#729 = CARTESIAN_POINT('',(-5.666212170148,-0.145874310567));
#730 = CARTESIAN_POINT('',(-5.677272221378,-0.147945918892));
#731 = CARTESIAN_POINT('',(-5.688371802682,-0.149979042216));
#732 = CARTESIAN_POINT('',(-5.699509364282,-0.151973799825));
#733 = CARTESIAN_POINT('',(-5.710683721563,-0.153930336926));
#734 = CARTESIAN_POINT('',(-5.721894051479,-0.155848821508));
#735 = CARTESIAN_POINT('',(-5.73313988858,-0.157729441017));
#736 = CARTESIAN_POINT('',(-5.744421120701,-0.159572398874));
#737 = CARTESIAN_POINT('',(-5.755737984348,-0.161377910836));
#738 = CARTESIAN_POINT('',(-5.767091059831,-0.163146201224));
#739 = CARTESIAN_POINT('',(-5.778481266168,-0.164877499021));
#740 = CARTESIAN_POINT('',(-5.78990985583,-0.166572033871));
#741 = CARTESIAN_POINT('',(-5.801378409327,-0.168230031965));
#742 = CARTESIAN_POINT('',(-5.812888829841,-0.169851711868));
#743 = CARTESIAN_POINT('',(-5.824443337409,-0.171437280228));
#744 = CARTESIAN_POINT('',(-5.836044464763,-0.172986927574));
#745 = CARTESIAN_POINT('',(-5.847695047251,-0.174500823544));
#746 = CARTESIAN_POINT('',(-5.859398235454,-0.175979114044));
#747 = CARTESIAN_POINT('',(-5.871157423972,-0.177421911083));
#748 = CARTESIAN_POINT('',(-5.882976494359,-0.178829309842));
#749 = CARTESIAN_POINT('',(-5.89485888726,-0.180201304116));
#750 = CARTESIAN_POINT('',(-5.906811046035,-0.181538081098));
#751 = CARTESIAN_POINT('',(-5.918780896623,-0.182833544529));
#752 = CARTESIAN_POINT('',(-5.930774876298,-0.184088399654));
#753 = CARTESIAN_POINT('',(-5.942789882407,-0.185302228343));
#754 = CARTESIAN_POINT('',(-5.954825416529,-0.186474920545));
#755 = CARTESIAN_POINT('',(-5.966880328259,-0.187606290809));
#756 = CARTESIAN_POINT('',(-5.978953685581,-0.188696181112));
#757 = CARTESIAN_POINT('',(-5.991044539601,-0.189744433368));
#758 = CARTESIAN_POINT('',(-6.003151985586,-0.190750896856));
#759 = CARTESIAN_POINT('',(-6.015275144686,-0.191715426282));
#760 = CARTESIAN_POINT('',(-6.027413166954,-0.192637882346));
#761 = CARTESIAN_POINT('',(-6.039565228734,-0.193518131632));
#762 = CARTESIAN_POINT('',(-6.051730531599,-0.194356046668));
#763 = CARTESIAN_POINT('',(-6.063908300937,-0.195151505941));
#764 = CARTESIAN_POINT('',(-6.076097784671,-0.195904393914));
#765 = CARTESIAN_POINT('',(-6.088298252001,-0.196614601037));
#766 = CARTESIAN_POINT('',(-6.100508992175,-0.197282023753));
#767 = CARTESIAN_POINT('',(-6.112729313299,-0.197906564499));
#768 = CARTESIAN_POINT('',(-6.124958541167,-0.198488131703));
#769 = CARTESIAN_POINT('',(-6.137196018128,-0.199026639775));
#770 = CARTESIAN_POINT('',(-6.149441101969,-0.199522009094));
#771 = CARTESIAN_POINT('',(-6.161693164824,-0.199974165987));
#772 = CARTESIAN_POINT('',(-6.173951592092,-0.20038304271));
#773 = CARTESIAN_POINT('',(-6.186215781398,-0.200748577415));
#774 = CARTESIAN_POINT('',(-6.198485141487,-0.201070714117));
#775 = CARTESIAN_POINT('',(-6.210759091392,-0.20134940266));
#776 = CARTESIAN_POINT('',(-6.223037058667,-0.201584598667));
#777 = CARTESIAN_POINT('',(-6.235318481117,-0.201776263498));
#778 = CARTESIAN_POINT('',(-6.247602795485,-0.201924364197));
#779 = CARTESIAN_POINT('',(-6.259889474858,-0.202028873402));
#780 = CARTESIAN_POINT('',(-6.27217788423,-0.202089769428));
#781 = CARTESIAN_POINT('',(-6.284467814676,-0.202107035636));
#782 = CARTESIAN_POINT('',(-6.296757434589,-0.202080662493));
#783 = CARTESIAN_POINT('',(-6.309045556555,-0.202010662832));
#784 = CARTESIAN_POINT('',(-6.321331810187,-0.201897053735));
#785 = CARTESIAN_POINT('',(-6.333615601195,-0.201739858124));
#786 = CARTESIAN_POINT('',(-6.345896388994,-0.201539104424));
#787 = CARTESIAN_POINT('',(-6.358173611016,-0.20129482673));
#788 = CARTESIAN_POINT('',(-6.370446701699,-0.201007064838));
#789 = CARTESIAN_POINT('',(-6.382715086101,-0.2006758643));
#790 = CARTESIAN_POINT('',(-6.394978180313,-0.20030127647));
#791 = CARTESIAN_POINT('',(-6.407235390046,-0.199883358548));
#792 = CARTESIAN_POINT('',(-6.419486109695,-0.199422173615));
#793 = CARTESIAN_POINT('',(-6.431729721263,-0.198917790664));
#794 = CARTESIAN_POINT('',(-6.443965593306,-0.19837028463));
#795 = CARTESIAN_POINT('',(-6.456193079853,-0.197779736405));
#796 = CARTESIAN_POINT('',(-6.468411519309,-0.197146232862));
#797 = CARTESIAN_POINT('',(-6.480620233335,-0.196469866865));
#798 = CARTESIAN_POINT('',(-6.492818525704,-0.195750737272));
#799 = CARTESIAN_POINT('',(-6.505005681131,-0.194988948941));
#800 = CARTESIAN_POINT('',(-6.517180964071,-0.194184612727));
#801 = CARTESIAN_POINT('',(-6.529343617491,-0.193337845471));
#802 = CARTESIAN_POINT('',(-6.541492861598,-0.192448769989));
#803 = CARTESIAN_POINT('',(-6.553627892535,-0.191517515057));
#804 = CARTESIAN_POINT('',(-6.565747881048,-0.190544215381));
#805 = CARTESIAN_POINT('',(-6.577851971067,-0.189529011577));
#806 = CARTESIAN_POINT('',(-6.589939278399,-0.188472050126));
#807 = CARTESIAN_POINT('',(-6.602008888802,-0.187373483381));
#808 = CARTESIAN_POINT('',(-6.614059858155,-0.186233469351));
#809 = CARTESIAN_POINT('',(-6.62609120456,-0.185052172308));
#810 = CARTESIAN_POINT('',(-6.638101930345,-0.183829760276));
#811 = CARTESIAN_POINT('',(-6.650090932192,-0.182566414168));
#812 = CARTESIAN_POINT('',(-6.662057328575,-0.1812622934));
#813 = CARTESIAN_POINT('',(-6.673999229485,-0.179917663916));
#814 = CARTESIAN_POINT('',(-6.685910326533,-0.178533332648));
#815 = CARTESIAN_POINT('',(-6.697792061847,-0.177109241635));
#816 = CARTESIAN_POINT('',(-6.709644056377,-0.17564551315));
#817 = CARTESIAN_POINT('',(-6.721466268524,-0.174142215684));
#818 = CARTESIAN_POINT('',(-6.733258408293,-0.172599428592));
#819 = CARTESIAN_POINT('',(-6.745020086786,-0.171017226711));
#820 = CARTESIAN_POINT('',(-6.756750768642,-0.169395686428));
#821 = CARTESIAN_POINT('',(-6.768449777248,-0.167734885995));
#822 = CARTESIAN_POINT('',(-6.780116285772,-0.166034907388));
#823 = CARTESIAN_POINT('',(-6.791749311964,-0.164295837753));
#824 = CARTESIAN_POINT('',(-6.803347711918,-0.162517770962));
#825 = CARTESIAN_POINT('',(-6.81491017406,-0.160700809136));
#826 = CARTESIAN_POINT('',(-6.826435213036,-0.158845064186));
#827 = CARTESIAN_POINT('',(-6.837921163584,-0.15695065934));
#828 = CARTESIAN_POINT('',(-6.849366174308,-0.15501773068));
#829 = CARTESIAN_POINT('',(-6.860768201593,-0.153046428663));
#830 = CARTESIAN_POINT('',(-6.872125002748,-0.151036919709));
#831 = CARTESIAN_POINT('',(-6.883434131742,-0.148989387521));
#832 = CARTESIAN_POINT('',(-6.894692924978,-0.146904035413));
#833 = CARTESIAN_POINT('',(-6.905898523905,-0.144781084893));
#834 = CARTESIAN_POINT('',(-6.913331347819,-0.143340887092));
#835 = CARTESIAN_POINT('',(-6.91703785258,-0.142614604404));
#836 = ( GEOMETRIC_REPRESENTATION_CONTEXT(2) 
PARAMETRIC_REPRESENTATION_CONTEXT() REPRESENTATION_CONTEXT('2D SPACE',''
  ) );
#837 = ORIENTED_EDGE('',*,*,#21,.F.);
#838 = ORIENTED_EDGE('',*,*,#839,.T.);
#839 = EDGE_CURVE('',#22,#840,#842,.T.);
#840 = VERTEX_POINT('',#841);
#841 = CARTESIAN_POINT('',(0.75,0.1993,0.));
#842 = SEAM_CURVE('',#843,(#847,#854),.PCURVE_S1.);
#843 = LINE('',#844,#845);
#844 = CARTESIAN_POINT('',(0.,0.1993,0.));
#845 = VECTOR('',#846,1.);
#846 = DIRECTION('',(1.,0.,0.));
#847 = PCURVE('',#151,#848);
#848 = DEFINITIONAL_REPRESENTATION('',(#849),#853);
#849 = LINE('',#850,#851);
#850 = CARTESIAN_POINT('',(-0.,0.));
#851 = VECTOR('',#852,1.);
#852 = DIRECTION('',(-0.,-1.));
#853 = ( GEOMETRIC_REPRESENTATION_CONTEXT(2) 
PARAMETRIC_REPRESENTATION_CONTEXT() REPRESENTATION_CONTEXT('2D SPACE',''
  ) );
#854 = PCURVE('',#151,#855);
#855 = DEFINITIONAL_REPRESENTATION('',(#856),#860);
#856 = LINE('',#857,#858);
#857 = CARTESIAN_POINT('',(-6.28318530718,0.));
#858 = VECTOR('',#859,1.);
#859 = DIRECTION('',(-0.,-1.));
#860 = ( GEOMETRIC_REPRESENTATION_CONTEXT(2) 
PARAMETRIC_REPRESENTATION_CONTEXT() REPRESENTATION_CONTEXT('2D SPACE',''
  ) );
#861 = ORIENTED_EDGE('',*,*,#862,.T.);
#862 = EDGE_CURVE('',#840,#840,#863,.T.);
#863 = SURFACE_CURVE('',#864,(#869,#876),.PCURVE_S1.);
#864 = CIRCLE('',#865,0.2007);
#865 = AXIS2_PLACEMENT_3D('',#866,#867,#868);
#866 = CARTESIAN_POINT('',(0.75,-1.4E-03,0.));
#867 = DIRECTION('',(1.,0.,0.));
#868 = DIRECTION('',(0.,1.,0.));
#869 = PCURVE('',#151,#870);
#870 = DEFINITIONAL_REPRESENTATION('',(#871),#875);
#871 = LINE('',#872,#873);
#872 = CARTESIAN_POINT('',(-0.,-0.75));
#873 = VECTOR('',#874,1.);
#874 = DIRECTION('',(-1.,0.));
#875 = ( GEOMETRIC_REPRESENTATION_CONTEXT(2) 
PARAMETRIC_REPRESENTATION_CONTEXT() REPRESENTATION_CONTEXT('2D SPACE',''
  ) );
#876 = PCURVE('',#877,#882);
#877 = PLANE('',#878);
#878 = AXIS2_PLACEMENT_3D('',#879,#880,#881);
#879 = CARTESIAN_POINT('',(0.75,-1.4E-03,1.235273903049E-17));
#880 = DIRECTION('',(1.,0.,0.));
#881 = DIRECTION('',(-0.,0.,1.));
#882 = DEFINITIONAL_REPRESENTATION('',(#883),#887);
#883 = CIRCLE('',#884,0.2007);
#884 = AXIS2_PLACEMENT_2D('',#885,#886);
#885 = CARTESIAN_POINT('',(-1.235273903049E-17,-2.602085213965E-17));
#886 = DIRECTION('',(0.,-1.));
#887 = ( GEOMETRIC_REPRESENTATION_CONTEXT(2) 
PARAMETRIC_REPRESENTATION_CONTEXT() REPRESENTATION_CONTEXT('2D SPACE',''
  ) );
#888 = ORIENTED_EDGE('',*,*,#839,.F.);
#889 = ADVANCED_FACE('',(#890),#278,.T.);
#890 = FACE_BOUND('',#891,.F.);
#891 = EDGE_LOOP('',(#892,#893,#914));
#892 = ORIENTED_EDGE('',*,*,#257,.F.);
#893 = ORIENTED_EDGE('',*,*,#894,.F.);
#894 = EDGE_CURVE('',#380,#230,#895,.T.);
#895 = SURFACE_CURVE('',#896,(#901,#907),.PCURVE_S1.);
#896 = CIRCLE('',#897,0.2408);
#897 = AXIS2_PLACEMENT_3D('',#898,#899,#900);
#898 = CARTESIAN_POINT('',(-1.4E-03,0.,0.));
#899 = DIRECTION('',(0.,-1.,0.));
#900 = DIRECTION('',(1.,0.,0.));
#901 = PCURVE('',#278,#902);
#902 = DEFINITIONAL_REPRESENTATION('',(#903),#906);
#903 = B_SPLINE_CURVE_WITH_KNOTS('',1,(#904,#905),.UNSPECIFIED.,.F.,.F.,
  (2,2),(5.297860749172,6.28318530718),.PIECEWISE_BEZIER_KNOTS.);
#904 = CARTESIAN_POINT('',(-5.297860749172,0.));
#905 = CARTESIAN_POINT('',(-6.28318530718,0.));
#906 = ( GEOMETRIC_REPRESENTATION_CONTEXT(2) 
PARAMETRIC_REPRESENTATION_CONTEXT() REPRESENTATION_CONTEXT('2D SPACE',''
  ) );
#907 = PCURVE('',#394,#908);
#908 = DEFINITIONAL_REPRESENTATION('',(#909),#913);
#909 = CIRCLE('',#910,0.2408);
#910 = AXIS2_PLACEMENT_2D('',#911,#912);
#911 = CARTESIAN_POINT('',(1.235273903049E-17,2.602085213965E-17));
#912 = DIRECTION('',(0.,1.));
#913 = ( GEOMETRIC_REPRESENTATION_CONTEXT(2) 
PARAMETRIC_REPRESENTATION_CONTEXT() REPRESENTATION_CONTEXT('2D SPACE',''
  ) );
#914 = ORIENTED_EDGE('',*,*,#405,.T.);
#915 = ADVANCED_FACE('',(#916),#245,.F.);
#916 = FACE_BOUND('',#917,.F.);
#917 = EDGE_LOOP('',(#918,#946,#965,#966));
#918 = ORIENTED_EDGE('',*,*,#919,.F.);
#919 = EDGE_CURVE('',#920,#300,#922,.T.);
#920 = VERTEX_POINT('',#921);
#921 = CARTESIAN_POINT('',(0.1993,0.,0.));
#922 = SURFACE_CURVE('',#923,(#928,#935),.PCURVE_S1.);
#923 = CIRCLE('',#924,0.2007);
#924 = AXIS2_PLACEMENT_3D('',#925,#926,#927);
#925 = CARTESIAN_POINT('',(-1.4E-03,0.,0.));
#926 = DIRECTION('',(0.,0.,1.));
#927 = DIRECTION('',(1.,0.,0.));
#928 = PCURVE('',#245,#929);
#929 = DEFINITIONAL_REPRESENTATION('',(#930),#934);
#930 = CIRCLE('',#931,0.2007);
#931 = AXIS2_PLACEMENT_2D('',#932,#933);
#932 = CARTESIAN_POINT('',(2.602085213965E-17,-1.235273903049E-17));
#933 = DIRECTION('',(1.,0.));
#934 = ( GEOMETRIC_REPRESENTATION_CONTEXT(2) 
PARAMETRIC_REPRESENTATION_CONTEXT() REPRESENTATION_CONTEXT('2D SPACE',''
  ) );
#935 = PCURVE('',#936,#941);
#936 = CYLINDRICAL_SURFACE('',#937,0.2007);
#937 = AXIS2_PLACEMENT_3D('',#938,#939,#940);
#938 = CARTESIAN_POINT('',(-1.4E-03,0.,0.));
#939 = DIRECTION('',(-0.,-0.,-1.));
#940 = DIRECTION('',(1.,0.,0.));
#941 = DEFINITIONAL_REPRESENTATION('',(#942),#945);
#942 = B_SPLINE_CURVE_WITH_KNOTS('',1,(#943,#944),.UNSPECIFIED.,.F.,.F.,
  (2,2),(0.,1.452612483829),.PIECEWISE_BEZIER_KNOTS.);
#943 = CARTESIAN_POINT('',(-6.28318530718,0.));
#944 = CARTESIAN_POINT('',(-7.735797791009,0.));
#945 = ( GEOMETRIC_REPRESENTATION_CONTEXT(2) 
PARAMETRIC_REPRESENTATION_CONTEXT() REPRESENTATION_CONTEXT('2D SPACE',''
  ) );
#946 = ORIENTED_EDGE('',*,*,#947,.T.);
#947 = EDGE_CURVE('',#920,#230,#948,.T.);
#948 = SURFACE_CURVE('',#949,(#953,#959),.PCURVE_S1.);
#949 = LINE('',#950,#951);
#950 = CARTESIAN_POINT('',(-1.4E-03,0.,0.));
#951 = VECTOR('',#952,1.);
#952 = DIRECTION('',(1.,0.,0.));
#953 = PCURVE('',#245,#954);
#954 = DEFINITIONAL_REPRESENTATION('',(#955),#958);
#955 = B_SPLINE_CURVE_WITH_KNOTS('',1,(#956,#957),.UNSPECIFIED.,.F.,.F.,
  (2,2),(-0.2408,0.2408),.PIECEWISE_BEZIER_KNOTS.);
#956 = CARTESIAN_POINT('',(-0.2408,-1.235273903049E-17));
#957 = CARTESIAN_POINT('',(0.2408,-1.235273903049E-17));
#958 = ( GEOMETRIC_REPRESENTATION_CONTEXT(2) 
PARAMETRIC_REPRESENTATION_CONTEXT() REPRESENTATION_CONTEXT('2D SPACE',''
  ) );
#959 = PCURVE('',#394,#960);
#960 = DEFINITIONAL_REPRESENTATION('',(#961),#964);
#961 = B_SPLINE_CURVE_WITH_KNOTS('',1,(#962,#963),.UNSPECIFIED.,.F.,.F.,
  (2,2),(-0.2408,0.2408),.PIECEWISE_BEZIER_KNOTS.);
#962 = CARTESIAN_POINT('',(1.235273903049E-17,-0.2408));
#963 = CARTESIAN_POINT('',(1.235273903049E-17,0.2408));
#964 = ( GEOMETRIC_REPRESENTATION_CONTEXT(2) 
PARAMETRIC_REPRESENTATION_CONTEXT() REPRESENTATION_CONTEXT('2D SPACE',''
  ) );
#965 = ORIENTED_EDGE('',*,*,#229,.T.);
#966 = ORIENTED_EDGE('',*,*,#299,.F.);
#967 = ADVANCED_FACE('',(#968),#338,.F.);
#968 = FACE_BOUND('',#969,.T.);
#969 = EDGE_LOOP('',(#970,#994,#995,#1191,#1396));
#970 = ORIENTED_EDGE('',*,*,#971,.F.);
#971 = EDGE_CURVE('',#323,#972,#974,.T.);
#972 = VERTEX_POINT('',#973);
#973 = CARTESIAN_POINT('',(1.51788304148E-17,-5.065067289201E-15,
    0.200695117031));
#974 = SURFACE_CURVE('',#975,(#980,#987),.PCURVE_S1.);
#975 = CIRCLE('',#976,0.2007);
#976 = AXIS2_PLACEMENT_3D('',#977,#978,#979);
#977 = CARTESIAN_POINT('',(0.,-1.4E-03,0.));
#978 = DIRECTION('',(1.,0.,0.));
#979 = DIRECTION('',(0.,1.,0.));
#980 = PCURVE('',#338,#981);
#981 = DEFINITIONAL_REPRESENTATION('',(#982),#986);
#982 = LINE('',#983,#984);
#983 = CARTESIAN_POINT('',(-0.,0.));
#984 = VECTOR('',#985,1.);
#985 = DIRECTION('',(-1.,0.));
#986 = ( GEOMETRIC_REPRESENTATION_CONTEXT(2) 
PARAMETRIC_REPRESENTATION_CONTEXT() REPRESENTATION_CONTEXT('2D SPACE',''
  ) );
#987 = PCURVE('',#367,#988);
#988 = DEFINITIONAL_REPRESENTATION('',(#989),#993);
#989 = CIRCLE('',#990,0.2007);
#990 = AXIS2_PLACEMENT_2D('',#991,#992);
#991 = CARTESIAN_POINT('',(-1.235273903049E-17,-2.602085213965E-17));
#992 = DIRECTION('',(0.,-1.));
#993 = ( GEOMETRIC_REPRESENTATION_CONTEXT(2) 
PARAMETRIC_REPRESENTATION_CONTEXT() REPRESENTATION_CONTEXT('2D SPACE',''
  ) );
#994 = ORIENTED_EDGE('',*,*,#322,.T.);
#995 = ORIENTED_EDGE('',*,*,#996,.T.);
#996 = EDGE_CURVE('',#300,#997,#999,.T.);
#997 = VERTEX_POINT('',#998);
#998 = CARTESIAN_POINT('',(0.168433978,-0.106943492067,0.170707531416));
#999 = SURFACE_CURVE('',#1000,(#1045,#1118),.PCURVE_S1.);
#1000 = B_SPLINE_CURVE_WITH_KNOTS('',7,(#1001,#1002,#1003,#1004,#1005,
    #1006,#1007,#1008,#1009,#1010,#1011,#1012,#1013,#1014,#1015,#1016,
    #1017,#1018,#1019,#1020,#1021,#1022,#1023,#1024,#1025,#1026,#1027,
    #1028,#1029,#1030,#1031,#1032,#1033,#1034,#1035,#1036,#1037,#1038,
    #1039,#1040,#1041,#1042,#1043,#1044),.UNSPECIFIED.,.F.,.F.,(8,6,6,6,
    6,6,6,8),(0.,6.970004420897E-02,0.120511822866,0.228853003209,
    0.293305058968,0.599563165984,1.,1.364162763566),.UNSPECIFIED.);
#1001 = CARTESIAN_POINT('',(2.22643191324E-02,0.1993,-2.274147313516E-16
    ));
#1002 = CARTESIAN_POINT('',(2.22643191324E-02,0.1993,4.309489664655E-03)
  );
#1003 = CARTESIAN_POINT('',(2.317326924826E-02,0.199192237141,
    8.290005200822E-03));
#1004 = CARTESIAN_POINT('',(2.474357574649E-02,0.199005227788,
    1.211664932957E-02));
#1005 = CARTESIAN_POINT('',(2.674529310432E-02,0.198741747491,
    1.582952821469E-02));
#1006 = CARTESIAN_POINT('',(2.898966275647E-02,0.198409392738,
    1.940612388503E-02));
#1007 = CARTESIAN_POINT('',(3.134620215634E-02,0.198025639669,
    2.282014727785E-02));
#1008 = CARTESIAN_POINT('',(3.550816608381E-02,0.197285210137,
    2.846833507825E-02));
#1009 = CARTESIAN_POINT('',(3.733224161666E-02,0.196941962949,
    3.08286584793E-02));
#1010 = CARTESIAN_POINT('',(3.919358002922E-02,0.196570475889,
    3.31531290398E-02));
#1011 = CARTESIAN_POINT('',(4.107246739489E-02,0.196173437846,
    3.543677900368E-02));
#1012 = CARTESIAN_POINT('',(4.296123638893E-02,0.195752126553,
    3.768422515441E-02));
#1013 = CARTESIAN_POINT('',(4.486403609606E-02,0.19530512624,
    3.990950804414E-02));
#1014 = CARTESIAN_POINT('',(5.091723008461E-02,0.193807678183,
    4.688312412774E-02));
#1015 = CARTESIAN_POINT('',(5.517631629453E-02,0.192646195432,
    5.163942858254E-02));
#1016 = CARTESIAN_POINT('',(5.945886766874E-02,0.191355393111,
    5.632626819705E-02));
#1017 = CARTESIAN_POINT('',(6.36979044163E-02,0.189953325365,
    6.090292869863E-02));
#1018 = CARTESIAN_POINT('',(6.787777918467E-02,0.188451132036,
    6.537185131685E-02));
#1019 = CARTESIAN_POINT('',(7.20337172524E-02,0.186839132477,
    6.978089254186E-02));
#1020 = CARTESIAN_POINT('',(7.875439853151E-02,0.184019435728,
    7.686488782178E-02));
#1021 = CARTESIAN_POINT('',(8.125044312194E-02,0.182925610071,
    7.948582451266E-02));
#1022 = CARTESIAN_POINT('',(8.37341521436E-02,0.181789994266,
    8.208527995958E-02));
#1023 = CARTESIAN_POINT('',(8.620408886865E-02,0.180612888986,
    8.466306927066E-02));
#1024 = CARTESIAN_POINT('',(8.865893893343E-02,0.179394609869,
    8.721890303171E-02));
#1025 = CARTESIAN_POINT('',(9.109751033842E-02,0.178135487522,
    8.975238730627E-02));
#1026 = CARTESIAN_POINT('',(0.105023707146,0.170660437458,0.104192863895
    ));
#1027 = CARTESIAN_POINT('',(0.116158250401,0.16355893235,0.115629929249)
  );
#1028 = CARTESIAN_POINT('',(0.126773030455,0.155577203993,0.126492220018
    ));
#1029 = CARTESIAN_POINT('',(0.136781188478,0.146769878283,0.136704641742
    ));
#1030 = CARTESIAN_POINT('',(0.146101542285,0.137190305076,0.146202941553
    ));
#1031 = CARTESIAN_POINT('',(0.154663312391,0.126902113905,0.154921537772
    ));
#1032 = CARTESIAN_POINT('',(0.172522880496,0.101676185127,0.173107756856
    ));
#1033 = CARTESIAN_POINT('',(0.181232973976,8.628784349837E-02,
    0.181976638513));
#1034 = CARTESIAN_POINT('',(0.188369247799,6.998691372561E-02,
    0.189256327316));
#1035 = CARTESIAN_POINT('',(0.193808624963,5.298124912121E-02,
    0.194829077667));
#1036 = CARTESIAN_POINT('',(0.197467311741,3.549403015953E-02,
    0.198614661404));
#1037 = CARTESIAN_POINT('',(0.1993,1.775592034384E-02,0.200571256078));
#1038 = CARTESIAN_POINT('',(0.1993,-1.614747813586E-02,0.200807757885));
#1039 = CARTESIAN_POINT('',(0.197784266616,-3.229083896687E-02,
    0.199404563225));
#1040 = CARTESIAN_POINT('',(0.194754415264,-4.825483921722E-02,
    0.196489337295));
#1041 = CARTESIAN_POINT('',(0.190237999925,-6.386583411649E-02,
    0.192092231233));
#1042 = CARTESIAN_POINT('',(0.18428875002,-7.895482893207E-02,
    0.186269614375));
#1043 = CARTESIAN_POINT('',(0.176986095347,-9.336211530637E-02,
    0.179104500767));
#1044 = CARTESIAN_POINT('',(0.168433979048,-0.106943492399,
    0.170707530885));
#1045 = PCURVE('',#338,#1046);
#1046 = DEFINITIONAL_REPRESENTATION('',(#1047),#1117);
#1047 = B_SPLINE_CURVE_WITH_KNOTS('',3,(#1048,#1049,#1050,#1051,#1052,
    #1053,#1054,#1055,#1056,#1057,#1058,#1059,#1060,#1061,#1062,#1063,
    #1064,#1065,#1066,#1067,#1068,#1069,#1070,#1071,#1072,#1073,#1074,
    #1075,#1076,#1077,#1078,#1079,#1080,#1081,#1082,#1083,#1084,#1085,
    #1086,#1087,#1088,#1089,#1090,#1091,#1092,#1093,#1094,#1095,#1096,
    #1097,#1098,#1099,#1100,#1101,#1102,#1103,#1104,#1105,#1106,#1107,
    #1108,#1109,#1110,#1111,#1112,#1113,#1114,#1115,#1116),
  .UNSPECIFIED.,.F.,.F.,(4,1,1,1,1,1,1,1,1,1,1,1,1,1,1,1,1,1,1,1,1,1,1,1
    ,1,1,1,1,1,1,1,1,1,1,1,1,1,1,1,1,1,1,1,1,1,1,1,1,1,1,1,1,1,1,1,1,1,1
    ,1,1,1,1,1,1,1,1,4),(0.,2.06691327813E-02,4.13382655626E-02,
    6.200739834391E-02,8.267653112521E-02,0.103345663907,0.124014796688,
    0.144683929469,0.16535306225,0.186022195032,0.206691327813,
    0.227360460594,0.248029593376,0.268698726157,0.289367858938,
    0.31003699172,0.330706124501,0.351375257282,0.372044390063,
    0.392713522845,0.413382655626,0.434051788407,0.454720921189,
    0.47539005397,0.496059186751,0.516728319533,0.537397452314,
    0.558066585095,0.578735717876,0.599404850658,0.620073983439,
    0.64074311622,0.661412249002,0.682081381783,0.702750514564,
    0.723419647346,0.744088780127,0.764757912908,0.785427045689,
    0.806096178471,0.826765311252,0.847434444033,0.868103576815,
    0.888772709596,0.909441842377,0.930110975159,0.95078010794,
    0.971449240721,0.992118373503,1.012787506284,1.033456639065,
    1.054125771846,1.074794904628,1.095464037409,1.11613317019,
    1.136802302972,1.157471435753,1.178140568534,1.198809701316,
    1.219478834097,1.240147966878,1.260817099659,1.281486232441,
    1.302155365222,1.322824498003,1.343493630785,1.364162763566),
  .QUASI_UNIFORM_KNOTS.);
#1048 = CARTESIAN_POINT('',(0.,-2.22643191324E-02));
#1049 = CARTESIAN_POINT('',(-1.468376366709E-02,-2.228594021E-02));
#1050 = CARTESIAN_POINT('',(-4.274215734359E-02,-2.336904755793E-02));
#1051 = CARTESIAN_POINT('',(-8.151191978982E-02,-2.711609910404E-02));
#1052 = CARTESIAN_POINT('',(-0.117920902858,-3.185523653231E-02));
#1053 = CARTESIAN_POINT('',(-0.151709989988,-3.692200375885E-02));
#1054 = CARTESIAN_POINT('',(-0.18479024158,-4.226736706687E-02));
#1055 = CARTESIAN_POINT('',(-0.216945010475,-4.769904225862E-02));
#1056 = CARTESIAN_POINT('',(-0.249416514548,-5.332922856069E-02));
#1057 = CARTESIAN_POINT('',(-0.281635342794,-5.900208551603E-02));
#1058 = CARTESIAN_POINT('',(-0.313468136107,-6.46488733919E-02));
#1059 = CARTESIAN_POINT('',(-0.34493985559,-7.024332425122E-02));
#1060 = CARTESIAN_POINT('',(-0.376462394276,-7.583637094033E-02));
#1061 = CARTESIAN_POINT('',(-0.408319895664,-8.145983509235E-02));
#1062 = CARTESIAN_POINT('',(-0.439995111595,-8.700729334202E-02));
#1063 = CARTESIAN_POINT('',(-0.471646970596,-9.249437763126E-02));
#1064 = CARTESIAN_POINT('',(-0.503258647063,-9.790744336434E-02));
#1065 = CARTESIAN_POINT('',(-0.534867076076,-0.103243297715));
#1066 = CARTESIAN_POINT('',(-0.56646513825,-0.108492057258));
#1067 = CARTESIAN_POINT('',(-0.598057092313,-0.113646531106));
#1068 = CARTESIAN_POINT('',(-0.629644500238,-0.118699646822));
#1069 = CARTESIAN_POINT('',(-0.661230001528,-0.12364498724));
#1070 = CARTESIAN_POINT('',(-0.692816274221,-0.128476520707));
#1071 = CARTESIAN_POINT('',(-0.724406263418,-0.133188571594));
#1072 = CARTESIAN_POINT('',(-0.756003058461,-0.137775747824));
#1073 = CARTESIAN_POINT('',(-0.787609861005,-0.142232898215));
#1074 = CARTESIAN_POINT('',(-0.81922994551,-0.146555078322));
#1075 = CARTESIAN_POINT('',(-0.850866617433,-0.15073752387));
#1076 = CARTESIAN_POINT('',(-0.882523300349,-0.154775643368));
#1077 = CARTESIAN_POINT('',(-0.914203273967,-0.158664971084));
#1078 = CARTESIAN_POINT('',(-0.945910892536,-0.162401290708));
#1079 = CARTESIAN_POINT('',(-0.977647486645,-0.165980133838));
#1080 = CARTESIAN_POINT('',(-1.009408151898,-0.169396558792));
#1081 = CARTESIAN_POINT('',(-1.041191655435,-0.172646276681));
#1082 = CARTESIAN_POINT('',(-1.072995954429,-0.175725130366));
#1083 = CARTESIAN_POINT('',(-1.104819386018,-0.178629232276));
#1084 = CARTESIAN_POINT('',(-1.136660338641,-0.18135492583));
#1085 = CARTESIAN_POINT('',(-1.168517330828,-0.183898794231));
#1086 = CARTESIAN_POINT('',(-1.200388981045,-0.186257656678));
#1087 = CARTESIAN_POINT('',(-1.232274006691,-0.188428568068));
#1088 = CARTESIAN_POINT('',(-1.264171214995,-0.190408817869));
#1089 = CARTESIAN_POINT('',(-1.296079495573,-0.19219592933));
#1090 = CARTESIAN_POINT('',(-1.32799781185,-0.193787658713));
#1091 = CARTESIAN_POINT('',(-1.359925191939,-0.195181994638));
#1092 = CARTESIAN_POINT('',(-1.391860718716,-0.196377157483));
#1093 = CARTESIAN_POINT('',(-1.423803519064,-0.197371598966));
#1094 = CARTESIAN_POINT('',(-1.455752752368,-0.198164001512));
#1095 = CARTESIAN_POINT('',(-1.487707597817,-0.198753278792));
#1096 = CARTESIAN_POINT('',(-1.519667242326,-0.19913857234));
#1097 = CARTESIAN_POINT('',(-1.551630862557,-0.199319263225));
#1098 = CARTESIAN_POINT('',(-1.583597625781,-0.199294927944));
#1099 = CARTESIAN_POINT('',(-1.615552034263,-0.199065557137));
#1100 = CARTESIAN_POINT('',(-1.647495677651,-0.198631487867));
#1101 = CARTESIAN_POINT('',(-1.679427040626,-0.197993255956));
#1102 = CARTESIAN_POINT('',(-1.711345407226,-0.197151631291));
#1103 = CARTESIAN_POINT('',(-1.743249794778,-0.19610760837));
#1104 = CARTESIAN_POINT('',(-1.775139220478,-0.194862408686));
#1105 = CARTESIAN_POINT('',(-1.807012611564,-0.193417479787));
#1106 = CARTESIAN_POINT('',(-1.838868811496,-0.191774495076));
#1107 = CARTESIAN_POINT('',(-1.870706560683,-0.18993535326));
#1108 = CARTESIAN_POINT('',(-1.902524484086,-0.187902177733));
#1109 = CARTESIAN_POINT('',(-1.934321076704,-0.185677315867));
#1110 = CARTESIAN_POINT('',(-1.966094689302,-0.18326333801));
#1111 = CARTESIAN_POINT('',(-1.997843512555,-0.180663037029));
#1112 = CARTESIAN_POINT('',(-2.029565563167,-0.177879425245));
#1113 = CARTESIAN_POINT('',(-2.061258658049,-0.17491574054));
#1114 = CARTESIAN_POINT('',(-2.092920427198,-0.171775417664));
#1115 = CARTESIAN_POINT('',(-2.114005592483,-0.169566598445));
#1116 = CARTESIAN_POINT('',(-2.124542071174,-0.168433979048));
#1117 = ( GEOMETRIC_REPRESENTATION_CONTEXT(2) 
PARAMETRIC_REPRESENTATION_CONTEXT() REPRESENTATION_CONTEXT('2D SPACE',''
  ) );
#1118 = PCURVE('',#936,#1119);
#1119 = DEFINITIONAL_REPRESENTATION('',(#1120),#1190);
#1120 = B_SPLINE_CURVE_WITH_KNOTS('',3,(#1121,#1122,#1123,#1124,#1125,
    #1126,#1127,#1128,#1129,#1130,#1131,#1132,#1133,#1134,#1135,#1136,
    #1137,#1138,#1139,#1140,#1141,#1142,#1143,#1144,#1145,#1146,#1147,
    #1148,#1149,#1150,#1151,#1152,#1153,#1154,#1155,#1156,#1157,#1158,
    #1159,#1160,#1161,#1162,#1163,#1164,#1165,#1166,#1167,#1168,#1169,
    #1170,#1171,#1172,#1173,#1174,#1175,#1176,#1177,#1178,#1179,#1180,
    #1181,#1182,#1183,#1184,#1185,#1186,#1187,#1188,#1189),
  .UNSPECIFIED.,.F.,.F.,(4,1,1,1,1,1,1,1,1,1,1,1,1,1,1,1,1,1,1,1,1,1,1,1
    ,1,1,1,1,1,1,1,1,1,1,1,1,1,1,1,1,1,1,1,1,1,1,1,1,1,1,1,1,1,1,1,1,1,1
    ,1,1,1,1,1,1,1,1,4),(0.,2.06691327813E-02,4.13382655626E-02,
    6.200739834391E-02,8.267653112521E-02,0.103345663907,0.124014796688,
    0.144683929469,0.16535306225,0.186022195032,0.206691327813,
    0.227360460594,0.248029593376,0.268698726157,0.289367858938,
    0.31003699172,0.330706124501,0.351375257282,0.372044390063,
    0.392713522845,0.413382655626,0.434051788407,0.454720921189,
    0.47539005397,0.496059186751,0.516728319533,0.537397452314,
    0.558066585095,0.578735717876,0.599404850658,0.620073983439,
    0.64074311622,0.661412249002,0.682081381783,0.702750514564,
    0.723419647346,0.744088780127,0.764757912908,0.785427045689,
    0.806096178471,0.826765311252,0.847434444033,0.868103576815,
    0.888772709596,0.909441842377,0.930110975159,0.95078010794,
    0.971449240721,0.992118373503,1.012787506284,1.033456639065,
    1.054125771846,1.074794904628,1.095464037409,1.11613317019,
    1.136802302972,1.157471435753,1.178140568534,1.198809701316,
    1.219478834097,1.240147966878,1.260817099659,1.281486232441,
    1.302155365222,1.322824498003,1.343493630785,1.364162763566),
  .QUASI_UNIFORM_KNOTS.);
#1121 = CARTESIAN_POINT('',(-7.735797791009,2.274147313516E-16));
#1122 = CARTESIAN_POINT('',(-7.735688587174,-2.947420612321E-03));
#1123 = CARTESIAN_POINT('',(-7.73025697675,-8.577924627804E-03));
#1124 = CARTESIAN_POINT('',(-7.711427458762,-1.634527908971E-02));
#1125 = CARTESIAN_POINT('',(-7.687535022659,-2.361671568532E-02));
#1126 = CARTESIAN_POINT('',(-7.661882978545,-3.033716040869E-02));
#1127 = CARTESIAN_POINT('',(-7.634680118834,-3.688319416707E-02));
#1128 = CARTESIAN_POINT('',(-7.606868206389,-4.320760775325E-02));
#1129 = CARTESIAN_POINT('',(-7.577832735021,-4.954919512904E-02));
#1130 = CARTESIAN_POINT('',(-7.548331600282,-5.578947529942E-02));
#1131 = CARTESIAN_POINT('',(-7.518690247585,-6.189809207872E-02));
#1132 = CARTESIAN_POINT('',(-7.48901881224,-6.787587026064E-02));
#1133 = CARTESIAN_POINT('',(-7.459016542261,-7.379630616679E-02));
#1134 = CARTESIAN_POINT('',(-7.428466768668,-7.970496907509E-02));
#1135 = CARTESIAN_POINT('',(-7.39790852583,-8.549942211087E-02));
#1136 = CARTESIAN_POINT('',(-7.367225966433,-9.120407249951E-02));
#1137 = CARTESIAN_POINT('',(-7.336460831825,-9.681025797591E-02));
#1138 = CARTESIAN_POINT('',(-7.305597904063,-0.102319179573));
#1139 = CARTESIAN_POINT('',(-7.274660034536,-0.10772411271));
#1140 = CARTESIAN_POINT('',(-7.243655975301,-0.113020492756));
#1141 = CARTESIAN_POINT('',(-7.212594552909,-0.118203345807));
#1142 = CARTESIAN_POINT('',(-7.181481611965,-0.123267972126));
#1143 = CARTESIAN_POINT('',(-7.150321443435,-0.12820975383));
#1144 = CARTESIAN_POINT('',(-7.119116895794,-0.133024194532));
#1145 = CARTESIAN_POINT('',(-7.087869738313,-0.137706895755));
#1146 = CARTESIAN_POINT('',(-7.056580872129,-0.142253550431));
#1147 = CARTESIAN_POINT('',(-7.025250500798,-0.146659934585));
#1148 = CARTESIAN_POINT('',(-6.993878272417,-0.150921899847));
#1149 = CARTESIAN_POINT('',(-6.962463277659,-0.155035382293));
#1150 = CARTESIAN_POINT('',(-6.931004387171,-0.158996370231));
#1151 = CARTESIAN_POINT('',(-6.899499130684,-0.162801052265));
#1152 = CARTESIAN_POINT('',(-6.867947832544,-0.166445324886));
#1153 = CARTESIAN_POINT('',(-6.836356736322,-0.169924533218));
#1154 = CARTESIAN_POINT('',(-6.80472829958,-0.173234661296));
#1155 = CARTESIAN_POINT('',(-6.773065631883,-0.176371793851));
#1156 = CARTESIAN_POINT('',(-6.741371337549,-0.179332262637));
#1157 = CARTESIAN_POINT('',(-6.709647854683,-0.182112609197));
#1158 = CARTESIAN_POINT('',(-6.677897390815,-0.18470959668));
#1159 = CARTESIAN_POINT('',(-6.646121964444,-0.187120208358));
#1160 = CARTESIAN_POINT('',(-6.614323416325,-0.189341649566));
#1161 = CARTESIAN_POINT('',(-6.582503427296,-0.191371348577));
#1162 = CARTESIAN_POINT('',(-6.550663533096,-0.193206957609));
#1163 = CARTESIAN_POINT('',(-6.51880513903,-0.194846353661));
#1164 = CARTESIAN_POINT('',(-6.486929534039,-0.196287639238));
#1165 = CARTESIAN_POINT('',(-6.455037904553,-0.197529142955));
#1166 = CARTESIAN_POINT('',(-6.423131348336,-0.198569420083));
#1167 = CARTESIAN_POINT('',(-6.391210888396,-0.199407252709));
#1168 = CARTESIAN_POINT('',(-6.359277487625,-0.200041650842));
#1169 = CARTESIAN_POINT('',(-6.327332062462,-0.200471849393));
#1170 = CARTESIAN_POINT('',(-6.295375502651,-0.200697320038));
#1171 = CARTESIAN_POINT('',(-6.263408671224,-0.200717726984));
#1172 = CARTESIAN_POINT('',(-6.231447066156,-0.200533135722));
#1173 = CARTESIAN_POINT('',(-6.199489067056,-0.200143972649));
#1174 = CARTESIAN_POINT('',(-6.167536122436,-0.199550863873));
#1175 = CARTESIAN_POINT('',(-6.135588844337,-0.198754672978));
#1176 = CARTESIAN_POINT('',(-6.103648072633,-0.197756491004));
#1177 = CARTESIAN_POINT('',(-6.07171460687,-0.196557639361));
#1178 = CARTESIAN_POINT('',(-6.039789294176,-0.19515966938));
#1179 = CARTESIAN_POINT('',(-6.007873020715,-0.193564362896));
#1180 = CARTESIAN_POINT('',(-5.97596672791,-0.191773732669));
#1181 = CARTESIAN_POINT('',(-5.94407142094,-0.189790022959));
#1182 = CARTESIAN_POINT('',(-5.912188178296,-0.187615710224));
#1183 = CARTESIAN_POINT('',(-5.880318160022,-0.18525350372));
#1184 = CARTESIAN_POINT('',(-5.848462615835,-0.182706346934));
#1185 = CARTESIAN_POINT('',(-5.816622891308,-0.17997741635));
#1186 = CARTESIAN_POINT('',(-5.784800439035,-0.177070130607));
#1187 = CARTESIAN_POINT('',(-5.752996809877,-0.173988121321));
#1188 = CARTESIAN_POINT('',(-5.731808082041,-0.171819605386));
#1189 = CARTESIAN_POINT('',(-5.721217418957,-0.170707530885));
#1190 = ( GEOMETRIC_REPRESENTATION_CONTEXT(2) 
PARAMETRIC_REPRESENTATION_CONTEXT() REPRESENTATION_CONTEXT('2D SPACE',''
  ) );
#1191 = ORIENTED_EDGE('',*,*,#1192,.F.);
#1192 = EDGE_CURVE('',#1193,#997,#1195,.T.);
#1193 = VERTEX_POINT('',#1194);
#1194 = CARTESIAN_POINT('',(0.131664307761,0.,0.200695117031));
#1195 = SURFACE_CURVE('',#1196,(#1259,#1325),.PCURVE_S1.);
#1196 = B_SPLINE_CURVE_WITH_KNOTS('',6,(#1197,#1198,#1199,#1200,#1201,
    #1202,#1203,#1204,#1205,#1206,#1207,#1208,#1209,#1210,#1211,#1212,
    #1213,#1214,#1215,#1216,#1217,#1218,#1219,#1220,#1221,#1222,#1223,
    #1224,#1225,#1226,#1227,#1228,#1229,#1230,#1231,#1232,#1233,#1234,
    #1235,#1236,#1237,#1238,#1239,#1240,#1241,#1242,#1243,#1244,#1245,
    #1246,#1247,#1248,#1249,#1250,#1251,#1252,#1253,#1254,#1255,#1256,
    #1257,#1258),.UNSPECIFIED.,.F.,.F.,(7,5,5,5,5,5,5,5,5,5,5,5,7),(0.,
    4.541191329302E-04,2.298950326436E-03,2.923346179838E-03,
    3.661264085628E-03,4.484321622742E-03,5.080326310445E-03,
    5.903377859425E-03,6.726427503098E-03,7.237285450075E-03,
    0.332502932029,0.805410290508,1.),.UNSPECIFIED.);
#1197 = CARTESIAN_POINT('',(0.131664314075,6.000000002115E-07,
    0.200695112844));
#1198 = CARTESIAN_POINT('',(0.131664160512,-1.398929785097E-05,
    0.200695214659));
#1199 = CARTESIAN_POINT('',(0.131664008868,-2.857862445222E-05,
    0.200695315202));
#1200 = CARTESIAN_POINT('',(0.131663859143,-4.316797935475E-05,
    0.200695414472));
#1201 = CARTESIAN_POINT('',(0.131663711337,-5.775736210972E-05,
    0.200695512469));
#1202 = CARTESIAN_POINT('',(0.13166356545,-7.234677226816E-05,
    0.200695609194));
#1203 = CARTESIAN_POINT('',(0.131662836621,-1.462049050378E-04,
    0.200696092415));
#1204 = CARTESIAN_POINT('',(0.131662283432,-2.054740455363E-04,
    0.200696459183));
#1205 = CARTESIAN_POINT('',(0.131661761916,-2.647436007772E-04,
    0.200696804948));
#1206 = CARTESIAN_POINT('',(0.131661272076,-3.240135406564E-04,
    0.20069712971));
#1207 = CARTESIAN_POINT('',(0.131660813912,-3.832838350648E-04,
    0.20069743347));
#1208 = CARTESIAN_POINT('',(0.131660243079,-4.62615004009E-04,
    0.200697811926));
#1209 = CARTESIAN_POINT('',(0.131660102361,-4.826755912926E-04,
    0.20069790522));
#1210 = CARTESIAN_POINT('',(0.131659965271,-5.027362145715E-04,
    0.200697996109));
#1211 = CARTESIAN_POINT('',(0.131659831811,-5.227968726779E-04,
    0.200698084591));
#1212 = CARTESIAN_POINT('',(0.131659701979,-5.428575644443E-04,
    0.200698170668));
#1213 = CARTESIAN_POINT('',(0.131659426629,-5.866262738744E-04,
    0.20069835322));
#1214 = CARTESIAN_POINT('',(0.13165928255,-6.103343044271E-04,
    0.200698448742));
#1215 = CARTESIAN_POINT('',(0.131659143539,-6.340423784335E-04,
    0.200698540903));
#1216 = CARTESIAN_POINT('',(0.131659009597,-6.577504939662E-04,
    0.200698629704));
#1217 = CARTESIAN_POINT('',(0.131658880724,-6.814586490975E-04,
    0.200698715144));
#1218 = CARTESIAN_POINT('',(0.131658618832,-7.316104430433E-04,
    0.200698888773));
#1219 = CARTESIAN_POINT('',(0.131658487049,-7.580540910519E-04,
    0.200698976142));
#1220 = CARTESIAN_POINT('',(0.131658361572,-7.84497783251E-04,
    0.200699059329));
#1221 = CARTESIAN_POINT('',(0.131658242402,-8.109415169655E-04,
    0.200699138336));
#1222 = CARTESIAN_POINT('',(0.131658129538,-8.373852895203E-04,
    0.200699213162));
#1223 = CARTESIAN_POINT('',(0.131657945817,-8.829779830352E-04,
    0.200699334964));
#1224 = CARTESIAN_POINT('',(0.131657871962,-9.021268867942E-04,
    0.200699383928));
#1225 = CARTESIAN_POINT('',(0.131657801413,-9.212758085014E-04,
    0.2006994307));
#1226 = CARTESIAN_POINT('',(0.131657734171,-9.404247471408E-04,
    0.200699475279));
#1227 = CARTESIAN_POINT('',(0.131657670236,-9.595737016967E-04,
    0.200699517666));
#1228 = CARTESIAN_POINT('',(0.131657525884,-1.005166404395E-03,
    0.200699613367));
#1229 = CARTESIAN_POINT('',(0.131657448466,-1.031610166053E-03,
    0.200699664693));
#1230 = CARTESIAN_POINT('',(0.131657377354,-1.058053953451E-03,
    0.200699711837));
#1231 = CARTESIAN_POINT('',(0.131657312549,-1.084497763913E-03,
    0.200699754801));
#1232 = CARTESIAN_POINT('',(0.131657254051,-1.110941594766E-03,
    0.200699793584));
#1233 = CARTESIAN_POINT('',(0.131657149666,-1.163829230683E-03,
    0.200699862787));
#1234 = CARTESIAN_POINT('',(0.131657103781,-1.190273035748E-03,
    0.200699893207));
#1235 = CARTESIAN_POINT('',(0.131657064202,-1.216716855851E-03,
    0.200699919447));
#1236 = CARTESIAN_POINT('',(0.131657030929,-1.243160688317E-03,
    0.200699941505));
#1237 = CARTESIAN_POINT('',(0.131657003963,-1.269604530471E-03,
    0.200699959383));
#1238 = CARTESIAN_POINT('',(0.131656970481,-1.312461788717E-03,
    0.200699981581));
#1239 = CARTESIAN_POINT('',(0.131656960087,-1.328875200498E-03,
    0.200699988471));
#1240 = CARTESIAN_POINT('',(0.131656952124,-1.345288614341E-03,
    0.200699993751));
#1241 = CARTESIAN_POINT('',(0.131656946589,-1.361702029606E-03,
    0.20069999742));
#1242 = CARTESIAN_POINT('',(0.131656943485,-1.378115445653E-03,
    0.200699999478));
#1243 = CARTESIAN_POINT('',(0.131656513098,-1.184502779384E-02,
    0.200700284809));
#1244 = CARTESIAN_POINT('',(0.132641017927,-2.217562363371E-02,
    0.200047515393));
#1245 = CARTESIAN_POINT('',(0.134568271241,-3.234762813261E-02,
    0.198770189625));
#1246 = CARTESIAN_POINT('',(0.137317280883,-4.230595089035E-02,
    0.196894690012));
#1247 = CARTESIAN_POINT('',(0.140687464403,-5.194033339339E-02,
    0.194468293916));
#1248 = CARTESIAN_POINT('',(0.149872544312,-7.438229810964E-02,
    0.187478068541));
#1249 = CARTESIAN_POINT('',(0.156231465619,-8.695922313658E-02,
    0.182346096483));
#1250 = CARTESIAN_POINT('',(0.163041928474,-9.878206655641E-02,
    0.176362160543));
#1251 = CARTESIAN_POINT('',(0.169940709938,-0.10980690205,0.169655789501
    ));
#1252 = CARTESIAN_POINT('',(0.176760931181,-0.120081410011,
    0.162333801104));
#1253 = CARTESIAN_POINT('',(0.186202359094,-0.133682427713,0.15102463299
    ));
#1254 = CARTESIAN_POINT('',(0.188922074387,-0.137524303054,
    0.147623406246));
#1255 = CARTESIAN_POINT('',(0.191599609637,-0.141242969399,0.14412198416
    ));
#1256 = CARTESIAN_POINT('',(0.194226516961,-0.144838030527,
    0.140524448647));
#1257 = CARTESIAN_POINT('',(0.196795417214,-0.148308790004,
    0.136834797162));
#1258 = CARTESIAN_POINT('',(0.1993,-0.151654251188,0.133056942697));
#1259 = PCURVE('',#338,#1260);
#1260 = DEFINITIONAL_REPRESENTATION('',(#1261),#1324);
#1261 = B_SPLINE_CURVE_WITH_KNOTS('',6,(#1262,#1263,#1264,#1265,#1266,
    #1267,#1268,#1269,#1270,#1271,#1272,#1273,#1274,#1275,#1276,#1277,
    #1278,#1279,#1280,#1281,#1282,#1283,#1284,#1285,#1286,#1287,#1288,
    #1289,#1290,#1291,#1292,#1293,#1294,#1295,#1296,#1297,#1298,#1299,
    #1300,#1301,#1302,#1303,#1304,#1305,#1306,#1307,#1308,#1309,#1310,
    #1311,#1312,#1313,#1314,#1315,#1316,#1317,#1318,#1319,#1320,#1321,
    #1322,#1323),.UNSPECIFIED.,.F.,.F.,(7,5,5,5,5,5,5,5,5,5,5,5,7),(0.,
    4.541191329302E-04,2.298950326436E-03,2.923346179838E-03,
    3.661264085628E-03,4.484321622742E-03,5.080326310445E-03,
    5.903377859425E-03,6.726427503098E-03,7.237285450075E-03,
    0.332502932029,0.805410290508,1.),.UNSPECIFIED.);
#1262 = CARTESIAN_POINT('',(-1.563817695163,-0.131664314075));
#1263 = CARTESIAN_POINT('',(-1.563890389,-0.131664160512));
#1264 = CARTESIAN_POINT('',(-1.563963082936,-0.131664008868));
#1265 = CARTESIAN_POINT('',(-1.56403577697,-0.131663859143));
#1266 = CARTESIAN_POINT('',(-1.564108471099,-0.131663711337));
#1267 = CARTESIAN_POINT('',(-1.564181165323,-0.13166356545));
#1268 = CARTESIAN_POINT('',(-1.564549175854,-0.131662836621));
#1269 = CARTESIAN_POINT('',(-1.564844493599,-0.131662283432));
#1270 = CARTESIAN_POINT('',(-1.565139812773,-0.131661761916));
#1271 = CARTESIAN_POINT('',(-1.565435133272,-0.131661272076));
#1272 = CARTESIAN_POINT('',(-1.565730454991,-0.131660813912));
#1273 = CARTESIAN_POINT('',(-1.56612573188,-0.131660243079));
#1274 = CARTESIAN_POINT('',(-1.566225686061,-0.131660102361));
#1275 = CARTESIAN_POINT('',(-1.566325640366,-0.131659965271));
#1276 = CARTESIAN_POINT('',(-1.56642559479,-0.131659831811));
#1277 = CARTESIAN_POINT('',(-1.566525549331,-0.131659701979));
#1278 = CARTESIAN_POINT('',(-1.566743631494,-0.131659426629));
#1279 = CARTESIAN_POINT('',(-1.566861759161,-0.13165928255));
#1280 = CARTESIAN_POINT('',(-1.566979886978,-0.131659143539));
#1281 = CARTESIAN_POINT('',(-1.567098014937,-0.131659009597));
#1282 = CARTESIAN_POINT('',(-1.567216143033,-0.131658880724));
#1283 = CARTESIAN_POINT('',(-1.567466028905,-0.131658618832));
#1284 = CARTESIAN_POINT('',(-1.567597786713,-0.131658487049));
#1285 = CARTESIAN_POINT('',(-1.567729544673,-0.131658361572));
#1286 = CARTESIAN_POINT('',(-1.567861302775,-0.131658242402));
#1287 = CARTESIAN_POINT('',(-1.567993061012,-0.131658129538));
#1288 = CARTESIAN_POINT('',(-1.568220230201,-0.131657945817));
#1289 = CARTESIAN_POINT('',(-1.568315641094,-0.131657871962));
#1290 = CARTESIAN_POINT('',(-1.568411052049,-0.131657801413));
#1291 = CARTESIAN_POINT('',(-1.568506463062,-0.131657734171));
#1292 = CARTESIAN_POINT('',(-1.56860187413,-0.131657670236));
#1293 = CARTESIAN_POINT('',(-1.568829043054,-0.131657525884));
#1294 = CARTESIAN_POINT('',(-1.568960800957,-0.131657448466));
#1295 = CARTESIAN_POINT('',(-1.569092558949,-0.131657377354));
#1296 = CARTESIAN_POINT('',(-1.56922431702,-0.131657312549));
#1297 = CARTESIAN_POINT('',(-1.569356075162,-0.131657254051));
#1298 = CARTESIAN_POINT('',(-1.569619591261,-0.131657149666));
#1299 = CARTESIAN_POINT('',(-1.569751349219,-0.131657103781));
#1300 = CARTESIAN_POINT('',(-1.56988310723,-0.131657064202));
#1301 = CARTESIAN_POINT('',(-1.570014865282,-0.131657030929));
#1302 = CARTESIAN_POINT('',(-1.570146623368,-0.131657003963));
#1303 = CARTESIAN_POINT('',(-1.570360162302,-0.131656970481));
#1304 = CARTESIAN_POINT('',(-1.570441943135,-0.131656960087));
#1305 = CARTESIAN_POINT('',(-1.570523723975,-0.131656952124));
#1306 = CARTESIAN_POINT('',(-1.57060550482,-0.131656946589));
#1307 = CARTESIAN_POINT('',(-1.570687285667,-0.131656943485));
#1308 = CARTESIAN_POINT('',(-1.622839315324,-0.131656513098));
#1309 = CARTESIAN_POINT('',(-1.674311914445,-0.132641017927));
#1310 = CARTESIAN_POINT('',(-1.725249227758,-0.134568271241));
#1311 = CARTESIAN_POINT('',(-1.775597820067,-0.137317280883));
#1312 = CARTESIAN_POINT('',(-1.825025007378,-0.140687464403));
#1313 = CARTESIAN_POINT('',(-1.942142224955,-0.149872544312));
#1314 = CARTESIAN_POINT('',(-2.009577741381,-0.156231465619));
#1315 = CARTESIAN_POINT('',(-2.075283227065,-0.163041928474));
#1316 = CARTESIAN_POINT('',(-2.139317475522,-0.169940709938));
#1317 = CARTESIAN_POINT('',(-2.202007000703,-0.176760931181));
#1318 = CARTESIAN_POINT('',(-2.290141303941,-0.186202359094));
#1319 = CARTESIAN_POINT('',(-2.315695214181,-0.188922074387));
#1320 = CARTESIAN_POINT('',(-2.341126622413,-0.191599609637));
#1321 = CARTESIAN_POINT('',(-2.366450097146,-0.194226516961));
#1322 = CARTESIAN_POINT('',(-2.391678148253,-0.196795417214));
#1323 = CARTESIAN_POINT('',(-2.416821226969,-0.1993));
#1324 = ( GEOMETRIC_REPRESENTATION_CONTEXT(2) 
PARAMETRIC_REPRESENTATION_CONTEXT() REPRESENTATION_CONTEXT('2D SPACE',''
  ) );
#1325 = PCURVE('',#1326,#1331);
#1326 = CYLINDRICAL_SURFACE('',#1327,0.2408);
#1327 = AXIS2_PLACEMENT_3D('',#1328,#1329,#1330);
#1328 = CARTESIAN_POINT('',(-1.4E-03,0.,0.));
#1329 = DIRECTION('',(-0.,1.,-0.));
#1330 = DIRECTION('',(1.,0.,0.));
#1331 = DEFINITIONAL_REPRESENTATION('',(#1332),#1395);
#1332 = B_SPLINE_CURVE_WITH_KNOTS('',6,(#1333,#1334,#1335,#1336,#1337,
    #1338,#1339,#1340,#1341,#1342,#1343,#1344,#1345,#1346,#1347,#1348,
    #1349,#1350,#1351,#1352,#1353,#1354,#1355,#1356,#1357,#1358,#1359,
    #1360,#1361,#1362,#1363,#1364,#1365,#1366,#1367,#1368,#1369,#1370,
    #1371,#1372,#1373,#1374,#1375,#1376,#1377,#1378,#1379,#1380,#1381,
    #1382,#1383,#1384,#1385,#1386,#1387,#1388,#1389,#1390,#1391,#1392,
    #1393,#1394),.UNSPECIFIED.,.F.,.F.,(7,5,5,5,5,5,5,5,5,5,5,5,7),(0.,
    4.541191329302E-04,2.298950326436E-03,2.923346179838E-03,
    3.661264085628E-03,4.484321622742E-03,5.080326310445E-03,
    5.903377859425E-03,6.726427503098E-03,7.237285450075E-03,
    0.332502932029,0.805410290508,1.),.UNSPECIFIED.);
#1333 = CARTESIAN_POINT('',(-0.985324526547,6.000000001283E-07));
#1334 = CARTESIAN_POINT('',(-0.985325291703,-1.398929785105E-05));
#1335 = CARTESIAN_POINT('',(-0.985326047297,-2.857862445223E-05));
#1336 = CARTESIAN_POINT('',(-0.985326793329,-4.316797935472E-05));
#1337 = CARTESIAN_POINT('',(-0.985327529798,-5.775736210968E-05));
#1338 = CARTESIAN_POINT('',(-0.985328256705,-7.234677226816E-05));
#1339 = CARTESIAN_POINT('',(-0.985331888216,-1.462049050378E-04));
#1340 = CARTESIAN_POINT('',(-0.985334644567,-2.054740455363E-04));
#1341 = CARTESIAN_POINT('',(-0.985337243094,-2.647436007772E-04));
#1342 = CARTESIAN_POINT('',(-0.98533968379,-3.240135406564E-04));
#1343 = CARTESIAN_POINT('',(-0.98534196665,-3.832838350648E-04));
#1344 = CARTESIAN_POINT('',(-0.985344810893,-4.62615004009E-04));
#1345 = CARTESIAN_POINT('',(-0.985345512038,-4.826755912926E-04));
#1346 = CARTESIAN_POINT('',(-0.985346195102,-5.027362145715E-04));
#1347 = CARTESIAN_POINT('',(-0.985346860083,-5.227968726779E-04));
#1348 = CARTESIAN_POINT('',(-0.985347506983,-5.428575644443E-04));
#1349 = CARTESIAN_POINT('',(-0.985348878945,-5.866262738744E-04));
#1350 = CARTESIAN_POINT('',(-0.985349596833,-6.103343044271E-04));
#1351 = CARTESIAN_POINT('',(-0.985350289467,-6.340423784335E-04));
#1352 = CARTESIAN_POINT('',(-0.985350956845,-6.577504939662E-04));
#1353 = CARTESIAN_POINT('',(-0.985351598967,-6.814586490975E-04));
#1354 = CARTESIAN_POINT('',(-0.985352903871,-7.316104430433E-04));
#1355 = CARTESIAN_POINT('',(-0.98535356049,-7.580540910519E-04));
#1356 = CARTESIAN_POINT('',(-0.985354185687,-7.84497783251E-04));
#1357 = CARTESIAN_POINT('',(-0.985354779464,-8.109415169655E-04));
#1358 = CARTESIAN_POINT('',(-0.985355341819,-8.373852895203E-04));
#1359 = CARTESIAN_POINT('',(-0.985356257221,-8.829779830352E-04));
#1360 = CARTESIAN_POINT('',(-0.985356625212,-9.021268867942E-04));
#1361 = CARTESIAN_POINT('',(-0.985356976726,-9.212758085014E-04));
#1362 = CARTESIAN_POINT('',(-0.985357311764,-9.404247471408E-04));
#1363 = CARTESIAN_POINT('',(-0.985357630325,-9.595737016967E-04));
#1364 = CARTESIAN_POINT('',(-0.98535834957,-1.005166404395E-03));
#1365 = CARTESIAN_POINT('',(-0.985358735311,-1.031610166053E-03));
#1366 = CARTESIAN_POINT('',(-0.985359089629,-1.058053953451E-03));
#1367 = CARTESIAN_POINT('',(-0.985359412524,-1.084497763913E-03));
#1368 = CARTESIAN_POINT('',(-0.985359703998,-1.110941594766E-03));
#1369 = CARTESIAN_POINT('',(-0.985360224098,-1.163829230683E-03));
#1370 = CARTESIAN_POINT('',(-0.985360452726,-1.190273035748E-03));
#1371 = CARTESIAN_POINT('',(-0.985360649931,-1.216716855851E-03));
#1372 = CARTESIAN_POINT('',(-0.985360815714,-1.243160688317E-03));
#1373 = CARTESIAN_POINT('',(-0.985360950073,-1.269604530471E-03));
#1374 = CARTESIAN_POINT('',(-0.985361116902,-1.312461788717E-03));
#1375 = CARTESIAN_POINT('',(-0.985361168688,-1.328875200498E-03));
#1376 = CARTESIAN_POINT('',(-0.985361208368,-1.345288614341E-03));
#1377 = CARTESIAN_POINT('',(-0.985361235943,-1.361702029606E-03));
#1378 = CARTESIAN_POINT('',(-0.985361251411,-1.378115445653E-03));
#1379 = CARTESIAN_POINT('',(-0.985363395839,-1.184502779384E-02));
#1380 = CARTESIAN_POINT('',(-0.980458078579,-2.217562363371E-02));
#1381 = CARTESIAN_POINT('',(-0.970855228704,-3.234762813261E-02));
#1382 = CARTESIAN_POINT('',(-0.957039243162,-4.230595089035E-02));
#1383 = CARTESIAN_POINT('',(-0.939799815547,-5.194033339339E-02));
#1384 = CARTESIAN_POINT('',(-0.891865910662,-7.438229810964E-02));
#1385 = CARTESIAN_POINT('',(-0.857944077716,-8.695922313658E-02));
#1386 = CARTESIAN_POINT('',(-0.820351620771,-9.878206655641E-02));
#1387 = CARTESIAN_POINT('',(-0.780470416466,-0.10980690205));
#1388 = CARTESIAN_POINT('',(-0.738975966487,-0.120081410011));
#1389 = CARTESIAN_POINT('',(-0.677795715943,-0.133682427713));
#1390 = CARTESIAN_POINT('',(-0.659714667227,-0.137524303054));
#1391 = CARTESIAN_POINT('',(-0.641416102113,-0.141242969399));
#1392 = CARTESIAN_POINT('',(-0.622924063908,-0.144838030527));
#1393 = CARTESIAN_POINT('',(-0.60425846192,-0.148308790004));
#1394 = CARTESIAN_POINT('',(-0.58543507146,-0.151654251188));
#1395 = ( GEOMETRIC_REPRESENTATION_CONTEXT(2) 
PARAMETRIC_REPRESENTATION_CONTEXT() REPRESENTATION_CONTEXT('2D SPACE',''
  ) );
#1396 = ORIENTED_EDGE('',*,*,#1397,.T.);
#1397 = EDGE_CURVE('',#1193,#972,#1398,.T.);
#1398 = SURFACE_CURVE('',#1399,(#1403,#1409),.PCURVE_S1.);
#1399 = LINE('',#1400,#1401);
#1400 = CARTESIAN_POINT('',(0.,0.,0.200695117031));
#1401 = VECTOR('',#1402,1.);
#1402 = DIRECTION('',(-1.,-0.,-0.));
#1403 = PCURVE('',#338,#1404);
#1404 = DEFINITIONAL_REPRESENTATION('',(#1405),#1408);
#1405 = B_SPLINE_CURVE_WITH_KNOTS('',1,(#1406,#1407),.UNSPECIFIED.,.F.,
  .F.,(2,2),(-0.23944,6.E-07),.PIECEWISE_BEZIER_KNOTS.);
#1406 = CARTESIAN_POINT('',(-1.563820684772,-0.23944));
#1407 = CARTESIAN_POINT('',(-1.563820684772,6.E-07));
#1408 = ( GEOMETRIC_REPRESENTATION_CONTEXT(2) 
PARAMETRIC_REPRESENTATION_CONTEXT() REPRESENTATION_CONTEXT('2D SPACE',''
  ) );
#1409 = PCURVE('',#1410,#1415);
#1410 = PLANE('',#1411);
#1411 = AXIS2_PLACEMENT_3D('',#1412,#1413,#1414);
#1412 = CARTESIAN_POINT('',(-1.4E-03,0.,1.235273903049E-17));
#1413 = DIRECTION('',(-0.,-1.,-0.));
#1414 = DIRECTION('',(0.,0.,-1.));
#1415 = DEFINITIONAL_REPRESENTATION('',(#1416),#1419);
#1416 = B_SPLINE_CURVE_WITH_KNOTS('',1,(#1417,#1418),.UNSPECIFIED.,.F.,
  .F.,(2,2),(-0.23944,6.E-07),.PIECEWISE_BEZIER_KNOTS.);
#1417 = CARTESIAN_POINT('',(-0.200695117031,0.24084));
#1418 = CARTESIAN_POINT('',(-0.200695117031,1.3994E-03));
#1419 = ( GEOMETRIC_REPRESENTATION_CONTEXT(2) 
PARAMETRIC_REPRESENTATION_CONTEXT() REPRESENTATION_CONTEXT('2D SPACE',''
  ) );
#1420 = ADVANCED_FACE('',(#1421,#1452),#877,.T.);
#1421 = FACE_BOUND('',#1422,.T.);
#1422 = EDGE_LOOP('',(#1423));
#1423 = ORIENTED_EDGE('',*,*,#1424,.T.);
#1424 = EDGE_CURVE('',#1425,#1425,#1427,.T.);
#1425 = VERTEX_POINT('',#1426);
#1426 = CARTESIAN_POINT('',(0.75,0.2394,0.));
#1427 = SURFACE_CURVE('',#1428,(#1433,#1440),.PCURVE_S1.);
#1428 = CIRCLE('',#1429,0.2408);
#1429 = AXIS2_PLACEMENT_3D('',#1430,#1431,#1432);
#1430 = CARTESIAN_POINT('',(0.75,-1.4E-03,0.));
#1431 = DIRECTION('',(1.,0.,0.));
#1432 = DIRECTION('',(0.,1.,0.));
#1433 = PCURVE('',#877,#1434);
#1434 = DEFINITIONAL_REPRESENTATION('',(#1435),#1439);
#1435 = CIRCLE('',#1436,0.2408);
#1436 = AXIS2_PLACEMENT_2D('',#1437,#1438);
#1437 = CARTESIAN_POINT('',(-1.235273903049E-17,-2.602085213965E-17));
#1438 = DIRECTION('',(0.,-1.));
#1439 = ( GEOMETRIC_REPRESENTATION_CONTEXT(2) 
PARAMETRIC_REPRESENTATION_CONTEXT() REPRESENTATION_CONTEXT('2D SPACE',''
  ) );
#1440 = PCURVE('',#1441,#1446);
#1441 = CYLINDRICAL_SURFACE('',#1442,0.2408);
#1442 = AXIS2_PLACEMENT_3D('',#1443,#1444,#1445);
#1443 = CARTESIAN_POINT('',(0.,-1.4E-03,0.));
#1444 = DIRECTION('',(-1.,-0.,-0.));
#1445 = DIRECTION('',(0.,1.,0.));
#1446 = DEFINITIONAL_REPRESENTATION('',(#1447),#1451);
#1447 = LINE('',#1448,#1449);
#1448 = CARTESIAN_POINT('',(-0.,-0.75));
#1449 = VECTOR('',#1450,1.);
#1450 = DIRECTION('',(-1.,0.));
#1451 = ( GEOMETRIC_REPRESENTATION_CONTEXT(2) 
PARAMETRIC_REPRESENTATION_CONTEXT() REPRESENTATION_CONTEXT('2D SPACE',''
  ) );
#1452 = FACE_BOUND('',#1453,.T.);
#1453 = EDGE_LOOP('',(#1454));
#1454 = ORIENTED_EDGE('',*,*,#862,.F.);
#1455 = ADVANCED_FACE('',(#1456),#394,.F.);
#1456 = FACE_BOUND('',#1457,.F.);
#1457 = EDGE_LOOP('',(#1458,#1459,#1460,#1461));
#1458 = ORIENTED_EDGE('',*,*,#379,.F.);
#1459 = ORIENTED_EDGE('',*,*,#894,.T.);
#1460 = ORIENTED_EDGE('',*,*,#947,.F.);
#1461 = ORIENTED_EDGE('',*,*,#1462,.F.);
#1462 = EDGE_CURVE('',#351,#920,#1463,.T.);
#1463 = SURFACE_CURVE('',#1464,(#1469,#1476),.PCURVE_S1.);
#1464 = CIRCLE('',#1465,0.2007);
#1465 = AXIS2_PLACEMENT_3D('',#1466,#1467,#1468);
#1466 = CARTESIAN_POINT('',(-1.4E-03,0.,0.));
#1467 = DIRECTION('',(0.,-1.,0.));
#1468 = DIRECTION('',(1.,0.,0.));
#1469 = PCURVE('',#394,#1470);
#1470 = DEFINITIONAL_REPRESENTATION('',(#1471),#1475);
#1471 = CIRCLE('',#1472,0.2007);
#1472 = AXIS2_PLACEMENT_2D('',#1473,#1474);
#1473 = CARTESIAN_POINT('',(1.235273903049E-17,2.602085213965E-17));
#1474 = DIRECTION('',(0.,1.));
#1475 = ( GEOMETRIC_REPRESENTATION_CONTEXT(2) 
PARAMETRIC_REPRESENTATION_CONTEXT() REPRESENTATION_CONTEXT('2D SPACE',''
  ) );
#1476 = PCURVE('',#1477,#1482);
#1477 = CYLINDRICAL_SURFACE('',#1478,0.2007);
#1478 = AXIS2_PLACEMENT_3D('',#1479,#1480,#1481);
#1479 = CARTESIAN_POINT('',(-1.4E-03,0.,0.));
#1480 = DIRECTION('',(-0.,1.,-0.));
#1481 = DIRECTION('',(1.,0.,0.));
#1482 = DEFINITIONAL_REPRESENTATION('',(#1483),#1487);
#1483 = LINE('',#1484,#1485);
#1484 = CARTESIAN_POINT('',(-0.,0.));
#1485 = VECTOR('',#1486,1.);
#1486 = DIRECTION('',(-1.,0.));
#1487 = ( GEOMETRIC_REPRESENTATION_CONTEXT(2) 
PARAMETRIC_REPRESENTATION_CONTEXT() REPRESENTATION_CONTEXT('2D SPACE',''
  ) );
#1488 = ADVANCED_FACE('',(#1489),#367,.F.);
#1489 = FACE_BOUND('',#1490,.F.);
#1490 = EDGE_LOOP('',(#1491,#1517,#1541,#1567,#1593,#1622,#1646,#1647));
#1491 = ORIENTED_EDGE('',*,*,#1492,.F.);
#1492 = EDGE_CURVE('',#1493,#351,#1495,.T.);
#1493 = VERTEX_POINT('',#1494);
#1494 = CARTESIAN_POINT('',(-8.500145032286E-17,-5.645549132349E-15,
    -0.240795930198));
#1495 = SURFACE_CURVE('',#1496,(#1500,#1506),.PCURVE_S1.);
#1496 = LINE('',#1497,#1498);
#1497 = CARTESIAN_POINT('',(0.,0.,1.235273903049E-17));
#1498 = VECTOR('',#1499,1.);
#1499 = DIRECTION('',(0.,0.,1.));
#1500 = PCURVE('',#367,#1501);
#1501 = DEFINITIONAL_REPRESENTATION('',(#1502),#1505);
#1502 = B_SPLINE_CURVE_WITH_KNOTS('',1,(#1503,#1504),.UNSPECIFIED.,.F.,
  .F.,(2,2),(-0.2408,1.713675589298E-17),.PIECEWISE_BEZIER_KNOTS.);
#1503 = CARTESIAN_POINT('',(-0.2408,-1.4E-03));
#1504 = CARTESIAN_POINT('',(1.713675589298E-17,-1.4E-03));
#1505 = ( GEOMETRIC_REPRESENTATION_CONTEXT(2) 
PARAMETRIC_REPRESENTATION_CONTEXT() REPRESENTATION_CONTEXT('2D SPACE',''
  ) );
#1506 = PCURVE('',#1507,#1512);
#1507 = PLANE('',#1508);
#1508 = AXIS2_PLACEMENT_3D('',#1509,#1510,#1511);
#1509 = CARTESIAN_POINT('',(-1.4E-03,0.,1.235273903049E-17));
#1510 = DIRECTION('',(-0.,-1.,-0.));
#1511 = DIRECTION('',(0.,0.,-1.));
#1512 = DEFINITIONAL_REPRESENTATION('',(#1513),#1516);
#1513 = B_SPLINE_CURVE_WITH_KNOTS('',1,(#1514,#1515),.UNSPECIFIED.,.F.,
  .F.,(2,2),(-0.2408,1.713675589298E-17),.PIECEWISE_BEZIER_KNOTS.);
#1514 = CARTESIAN_POINT('',(0.2408,1.4E-03));
#1515 = CARTESIAN_POINT('',(-1.713675589298E-17,1.4E-03));
#1516 = ( GEOMETRIC_REPRESENTATION_CONTEXT(2) 
PARAMETRIC_REPRESENTATION_CONTEXT() REPRESENTATION_CONTEXT('2D SPACE',''
  ) );
#1517 = ORIENTED_EDGE('',*,*,#1518,.T.);
#1518 = EDGE_CURVE('',#1493,#1519,#1521,.T.);
#1519 = VERTEX_POINT('',#1520);
#1520 = CARTESIAN_POINT('',(0.,0.2394,0.));
#1521 = SURFACE_CURVE('',#1522,(#1527,#1534),.PCURVE_S1.);
#1522 = CIRCLE('',#1523,0.2408);
#1523 = AXIS2_PLACEMENT_3D('',#1524,#1525,#1526);
#1524 = CARTESIAN_POINT('',(0.,-1.4E-03,0.));
#1525 = DIRECTION('',(1.,0.,0.));
#1526 = DIRECTION('',(0.,1.,0.));
#1527 = PCURVE('',#367,#1528);
#1528 = DEFINITIONAL_REPRESENTATION('',(#1529),#1533);
#1529 = CIRCLE('',#1530,0.2408);
#1530 = AXIS2_PLACEMENT_2D('',#1531,#1532);
#1531 = CARTESIAN_POINT('',(-1.235273903049E-17,-2.602085213965E-17));
#1532 = DIRECTION('',(0.,-1.));
#1533 = ( GEOMETRIC_REPRESENTATION_CONTEXT(2) 
PARAMETRIC_REPRESENTATION_CONTEXT() REPRESENTATION_CONTEXT('2D SPACE',''
  ) );
#1534 = PCURVE('',#1441,#1535);
#1535 = DEFINITIONAL_REPRESENTATION('',(#1536),#1540);
#1536 = LINE('',#1537,#1538);
#1537 = CARTESIAN_POINT('',(-0.,0.));
#1538 = VECTOR('',#1539,1.);
#1539 = DIRECTION('',(-1.,0.));
#1540 = ( GEOMETRIC_REPRESENTATION_CONTEXT(2) 
PARAMETRIC_REPRESENTATION_CONTEXT() REPRESENTATION_CONTEXT('2D SPACE',''
  ) );
#1541 = ORIENTED_EDGE('',*,*,#1542,.F.);
#1542 = EDGE_CURVE('',#1543,#1519,#1545,.T.);
#1543 = VERTEX_POINT('',#1544);
#1544 = CARTESIAN_POINT('',(3.035766082959E-17,0.200695117031,0.));
#1545 = SURFACE_CURVE('',#1546,(#1550,#1556),.PCURVE_S1.);
#1546 = LINE('',#1547,#1548);
#1547 = CARTESIAN_POINT('',(0.,-7.E-04,0.));
#1548 = VECTOR('',#1549,1.);
#1549 = DIRECTION('',(0.,1.,0.));
#1550 = PCURVE('',#367,#1551);
#1551 = DEFINITIONAL_REPRESENTATION('',(#1552),#1555);
#1552 = B_SPLINE_CURVE_WITH_KNOTS('',1,(#1553,#1554),.UNSPECIFIED.,.F.,
  .F.,(2,2),(7.E-04,0.2401),.PIECEWISE_BEZIER_KNOTS.);
#1553 = CARTESIAN_POINT('',(-1.235273903049E-17,-1.4E-03));
#1554 = CARTESIAN_POINT('',(-1.235273903049E-17,-0.2408));
#1555 = ( GEOMETRIC_REPRESENTATION_CONTEXT(2) 
PARAMETRIC_REPRESENTATION_CONTEXT() REPRESENTATION_CONTEXT('2D SPACE',''
  ) );
#1556 = PCURVE('',#1557,#1562);
#1557 = PLANE('',#1558);
#1558 = AXIS2_PLACEMENT_3D('',#1559,#1560,#1561);
#1559 = CARTESIAN_POINT('',(-1.4E-03,1.235273903049E-17,0.));
#1560 = DIRECTION('',(0.,0.,1.));
#1561 = DIRECTION('',(1.,0.,-0.));
#1562 = DEFINITIONAL_REPRESENTATION('',(#1563),#1566);
#1563 = B_SPLINE_CURVE_WITH_KNOTS('',1,(#1564,#1565),.UNSPECIFIED.,.F.,
  .F.,(2,2),(7.E-04,0.2401),.PIECEWISE_BEZIER_KNOTS.);
#1564 = CARTESIAN_POINT('',(1.4E-03,-1.235990476633E-17));
#1565 = CARTESIAN_POINT('',(1.4E-03,0.2394));
#1566 = ( GEOMETRIC_REPRESENTATION_CONTEXT(2) 
PARAMETRIC_REPRESENTATION_CONTEXT() REPRESENTATION_CONTEXT('2D SPACE',''
  ) );
#1567 = ORIENTED_EDGE('',*,*,#1568,.F.);
#1568 = EDGE_CURVE('',#1569,#1543,#1571,.T.);
#1569 = VERTEX_POINT('',#1570);
#1570 = CARTESIAN_POINT('',(0.,0.200695117031,0.130928238636));
#1571 = SURFACE_CURVE('',#1572,(#1576,#1582),.PCURVE_S1.);
#1572 = LINE('',#1573,#1574);
#1573 = CARTESIAN_POINT('',(0.,0.200695117031,0.));
#1574 = VECTOR('',#1575,1.);
#1575 = DIRECTION('',(-0.,-0.,-1.));
#1576 = PCURVE('',#367,#1577);
#1577 = DEFINITIONAL_REPRESENTATION('',(#1578),#1581);
#1578 = B_SPLINE_CURVE_WITH_KNOTS('',1,(#1579,#1580),.UNSPECIFIED.,.F.,
  .F.,(2,2),(-0.28896,6.E-07),.PIECEWISE_BEZIER_KNOTS.);
#1579 = CARTESIAN_POINT('',(0.28896,-0.202095117031));
#1580 = CARTESIAN_POINT('',(-6.000000000124E-07,-0.202095117031));
#1581 = ( GEOMETRIC_REPRESENTATION_CONTEXT(2) 
PARAMETRIC_REPRESENTATION_CONTEXT() REPRESENTATION_CONTEXT('2D SPACE',''
  ) );
#1582 = PCURVE('',#1583,#1588);
#1583 = CYLINDRICAL_SURFACE('',#1584,0.2007);
#1584 = AXIS2_PLACEMENT_3D('',#1585,#1586,#1587);
#1585 = CARTESIAN_POINT('',(-1.4E-03,0.,0.));
#1586 = DIRECTION('',(-0.,-0.,-1.));
#1587 = DIRECTION('',(1.,0.,0.));
#1588 = DEFINITIONAL_REPRESENTATION('',(#1589),#1592);
#1589 = B_SPLINE_CURVE_WITH_KNOTS('',1,(#1590,#1591),.UNSPECIFIED.,.F.,
  .F.,(2,2),(-0.28896,6.E-07),.PIECEWISE_BEZIER_KNOTS.);
#1590 = CARTESIAN_POINT('',(-1.563820684772,-0.28896));
#1591 = CARTESIAN_POINT('',(-1.563820684772,6.E-07));
#1592 = ( GEOMETRIC_REPRESENTATION_CONTEXT(2) 
PARAMETRIC_REPRESENTATION_CONTEXT() REPRESENTATION_CONTEXT('2D SPACE',''
  ) );
#1593 = ORIENTED_EDGE('',*,*,#1594,.T.);
#1594 = EDGE_CURVE('',#1569,#1595,#1597,.T.);
#1595 = VERTEX_POINT('',#1596);
#1596 = CARTESIAN_POINT('',(-1.951563910474E-18,-5.589279039597E-15,
    0.240795930198));
#1597 = SURFACE_CURVE('',#1598,(#1603,#1610),.PCURVE_S1.);
#1598 = CIRCLE('',#1599,0.2408);
#1599 = AXIS2_PLACEMENT_3D('',#1600,#1601,#1602);
#1600 = CARTESIAN_POINT('',(0.,-1.4E-03,0.));
#1601 = DIRECTION('',(1.,0.,0.));
#1602 = DIRECTION('',(0.,1.,0.));
#1603 = PCURVE('',#367,#1604);
#1604 = DEFINITIONAL_REPRESENTATION('',(#1605),#1609);
#1605 = CIRCLE('',#1606,0.2408);
#1606 = AXIS2_PLACEMENT_2D('',#1607,#1608);
#1607 = CARTESIAN_POINT('',(-1.235273903049E-17,-2.602085213965E-17));
#1608 = DIRECTION('',(0.,-1.));
#1609 = ( GEOMETRIC_REPRESENTATION_CONTEXT(2) 
PARAMETRIC_REPRESENTATION_CONTEXT() REPRESENTATION_CONTEXT('2D SPACE',''
  ) );
#1610 = PCURVE('',#1611,#1616);
#1611 = CYLINDRICAL_SURFACE('',#1612,0.2408);
#1612 = AXIS2_PLACEMENT_3D('',#1613,#1614,#1615);
#1613 = CARTESIAN_POINT('',(0.,-1.4E-03,0.));
#1614 = DIRECTION('',(-1.,-0.,-0.));
#1615 = DIRECTION('',(0.,1.,0.));
#1616 = DEFINITIONAL_REPRESENTATION('',(#1617),#1621);
#1617 = LINE('',#1618,#1619);
#1618 = CARTESIAN_POINT('',(-0.,0.));
#1619 = VECTOR('',#1620,1.);
#1620 = DIRECTION('',(-1.,0.));
#1621 = ( GEOMETRIC_REPRESENTATION_CONTEXT(2) 
PARAMETRIC_REPRESENTATION_CONTEXT() REPRESENTATION_CONTEXT('2D SPACE',''
  ) );
#1622 = ORIENTED_EDGE('',*,*,#1623,.F.);
#1623 = EDGE_CURVE('',#972,#1595,#1624,.T.);
#1624 = SURFACE_CURVE('',#1625,(#1629,#1635),.PCURVE_S1.);
#1625 = LINE('',#1626,#1627);
#1626 = CARTESIAN_POINT('',(0.,0.,1.235273903049E-17));
#1627 = VECTOR('',#1628,1.);
#1628 = DIRECTION('',(0.,0.,1.));
#1629 = PCURVE('',#367,#1630);
#1630 = DEFINITIONAL_REPRESENTATION('',(#1631),#1634);
#1631 = B_SPLINE_CURVE_WITH_KNOTS('',1,(#1632,#1633),.UNSPECIFIED.,.F.,
  .F.,(2,2),(-1.235273903049E-17,0.2408),.PIECEWISE_BEZIER_KNOTS.);
#1632 = CARTESIAN_POINT('',(-1.235273903049E-17,-1.4E-03));
#1633 = CARTESIAN_POINT('',(0.2408,-1.4E-03));
#1634 = ( GEOMETRIC_REPRESENTATION_CONTEXT(2) 
PARAMETRIC_REPRESENTATION_CONTEXT() REPRESENTATION_CONTEXT('2D SPACE',''
  ) );
#1635 = PCURVE('',#1636,#1641);
#1636 = PLANE('',#1637);
#1637 = AXIS2_PLACEMENT_3D('',#1638,#1639,#1640);
#1638 = CARTESIAN_POINT('',(-1.4E-03,0.,1.235273903049E-17));
#1639 = DIRECTION('',(-0.,-1.,-0.));
#1640 = DIRECTION('',(0.,0.,-1.));
#1641 = DEFINITIONAL_REPRESENTATION('',(#1642),#1645);
#1642 = B_SPLINE_CURVE_WITH_KNOTS('',1,(#1643,#1644),.UNSPECIFIED.,.F.,
  .F.,(2,2),(-1.235273903049E-17,0.2408),.PIECEWISE_BEZIER_KNOTS.);
#1643 = CARTESIAN_POINT('',(1.235273903049E-17,1.4E-03));
#1644 = CARTESIAN_POINT('',(-0.2408,1.4E-03));
#1645 = ( GEOMETRIC_REPRESENTATION_CONTEXT(2) 
PARAMETRIC_REPRESENTATION_CONTEXT() REPRESENTATION_CONTEXT('2D SPACE',''
  ) );
#1646 = ORIENTED_EDGE('',*,*,#971,.F.);
#1647 = ORIENTED_EDGE('',*,*,#350,.F.);
#1648 = ADVANCED_FACE('',(#1649),#936,.F.);
#1649 = FACE_BOUND('',#1650,.T.);
#1650 = EDGE_LOOP('',(#1651,#1652,#1674,#1804));
#1651 = ORIENTED_EDGE('',*,*,#919,.F.);
#1652 = ORIENTED_EDGE('',*,*,#1653,.T.);
#1653 = EDGE_CURVE('',#920,#1654,#1656,.T.);
#1654 = VERTEX_POINT('',#1655);
#1655 = CARTESIAN_POINT('',(0.1993,0.,0.133056942697));
#1656 = SURFACE_CURVE('',#1657,(#1661,#1667),.PCURVE_S1.);
#1657 = LINE('',#1658,#1659);
#1658 = CARTESIAN_POINT('',(0.1993,0.,0.));
#1659 = VECTOR('',#1660,1.);
#1660 = DIRECTION('',(0.,0.,1.));
#1661 = PCURVE('',#936,#1662);
#1662 = DEFINITIONAL_REPRESENTATION('',(#1663),#1666);
#1663 = B_SPLINE_CURVE_WITH_KNOTS('',1,(#1664,#1665),.UNSPECIFIED.,.F.,
  .F.,(2,2),(0.,0.133056942697),.PIECEWISE_BEZIER_KNOTS.);
#1664 = CARTESIAN_POINT('',(-6.28318530718,0.));
#1665 = CARTESIAN_POINT('',(-6.28318530718,-0.133056942697));
#1666 = ( GEOMETRIC_REPRESENTATION_CONTEXT(2) 
PARAMETRIC_REPRESENTATION_CONTEXT() REPRESENTATION_CONTEXT('2D SPACE',''
  ) );
#1667 = PCURVE('',#1410,#1668);
#1668 = DEFINITIONAL_REPRESENTATION('',(#1669),#1673);
#1669 = LINE('',#1670,#1671);
#1670 = CARTESIAN_POINT('',(1.235273903049E-17,0.2007));
#1671 = VECTOR('',#1672,1.);
#1672 = DIRECTION('',(-1.,0.));
#1673 = ( GEOMETRIC_REPRESENTATION_CONTEXT(2) 
PARAMETRIC_REPRESENTATION_CONTEXT() REPRESENTATION_CONTEXT('2D SPACE',''
  ) );
#1674 = ORIENTED_EDGE('',*,*,#1675,.F.);
#1675 = EDGE_CURVE('',#997,#1654,#1676,.T.);
#1676 = SURFACE_CURVE('',#1677,(#1729,#1749),.PCURVE_S1.);
#1677 = B_SPLINE_CURVE_WITH_KNOTS('',8,(#1678,#1679,#1680,#1681,#1682,
    #1683,#1684,#1685,#1686,#1687,#1688,#1689,#1690,#1691,#1692,#1693,
    #1694,#1695,#1696,#1697,#1698,#1699,#1700,#1701,#1702,#1703,#1704,
    #1705,#1706,#1707,#1708,#1709,#1710,#1711,#1712,#1713,#1714,#1715,
    #1716,#1717,#1718,#1719,#1720,#1721,#1722,#1723,#1724,#1725,#1726,
    #1727,#1728),.UNSPECIFIED.,.F.,.F.,(9,7,7,7,7,7,7,9),(0.,
    8.552188316706E-02,0.208533369726,0.340029354317,0.497651149572,
    0.654476305556,0.885111414849,1.),.UNSPECIFIED.);
#1678 = CARTESIAN_POINT('',(-0.202099999999,5.999999998507E-07,
    0.133056942699));
#1679 = CARTESIAN_POINT('',(-0.20210002408,-8.054309380089E-03,
    0.133056906376));
#1680 = CARTESIAN_POINT('',(-0.201730552567,-1.603762860032E-02,
    0.133614134685));
#1681 = CARTESIAN_POINT('',(-0.201003244101,-2.393590949021E-02,
    0.134711370268));
#1682 = CARTESIAN_POINT('',(-0.199928822885,-3.173169264685E-02,
    0.136313122408));
#1683 = CARTESIAN_POINT('',(-0.198519987589,-3.939893130983E-02,
    0.138365641341));
#1684 = CARTESIAN_POINT('',(-0.196795754214,-4.690003592426E-02,
    0.140798195175));
#1685 = CARTESIAN_POINT('',(-0.19478723292,-5.418453939214E-02,
    0.143525649438));
#1686 = CARTESIAN_POINT('',(-0.189319462788,-7.126488877582E-02,
    0.150662005024));
#1687 = CARTESIAN_POINT('',(-0.185551385244,-8.09455155274E-02,
    0.155360747844));
#1688 = CARTESIAN_POINT('',(-0.18129168232,-9.021651529067E-02,
    0.160376721486));
#1689 = CARTESIAN_POINT('',(-0.176589948022,-9.906199689638E-02,
    0.165561638788));
#1690 = CARTESIAN_POINT('',(-0.171492153708,-0.107476133541,
    0.170801220325));
#1691 = CARTESIAN_POINT('',(-0.166033239463,-0.11546937415,
    0.176018855906));
#1692 = CARTESIAN_POINT('',(-0.160224437398,-0.123069658548,
    0.181172488909));
#1693 = CARTESIAN_POINT('',(-0.147419333408,-0.138067599642,
    0.191666806261));
#1694 = CARTESIAN_POINT('',(-0.14040164398,-0.145376608761,
    0.196969138096));
#1695 = CARTESIAN_POINT('',(-0.133020919675,-0.152223392803,
    0.202076711593));
#1696 = CARTESIAN_POINT('',(-0.125312966989,-0.158594953937,
    0.206934891909));
#1697 = CARTESIAN_POINT('',(-0.117308155694,-0.16448462478,
    0.211504362718));
#1698 = CARTESIAN_POINT('',(-0.109030203445,-0.169889131205,
    0.215756393143));
#1699 = CARTESIAN_POINT('',(-0.100496327081,-0.174805660652,
    0.219668425592));
#1700 = CARTESIAN_POINT('',(-8.11972547145E-02,-0.184531033893,
    0.227477172204));
#1701 = CARTESIAN_POINT('',(-7.034910781463E-02,-0.189112594322,
    0.231206949181));
#1702 = CARTESIAN_POINT('',(-5.92269889262E-02,-0.192955584513,
    0.234366676242));
#1703 = CARTESIAN_POINT('',(-4.78846834465E-02,-0.196045204105,
    0.23692463609));
#1704 = CARTESIAN_POINT('',(-3.637649693198E-02,-0.19837023572,
    0.23885819234));
#1705 = CARTESIAN_POINT('',(-2.475683785236E-02,-0.199923154998,
    0.240152533227));
#1706 = CARTESIAN_POINT('',(-1.307997934939E-02,-0.2007,0.2408));
#1707 = CARTESIAN_POINT('',(1.022094734665E-02,-0.2007,0.2408));
#1708 = CARTESIAN_POINT('',(2.18388122442E-02,-0.199930988315,
    0.240159061204));
#1709 = CARTESIAN_POINT('',(3.34003413124E-02,-0.198393720074,
    0.238877766842));
#1710 = CARTESIAN_POINT('',(4.485207178273E-02,-0.19609207897,
    0.236963619961));
#1711 = CARTESIAN_POINT('',(5.61403978041E-02,-0.193033443156,
    0.234431138898));
#1712 = CARTESIAN_POINT('',(6.721180990579E-02,-0.189228815911,
    0.23130251276));
#1713 = CARTESIAN_POINT('',(7.80133076177E-02,-0.184692721088,
    0.227608816931));
#1714 = CARTESIAN_POINT('',(0.103904936095,-0.171722153558,
    0.217190010619));
#1715 = CARTESIAN_POINT('',(0.118210327492,-0.162663467685,
    0.210021694255));
#1716 = CARTESIAN_POINT('',(0.131670531613,-0.152284724714,
    0.201978737945));
#1717 = CARTESIAN_POINT('',(0.14436620904,-0.140466685531,0.193077043916
    ));
#1718 = CARTESIAN_POINT('',(0.156178332894,-0.12708657258,0.183398279382
    ));
#1719 = CARTESIAN_POINT('',(0.166768746768,-0.11217919437,0.173269183378
    ));
#1720 = CARTESIAN_POINT('',(0.175852417803,-9.599074195473E-02,
    0.163394233265));
#1721 = CARTESIAN_POINT('',(0.186880642096,-7.013040770378E-02,
    0.150225362497));
#1722 = CARTESIAN_POINT('',(0.190229928805,-6.10088078266E-02,
    0.145985181245));
#1723 = CARTESIAN_POINT('',(0.193140489166,-5.147559119653E-02,
    0.142072293398));
#1724 = CARTESIAN_POINT('',(0.195538925261,-4.162684773417E-02,
    0.138671325359));
#1725 = CARTESIAN_POINT('',(0.197383140523,-3.153061281657E-02,
    0.135948789907));
#1726 = CARTESIAN_POINT('',(0.198646140339,-2.122306093961E-02,
    0.134042865262));
#1727 = CARTESIAN_POINT('',(0.1993,-1.07137619719E-02,0.133056942697));
#1728 = CARTESIAN_POINT('',(0.1993,-5.551115123126E-17,0.133056942697));
#1729 = PCURVE('',#936,#1730);
#1730 = DEFINITIONAL_REPRESENTATION('',(#1731),#1748);
#1731 = B_SPLINE_CURVE_WITH_KNOTS('',8,(#1732,#1733,#1734,#1735,#1736,
    #1737,#1738,#1739,#1740,#1741,#1742,#1743,#1744,#1745,#1746,#1747),
  .UNSPECIFIED.,.F.,.F.,(9,7,9),(0.835470356508,0.885111414849,1.),
  .UNSPECIFIED.);
#1732 = CARTESIAN_POINT('',(-5.72121744046,-0.170707531416));
#1733 = CARTESIAN_POINT('',(-5.740791469347,-0.168624928018));
#1734 = CARTESIAN_POINT('',(-5.760451927491,-0.166548739379));
#1735 = CARTESIAN_POINT('',(-5.780196492327,-0.164485079156));
#1736 = CARTESIAN_POINT('',(-5.800022389143,-0.162440595145));
#1737 = CARTESIAN_POINT('',(-5.81992665491,-0.160422447168));
#1738 = CARTESIAN_POINT('',(-5.839906457872,-0.15843826006));
#1739 = CARTESIAN_POINT('',(-5.859959479622,-0.156496045659));
#1740 = CARTESIAN_POINT('',(-5.926661124076,-0.150225362497));
#1741 = CARTESIAN_POINT('',(-5.9750133847,-0.145985181245));
#1742 = CARTESIAN_POINT('',(-6.024548960542,-0.142072293398));
#1743 = CARTESIAN_POINT('',(-6.074887357836,-0.138671325359));
#1744 = CARTESIAN_POINT('',(-6.125850376767,-0.135948789907));
#1745 = CARTESIAN_POINT('',(-6.17743996655,-0.134042865262));
#1746 = CARTESIAN_POINT('',(-6.229803334225,-0.133056942697));
#1747 = CARTESIAN_POINT('',(-6.28318530718,-0.133056942697));
#1748 = ( GEOMETRIC_REPRESENTATION_CONTEXT(2) 
PARAMETRIC_REPRESENTATION_CONTEXT() REPRESENTATION_CONTEXT('2D SPACE',''
  ) );
#1749 = PCURVE('',#1326,#1750);
#1750 = DEFINITIONAL_REPRESENTATION('',(#1751),#1803);
#1751 = B_SPLINE_CURVE_WITH_KNOTS('',8,(#1752,#1753,#1754,#1755,#1756,
    #1757,#1758,#1759,#1760,#1761,#1762,#1763,#1764,#1765,#1766,#1767,
    #1768,#1769,#1770,#1771,#1772,#1773,#1774,#1775,#1776,#1777,#1778,
    #1779,#1780,#1781,#1782,#1783,#1784,#1785,#1786,#1787,#1788,#1789,
    #1790,#1791,#1792,#1793,#1794,#1795,#1796,#1797,#1798,#1799,#1800,
    #1801,#1802),.UNSPECIFIED.,.F.,.F.,(9,7,7,7,7,7,7,9),(0.,
    8.552188316706E-02,0.208533369726,0.340029354317,0.497651149572,
    0.654476305556,0.885111414849,1.),.UNSPECIFIED.);
#1752 = CARTESIAN_POINT('',(-2.556157582123,5.999999999895E-07));
#1753 = CARTESIAN_POINT('',(-2.556157763101,-8.054309380089E-03));
#1754 = CARTESIAN_POINT('',(-2.553381363334,-1.603762860032E-02));
#1755 = CARTESIAN_POINT('',(-2.547914241952,-2.393590949021E-02));
#1756 = CARTESIAN_POINT('',(-2.539904887159,-3.173169264685E-02));
#1757 = CARTESIAN_POINT('',(-2.52956803494,-3.939893130983E-02));
#1758 = CARTESIAN_POINT('',(-2.517188418514,-4.690003592426E-02));
#1759 = CARTESIAN_POINT('',(-2.503124648515,-5.418453939214E-02));
#1760 = CARTESIAN_POINT('',(-2.465789841937,-7.126488877582E-02));
#1761 = CARTESIAN_POINT('',(-2.440782964939,-8.09455155274E-02));
#1762 = CARTESIAN_POINT('',(-2.413474308545,-9.021651529067E-02));
#1763 = CARTESIAN_POINT('',(-2.384438829687,-9.906199689638E-02));
#1764 = CARTESIAN_POINT('',(-2.354118179159,-0.107476133541));
#1765 = CARTESIAN_POINT('',(-2.32279541457,-0.11546937415));
#1766 = CARTESIAN_POINT('',(-2.290570973734,-0.123069658548));
#1767 = CARTESIAN_POINT('',(-2.221816789699,-0.138067599642));
#1768 = CARTESIAN_POINT('',(-2.185318698489,-0.145376608761));
#1769 = CARTESIAN_POINT('',(-2.148098800095,-0.152223392803));
#1770 = CARTESIAN_POINT('',(-2.110332044987,-0.158594953937));
#1771 = CARTESIAN_POINT('',(-2.072128442821,-0.16448462478));
#1772 = CARTESIAN_POINT('',(-2.033545474044,-0.169889131205));
#1773 = CARTESIAN_POINT('',(-1.994599639117,-0.174805660652));
#1774 = CARTESIAN_POINT('',(-1.908142002222,-0.184531033893));
#1775 = CARTESIAN_POINT('',(-1.860570968615,-0.189112594322));
#1776 = CARTESIAN_POINT('',(-1.812673419039,-0.192955584513));
#1777 = CARTESIAN_POINT('',(-1.76453423124,-0.196045204105));
#1778 = CARTESIAN_POINT('',(-1.716221542589,-0.19837023572));
#1779 = CARTESIAN_POINT('',(-1.667793103007,-0.199923154998));
#1780 = CARTESIAN_POINT('',(-1.619301224425,-0.2007));
#1781 = CARTESIAN_POINT('',(-1.522536578678,-0.2007));
#1782 = CARTESIAN_POINT('',(-1.474289685983,-0.199930988315));
#1783 = CARTESIAN_POINT('',(-1.426105282731,-0.198393720074));
#1784 = CARTESIAN_POINT('',(-1.378034905504,-0.19609207897));
#1785 = CARTESIAN_POINT('',(-1.330135452099,-0.193033443156));
#1786 = CARTESIAN_POINT('',(-1.282473980752,-0.189228815911));
#1787 = CARTESIAN_POINT('',(-1.23513384997,-0.184692721088));
#1788 = CARTESIAN_POINT('',(-1.11923152141,-0.171722153558));
#1789 = CARTESIAN_POINT('',(-1.053005028611,-0.162663467685));
#1790 = CARTESIAN_POINT('',(-0.988182203175,-0.152284724714));
#1791 = CARTESIAN_POINT('',(-0.92412714244,-0.140466685531));
#1792 = CARTESIAN_POINT('',(-0.861083460707,-0.12708657258));
#1793 = CARTESIAN_POINT('',(-0.800434948807,-0.11217919437));
#1794 = CARTESIAN_POINT('',(-0.744774524083,-9.599074195473E-02));
#1795 = CARTESIAN_POINT('',(-0.673442487943,-7.013040770378E-02));
#1796 = CARTESIAN_POINT('',(-0.651012890005,-6.10088078266E-02));
#1797 = CARTESIAN_POINT('',(-0.630772652349,-5.147559119653E-02));
#1798 = CARTESIAN_POINT('',(-0.613498296284,-4.162684773417E-02));
#1799 = CARTESIAN_POINT('',(-0.599844200719,-3.153061281657E-02));
#1800 = CARTESIAN_POINT('',(-0.590347382917,-2.122306093961E-02));
#1801 = CARTESIAN_POINT('',(-0.585435071461,-1.07137619719E-02));
#1802 = CARTESIAN_POINT('',(-0.585435071461,-5.551115123126E-17));
#1803 = ( GEOMETRIC_REPRESENTATION_CONTEXT(2) 
PARAMETRIC_REPRESENTATION_CONTEXT() REPRESENTATION_CONTEXT('2D SPACE',''
  ) );
#1804 = ORIENTED_EDGE('',*,*,#996,.F.);
#1805 = ADVANCED_FACE('',(#1806),#1410,.F.);
#1806 = FACE_BOUND('',#1807,.F.);
#1807 = EDGE_LOOP('',(#1808,#1835,#1836,#1858));
#1808 = ORIENTED_EDGE('',*,*,#1809,.F.);
#1809 = EDGE_CURVE('',#920,#972,#1810,.T.);
#1810 = SURFACE_CURVE('',#1811,(#1816,#1823),.PCURVE_S1.);
#1811 = CIRCLE('',#1812,0.2007);
#1812 = AXIS2_PLACEMENT_3D('',#1813,#1814,#1815);
#1813 = CARTESIAN_POINT('',(-1.4E-03,0.,0.));
#1814 = DIRECTION('',(0.,-1.,0.));
#1815 = DIRECTION('',(1.,0.,0.));
#1816 = PCURVE('',#1410,#1817);
#1817 = DEFINITIONAL_REPRESENTATION('',(#1818),#1822);
#1818 = CIRCLE('',#1819,0.2007);
#1819 = AXIS2_PLACEMENT_2D('',#1820,#1821);
#1820 = CARTESIAN_POINT('',(1.235273903049E-17,2.602085213965E-17));
#1821 = DIRECTION('',(0.,1.));
#1822 = ( GEOMETRIC_REPRESENTATION_CONTEXT(2) 
PARAMETRIC_REPRESENTATION_CONTEXT() REPRESENTATION_CONTEXT('2D SPACE',''
  ) );
#1823 = PCURVE('',#1824,#1829);
#1824 = CYLINDRICAL_SURFACE('',#1825,0.2007);
#1825 = AXIS2_PLACEMENT_3D('',#1826,#1827,#1828);
#1826 = CARTESIAN_POINT('',(-1.4E-03,0.,0.));
#1827 = DIRECTION('',(-0.,1.,-0.));
#1828 = DIRECTION('',(1.,0.,0.));
#1829 = DEFINITIONAL_REPRESENTATION('',(#1830),#1834);
#1830 = LINE('',#1831,#1832);
#1831 = CARTESIAN_POINT('',(-0.,0.));
#1832 = VECTOR('',#1833,1.);
#1833 = DIRECTION('',(-1.,0.));
#1834 = ( GEOMETRIC_REPRESENTATION_CONTEXT(2) 
PARAMETRIC_REPRESENTATION_CONTEXT() REPRESENTATION_CONTEXT('2D SPACE',''
  ) );
#1835 = ORIENTED_EDGE('',*,*,#1653,.T.);
#1836 = ORIENTED_EDGE('',*,*,#1837,.T.);
#1837 = EDGE_CURVE('',#1654,#1193,#1838,.T.);
#1838 = SURFACE_CURVE('',#1839,(#1844,#1851),.PCURVE_S1.);
#1839 = CIRCLE('',#1840,0.2408);
#1840 = AXIS2_PLACEMENT_3D('',#1841,#1842,#1843);
#1841 = CARTESIAN_POINT('',(-1.4E-03,0.,0.));
#1842 = DIRECTION('',(0.,-1.,0.));
#1843 = DIRECTION('',(1.,0.,0.));
#1844 = PCURVE('',#1410,#1845);
#1845 = DEFINITIONAL_REPRESENTATION('',(#1846),#1850);
#1846 = CIRCLE('',#1847,0.2408);
#1847 = AXIS2_PLACEMENT_2D('',#1848,#1849);
#1848 = CARTESIAN_POINT('',(1.235273903049E-17,2.602085213965E-17));
#1849 = DIRECTION('',(0.,1.));
#1850 = ( GEOMETRIC_REPRESENTATION_CONTEXT(2) 
PARAMETRIC_REPRESENTATION_CONTEXT() REPRESENTATION_CONTEXT('2D SPACE',''
  ) );
#1851 = PCURVE('',#1326,#1852);
#1852 = DEFINITIONAL_REPRESENTATION('',(#1853),#1857);
#1853 = LINE('',#1854,#1855);
#1854 = CARTESIAN_POINT('',(-0.,0.));
#1855 = VECTOR('',#1856,1.);
#1856 = DIRECTION('',(-1.,0.));
#1857 = ( GEOMETRIC_REPRESENTATION_CONTEXT(2) 
PARAMETRIC_REPRESENTATION_CONTEXT() REPRESENTATION_CONTEXT('2D SPACE',''
  ) );
#1858 = ORIENTED_EDGE('',*,*,#1397,.T.);
#1859 = ADVANCED_FACE('',(#1860),#1326,.T.);
#1860 = FACE_BOUND('',#1861,.F.);
#1861 = EDGE_LOOP('',(#1862,#1863,#1864));
#1862 = ORIENTED_EDGE('',*,*,#1192,.F.);
#1863 = ORIENTED_EDGE('',*,*,#1837,.F.);
#1864 = ORIENTED_EDGE('',*,*,#1675,.F.);
#1865 = ADVANCED_FACE('',(#1866),#1441,.T.);
#1866 = FACE_BOUND('',#1867,.F.);
#1867 = EDGE_LOOP('',(#1868,#1891,#1892,#1921,#1958,#1990,#2120,#2246,
    #2267,#2268));
#1868 = ORIENTED_EDGE('',*,*,#1869,.F.);
#1869 = EDGE_CURVE('',#1519,#1870,#1872,.T.);
#1870 = VERTEX_POINT('',#1871);
#1871 = CARTESIAN_POINT('',(2.452836284843E-02,0.2394,0.));
#1872 = SURFACE_CURVE('',#1873,(#1877,#1884),.PCURVE_S1.);
#1873 = LINE('',#1874,#1875);
#1874 = CARTESIAN_POINT('',(0.,0.2394,0.));
#1875 = VECTOR('',#1876,1.);
#1876 = DIRECTION('',(1.,0.,0.));
#1877 = PCURVE('',#1441,#1878);
#1878 = DEFINITIONAL_REPRESENTATION('',(#1879),#1883);
#1879 = LINE('',#1880,#1881);
#1880 = CARTESIAN_POINT('',(-6.28318530718,0.));
#1881 = VECTOR('',#1882,1.);
#1882 = DIRECTION('',(-0.,-1.));
#1883 = ( GEOMETRIC_REPRESENTATION_CONTEXT(2) 
PARAMETRIC_REPRESENTATION_CONTEXT() REPRESENTATION_CONTEXT('2D SPACE',''
  ) );
#1884 = PCURVE('',#1557,#1885);
#1885 = DEFINITIONAL_REPRESENTATION('',(#1886),#1890);
#1886 = LINE('',#1887,#1888);
#1887 = CARTESIAN_POINT('',(1.4E-03,0.2394));
#1888 = VECTOR('',#1889,1.);
#1889 = DIRECTION('',(1.,0.));
#1890 = ( GEOMETRIC_REPRESENTATION_CONTEXT(2) 
PARAMETRIC_REPRESENTATION_CONTEXT() REPRESENTATION_CONTEXT('2D SPACE',''
  ) );
#1891 = ORIENTED_EDGE('',*,*,#1518,.F.);
#1892 = ORIENTED_EDGE('',*,*,#1893,.F.);
#1893 = EDGE_CURVE('',#1894,#1493,#1896,.T.);
#1894 = VERTEX_POINT('',#1895);
#1895 = CARTESIAN_POINT('',(0.,-2.799999999998E-03,-0.240795930198));
#1896 = SURFACE_CURVE('',#1897,(#1902,#1909),.PCURVE_S1.);
#1897 = CIRCLE('',#1898,0.2408);
#1898 = AXIS2_PLACEMENT_3D('',#1899,#1900,#1901);
#1899 = CARTESIAN_POINT('',(0.,-1.4E-03,0.));
#1900 = DIRECTION('',(1.,0.,0.));
#1901 = DIRECTION('',(0.,1.,0.));
#1902 = PCURVE('',#1441,#1903);
#1903 = DEFINITIONAL_REPRESENTATION('',(#1904),#1908);
#1904 = LINE('',#1905,#1906);
#1905 = CARTESIAN_POINT('',(-0.,0.));
#1906 = VECTOR('',#1907,1.);
#1907 = DIRECTION('',(-1.,0.));
#1908 = ( GEOMETRIC_REPRESENTATION_CONTEXT(2) 
PARAMETRIC_REPRESENTATION_CONTEXT() REPRESENTATION_CONTEXT('2D SPACE',''
  ) );
#1909 = PCURVE('',#1910,#1915);
#1910 = PLANE('',#1911);
#1911 = AXIS2_PLACEMENT_3D('',#1912,#1913,#1914);
#1912 = CARTESIAN_POINT('',(0.,-1.4E-03,1.235273903049E-17));
#1913 = DIRECTION('',(1.,0.,0.));
#1914 = DIRECTION('',(-0.,0.,1.));
#1915 = DEFINITIONAL_REPRESENTATION('',(#1916),#1920);
#1916 = CIRCLE('',#1917,0.2408);
#1917 = AXIS2_PLACEMENT_2D('',#1918,#1919);
#1918 = CARTESIAN_POINT('',(-1.235273903049E-17,-2.602085213965E-17));
#1919 = DIRECTION('',(0.,-1.));
#1920 = ( GEOMETRIC_REPRESENTATION_CONTEXT(2) 
PARAMETRIC_REPRESENTATION_CONTEXT() REPRESENTATION_CONTEXT('2D SPACE',''
  ) );
#1921 = ORIENTED_EDGE('',*,*,#1922,.F.);
#1922 = EDGE_CURVE('',#1923,#1894,#1925,.T.);
#1923 = VERTEX_POINT('',#1924);
#1924 = CARTESIAN_POINT('',(0.2394,-0.2422,0.));
#1925 = SURFACE_CURVE('',#1926,(#1931,#1942),.PCURVE_S1.);
#1926 = ELLIPSE('',#1927,0.340542625819,0.2408);
#1927 = AXIS2_PLACEMENT_3D('',#1928,#1929,#1930);
#1928 = CARTESIAN_POINT('',(-1.4E-03,-1.4E-03,0.));
#1929 = DIRECTION('',(0.707106781187,0.707106781187,0.));
#1930 = DIRECTION('',(-0.707106781187,0.707106781187,0.));
#1931 = PCURVE('',#1441,#1932);
#1932 = DEFINITIONAL_REPRESENTATION('',(#1933),#1941);
#1933 = B_SPLINE_CURVE_WITH_KNOTS('',6,(#1934,#1935,#1936,#1937,#1938,
    #1939,#1940),.UNSPECIFIED.,.F.,.F.,(7,7),(3.14159265359,
    4.706577485878),.PIECEWISE_BEZIER_KNOTS.);
#1934 = CARTESIAN_POINT('',(-3.14159265359,-0.2394));
#1935 = CARTESIAN_POINT('',(-3.402423458971,-0.2394));
#1936 = CARTESIAN_POINT('',(-3.663254264353,-0.219745320926));
#1937 = CARTESIAN_POINT('',(-3.924085069734,-0.180407365679));
#1938 = CARTESIAN_POINT('',(-4.184915875115,-0.125494468669));
#1939 = CARTESIAN_POINT('',(-4.445746680497,-6.280639731585E-02));
#1940 = CARTESIAN_POINT('',(-4.706577485878,6.000000013697E-07));
#1941 = ( GEOMETRIC_REPRESENTATION_CONTEXT(2) 
PARAMETRIC_REPRESENTATION_CONTEXT() REPRESENTATION_CONTEXT('2D SPACE',''
  ) );
#1942 = PCURVE('',#1943,#1948);
#1943 = CYLINDRICAL_SURFACE('',#1944,0.2408);
#1944 = AXIS2_PLACEMENT_3D('',#1945,#1946,#1947);
#1945 = CARTESIAN_POINT('',(-1.4E-03,0.,0.));
#1946 = DIRECTION('',(-0.,1.,-0.));
#1947 = DIRECTION('',(1.,0.,0.));
#1948 = DEFINITIONAL_REPRESENTATION('',(#1949),#1957);
#1949 = B_SPLINE_CURVE_WITH_KNOTS('',6,(#1950,#1951,#1952,#1953,#1954,
    #1955,#1956),.UNSPECIFIED.,.F.,.F.,(7,7),(3.14159265359,
    4.706577485878),.PIECEWISE_BEZIER_KNOTS.);
#1950 = CARTESIAN_POINT('',(-6.28318530718,-0.2422));
#1951 = CARTESIAN_POINT('',(-6.022354501798,-0.2422));
#1952 = CARTESIAN_POINT('',(-5.761523696417,-0.222545320926));
#1953 = CARTESIAN_POINT('',(-5.500692891035,-0.183207365679));
#1954 = CARTESIAN_POINT('',(-5.239862085654,-0.128294468669));
#1955 = CARTESIAN_POINT('',(-4.979031280272,-6.560639731585E-02));
#1956 = CARTESIAN_POINT('',(-4.718200474891,-2.799399999999E-03));
#1957 = ( GEOMETRIC_REPRESENTATION_CONTEXT(2) 
PARAMETRIC_REPRESENTATION_CONTEXT() REPRESENTATION_CONTEXT('2D SPACE',''
  ) );
#1958 = ORIENTED_EDGE('',*,*,#1959,.F.);
#1959 = EDGE_CURVE('',#1960,#1923,#1962,.T.);
#1960 = VERTEX_POINT('',#1961);
#1961 = CARTESIAN_POINT('',(0.168169874024,-0.170969874024,
    0.170969874024));
#1962 = SURFACE_CURVE('',#1963,(#1968,#1979),.PCURVE_S1.);
#1963 = ELLIPSE('',#1964,0.340542625819,0.2408);
#1964 = AXIS2_PLACEMENT_3D('',#1965,#1966,#1967);
#1965 = CARTESIAN_POINT('',(-1.4E-03,-1.4E-03,0.));
#1966 = DIRECTION('',(0.707106781187,0.707106781187,0.));
#1967 = DIRECTION('',(-0.707106781187,0.707106781187,0.));
#1968 = PCURVE('',#1441,#1969);
#1969 = DEFINITIONAL_REPRESENTATION('',(#1970),#1978);
#1970 = B_SPLINE_CURVE_WITH_KNOTS('',6,(#1971,#1972,#1973,#1974,#1975,
    #1976,#1977),.UNSPECIFIED.,.F.,.F.,(7,7),(1.576607821301,
    3.14159265359),.PIECEWISE_BEZIER_KNOTS.);
#1971 = CARTESIAN_POINT('',(-1.576607821301,6.00000001482E-07));
#1972 = CARTESIAN_POINT('',(-1.837438626683,-6.280639731585E-02));
#1973 = CARTESIAN_POINT('',(-2.098269432064,-0.125494468669));
#1974 = CARTESIAN_POINT('',(-2.359100237445,-0.180407365679));
#1975 = CARTESIAN_POINT('',(-2.619931042827,-0.219745320926));
#1976 = CARTESIAN_POINT('',(-2.880761848208,-0.2394));
#1977 = CARTESIAN_POINT('',(-3.14159265359,-0.2394));
#1978 = ( GEOMETRIC_REPRESENTATION_CONTEXT(2) 
PARAMETRIC_REPRESENTATION_CONTEXT() REPRESENTATION_CONTEXT('2D SPACE',''
  ) );
#1979 = PCURVE('',#1943,#1980);
#1980 = DEFINITIONAL_REPRESENTATION('',(#1981),#1989);
#1981 = B_SPLINE_CURVE_WITH_KNOTS('',6,(#1982,#1983,#1984,#1985,#1986,
    #1987,#1988),.UNSPECIFIED.,.F.,.F.,(7,7),(1.576607821301,
    3.14159265359),.PIECEWISE_BEZIER_KNOTS.);
#1982 = CARTESIAN_POINT('',(-1.564984832289,-2.799399999999E-03));
#1983 = CARTESIAN_POINT('',(-1.304154026907,-6.560639731585E-02));
#1984 = CARTESIAN_POINT('',(-1.043323221526,-0.128294468669));
#1985 = CARTESIAN_POINT('',(-0.782492416144,-0.183207365679));
#1986 = CARTESIAN_POINT('',(-0.521661610763,-0.222545320926));
#1987 = CARTESIAN_POINT('',(-0.260830805381,-0.2422));
#1988 = CARTESIAN_POINT('',(-1.224646799147E-16,-0.2422));
#1989 = ( GEOMETRIC_REPRESENTATION_CONTEXT(2) 
PARAMETRIC_REPRESENTATION_CONTEXT() REPRESENTATION_CONTEXT('2D SPACE',''
  ) );
#1990 = ORIENTED_EDGE('',*,*,#1991,.T.);
#1991 = EDGE_CURVE('',#1960,#1992,#1994,.T.);
#1992 = VERTEX_POINT('',#1993);
#1993 = CARTESIAN_POINT('',(0.2394,0.,0.240795930198));
#1994 = SURFACE_CURVE('',#1995,(#2033,#2074),.PCURVE_S1.);
#1995 = B_SPLINE_CURVE_WITH_KNOTS('',8,(#1996,#1997,#1998,#1999,#2000,
    #2001,#2002,#2003,#2004,#2005,#2006,#2007,#2008,#2009,#2010,#2011,
    #2012,#2013,#2014,#2015,#2016,#2017,#2018,#2019,#2020,#2021,#2022,
    #2023,#2024,#2025,#2026,#2027,#2028,#2029,#2030,#2031,#2032),
  .UNSPECIFIED.,.F.,.F.,(9,7,7,7,7,9),(0.,6.337990742021E-02,
    0.111301584018,0.243909393386,0.582816520682,1.),.UNSPECIFIED.);
#1996 = CARTESIAN_POINT('',(-5.999999997666E-07,-0.240795933686,
    2.59658802023E-02));
#1997 = CARTESIAN_POINT('',(3.992279093178E-03,-0.24077272883,
    2.617982050246E-02));
#1998 = CARTESIAN_POINT('',(7.737790280909E-03,-0.240675458556,
    2.707595369983E-02));
#1999 = CARTESIAN_POINT('',(1.133917944024E-02,-0.240519096501,
    2.848731777211E-02));
#2000 = CARTESIAN_POINT('',(1.483079100737E-02,-0.24030886114,
    3.026017116083E-02));
#2001 = CARTESIAN_POINT('',(1.821221752184E-02,-0.240049189429,
    3.226533529039E-02));
#2002 = CARTESIAN_POINT('',(2.147596832535E-02,-0.239746991229,
    3.440692150805E-02));
#2003 = CARTESIAN_POINT('',(2.46286574151E-02,-0.239409184512,
    3.662844244508E-02));
#2004 = CARTESIAN_POINT('',(3.0032276496E-02,-0.238751220222,
    4.06461674349E-02));
#2005 = CARTESIAN_POINT('',(3.234250590444E-02,-0.238443648823,
    4.243414875264E-02));
#2006 = CARTESIAN_POINT('',(3.462580483373E-02,-0.238113627646,
    4.42576997094E-02));
#2007 = CARTESIAN_POINT('',(3.687713504917E-02,-0.237762929274,
    4.610124671487E-02));
#2008 = CARTESIAN_POINT('',(3.90969622725E-02,-0.237392754364,
    4.795610867069E-02));
#2009 = CARTESIAN_POINT('',(4.129120452968E-02,-0.237003217627,
    4.982041101004E-02));
#2010 = CARTESIAN_POINT('',(4.347118049874E-02,-0.236592833807,
    5.169899973713E-02));
#2011 = CARTESIAN_POINT('',(5.169258447993E-02,-0.234954751244,
    5.887304675269E-02));
#2012 = CARTESIAN_POINT('',(5.778478975624E-02,-0.233557770834,
    6.437001999031E-02));
#2013 = CARTESIAN_POINT('',(6.382005517089E-02,-0.231977876501,
    6.993163148978E-02));
#2014 = CARTESIAN_POINT('',(6.971975422348E-02,-0.230241926683,
    7.544374554941E-02));
#2015 = CARTESIAN_POINT('',(7.546042911135E-02,-0.228371571074,
    8.085886517615E-02));
#2016 = CARTESIAN_POINT('',(8.107892735992E-02,-0.226368284748,
    8.619709610338E-02));
#2017 = CARTESIAN_POINT('',(8.66589984009E-02,-0.22420468952,
    9.152994410625E-02));
#2018 = CARTESIAN_POINT('',(0.106714454306,-0.21573311408,0.110791231471
    ));
#2019 = CARTESIAN_POINT('',(0.120665718028,-0.208578428325,
    0.124361802091));
#2020 = CARTESIAN_POINT('',(0.134063913922,-0.200398991181,
    0.137455001408));
#2021 = CARTESIAN_POINT('',(0.146830634973,-0.191243166924,
    0.149979365625));
#2022 = CARTESIAN_POINT('',(0.158898971308,-0.18115437456,0.161838727061
    ));
#2023 = CARTESIAN_POINT('',(0.170193773551,-0.170189218729,
    0.172954411595));
#2024 = CARTESIAN_POINT('',(0.180651053218,-0.158400742125,
    0.183252351949));
#2025 = CARTESIAN_POINT('',(0.201962895088,-0.130403547539,
    0.204243751619));
#2026 = CARTESIAN_POINT('',(0.212345612345,-0.113810515193,
    0.214473334736));
#2027 = CARTESIAN_POINT('',(0.221203419382,-9.62258485897E-02,
    0.223193071689));
#2028 = CARTESIAN_POINT('',(0.228415331717,-7.782525728958E-02,
    0.23027710308));
#2029 = CARTESIAN_POINT('',(0.233889062639,-5.879963799554E-02,
    0.235630026879));
#2030 = CARTESIAN_POINT('',(0.237561714188,-3.934942670407E-02,
    0.239186370608));
#2031 = CARTESIAN_POINT('',(0.2394,-1.968026778689E-02,0.240910352294));
#2032 = CARTESIAN_POINT('',(0.2394,-2.775557561563E-17,0.240795930198));
#2033 = PCURVE('',#1441,#2034);
#2034 = DEFINITIONAL_REPRESENTATION('',(#2035),#2073);
#2035 = B_SPLINE_CURVE_WITH_KNOTS('',8,(#2036,#2037,#2038,#2039,#2040,
    #2041,#2042,#2043,#2044,#2045,#2046,#2047,#2048,#2049,#2050,#2051,
    #2052,#2053,#2054,#2055,#2056,#2057,#2058,#2059,#2060,#2061,#2062,
    #2063,#2064,#2065,#2066,#2067,#2068,#2069,#2070,#2071,#2072),
  .UNSPECIFIED.,.F.,.F.,(9,7,7,7,7,9),(0.,6.337990742021E-02,
    0.111301584018,0.243909393386,0.582816520682,1.),.UNSPECIFIED.);
#2036 = CARTESIAN_POINT('',(-3.03355085194,5.999999999895E-07));
#2037 = CARTESIAN_POINT('',(-3.032657184714,-3.992279093178E-03));
#2038 = CARTESIAN_POINT('',(-3.028913791531,-7.737790280909E-03));
#2039 = CARTESIAN_POINT('',(-3.023016899328,-1.133917944024E-02));
#2040 = CARTESIAN_POINT('',(-3.015603369555,-1.483079100737E-02));
#2041 = CARTESIAN_POINT('',(-3.007207595067,-1.821221752184E-02));
#2042 = CARTESIAN_POINT('',(-2.998226955095,-2.147596832535E-02));
#2043 = CARTESIAN_POINT('',(-2.988895828274,-2.46286574151E-02));
#2044 = CARTESIAN_POINT('',(-2.971988667076,-3.0032276496E-02));
#2045 = CARTESIAN_POINT('',(-2.964454708408,-3.234250590444E-02));
#2046 = CARTESIAN_POINT('',(-2.956759258535,-3.462580483373E-02));
#2047 = CARTESIAN_POINT('',(-2.94896663594,-3.687713504917E-02));
#2048 = CARTESIAN_POINT('',(-2.94111248337,-3.90969622725E-02));
#2049 = CARTESIAN_POINT('',(-2.933203744403,-4.129120452968E-02));
#2050 = CARTESIAN_POINT('',(-2.925218640004,-4.347118049874E-02));
#2051 = CARTESIAN_POINT('',(-2.894659311233,-5.169258447993E-02));
#2052 = CARTESIAN_POINT('',(-2.871112776488,-5.778478975624E-02));
#2053 = CARTESIAN_POINT('',(-2.847118085843,-6.382005517089E-02));
#2054 = CARTESIAN_POINT('',(-2.823137649852,-6.971975422348E-02));
#2055 = CARTESIAN_POINT('',(-2.799363129723,-7.546042911135E-02));
#2056 = CARTESIAN_POINT('',(-2.775698581779,-8.107892735992E-02));
#2057 = CARTESIAN_POINT('',(-2.751808861299,-8.66589984009E-02));
#2058 = CARTESIAN_POINT('',(-2.664425237334,-0.106714454306));
#2059 = CARTESIAN_POINT('',(-2.600876109306,-0.120665718028));
#2060 = CARTESIAN_POINT('',(-2.537050010151,-0.134063913922));
#2061 = CARTESIAN_POINT('',(-2.472964139813,-0.146830634973));
#2062 = CARTESIAN_POINT('',(-2.408655158391,-0.158898971307));
#2063 = CARTESIAN_POINT('',(-2.344108547514,-0.170193773551));
#2064 = CARTESIAN_POINT('',(-2.279285735852,-0.180651053218));
#2065 = CARTESIAN_POINT('',(-2.133967646743,-0.201962895088));
#2066 = CARTESIAN_POINT('',(-2.053351415053,-0.212345612345));
#2067 = CARTESIAN_POINT('',(-1.97241537167,-0.221203419382));
#2068 = CARTESIAN_POINT('',(-1.891237414589,-0.228415331717));
#2069 = CARTESIAN_POINT('',(-1.809870291332,-0.233889062639));
#2070 = CARTESIAN_POINT('',(-1.728351702518,-0.237561714188));
#2071 = CARTESIAN_POINT('',(-1.646712408709,-0.2394));
#2072 = CARTESIAN_POINT('',(-1.564982340552,-0.2394));
#2073 = ( GEOMETRIC_REPRESENTATION_CONTEXT(2) 
PARAMETRIC_REPRESENTATION_CONTEXT() REPRESENTATION_CONTEXT('2D SPACE',''
  ) );
#2074 = PCURVE('',#2075,#2080);
#2075 = CYLINDRICAL_SURFACE('',#2076,0.2408);
#2076 = AXIS2_PLACEMENT_3D('',#2077,#2078,#2079);
#2077 = CARTESIAN_POINT('',(-1.4E-03,0.,0.));
#2078 = DIRECTION('',(-0.,-0.,-1.));
#2079 = DIRECTION('',(1.,0.,0.));
#2080 = DEFINITIONAL_REPRESENTATION('',(#2081),#2119);
#2081 = B_SPLINE_CURVE_WITH_KNOTS('',8,(#2082,#2083,#2084,#2085,#2086,
    #2087,#2088,#2089,#2090,#2091,#2092,#2093,#2094,#2095,#2096,#2097,
    #2098,#2099,#2100,#2101,#2102,#2103,#2104,#2105,#2106,#2107,#2108,
    #2109,#2110,#2111,#2112,#2113,#2114,#2115,#2116,#2117,#2118),
  .UNSPECIFIED.,.F.,.F.,(9,7,7,7,7,9),(0.,6.337990742021E-02,
    0.111301584018,0.243909393386,0.582816520682,1.),.UNSPECIFIED.);
#2082 = CARTESIAN_POINT('',(-4.718200474891,-2.59658802023E-02));
#2083 = CARTESIAN_POINT('',(-4.734782478715,-2.617982050246E-02));
#2084 = CARTESIAN_POINT('',(-4.750339154139,-2.707595369983E-02));
#2085 = CARTESIAN_POINT('',(-4.765305150721,-2.848731777211E-02));
#2086 = CARTESIAN_POINT('',(-4.779827663437,-3.026017116083E-02));
#2087 = CARTESIAN_POINT('',(-4.793908047098,-3.226533529039E-02));
#2088 = CARTESIAN_POINT('',(-4.807516997435,-3.440692150805E-02));
#2089 = CARTESIAN_POINT('',(-4.820683298868,-3.662844244508E-02));
#2090 = CARTESIAN_POINT('',(-4.843289319439,-4.06461674349E-02));
#2091 = CARTESIAN_POINT('',(-4.852967305887,-4.243414875264E-02));
#2092 = CARTESIAN_POINT('',(-4.862547029022,-4.42576997094E-02));
#2093 = CARTESIAN_POINT('',(-4.872008073559,-4.610124671487E-02));
#2094 = CARTESIAN_POINT('',(-4.88135284727,-4.795610867069E-02));
#2095 = CARTESIAN_POINT('',(-4.890606750066,-4.982041101004E-02));
#2096 = CARTESIAN_POINT('',(-4.899818343078,-5.169899973713E-02));
#2097 = CARTESIAN_POINT('',(-4.934631492977,-5.887304675269E-02));
#2098 = CARTESIAN_POINT('',(-4.96057713349,-6.43700199903E-02));
#2099 = CARTESIAN_POINT('',(-4.98646514574,-6.993163148978E-02));
#2100 = CARTESIAN_POINT('',(-5.011981718509,-7.544374554941E-02));
#2101 = CARTESIAN_POINT('',(-5.037035427602,-8.085886517615E-02));
#2102 = CARTESIAN_POINT('',(-5.061791347458,-8.619709610338E-02));
#2103 = CARTESIAN_POINT('',(-5.086634369662,-9.152994410625E-02));
#2104 = CARTESIAN_POINT('',(-5.17704668769,-0.110791231471));
#2105 = CARTESIAN_POINT('',(-5.241979167144,-0.124361802091));
#2106 = CARTESIAN_POINT('',(-5.306870252047,-0.137455001408));
#2107 = CARTESIAN_POINT('',(-5.371756168173,-0.149979365625));
#2108 = CARTESIAN_POINT('',(-5.436720829915,-0.161838727061));
#2109 = CARTESIAN_POINT('',(-5.501792335793,-0.172954411595));
#2110 = CARTESIAN_POINT('',(-5.567049737583,-0.183252351949));
#2111 = CARTESIAN_POINT('',(-5.713169991671,-0.204243751619));
#2112 = CARTESIAN_POINT('',(-5.794115789797,-0.214473334736));
#2113 = CARTESIAN_POINT('',(-5.875301791926,-0.223193071689));
#2114 = CARTESIAN_POINT('',(-5.956667290481,-0.23027710308));
#2115 = CARTESIAN_POINT('',(-6.038168704487,-0.235630026879));
#2116 = CARTESIAN_POINT('',(-6.119774172336,-0.239186370608));
#2117 = CARTESIAN_POINT('',(-6.201456620357,-0.240910352294));
#2118 = CARTESIAN_POINT('',(-6.28318530718,-0.240795930198));
#2119 = ( GEOMETRIC_REPRESENTATION_CONTEXT(2) 
PARAMETRIC_REPRESENTATION_CONTEXT() REPRESENTATION_CONTEXT('2D SPACE',''
  ) );
#2120 = ORIENTED_EDGE('',*,*,#2121,.T.);
#2121 = EDGE_CURVE('',#1992,#1870,#2122,.T.);
#2122 = SURFACE_CURVE('',#2123,(#2162,#2204),.PCURVE_S1.);
#2123 = B_SPLINE_CURVE_WITH_KNOTS('',7,(#2124,#2125,#2126,#2127,#2128,
    #2129,#2130,#2131,#2132,#2133,#2134,#2135,#2136,#2137,#2138,#2139,
    #2140,#2141,#2142,#2143,#2144,#2145,#2146,#2147,#2148,#2149,#2150,
    #2151,#2152,#2153,#2154,#2155,#2156,#2157,#2158,#2159,#2160,#2161),
  .UNSPECIFIED.,.F.,.F.,(8,6,6,6,6,6,8),(0.,0.417460091701,
    0.727245319597,0.882325521076,0.940484299414,0.968346441439,1.),
  .UNSPECIFIED.);
#2124 = CARTESIAN_POINT('',(0.2394,-3.144105883394E-17,0.240795930198));
#2125 = CARTESIAN_POINT('',(0.2394,2.262789693527E-02,0.240664370434));
#2126 = CARTESIAN_POINT('',(0.23691923926,4.522460611761E-02,
    0.238052047903));
#2127 = CARTESIAN_POINT('',(0.231970230387,6.745203647956E-02,
    0.232968034686));
#2128 = CARTESIAN_POINT('',(0.224626085528,8.897711920646E-02,
    0.22548116016));
#2129 = CARTESIAN_POINT('',(0.215020331963,0.109479890934,0.215720736118
    ));
#2130 = CARTESIAN_POINT('',(0.203347994984,0.128667127896,0.203875244729
    ));
#2131 = CARTESIAN_POINT('',(0.179864789669,0.159370097936,0.180032809538
    ));
#2132 = CARTESIAN_POINT('',(0.168866943265,0.171586956383,0.168863910753
    ));
#2133 = CARTESIAN_POINT('',(0.156962122054,0.182866085331,0.156762221063
    ));
#2134 = CARTESIAN_POINT('',(0.14424586516,0.193132738545,0.143818569326)
  );
#2135 = CARTESIAN_POINT('',(0.130828031285,0.202327534641,0.130117035223
    ));
#2136 = CARTESIAN_POINT('',(0.116818969119,0.210388856703,0.115758168169
    ));
#2137 = CARTESIAN_POINT('',(9.521681354696E-02,0.220711631996,
    9.337389761856E-02));
#2138 = CARTESIAN_POINT('',(8.816390553793E-02,0.22373953052,
    8.602593989663E-02));
#2139 = CARTESIAN_POINT('',(8.106614993694E-02,0.226494437021,
    7.858330512879E-02));
#2140 = CARTESIAN_POINT('',(7.375595642509E-02,0.229041594604,
    7.084859589479E-02));
#2141 = CARTESIAN_POINT('',(6.62401761114E-02,0.231324720654,
    6.279488550037E-02));
#2142 = CARTESIAN_POINT('',(5.877147503271E-02,0.233271548771,
    5.460022756087E-02));
#2143 = CARTESIAN_POINT('',(4.913969947608E-02,0.235451976848,
    4.353439571005E-02));
#2144 = CARTESIAN_POINT('',(4.658920042654E-02,0.235993559165,
    4.054994667785E-02));
#2145 = CARTESIAN_POINT('',(4.405739002872E-02,0.236498342249,
    3.752343126137E-02));
#2146 = CARTESIAN_POINT('',(4.153248224633E-02,0.23696928423,
    3.442210336283E-02));
#2147 = CARTESIAN_POINT('',(3.903967484659E-02,0.23740162313,
    3.12440407795E-02));
#2148 = CARTESIAN_POINT('',(3.663213742541E-02,0.2377885068,
    2.800600395605E-02));
#2149 = CARTESIAN_POINT('',(3.330402520188E-02,0.23828860422,
    2.316247888568E-02));
#2150 = CARTESIAN_POINT('',(3.226671644726E-02,0.238438658599,
    2.159184277371E-02));
#2151 = CARTESIAN_POINT('',(3.127439931869E-02,0.238576925513,
    2.001786278672E-02));
#2152 = CARTESIAN_POINT('',(3.033271294796E-02,0.238703470019,
    1.843903916414E-02));
#2153 = CARTESIAN_POINT('',(2.944860944862E-02,0.23881828272,
    1.68538959992E-02));
#2154 = CARTESIAN_POINT('',(2.863035391598E-02,0.238921279765,
    1.526098123891E-02));
#2155 = CARTESIAN_POINT('',(2.704361240112E-02,0.239115712145,
    1.18387400465E-02));
#2156 = CARTESIAN_POINT('',(2.627040317011E-02,0.239206932866,
    9.94985760183E-03));
#2157 = CARTESIAN_POINT('',(2.560573242782E-02,0.239282379078,
    8.01424632202E-03));
#2158 = CARTESIAN_POINT('',(2.507977416892E-02,0.239340285961,
    6.049692637153E-03));
#2159 = CARTESIAN_POINT('',(2.471536530785E-02,0.239379743489,
    4.061196053528E-03));
#2160 = CARTESIAN_POINT('',(2.452840988431E-02,0.239399994906,
    2.044257155308E-03));
#2161 = CARTESIAN_POINT('',(2.452836285533E-02,0.239399999999,
    -1.023493897188E-11));
#2162 = PCURVE('',#1441,#2163);
#2163 = DEFINITIONAL_REPRESENTATION('',(#2164),#2203);
#2164 = B_SPLINE_CURVE_WITH_KNOTS('',7,(#2165,#2166,#2167,#2168,#2169,
    #2170,#2171,#2172,#2173,#2174,#2175,#2176,#2177,#2178,#2179,#2180,
    #2181,#2182,#2183,#2184,#2185,#2186,#2187,#2188,#2189,#2190,#2191,
    #2192,#2193,#2194,#2195,#2196,#2197,#2198,#2199,#2200,#2201,#2202),
  .UNSPECIFIED.,.F.,.F.,(8,6,6,6,6,6,8),(0.,0.417460091701,
    0.727245319597,0.882325521076,0.940484299414,0.968346441439,1.),
  .UNSPECIFIED.);
#2165 = CARTESIAN_POINT('',(-1.564982340552,-0.2394));
#2166 = CARTESIAN_POINT('',(-1.47101108067,-0.2394));
#2167 = CARTESIAN_POINT('',(-1.377109579959,-0.23691923926));
#2168 = CARTESIAN_POINT('',(-1.283325870176,-0.231970230387));
#2169 = CARTESIAN_POINT('',(-1.189700658328,-0.224626085528));
#2170 = CARTESIAN_POINT('',(-1.09629070335,-0.215020331963));
#2171 = CARTESIAN_POINT('',(-1.003185564742,-0.203347994984));
#2172 = CARTESIAN_POINT('',(-0.841751560874,-0.179864789669));
#2173 = CARTESIAN_POINT('',(-0.7732323706,-0.168866943265));
#2174 = CARTESIAN_POINT('',(-0.704881617121,-0.156962122054));
#2175 = CARTESIAN_POINT('',(-0.636662620809,-0.14424586516));
#2176 = CARTESIAN_POINT('',(-0.56848284564,-0.130828031285));
#2177 = CARTESIAN_POINT('',(-0.500314185932,-0.116818969119));
#2178 = CARTESIAN_POINT('',(-0.397947686349,-9.521681354696E-02));
#2179 = CARTESIAN_POINT('',(-0.364971866635,-8.816390553794E-02));
#2180 = CARTESIAN_POINT('',(-0.332047797866,-8.106614993692E-02));
#2181 = CARTESIAN_POINT('',(-0.298276174838,-7.375595642512E-02));
#2182 = CARTESIAN_POINT('',(-0.26356479095,-6.62401761114E-02));
#2183 = CARTESIAN_POINT('',(-0.228612682622,-5.877147503271E-02));
#2184 = CARTESIAN_POINT('',(-0.18177462744,-4.913969947608E-02));
#2185 = CARTESIAN_POINT('',(-0.169179610778,-4.658920042654E-02));
#2186 = CARTESIAN_POINT('',(-0.156439737889,-4.405739002872E-02));
#2187 = CARTESIAN_POINT('',(-0.14341546731,-4.153248224633E-02));
#2188 = CARTESIAN_POINT('',(-0.130098434115,-3.903967484659E-02));
#2189 = CARTESIAN_POINT('',(-0.116557721797,-3.663213742541E-02));
#2190 = CARTESIAN_POINT('',(-9.633648286953E-02,-3.330402520188E-02));
#2191 = CARTESIAN_POINT('',(-8.978439354647E-02,-3.226671644726E-02));
#2192 = CARTESIAN_POINT('',(-8.322306791071E-02,-3.127439931869E-02));
#2193 = CARTESIAN_POINT('',(-7.664581892385E-02,-3.033271294796E-02));
#2194 = CARTESIAN_POINT('',(-7.004607077594E-02,-2.944860944862E-02));
#2195 = CARTESIAN_POINT('',(-6.341735888547E-02,-2.863035391598E-02));
#2196 = CARTESIAN_POINT('',(-4.918247509683E-02,-2.704361240112E-02));
#2197 = CARTESIAN_POINT('',(-4.132677874433E-02,-2.627040317011E-02));
#2198 = CARTESIAN_POINT('',(-3.3289469832E-02,-2.560573242782E-02));
#2199 = CARTESIAN_POINT('',(-2.51257321135E-02,-2.507977416892E-02));
#2200 = CARTESIAN_POINT('',(-1.685945560898E-02,-2.471536530785E-02));
#2201 = CARTESIAN_POINT('',(-8.491931671227E-03,-2.452840988431E-02));
#2202 = CARTESIAN_POINT('',(-2.491614960132E-06,-2.452836285533E-02));
#2203 = ( GEOMETRIC_REPRESENTATION_CONTEXT(2) 
PARAMETRIC_REPRESENTATION_CONTEXT() REPRESENTATION_CONTEXT('2D SPACE',''
  ) );
#2204 = PCURVE('',#2075,#2205);
#2205 = DEFINITIONAL_REPRESENTATION('',(#2206),#2245);
#2206 = B_SPLINE_CURVE_WITH_KNOTS('',7,(#2207,#2208,#2209,#2210,#2211,
    #2212,#2213,#2214,#2215,#2216,#2217,#2218,#2219,#2220,#2221,#2222,
    #2223,#2224,#2225,#2226,#2227,#2228,#2229,#2230,#2231,#2232,#2233,
    #2234,#2235,#2236,#2237,#2238,#2239,#2240,#2241,#2242,#2243,#2244),
  .UNSPECIFIED.,.F.,.F.,(8,6,6,6,6,6,8),(0.,0.417460091701,
    0.727245319597,0.882325521076,0.940484299414,0.968346441439,1.),
  .UNSPECIFIED.);
#2207 = CARTESIAN_POINT('',(0.,-0.240795930198));
#2208 = CARTESIAN_POINT('',(-9.39696716581E-02,-0.240664370434));
#2209 = CARTESIAN_POINT('',(-0.187809469523,-0.238052047903));
#2210 = CARTESIAN_POINT('',(-0.281472549115,-0.232968034686));
#2211 = CARTESIAN_POINT('',(-0.374909954958,-0.22548116016));
#2212 = CARTESIAN_POINT('',(-0.468054040615,-0.215720736118));
#2213 = CARTESIAN_POINT('',(-0.560793264072,-0.203875244729));
#2214 = CARTESIAN_POINT('',(-0.721316605035,-0.180032809538));
#2215 = CARTESIAN_POINT('',(-0.789362212689,-0.168863910753));
#2216 = CARTESIAN_POINT('',(-0.857123400292,-0.156762221063));
#2217 = CARTESIAN_POINT('',(-0.92461876306,-0.143818569326));
#2218 = CARTESIAN_POINT('',(-0.991835068303,-0.130117035223));
#2219 = CARTESIAN_POINT('',(-1.058760753987,-0.115758168169));
#2220 = CARTESIAN_POINT('',(-1.15818709632,-9.337389761856E-02));
#2221 = CARTESIAN_POINT('',(-1.190035606749,-8.602593989663E-02));
#2222 = CARTESIAN_POINT('',(-1.221624272405,-7.858330512879E-02));
#2223 = CARTESIAN_POINT('',(-1.253731187309,-7.084859589479E-02));
#2224 = CARTESIAN_POINT('',(-1.286308286544,-6.279488550037E-02));
#2225 = CARTESIAN_POINT('',(-1.318344282202,-5.460022756087E-02));
#2226 = CARTESIAN_POINT('',(-1.359355466804,-4.353439571005E-02));
#2227 = CARTESIAN_POINT('',(-1.370182540761,-4.054994667785E-02));
#2228 = CARTESIAN_POINT('',(-1.380902109674,-3.752343126137E-02));
#2229 = CARTESIAN_POINT('',(-1.391566944169,-3.442210336283E-02));
#2230 = CARTESIAN_POINT('',(-1.402072607864,-3.12440407795E-02));
#2231 = CARTESIAN_POINT('',(-1.412198287185,-2.800600395605E-02));
#2232 = CARTESIAN_POINT('',(-1.426174516232,-2.316247888568E-02));
#2233 = CARTESIAN_POINT('',(-1.430527048021,-2.159184277371E-02));
#2234 = CARTESIAN_POINT('',(-1.434687692069,-2.001786278672E-02));
#2235 = CARTESIAN_POINT('',(-1.438633427142,-1.843903916414E-02));
#2236 = CARTESIAN_POINT('',(-1.442335735251,-1.68538959992E-02));
#2237 = CARTESIAN_POINT('',(-1.44576060165,-1.526098123891E-02));
#2238 = CARTESIAN_POINT('',(-1.452399345748,-1.18387400465E-02));
#2239 = CARTESIAN_POINT('',(-1.455632582146,-9.950494746614E-03));
#2240 = CARTESIAN_POINT('',(-1.458410535517,-8.0133197685E-03));
#2241 = CARTESIAN_POINT('',(-1.460607933991,-6.049350097591E-03));
#2242 = CARTESIAN_POINT('',(-1.462130111161,-4.062635128875E-03));
#2243 = CARTESIAN_POINT('',(-1.462911044095,-2.043657164191E-03));
#2244 = CARTESIAN_POINT('',(-1.46291124054,6.000013522689E-07));
#2245 = ( GEOMETRIC_REPRESENTATION_CONTEXT(2) 
PARAMETRIC_REPRESENTATION_CONTEXT() REPRESENTATION_CONTEXT('2D SPACE',''
  ) );
#2246 = ORIENTED_EDGE('',*,*,#2247,.T.);
#2247 = EDGE_CURVE('',#1870,#1425,#2248,.T.);
#2248 = SEAM_CURVE('',#2249,(#2253,#2260),.PCURVE_S1.);
#2249 = LINE('',#2250,#2251);
#2250 = CARTESIAN_POINT('',(0.,0.2394,0.));
#2251 = VECTOR('',#2252,1.);
#2252 = DIRECTION('',(1.,0.,0.));
#2253 = PCURVE('',#1441,#2254);
#2254 = DEFINITIONAL_REPRESENTATION('',(#2255),#2259);
#2255 = LINE('',#2256,#2257);
#2256 = CARTESIAN_POINT('',(-6.28318530718,0.));
#2257 = VECTOR('',#2258,1.);
#2258 = DIRECTION('',(-0.,-1.));
#2259 = ( GEOMETRIC_REPRESENTATION_CONTEXT(2) 
PARAMETRIC_REPRESENTATION_CONTEXT() REPRESENTATION_CONTEXT('2D SPACE',''
  ) );
#2260 = PCURVE('',#1441,#2261);
#2261 = DEFINITIONAL_REPRESENTATION('',(#2262),#2266);
#2262 = LINE('',#2263,#2264);
#2263 = CARTESIAN_POINT('',(-0.,0.));
#2264 = VECTOR('',#2265,1.);
#2265 = DIRECTION('',(-0.,-1.));
#2266 = ( GEOMETRIC_REPRESENTATION_CONTEXT(2) 
PARAMETRIC_REPRESENTATION_CONTEXT() REPRESENTATION_CONTEXT('2D SPACE',''
  ) );
#2267 = ORIENTED_EDGE('',*,*,#1424,.T.);
#2268 = ORIENTED_EDGE('',*,*,#2247,.F.);
#2269 = ADVANCED_FACE('',(#2270),#1477,.F.);
#2270 = FACE_BOUND('',#2271,.T.);
#2271 = EDGE_LOOP('',(#2272,#2300,#2301,#2325,#2346,#2539,#2627,#2650,
    #2677,#2678,#2758,#2784,#2821));
#2272 = ORIENTED_EDGE('',*,*,#2273,.F.);
#2273 = EDGE_CURVE('',#920,#2274,#2276,.T.);
#2274 = VERTEX_POINT('',#2275);
#2275 = CARTESIAN_POINT('',(0.1993,-0.133056942697,0.));
#2276 = SURFACE_CURVE('',#2277,(#2281,#2288),.PCURVE_S1.);
#2277 = LINE('',#2278,#2279);
#2278 = CARTESIAN_POINT('',(0.1993,0.,0.));
#2279 = VECTOR('',#2280,1.);
#2280 = DIRECTION('',(0.,-1.,0.));
#2281 = PCURVE('',#1477,#2282);
#2282 = DEFINITIONAL_REPRESENTATION('',(#2283),#2287);
#2283 = LINE('',#2284,#2285);
#2284 = CARTESIAN_POINT('',(-6.28318530718,0.));
#2285 = VECTOR('',#2286,1.);
#2286 = DIRECTION('',(-0.,-1.));
#2287 = ( GEOMETRIC_REPRESENTATION_CONTEXT(2) 
PARAMETRIC_REPRESENTATION_CONTEXT() REPRESENTATION_CONTEXT('2D SPACE',''
  ) );
#2288 = PCURVE('',#2289,#2294);
#2289 = PLANE('',#2290);
#2290 = AXIS2_PLACEMENT_3D('',#2291,#2292,#2293);
#2291 = CARTESIAN_POINT('',(-1.4E-03,1.235273903049E-17,0.));
#2292 = DIRECTION('',(0.,0.,1.));
#2293 = DIRECTION('',(1.,0.,-0.));
#2294 = DEFINITIONAL_REPRESENTATION('',(#2295),#2299);
#2295 = LINE('',#2296,#2297);
#2296 = CARTESIAN_POINT('',(0.2007,-1.235273903049E-17));
#2297 = VECTOR('',#2298,1.);
#2298 = DIRECTION('',(0.,-1.));
#2299 = ( GEOMETRIC_REPRESENTATION_CONTEXT(2) 
PARAMETRIC_REPRESENTATION_CONTEXT() REPRESENTATION_CONTEXT('2D SPACE',''
  ) );
#2300 = ORIENTED_EDGE('',*,*,#1462,.F.);
#2301 = ORIENTED_EDGE('',*,*,#2302,.F.);
#2302 = EDGE_CURVE('',#2303,#351,#2305,.T.);
#2303 = VERTEX_POINT('',#2304);
#2304 = CARTESIAN_POINT('',(-0.2021,4.424160199266E-15,
    1.228933062944E-17));
#2305 = SURFACE_CURVE('',#2306,(#2311,#2318),.PCURVE_S1.);
#2306 = CIRCLE('',#2307,0.2007);
#2307 = AXIS2_PLACEMENT_3D('',#2308,#2309,#2310);
#2308 = CARTESIAN_POINT('',(-1.4E-03,0.,0.));
#2309 = DIRECTION('',(0.,-1.,0.));
#2310 = DIRECTION('',(1.,0.,0.));
#2311 = PCURVE('',#1477,#2312);
#2312 = DEFINITIONAL_REPRESENTATION('',(#2313),#2317);
#2313 = LINE('',#2314,#2315);
#2314 = CARTESIAN_POINT('',(-0.,0.));
#2315 = VECTOR('',#2316,1.);
#2316 = DIRECTION('',(-1.,0.));
#2317 = ( GEOMETRIC_REPRESENTATION_CONTEXT(2) 
PARAMETRIC_REPRESENTATION_CONTEXT() REPRESENTATION_CONTEXT('2D SPACE',''
  ) );
#2318 = PCURVE('',#1507,#2319);
#2319 = DEFINITIONAL_REPRESENTATION('',(#2320),#2324);
#2320 = CIRCLE('',#2321,0.2007);
#2321 = AXIS2_PLACEMENT_2D('',#2322,#2323);
#2322 = CARTESIAN_POINT('',(1.235273903049E-17,2.602085213965E-17));
#2323 = DIRECTION('',(0.,1.));
#2324 = ( GEOMETRIC_REPRESENTATION_CONTEXT(2) 
PARAMETRIC_REPRESENTATION_CONTEXT() REPRESENTATION_CONTEXT('2D SPACE',''
  ) );
#2325 = ORIENTED_EDGE('',*,*,#2326,.F.);
#2326 = EDGE_CURVE('',#2327,#2303,#2329,.T.);
#2327 = VERTEX_POINT('',#2328);
#2328 = CARTESIAN_POINT('',(-0.2021,-0.133056942697,0.));
#2329 = SURFACE_CURVE('',#2330,(#2334,#2340),.PCURVE_S1.);
#2330 = LINE('',#2331,#2332);
#2331 = CARTESIAN_POINT('',(-0.2021,0.,0.));
#2332 = VECTOR('',#2333,1.);
#2333 = DIRECTION('',(-0.,1.,-0.));
#2334 = PCURVE('',#1477,#2335);
#2335 = DEFINITIONAL_REPRESENTATION('',(#2336),#2339);
#2336 = B_SPLINE_CURVE_WITH_KNOTS('',1,(#2337,#2338),.UNSPECIFIED.,.F.,
  .F.,(2,2),(-0.28896,6.E-07),.PIECEWISE_BEZIER_KNOTS.);
#2337 = CARTESIAN_POINT('',(-3.14159265359,-0.28896));
#2338 = CARTESIAN_POINT('',(-3.14159265359,6.E-07));
#2339 = ( GEOMETRIC_REPRESENTATION_CONTEXT(2) 
PARAMETRIC_REPRESENTATION_CONTEXT() REPRESENTATION_CONTEXT('2D SPACE',''
  ) );
#2340 = PCURVE('',#2289,#2341);
#2341 = DEFINITIONAL_REPRESENTATION('',(#2342),#2345);
#2342 = B_SPLINE_CURVE_WITH_KNOTS('',1,(#2343,#2344),.UNSPECIFIED.,.F.,
  .F.,(2,2),(-0.28896,6.E-07),.PIECEWISE_BEZIER_KNOTS.);
#2343 = CARTESIAN_POINT('',(-0.2007,-0.28896));
#2344 = CARTESIAN_POINT('',(-0.2007,5.999999999876E-07));
#2345 = ( GEOMETRIC_REPRESENTATION_CONTEXT(2) 
PARAMETRIC_REPRESENTATION_CONTEXT() REPRESENTATION_CONTEXT('2D SPACE',''
  ) );
#2346 = ORIENTED_EDGE('',*,*,#2347,.F.);
#2347 = EDGE_CURVE('',#2348,#2327,#2350,.T.);
#2348 = VERTEX_POINT('',#2349);
#2349 = CARTESIAN_POINT('',(0.139553525219,-0.19523510022,0.142872649316
    ));
#2350 = SURFACE_CURVE('',#2351,(#2410,#2472),.PCURVE_S1.);
#2351 = B_SPLINE_CURVE_WITH_KNOTS('',8,(#2352,#2353,#2354,#2355,#2356,
    #2357,#2358,#2359,#2360,#2361,#2362,#2363,#2364,#2365,#2366,#2367,
    #2368,#2369,#2370,#2371,#2372,#2373,#2374,#2375,#2376,#2377,#2378,
    #2379,#2380,#2381,#2382,#2383,#2384,#2385,#2386,#2387,#2388,#2389,
    #2390,#2391,#2392,#2393,#2394,#2395,#2396,#2397,#2398,#2399,#2400,
    #2401,#2402,#2403,#2404,#2405,#2406,#2407,#2408,#2409),
  .UNSPECIFIED.,.F.,.F.,(9,7,7,7,7,7,7,7,9),(0.,8.543959157539E-02,
    0.208333840157,0.33970450049,0.497176071884,0.653851763254,
    0.88426706223,0.966326774649,1.),.UNSPECIFIED.);
#2352 = CARTESIAN_POINT('',(0.1993,-0.133056942697,-4.915734533567E-17)
  );
#2353 = CARTESIAN_POINT('',(0.1993,-0.133056942697,8.054832825497E-03));
#2354 = CARTESIAN_POINT('',(0.198930511647,-0.133614196414,
    1.603807407795E-02));
#2355 = CARTESIAN_POINT('',(0.198203193547,-0.134711445639,
    2.393627635134E-02));
#2356 = CARTESIAN_POINT('',(0.197128769842,-0.136313199691,
    3.173198092317E-02));
#2357 = CARTESIAN_POINT('',(0.195719939064,-0.13836570978,
    3.939914194689E-02));
#2358 = CARTESIAN_POINT('',(0.193995716828,-0.14079824591,
    4.690017123608E-02));
#2359 = CARTESIAN_POINT('',(0.191987212353,-0.143525676282,
    5.418460364017E-02));
#2360 = CARTESIAN_POINT('',(0.186519462788,-0.150662005024,
    7.12648887758E-02));
#2361 = CARTESIAN_POINT('',(0.182751385244,-0.155360747844,
    8.094551552741E-02));
#2362 = CARTESIAN_POINT('',(0.17849168232,-0.160376721486,
    9.021651529068E-02));
#2363 = CARTESIAN_POINT('',(0.173789948022,-0.165561638788,
    9.906199689639E-02));
#2364 = CARTESIAN_POINT('',(0.168692153708,-0.170801220325,
    0.107476133541));
#2365 = CARTESIAN_POINT('',(0.163233239463,-0.176018855906,0.11546937415
    ));
#2366 = CARTESIAN_POINT('',(0.157424437398,-0.181172488909,
    0.123069658548));
#2367 = CARTESIAN_POINT('',(0.144619333408,-0.191666806261,
    0.138067599642));
#2368 = CARTESIAN_POINT('',(0.13760164398,-0.196969138096,0.145376608761
    ));
#2369 = CARTESIAN_POINT('',(0.130220919675,-0.202076711593,
    0.152223392803));
#2370 = CARTESIAN_POINT('',(0.122512966989,-0.206934891909,
    0.158594953937));
#2371 = CARTESIAN_POINT('',(0.114508155694,-0.211504362718,0.16448462478
    ));
#2372 = CARTESIAN_POINT('',(0.106230203445,-0.215756393143,
    0.169889131205));
#2373 = CARTESIAN_POINT('',(9.769632708144E-02,-0.219668425592,
    0.174805660652));
#2374 = CARTESIAN_POINT('',(7.839725471453E-02,-0.227477172204,
    0.184531033893));
#2375 = CARTESIAN_POINT('',(6.754910781465E-02,-0.231206949181,
    0.189112594322));
#2376 = CARTESIAN_POINT('',(5.642698892618E-02,-0.234366676242,
    0.192955584513));
#2377 = CARTESIAN_POINT('',(4.508468344648E-02,-0.23692463609,
    0.196045204105));
#2378 = CARTESIAN_POINT('',(3.357649693197E-02,-0.23885819234,
    0.19837023572));
#2379 = CARTESIAN_POINT('',(2.195683785238E-02,-0.240152533227,
    0.199923154998));
#2380 = CARTESIAN_POINT('',(1.02799793494E-02,-0.2408,0.2007));
#2381 = CARTESIAN_POINT('',(-1.302094734664E-02,-0.2408,0.2007));
#2382 = CARTESIAN_POINT('',(-2.463881224418E-02,-0.240159061204,
    0.199930988315));
#2383 = CARTESIAN_POINT('',(-3.620034131241E-02,-0.238877766842,
    0.198393720074));
#2384 = CARTESIAN_POINT('',(-4.765207178277E-02,-0.236963619961,
    0.19609207897));
#2385 = CARTESIAN_POINT('',(-5.894039780411E-02,-0.234431138898,
    0.193033443156));
#2386 = CARTESIAN_POINT('',(-7.001180990575E-02,-0.23130251276,
    0.189228815911));
#2387 = CARTESIAN_POINT('',(-8.081330761766E-02,-0.227608816931,
    0.184692721088));
#2388 = CARTESIAN_POINT('',(-0.106704936095,-0.217190010619,
    0.171722153558));
#2389 = CARTESIAN_POINT('',(-0.121010327492,-0.210021694255,
    0.162663467685));
#2390 = CARTESIAN_POINT('',(-0.134470531613,-0.201978737945,
    0.152284724715));
#2391 = CARTESIAN_POINT('',(-0.147166209041,-0.193077043915,
    0.140466685529));
#2392 = CARTESIAN_POINT('',(-0.158978332894,-0.183398279383,
    0.127086572581));
#2393 = CARTESIAN_POINT('',(-0.169568746768,-0.173269183378,
    0.11217919437));
#2394 = CARTESIAN_POINT('',(-0.178652417803,-0.163394233265,
    9.599074195436E-02));
#2395 = CARTESIAN_POINT('',(-0.188635327819,-0.151473578733,
    7.258158895228E-02));
#2396 = CARTESIAN_POINT('',(-0.191068785145,-0.148444750354,
    6.622725410664E-02));
#2397 = CARTESIAN_POINT('',(-0.193289738009,-0.145566928371,
    5.96826837983E-02));
#2398 = CARTESIAN_POINT('',(-0.195278642148,-0.142892371927,
    5.296271507959E-02));
#2399 = CARTESIAN_POINT('',(-0.19701910313,-0.140474833753,
    4.607932016348E-02));
#2400 = CARTESIAN_POINT('',(-0.19849624141,-0.138368121509,
    3.904047757422E-02));
#2401 = CARTESIAN_POINT('',(-0.199695057392,-0.136624659135,
    3.184904329806E-02));
#2402 = CARTESIAN_POINT('',(-0.200969646074,-0.134748031635,
    2.148660557507E-02));
#2403 = CARTESIAN_POINT('',(-0.201290053844,-0.13427253869,
    1.845101837517E-02));
#2404 = CARTESIAN_POINT('',(-0.201558756218,-0.133871257604,
    1.53985395095E-02));
#2405 = CARTESIAN_POINT('',(-0.201774740162,-0.133547159821,
    1.23326747058E-02));
#2406 = CARTESIAN_POINT('',(-0.201937243184,-0.133302499989,
    9.256756244234E-03));
#2407 = CARTESIAN_POINT('',(-0.20204575334,-0.133138815956,
    6.173942957358E-03));
#2408 = CARTESIAN_POINT('',(-0.20210000923,-0.133056928775,
    3.087220230151E-03));
#2409 = CARTESIAN_POINT('',(-0.202099999999,-0.133056942699,
    -6.000000001197E-07));
#2410 = PCURVE('',#1477,#2411);
#2411 = DEFINITIONAL_REPRESENTATION('',(#2412),#2471);
#2412 = B_SPLINE_CURVE_WITH_KNOTS('',8,(#2413,#2414,#2415,#2416,#2417,
    #2418,#2419,#2420,#2421,#2422,#2423,#2424,#2425,#2426,#2427,#2428,
    #2429,#2430,#2431,#2432,#2433,#2434,#2435,#2436,#2437,#2438,#2439,
    #2440,#2441,#2442,#2443,#2444,#2445,#2446,#2447,#2448,#2449,#2450,
    #2451,#2452,#2453,#2454,#2455,#2456,#2457,#2458,#2459,#2460,#2461,
    #2462,#2463,#2464,#2465,#2466,#2467,#2468,#2469,#2470),
  .UNSPECIFIED.,.F.,.F.,(9,7,7,7,7,7,7,7,9),(0.,8.543959157539E-02,
    0.208333840157,0.33970450049,0.497176071884,0.653851763254,
    0.88426706223,0.966326774649,1.),.UNSPECIFIED.);
#2413 = CARTESIAN_POINT('',(0.,-0.133056942697));
#2414 = CARTESIAN_POINT('',(-4.013369619082E-02,-0.133056942697));
#2415 = CARTESIAN_POINT('',(-7.991060485343E-02,-0.133614196414));
#2416 = CARTESIAN_POINT('',(-0.119362614411,-0.134711445639));
#2417 = CARTESIAN_POINT('',(-0.158493131812,-0.136313199691));
#2418 = CARTESIAN_POINT('',(-0.197258233541,-0.13836570978));
#2419 = CARTESIAN_POINT('',(-0.235547682047,-0.14079824591));
#2420 = CARTESIAN_POINT('',(-0.273165807582,-0.143525676282));
#2421 = CARTESIAN_POINT('',(-0.362523622532,-0.150662005024));
#2422 = CARTESIAN_POINT('',(-0.414186171213,-0.155360747844));
#2423 = CARTESIAN_POINT('',(-0.46487263246,-0.160376721486));
#2424 = CARTESIAN_POINT('',(-0.51462320733,-0.165561638788));
#2425 = CARTESIAN_POINT('',(-0.563493458734,-0.170801220325));
#2426 = CARTESIAN_POINT('',(-0.611604940518,-0.176018855906));
#2427 = CARTESIAN_POINT('',(-0.659198563873,-0.181172488909));
#2428 = CARTESIAN_POINT('',(-0.75745852377,-0.191666806261));
#2429 = CARTESIAN_POINT('',(-0.807858740383,-0.196969138096));
#2430 = CARTESIAN_POINT('',(-0.857881648824,-0.202076711593));
#2431 = CARTESIAN_POINT('',(-0.907548749061,-0.206934891909));
#2432 = CARTESIAN_POINT('',(-0.956909958874,-0.211504362718));
#2433 = CARTESIAN_POINT('',(-1.006040286179,-0.215756393143));
#2434 = CARTESIAN_POINT('',(-1.055035957923,-0.219668425592));
#2435 = CARTESIAN_POINT('',(-1.162714287129,-0.227477172204));
#2436 = CARTESIAN_POINT('',(-1.221256360003,-0.231206949181));
#2437 = CARTESIAN_POINT('',(-1.279669626892,-0.234366676242));
#2438 = CARTESIAN_POINT('',(-1.337982886611,-0.23692463609));
#2439 = CARTESIAN_POINT('',(-1.396223499229,-0.23885819234));
#2440 = CARTESIAN_POINT('',(-1.454419422103,-0.240152533227));
#2441 = CARTESIAN_POINT('',(-1.512600116783,-0.2408));
#2442 = CARTESIAN_POINT('',(-1.62869840625,-0.2408));
#2443 = CARTESIAN_POINT('',(-1.686585159719,-0.240159061204));
#2444 = CARTESIAN_POINT('',(-1.74448691916,-0.238877766842));
#2445 = CARTESIAN_POINT('',(-1.80243265957,-0.236963619961));
#2446 = CARTESIAN_POINT('',(-1.86044983548,-0.234431138898));
#2447 = CARTESIAN_POINT('',(-1.91856529566,-0.23130251276));
#2448 = CARTESIAN_POINT('',(-1.976807276052,-0.227608816931));
#2449 = CARTESIAN_POINT('',(-2.121096260276,-0.217190010619));
#2450 = CARTESIAN_POINT('',(-2.205041299223,-0.210021694255));
#2451 = CARTESIAN_POINT('',(-2.289126625208,-0.201978737945));
#2452 = CARTESIAN_POINT('',(-2.374786255824,-0.193077043915));
#2453 = CARTESIAN_POINT('',(-2.462777325641,-0.183398279383));
#2454 = CARTESIAN_POINT('',(-2.553040281637,-0.173269183378));
#2455 = CARTESIAN_POINT('',(-2.644990378004,-0.163394233265));
#2456 = CARTESIAN_POINT('',(-2.771791117213,-0.151473578733));
#2457 = CARTESIAN_POINT('',(-2.80566990122,-0.148444750354));
#2458 = CARTESIAN_POINT('',(-2.840062894747,-0.145566928371));
#2459 = CARTESIAN_POINT('',(-2.874927004708,-0.142892371927));
#2460 = CARTESIAN_POINT('',(-2.910244805395,-0.140474833753));
#2461 = CARTESIAN_POINT('',(-2.946028130198,-0.138368121509));
#2462 = CARTESIAN_POINT('',(-2.982321663337,-0.136624659135));
#2463 = CARTESIAN_POINT('',(-3.034342247325,-0.134748031635));
#2464 = CARTESIAN_POINT('',(-3.049548929759,-0.13427253869));
#2465 = CARTESIAN_POINT('',(-3.064813063021,-0.133871257604));
#2466 = CARTESIAN_POINT('',(-3.080122177052,-0.133547159821));
#2467 = CARTESIAN_POINT('',(-3.095464847607,-0.133302499989));
#2468 = CARTESIAN_POINT('',(-3.11083069625,-0.133138815956));
#2469 = CARTESIAN_POINT('',(-3.12621039036,-0.133056928775));
#2470 = CARTESIAN_POINT('',(-3.141595643126,-0.133056942699));
#2471 = ( GEOMETRIC_REPRESENTATION_CONTEXT(2) 
PARAMETRIC_REPRESENTATION_CONTEXT() REPRESENTATION_CONTEXT('2D SPACE',''
  ) );
#2472 = PCURVE('',#2473,#2478);
#2473 = CYLINDRICAL_SURFACE('',#2474,0.2408);
#2474 = AXIS2_PLACEMENT_3D('',#2475,#2476,#2477);
#2475 = CARTESIAN_POINT('',(-1.4E-03,0.,0.));
#2476 = DIRECTION('',(-0.,-0.,-1.));
#2477 = DIRECTION('',(1.,0.,0.));
#2478 = DEFINITIONAL_REPRESENTATION('',(#2479),#2538);
#2479 = B_SPLINE_CURVE_WITH_KNOTS('',8,(#2480,#2481,#2482,#2483,#2484,
    #2485,#2486,#2487,#2488,#2489,#2490,#2491,#2492,#2493,#2494,#2495,
    #2496,#2497,#2498,#2499,#2500,#2501,#2502,#2503,#2504,#2505,#2506,
    #2507,#2508,#2509,#2510,#2511,#2512,#2513,#2514,#2515,#2516,#2517,
    #2518,#2519,#2520,#2521,#2522,#2523,#2524,#2525,#2526,#2527,#2528,
    #2529,#2530,#2531,#2532,#2533,#2534,#2535,#2536,#2537),
  .UNSPECIFIED.,.F.,.F.,(9,7,7,7,7,7,7,7,9),(0.,8.543959157539E-02,
    0.208333840157,0.33970450049,0.497176071884,0.653851763254,
    0.88426706223,0.966326774649,1.),.UNSPECIFIED.);
#2480 = CARTESIAN_POINT('',(-5.697750235719,5.551115123126E-17));
#2481 = CARTESIAN_POINT('',(-5.697750235719,-8.054832825497E-03));
#2482 = CARTESIAN_POINT('',(-5.694973709356,-1.603807407795E-02));
#2483 = CARTESIAN_POINT('',(-5.68950651867,-2.393627635134E-02));
#2484 = CARTESIAN_POINT('',(-5.681497151539,-3.173198092317E-02));
#2485 = CARTESIAN_POINT('',(-5.671160340191,-3.939914194689E-02));
#2486 = CARTESIAN_POINT('',(-5.658780810442,-4.690017123608E-02));
#2487 = CARTESIAN_POINT('',(-5.644717161669,-5.418460364017E-02));
#2488 = CARTESIAN_POINT('',(-5.607382495527,-7.12648887758E-02));
#2489 = CARTESIAN_POINT('',(-5.582375618529,-8.094551552741E-02));
#2490 = CARTESIAN_POINT('',(-5.555066962135,-9.021651529068E-02));
#2491 = CARTESIAN_POINT('',(-5.526031483277,-9.906199689639E-02));
#2492 = CARTESIAN_POINT('',(-5.495710832748,-0.107476133541));
#2493 = CARTESIAN_POINT('',(-5.46438806816,-0.11546937415));
#2494 = CARTESIAN_POINT('',(-5.432163627324,-0.123069658548));
#2495 = CARTESIAN_POINT('',(-5.363409443289,-0.138067599642));
#2496 = CARTESIAN_POINT('',(-5.326911352079,-0.145376608761));
#2497 = CARTESIAN_POINT('',(-5.289691453685,-0.152223392803));
#2498 = CARTESIAN_POINT('',(-5.251924698577,-0.158594953937));
#2499 = CARTESIAN_POINT('',(-5.213721096411,-0.16448462478));
#2500 = CARTESIAN_POINT('',(-5.175138127634,-0.169889131205));
#2501 = CARTESIAN_POINT('',(-5.136192292707,-0.174805660652));
#2502 = CARTESIAN_POINT('',(-5.049734655812,-0.184531033893));
#2503 = CARTESIAN_POINT('',(-5.002163622204,-0.189112594322));
#2504 = CARTESIAN_POINT('',(-4.954266072629,-0.192955584513));
#2505 = CARTESIAN_POINT('',(-4.90612688483,-0.196045204105));
#2506 = CARTESIAN_POINT('',(-4.857814196179,-0.19837023572));
#2507 = CARTESIAN_POINT('',(-4.809385756597,-0.199923154998));
#2508 = CARTESIAN_POINT('',(-4.760893878015,-0.2007));
#2509 = CARTESIAN_POINT('',(-4.664129232267,-0.2007));
#2510 = CARTESIAN_POINT('',(-4.615882339573,-0.199930988315));
#2511 = CARTESIAN_POINT('',(-4.567697936321,-0.198393720074));
#2512 = CARTESIAN_POINT('',(-4.519627559094,-0.19609207897));
#2513 = CARTESIAN_POINT('',(-4.471728105688,-0.193033443156));
#2514 = CARTESIAN_POINT('',(-4.424066634342,-0.189228815911));
#2515 = CARTESIAN_POINT('',(-4.37672650356,-0.184692721088));
#2516 = CARTESIAN_POINT('',(-4.260824174999,-0.171722153558));
#2517 = CARTESIAN_POINT('',(-4.194597682201,-0.162663467685));
#2518 = CARTESIAN_POINT('',(-4.129774856768,-0.152284724715));
#2519 = CARTESIAN_POINT('',(-4.065719796025,-0.140466685529));
#2520 = CARTESIAN_POINT('',(-4.002676114302,-0.127086572581));
#2521 = CARTESIAN_POINT('',(-3.942027602396,-0.11217919437));
#2522 = CARTESIAN_POINT('',(-3.886367177672,-9.599074195436E-02));
#2523 = CARTESIAN_POINT('',(-3.82179637469,-7.258158895228E-02));
#2524 = CARTESIAN_POINT('',(-3.805665119679,-6.622725410664E-02));
#2525 = CARTESIAN_POINT('',(-3.790573034885,-5.96826837983E-02));
#2526 = CARTESIAN_POINT('',(-3.776735090902,-5.296271507959E-02));
#2527 = CARTESIAN_POINT('',(-3.764366719284,-4.607932016348E-02));
#2528 = CARTESIAN_POINT('',(-3.753682655306,-3.904047757422E-02));
#2529 = CARTESIAN_POINT('',(-3.744895780733,-3.184904329806E-02));
#2530 = CARTESIAN_POINT('',(-3.735474903033,-2.148660557507E-02));
#2531 = CARTESIAN_POINT('',(-3.733093795279,-1.845101837517E-02));
#2532 = CARTESIAN_POINT('',(-3.731088259029,-1.53985395095E-02));
#2533 = CARTESIAN_POINT('',(-3.729470867486,-1.23326747058E-02));
#2534 = CARTESIAN_POINT('',(-3.728251151357,-9.256756244234E-03));
#2535 = CARTESIAN_POINT('',(-3.727435598851,-6.173942957358E-03));
#2536 = CARTESIAN_POINT('',(-3.72702765568,-3.087220230151E-03));
#2537 = CARTESIAN_POINT('',(-3.727027725057,5.999999999895E-07));
#2538 = ( GEOMETRIC_REPRESENTATION_CONTEXT(2) 
PARAMETRIC_REPRESENTATION_CONTEXT() REPRESENTATION_CONTEXT('2D SPACE',''
  ) );
#2539 = ORIENTED_EDGE('',*,*,#2540,.F.);
#2540 = EDGE_CURVE('',#2541,#2348,#2543,.T.);
#2541 = VERTEX_POINT('',#2542);
#2542 = CARTESIAN_POINT('',(0.1993,-0.2422,0.));
#2543 = SURFACE_CURVE('',#2544,(#2568,#2595),.PCURVE_S1.);
#2544 = B_SPLINE_CURVE_WITH_KNOTS('',8,(#2545,#2546,#2547,#2548,#2549,
    #2550,#2551,#2552,#2553,#2554,#2555,#2556,#2557,#2558,#2559,#2560,
    #2561,#2562,#2563,#2564,#2565,#2566,#2567),.UNSPECIFIED.,.F.,.F.,(9,
    7,7,9),(0.,0.313008691653,0.77471834569,1.),.UNSPECIFIED.);
#2545 = CARTESIAN_POINT('',(0.1993,-0.2422,-9.833913797153E-18));
#2546 = CARTESIAN_POINT('',(0.1993,-0.2422,1.159516315345E-02));
#2547 = CARTESIAN_POINT('',(0.198534396334,-0.241561902582,
    2.318709391018E-02));
#2548 = CARTESIAN_POINT('',(0.197003979363,-0.240286317383,
    3.472292922105E-02));
#2549 = CARTESIAN_POINT('',(0.19471262219,-0.2383807038,
    4.614962008535E-02));
#2550 = CARTESIAN_POINT('',(0.191667638505,-0.235859453033,
    5.741399154776E-02));
#2551 = CARTESIAN_POINT('',(0.187879906678,-0.232744528582,
    6.8462971521E-02));
#2552 = CARTESIAN_POINT('',(0.183363760121,-0.229066665188,
    7.924398843383E-02));
#2553 = CARTESIAN_POINT('',(0.170426282873,-0.218672513327,
    0.105137052622));
#2554 = CARTESIAN_POINT('',(0.161361070767,-0.211497203529,
    0.119489182721));
#2555 = CARTESIAN_POINT('',(0.150954453564,-0.203430123238,
    0.133010055238));
#2556 = CARTESIAN_POINT('',(0.139088982512,-0.19449009705,0.145766228347
    ));
#2557 = CARTESIAN_POINT('',(0.125649310546,-0.184766929917,
    0.157625768969));
#2558 = CARTESIAN_POINT('',(0.110680556167,-0.174598865369,
    0.168244977338));
#2559 = CARTESIAN_POINT('',(9.44367033994E-02,-0.164699166986,
    0.177340285929));
#2560 = CARTESIAN_POINT('',(6.868206880885E-02,-0.151609003504,
    0.188290241935));
#2561 = CARTESIAN_POINT('',(5.974070730784E-02,-0.147455825945,
    0.191570824115));
#2562 = CARTESIAN_POINT('',(5.040673871244E-02,-0.143618043208,
    0.194430003703));
#2563 = CARTESIAN_POINT('',(4.076690641057E-02,-0.140267541953,
    0.196799501791));
#2564 = CARTESIAN_POINT('',(3.088313218391E-02,-0.13756063531,
    0.198639183159));
#2565 = CARTESIAN_POINT('',(2.078985715882E-02,-0.135629238896,
    0.199922463757));
#2566 = CARTESIAN_POINT('',(1.049712395047E-02,-0.134574703073,
    0.200621923049));
#2567 = CARTESIAN_POINT('',(-6.000000001666E-07,-0.13446430145,
    0.200695121215));
#2568 = PCURVE('',#1477,#2569);
#2569 = DEFINITIONAL_REPRESENTATION('',(#2570),#2594);
#2570 = B_SPLINE_CURVE_WITH_KNOTS('',8,(#2571,#2572,#2573,#2574,#2575,
    #2576,#2577,#2578,#2579,#2580,#2581,#2582,#2583,#2584,#2585,#2586,
    #2587,#2588,#2589,#2590,#2591,#2592,#2593),.UNSPECIFIED.,.F.,.F.,(9,
    7,7,9),(0.,0.313008691653,0.77471834569,1.),.UNSPECIFIED.);
#2571 = CARTESIAN_POINT('',(0.,-0.2422));
#2572 = CARTESIAN_POINT('',(-5.777360813878E-02,-0.2422));
#2573 = CARTESIAN_POINT('',(-0.115531145618,-0.241561902582));
#2574 = CARTESIAN_POINT('',(-0.173302916767,-0.240286317383));
#2575 = CARTESIAN_POINT('',(-0.231117969737,-0.2383807038));
#2576 = CARTESIAN_POINT('',(-0.289003908083,-0.235859453033));
#2577 = CARTESIAN_POINT('',(-0.346987786759,-0.232744528582));
#2578 = CARTESIAN_POINT('',(-0.405098092499,-0.229066665188));
#2579 = CARTESIAN_POINT('',(-0.54931970445,-0.218672513327));
#2580 = CARTESIAN_POINT('',(-0.633478622419,-0.211497203529));
#2581 = CARTESIAN_POINT('',(-0.717882190075,-0.203430123238));
#2582 = CARTESIAN_POINT('',(-0.803910974686,-0.19449009705));
#2583 = CARTESIAN_POINT('',(-0.892268266864,-0.184766929917));
#2584 = CARTESIAN_POINT('',(-0.982855795738,-0.174598865369));
#2585 = CARTESIAN_POINT('',(-1.075071725957,-0.164699166986));
#2586 = CARTESIAN_POINT('',(-1.214512481227,-0.151609003504));
#2587 = CARTESIAN_POINT('',(-1.261907135044,-0.147455825945));
#2588 = CARTESIAN_POINT('',(-1.310426187298,-0.143618043208));
#2589 = CARTESIAN_POINT('',(-1.359729558517,-0.140267541953));
#2590 = CARTESIAN_POINT('',(-1.409657933344,-0.13756063531));
#2591 = CARTESIAN_POINT('',(-1.460209518165,-0.135629238896));
#2592 = CARTESIAN_POINT('',(-1.511516852537,-0.134574703073));
#2593 = CARTESIAN_POINT('',(-1.563823674381,-0.13446430145));
#2594 = ( GEOMETRIC_REPRESENTATION_CONTEXT(2) 
PARAMETRIC_REPRESENTATION_CONTEXT() REPRESENTATION_CONTEXT('2D SPACE',''
  ) );
#2595 = PCURVE('',#2596,#2601);
#2596 = CYLINDRICAL_SURFACE('',#2597,0.2408);
#2597 = AXIS2_PLACEMENT_3D('',#2598,#2599,#2600);
#2598 = CARTESIAN_POINT('',(0.,-1.4E-03,0.));
#2599 = DIRECTION('',(-1.,-0.,-0.));
#2600 = DIRECTION('',(0.,1.,0.));
#2601 = DEFINITIONAL_REPRESENTATION('',(#2602),#2626);
#2602 = B_SPLINE_CURVE_WITH_KNOTS('',8,(#2603,#2604,#2605,#2606,#2607,
    #2608,#2609,#2610,#2611,#2612,#2613,#2614,#2615,#2616,#2617,#2618,
    #2619,#2620,#2621,#2622,#2623,#2624,#2625),.UNSPECIFIED.,.F.,.F.,(9,
    7,7,9),(0.,0.313008691653,0.77471834569,1.),.UNSPECIFIED.);
#2603 = CARTESIAN_POINT('',(-3.14159265359,-0.1993));
#2604 = CARTESIAN_POINT('',(-3.093439982687,-0.1993));
#2605 = CARTESIAN_POINT('',(-3.045300793759,-0.198534396334));
#2606 = CARTESIAN_POINT('',(-2.997224224714,-0.197003979363));
#2607 = CARTESIAN_POINT('',(-2.949261257331,-0.19471262219));
#2608 = CARTESIAN_POINT('',(-2.901468113952,-0.191667638505));
#2609 = CARTESIAN_POINT('',(-2.853911000303,-0.187879906678));
#2610 = CARTESIAN_POINT('',(-2.806672194459,-0.183363760121));
#2611 = CARTESIAN_POINT('',(-2.690802515436,-0.170426282873));
#2612 = CARTESIAN_POINT('',(-2.624389745733,-0.161361070767));
#2613 = CARTESIAN_POINT('',(-2.559302522849,-0.150954453564));
#2614 = CARTESIAN_POINT('',(-2.494956763062,-0.139088982512));
#2615 = CARTESIAN_POINT('',(-2.431648451318,-0.125649310546));
#2616 = CARTESIAN_POINT('',(-2.370802749944,-0.110680556167));
#2617 = CARTESIAN_POINT('',(-2.315033900323,-9.44367033994E-02));
#2618 = CARTESIAN_POINT('',(-2.244161130756,-6.868206880885E-02));
#2619 = CARTESIAN_POINT('',(-2.222191274604,-5.974070730784E-02));
#2620 = CARTESIAN_POINT('',(-2.202327983411,-5.040673871244E-02));
#2621 = CARTESIAN_POINT('',(-2.185293740844,-4.076690641057E-02));
#2622 = CARTESIAN_POINT('',(-2.171703959027,-3.088313218391E-02));
#2623 = CARTESIAN_POINT('',(-2.162072693084,-2.078985715882E-02));
#2624 = CARTESIAN_POINT('',(-2.156818160334,-1.049712395047E-02));
#2625 = CARTESIAN_POINT('',(-2.156268064134,5.999999999895E-07));
#2626 = ( GEOMETRIC_REPRESENTATION_CONTEXT(2) 
PARAMETRIC_REPRESENTATION_CONTEXT() REPRESENTATION_CONTEXT('2D SPACE',''
  ) );
#2627 = ORIENTED_EDGE('',*,*,#2628,.T.);
#2628 = EDGE_CURVE('',#2541,#2629,#2631,.T.);
#2629 = VERTEX_POINT('',#2630);
#2630 = CARTESIAN_POINT('',(0.1993,-0.75,0.));
#2631 = SEAM_CURVE('',#2632,(#2636,#2643),.PCURVE_S1.);
#2632 = LINE('',#2633,#2634);
#2633 = CARTESIAN_POINT('',(0.1993,0.,0.));
#2634 = VECTOR('',#2635,1.);
#2635 = DIRECTION('',(0.,-1.,0.));
#2636 = PCURVE('',#1477,#2637);
#2637 = DEFINITIONAL_REPRESENTATION('',(#2638),#2642);
#2638 = LINE('',#2639,#2640);
#2639 = CARTESIAN_POINT('',(-0.,0.));
#2640 = VECTOR('',#2641,1.);
#2641 = DIRECTION('',(-0.,-1.));
#2642 = ( GEOMETRIC_REPRESENTATION_CONTEXT(2) 
PARAMETRIC_REPRESENTATION_CONTEXT() REPRESENTATION_CONTEXT('2D SPACE',''
  ) );
#2643 = PCURVE('',#1477,#2644);
#2644 = DEFINITIONAL_REPRESENTATION('',(#2645),#2649);
#2645 = LINE('',#2646,#2647);
#2646 = CARTESIAN_POINT('',(-6.28318530718,0.));
#2647 = VECTOR('',#2648,1.);
#2648 = DIRECTION('',(-0.,-1.));
#2649 = ( GEOMETRIC_REPRESENTATION_CONTEXT(2) 
PARAMETRIC_REPRESENTATION_CONTEXT() REPRESENTATION_CONTEXT('2D SPACE',''
  ) );
#2650 = ORIENTED_EDGE('',*,*,#2651,.T.);
#2651 = EDGE_CURVE('',#2629,#2629,#2652,.T.);
#2652 = SURFACE_CURVE('',#2653,(#2658,#2665),.PCURVE_S1.);
#2653 = CIRCLE('',#2654,0.2007);
#2654 = AXIS2_PLACEMENT_3D('',#2655,#2656,#2657);
#2655 = CARTESIAN_POINT('',(-1.4E-03,-0.75,0.));
#2656 = DIRECTION('',(0.,-1.,0.));
#2657 = DIRECTION('',(1.,0.,0.));
#2658 = PCURVE('',#1477,#2659);
#2659 = DEFINITIONAL_REPRESENTATION('',(#2660),#2664);
#2660 = LINE('',#2661,#2662);
#2661 = CARTESIAN_POINT('',(-0.,-0.75));
#2662 = VECTOR('',#2663,1.);
#2663 = DIRECTION('',(-1.,0.));
#2664 = ( GEOMETRIC_REPRESENTATION_CONTEXT(2) 
PARAMETRIC_REPRESENTATION_CONTEXT() REPRESENTATION_CONTEXT('2D SPACE',''
  ) );
#2665 = PCURVE('',#2666,#2671);
#2666 = PLANE('',#2667);
#2667 = AXIS2_PLACEMENT_3D('',#2668,#2669,#2670);
#2668 = CARTESIAN_POINT('',(-1.4E-03,-0.75,1.235273903049E-17));
#2669 = DIRECTION('',(-0.,-1.,-0.));
#2670 = DIRECTION('',(0.,0.,-1.));
#2671 = DEFINITIONAL_REPRESENTATION('',(#2672),#2676);
#2672 = CIRCLE('',#2673,0.2007);
#2673 = AXIS2_PLACEMENT_2D('',#2674,#2675);
#2674 = CARTESIAN_POINT('',(1.235273903049E-17,2.602085213965E-17));
#2675 = DIRECTION('',(0.,1.));
#2676 = ( GEOMETRIC_REPRESENTATION_CONTEXT(2) 
PARAMETRIC_REPRESENTATION_CONTEXT() REPRESENTATION_CONTEXT('2D SPACE',''
  ) );
#2677 = ORIENTED_EDGE('',*,*,#2628,.F.);
#2678 = ORIENTED_EDGE('',*,*,#2679,.F.);
#2679 = EDGE_CURVE('',#2680,#2541,#2682,.T.);
#2680 = VERTEX_POINT('',#2681);
#2681 = CARTESIAN_POINT('',(0.,-0.134464307761,-0.200695117031));
#2682 = SURFACE_CURVE('',#2683,(#2706,#2732),.PCURVE_S1.);
#2683 = B_SPLINE_CURVE_WITH_KNOTS('',6,(#2684,#2685,#2686,#2687,#2688,
    #2689,#2690,#2691,#2692,#2693,#2694,#2695,#2696,#2697,#2698,#2699,
    #2700,#2701,#2702,#2703,#2704,#2705),.UNSPECIFIED.,.F.,.F.,(7,5,5,5,
    7),(0.,0.168497135575,0.418684918933,0.68262133526,1.),
  .UNSPECIFIED.);
#2684 = CARTESIAN_POINT('',(-6.000000000374E-07,-0.13446430145,
    -0.200695121215));
#2685 = CARTESIAN_POINT('',(1.048095563504E-02,-0.134574533036,
    -0.200622035787));
#2686 = CARTESIAN_POINT('',(2.082411668031E-02,-0.13567393503,
    -0.199892932157));
#2687 = CARTESIAN_POINT('',(3.099589007817E-02,-0.13770961192,
    -0.198539871641));
#2688 = CARTESIAN_POINT('',(4.094404834575E-02,-0.140553217119,
    -0.196590460387));
#2689 = CARTESIAN_POINT('',(5.056123475065E-02,-0.144001975657,
    -0.194093592482));
#2690 = CARTESIAN_POINT('',(7.323956466912E-02,-0.153464262365,
    -0.186847053481));
#2691 = CARTESIAN_POINT('',(8.603928059881E-02,-0.160048040941,
    -0.181487115417));
#2692 = CARTESIAN_POINT('',(9.805508476536E-02,-0.167072782672,
    -0.175239348622));
#2693 = CARTESIAN_POINT('',(0.109222179715,-0.174149508306,
    -0.168251505774));
#2694 = CARTESIAN_POINT('',(0.119610278625,-0.181120797135,
    -0.160627236875));
#2695 = CARTESIAN_POINT('',(0.139584457414,-0.195119554916,
    -0.143480003859));
#2696 = CARTESIAN_POINT('',(0.14902628643,-0.202081033065,-0.13393529309
    ));
#2697 = CARTESIAN_POINT('',(0.157593543551,-0.208611463887,
    -0.123755227522));
#2698 = CARTESIAN_POINT('',(0.165266120171,-0.214597075953,
    -0.113033850511));
#2699 = CARTESIAN_POINT('',(0.172039731098,-0.219971029818,
    -0.101829497318));
#2700 = CARTESIAN_POINT('',(0.184946388735,-0.230335564585,
    -7.616736146529E-02));
#2701 = CARTESIAN_POINT('',(0.190651861889,-0.235012026192,
    -6.155037510187E-02));
#2702 = CARTESIAN_POINT('',(0.194966315867,-0.238587918794,
    -4.647367523475E-02));
#2703 = CARTESIAN_POINT('',(0.197854680292,-0.240995390427,
    -3.108895016454E-02));
#2704 = CARTESIAN_POINT('',(0.1993,-0.2422,-1.554754995604E-02));
#2705 = CARTESIAN_POINT('',(0.1993,-0.2422,0.));
#2706 = PCURVE('',#1477,#2707);
#2707 = DEFINITIONAL_REPRESENTATION('',(#2708),#2731);
#2708 = B_SPLINE_CURVE_WITH_KNOTS('',6,(#2709,#2710,#2711,#2712,#2713,
    #2714,#2715,#2716,#2717,#2718,#2719,#2720,#2721,#2722,#2723,#2724,
    #2725,#2726,#2727,#2728,#2729,#2730),.UNSPECIFIED.,.F.,.F.,(7,5,5,5,
    7),(0.,0.168497135575,0.418684918933,0.68262133526,1.),
  .UNSPECIFIED.);
#2709 = CARTESIAN_POINT('',(-4.719361632798,-0.13446430145));
#2710 = CARTESIAN_POINT('',(-4.771587893066,-0.134574533036));
#2711 = CARTESIAN_POINT('',(-4.823147290207,-0.13567393503));
#2712 = CARTESIAN_POINT('',(-4.874131563967,-0.13770961192));
#2713 = CARTESIAN_POINT('',(-4.924499954556,-0.140553217119));
#2714 = CARTESIAN_POINT('',(-4.97393107823,-0.144001975657));
#2715 = CARTESIAN_POINT('',(-5.092555693758,-0.153464262365));
#2716 = CARTESIAN_POINT('',(-5.161434791734,-0.160048040941));
#2717 = CARTESIAN_POINT('',(-5.228574356701,-0.167072782672));
#2718 = CARTESIAN_POINT('',(-5.293932149034,-0.174149508306));
#2719 = CARTESIAN_POINT('',(-5.35795112282,-0.181120797135));
#2720 = CARTESIAN_POINT('',(-5.489116076193,-0.195119554916));
#2721 = CARTESIAN_POINT('',(-5.555788687444,-0.202081033065));
#2722 = CARTESIAN_POINT('',(-5.621767466613,-0.208611463887));
#2723 = CARTESIAN_POINT('',(-5.687162815686,-0.214597075953));
#2724 = CARTESIAN_POINT('',(-5.752200866782,-0.219971029818));
#2725 = CARTESIAN_POINT('',(-5.89532505422,-0.230335564585));
#2726 = CARTESIAN_POINT('',(-5.973162538611,-0.235012026192));
#2727 = CARTESIAN_POINT('',(-6.050790824469,-0.238587918794));
#2728 = CARTESIAN_POINT('',(-6.128282645584,-0.240995390427));
#2729 = CARTESIAN_POINT('',(-6.205718690558,-0.2422));
#2730 = CARTESIAN_POINT('',(-6.28318530718,-0.2422));
#2731 = ( GEOMETRIC_REPRESENTATION_CONTEXT(2) 
PARAMETRIC_REPRESENTATION_CONTEXT() REPRESENTATION_CONTEXT('2D SPACE',''
  ) );
#2732 = PCURVE('',#2596,#2733);
#2733 = DEFINITIONAL_REPRESENTATION('',(#2734),#2757);
#2734 = B_SPLINE_CURVE_WITH_KNOTS('',6,(#2735,#2736,#2737,#2738,#2739,
    #2740,#2741,#2742,#2743,#2744,#2745,#2746,#2747,#2748,#2749,#2750,
    #2751,#2752,#2753,#2754,#2755,#2756),.UNSPECIFIED.,.F.,.F.,(7,5,5,5,
    7),(0.,0.168497135575,0.418684918933,0.68262133526,1.),
  .UNSPECIFIED.);
#2735 = CARTESIAN_POINT('',(-4.126917243045,5.999999999895E-07));
#2736 = CARTESIAN_POINT('',(-4.126367994089,-1.048095563504E-02));
#2737 = CARTESIAN_POINT('',(-4.120889821287,-2.082411668031E-02));
#2738 = CARTESIAN_POINT('',(-4.110737908464,-3.099589007817E-02));
#2739 = CARTESIAN_POINT('',(-4.096424876397,-4.094404834575E-02));
#2740 = CARTESIAN_POINT('',(-4.07874990107,-5.056123475065E-02));
#2741 = CARTESIAN_POINT('',(-4.029255069362,-7.323956466912E-02));
#2742 = CARTESIAN_POINT('',(-3.994013406013,-8.603928059881E-02));
#2743 = CARTESIAN_POINT('',(-3.95503563217,-9.805508476536E-02));
#2744 = CARTESIAN_POINT('',(-3.913815801068,-0.109222179715));
#2745 = CARTESIAN_POINT('',(-3.870979258284,-0.119610278625));
#2746 = CARTESIAN_POINT('',(-3.779053255666,-0.139584457414));
#2747 = CARTESIAN_POINT('',(-3.730065913156,-0.14902628643));
#2748 = CARTESIAN_POINT('',(-3.679977170633,-0.157593543551));
#2749 = CARTESIAN_POINT('',(-3.629128315963,-0.165266120171));
#2750 = CARTESIAN_POINT('',(-3.577627036809,-0.172039731098));
#2751 = CARTESIAN_POINT('',(-3.462692895183,-0.184946388735));
#2752 = CARTESIAN_POINT('',(-3.399135640225,-0.190651861889));
#2753 = CARTESIAN_POINT('',(-3.335074563574,-0.194966315867));
#2754 = CARTESIAN_POINT('',(-3.270699471406,-0.197854680292));
#2755 = CARTESIAN_POINT('',(-3.206158890949,-0.1993));
#2756 = CARTESIAN_POINT('',(-3.14159265359,-0.1993));
#2757 = ( GEOMETRIC_REPRESENTATION_CONTEXT(2) 
PARAMETRIC_REPRESENTATION_CONTEXT() REPRESENTATION_CONTEXT('2D SPACE',''
  ) );
#2758 = ORIENTED_EDGE('',*,*,#2759,.T.);
#2759 = EDGE_CURVE('',#2680,#2760,#2762,.T.);
#2760 = VERTEX_POINT('',#2761);
#2761 = CARTESIAN_POINT('',(0.,-2.800000000001E-03,-0.200695117031));
#2762 = SURFACE_CURVE('',#2763,(#2767,#2773),.PCURVE_S1.);
#2763 = LINE('',#2764,#2765);
#2764 = CARTESIAN_POINT('',(0.,0.,-0.200695117031));
#2765 = VECTOR('',#2766,1.);
#2766 = DIRECTION('',(-0.,1.,-0.));
#2767 = PCURVE('',#1477,#2768);
#2768 = DEFINITIONAL_REPRESENTATION('',(#2769),#2772);
#2769 = B_SPLINE_CURVE_WITH_KNOTS('',1,(#2770,#2771),.UNSPECIFIED.,.F.,
  .F.,(2,2),(-0.29036,6.000000044242E-07),.PIECEWISE_BEZIER_KNOTS.);
#2770 = CARTESIAN_POINT('',(-4.719364622407,-0.29036));
#2771 = CARTESIAN_POINT('',(-4.719364622407,6.000000044242E-07));
#2772 = ( GEOMETRIC_REPRESENTATION_CONTEXT(2) 
PARAMETRIC_REPRESENTATION_CONTEXT() REPRESENTATION_CONTEXT('2D SPACE',''
  ) );
#2773 = PCURVE('',#2774,#2779);
#2774 = PLANE('',#2775);
#2775 = AXIS2_PLACEMENT_3D('',#2776,#2777,#2778);
#2776 = CARTESIAN_POINT('',(0.,-1.4E-03,1.235273903049E-17));
#2777 = DIRECTION('',(1.,0.,0.));
#2778 = DIRECTION('',(-0.,0.,1.));
#2779 = DEFINITIONAL_REPRESENTATION('',(#2780),#2783);
#2780 = B_SPLINE_CURVE_WITH_KNOTS('',1,(#2781,#2782),.UNSPECIFIED.,.F.,
  .F.,(2,2),(-0.29036,6.000000044242E-07),.PIECEWISE_BEZIER_KNOTS.);
#2781 = CARTESIAN_POINT('',(-0.200695117031,0.28896));
#2782 = CARTESIAN_POINT('',(-0.200695117031,-1.400600000004E-03));
#2783 = ( GEOMETRIC_REPRESENTATION_CONTEXT(2) 
PARAMETRIC_REPRESENTATION_CONTEXT() REPRESENTATION_CONTEXT('2D SPACE',''
  ) );
#2784 = ORIENTED_EDGE('',*,*,#2785,.F.);
#2785 = EDGE_CURVE('',#2786,#2760,#2788,.T.);
#2786 = VERTEX_POINT('',#2787);
#2787 = CARTESIAN_POINT('',(0.1993,-0.2021,0.));
#2788 = SURFACE_CURVE('',#2789,(#2794,#2805),.PCURVE_S1.);
#2789 = ELLIPSE('',#2790,0.283832661968,0.2007);
#2790 = AXIS2_PLACEMENT_3D('',#2791,#2792,#2793);
#2791 = CARTESIAN_POINT('',(-1.4E-03,-1.4E-03,0.));
#2792 = DIRECTION('',(0.707106781187,0.707106781187,0.));
#2793 = DIRECTION('',(-0.707106781187,0.707106781187,0.));
#2794 = PCURVE('',#1477,#2795);
#2795 = DEFINITIONAL_REPRESENTATION('',(#2796),#2804);
#2796 = B_SPLINE_CURVE_WITH_KNOTS('',6,(#2797,#2798,#2799,#2800,#2801,
    #2802,#2803),.UNSPECIFIED.,.F.,.F.,(7,7),(3.14159265359,
    4.705416327971),.PIECEWISE_BEZIER_KNOTS.);
#2797 = CARTESIAN_POINT('',(-6.28318530718,-0.2021));
#2798 = CARTESIAN_POINT('',(-6.022548028116,-0.2021));
#2799 = CARTESIAN_POINT('',(-5.761910749052,-0.185742665632));
#2800 = CARTESIAN_POINT('',(-5.501273469989,-0.153004299371));
#2801 = CARTESIAN_POINT('',(-5.240636190925,-0.107298705701));
#2802 = CARTESIAN_POINT('',(-4.979998911862,-5.51080303149E-02));
#2803 = CARTESIAN_POINT('',(-4.719361632798,-2.7994E-03));
#2804 = ( GEOMETRIC_REPRESENTATION_CONTEXT(2) 
PARAMETRIC_REPRESENTATION_CONTEXT() REPRESENTATION_CONTEXT('2D SPACE',''
  ) );
#2805 = PCURVE('',#2806,#2811);
#2806 = CYLINDRICAL_SURFACE('',#2807,0.2007);
#2807 = AXIS2_PLACEMENT_3D('',#2808,#2809,#2810);
#2808 = CARTESIAN_POINT('',(0.,-1.4E-03,0.));
#2809 = DIRECTION('',(-1.,-0.,-0.));
#2810 = DIRECTION('',(0.,1.,0.));
#2811 = DEFINITIONAL_REPRESENTATION('',(#2812),#2820);
#2812 = B_SPLINE_CURVE_WITH_KNOTS('',6,(#2813,#2814,#2815,#2816,#2817,
    #2818,#2819),.UNSPECIFIED.,.F.,.F.,(7,7),(3.14159265359,
    4.705416327971),.PIECEWISE_BEZIER_KNOTS.);
#2813 = CARTESIAN_POINT('',(-3.14159265359,-0.1993));
#2814 = CARTESIAN_POINT('',(-3.402229932653,-0.1993));
#2815 = CARTESIAN_POINT('',(-3.662867211717,-0.182942665632));
#2816 = CARTESIAN_POINT('',(-3.92350449078,-0.150204299371));
#2817 = CARTESIAN_POINT('',(-4.184141769844,-0.104498705701));
#2818 = CARTESIAN_POINT('',(-4.444779048908,-5.23080303149E-02));
#2819 = CARTESIAN_POINT('',(-4.705416327971,6.000000001795E-07));
#2820 = ( GEOMETRIC_REPRESENTATION_CONTEXT(2) 
PARAMETRIC_REPRESENTATION_CONTEXT() REPRESENTATION_CONTEXT('2D SPACE',''
  ) );
#2821 = ORIENTED_EDGE('',*,*,#2822,.F.);
#2822 = EDGE_CURVE('',#2274,#2786,#2823,.T.);
#2823 = SURFACE_CURVE('',#2824,(#2828,#2835),.PCURVE_S1.);
#2824 = LINE('',#2825,#2826);
#2825 = CARTESIAN_POINT('',(0.1993,0.,0.));
#2826 = VECTOR('',#2827,1.);
#2827 = DIRECTION('',(0.,-1.,0.));
#2828 = PCURVE('',#1477,#2829);
#2829 = DEFINITIONAL_REPRESENTATION('',(#2830),#2834);
#2830 = LINE('',#2831,#2832);
#2831 = CARTESIAN_POINT('',(-6.28318530718,0.));
#2832 = VECTOR('',#2833,1.);
#2833 = DIRECTION('',(-0.,-1.));
#2834 = ( GEOMETRIC_REPRESENTATION_CONTEXT(2) 
PARAMETRIC_REPRESENTATION_CONTEXT() REPRESENTATION_CONTEXT('2D SPACE',''
  ) );
#2835 = PCURVE('',#2836,#2841);
#2836 = CYLINDRICAL_SURFACE('',#2837,0.2007);
#2837 = AXIS2_PLACEMENT_3D('',#2838,#2839,#2840);
#2838 = CARTESIAN_POINT('',(-1.4E-03,0.,0.));
#2839 = DIRECTION('',(-0.,1.,-0.));
#2840 = DIRECTION('',(1.,0.,0.));
#2841 = DEFINITIONAL_REPRESENTATION('',(#2842),#2846);
#2842 = LINE('',#2843,#2844);
#2843 = CARTESIAN_POINT('',(-0.,0.));
#2844 = VECTOR('',#2845,1.);
#2845 = DIRECTION('',(-0.,-1.));
#2846 = ( GEOMETRIC_REPRESENTATION_CONTEXT(2) 
PARAMETRIC_REPRESENTATION_CONTEXT() REPRESENTATION_CONTEXT('2D SPACE',''
  ) );
#2847 = ADVANCED_FACE('',(#2848),#1507,.F.);
#2848 = FACE_BOUND('',#2849,.F.);
#2849 = EDGE_LOOP('',(#2850,#2871,#2893,#2894));
#2850 = ORIENTED_EDGE('',*,*,#2851,.F.);
#2851 = EDGE_CURVE('',#2852,#2303,#2854,.T.);
#2852 = VERTEX_POINT('',#2853);
#2853 = CARTESIAN_POINT('',(-0.2422,-4.476595885278E-15,
    1.474474746173E-17));
#2854 = SURFACE_CURVE('',#2855,(#2859,#2865),.PCURVE_S1.);
#2855 = LINE('',#2856,#2857);
#2856 = CARTESIAN_POINT('',(-1.4E-03,0.,0.));
#2857 = VECTOR('',#2858,1.);
#2858 = DIRECTION('',(1.,0.,0.));
#2859 = PCURVE('',#1507,#2860);
#2860 = DEFINITIONAL_REPRESENTATION('',(#2861),#2864);
#2861 = B_SPLINE_CURVE_WITH_KNOTS('',1,(#2862,#2863),.UNSPECIFIED.,.F.,
  .F.,(2,2),(-0.2408,0.2408),.PIECEWISE_BEZIER_KNOTS.);
#2862 = CARTESIAN_POINT('',(1.235273903049E-17,-0.2408));
#2863 = CARTESIAN_POINT('',(1.235273903049E-17,0.2408));
#2864 = ( GEOMETRIC_REPRESENTATION_CONTEXT(2) 
PARAMETRIC_REPRESENTATION_CONTEXT() REPRESENTATION_CONTEXT('2D SPACE',''
  ) );
#2865 = PCURVE('',#1557,#2866);
#2866 = DEFINITIONAL_REPRESENTATION('',(#2867),#2870);
#2867 = B_SPLINE_CURVE_WITH_KNOTS('',1,(#2868,#2869),.UNSPECIFIED.,.F.,
  .F.,(2,2),(-0.2408,0.2408),.PIECEWISE_BEZIER_KNOTS.);
#2868 = CARTESIAN_POINT('',(-0.2408,-1.235273903049E-17));
#2869 = CARTESIAN_POINT('',(0.2408,-1.235273903049E-17));
#2870 = ( GEOMETRIC_REPRESENTATION_CONTEXT(2) 
PARAMETRIC_REPRESENTATION_CONTEXT() REPRESENTATION_CONTEXT('2D SPACE',''
  ) );
#2871 = ORIENTED_EDGE('',*,*,#2872,.T.);
#2872 = EDGE_CURVE('',#2852,#1493,#2873,.T.);
#2873 = SURFACE_CURVE('',#2874,(#2879,#2886),.PCURVE_S1.);
#2874 = CIRCLE('',#2875,0.2408);
#2875 = AXIS2_PLACEMENT_3D('',#2876,#2877,#2878);
#2876 = CARTESIAN_POINT('',(-1.4E-03,0.,0.));
#2877 = DIRECTION('',(0.,-1.,0.));
#2878 = DIRECTION('',(1.,0.,0.));
#2879 = PCURVE('',#1507,#2880);
#2880 = DEFINITIONAL_REPRESENTATION('',(#2881),#2885);
#2881 = CIRCLE('',#2882,0.2408);
#2882 = AXIS2_PLACEMENT_2D('',#2883,#2884);
#2883 = CARTESIAN_POINT('',(1.235273903049E-17,2.602085213965E-17));
#2884 = DIRECTION('',(0.,1.));
#2885 = ( GEOMETRIC_REPRESENTATION_CONTEXT(2) 
PARAMETRIC_REPRESENTATION_CONTEXT() REPRESENTATION_CONTEXT('2D SPACE',''
  ) );
#2886 = PCURVE('',#1943,#2887);
#2887 = DEFINITIONAL_REPRESENTATION('',(#2888),#2892);
#2888 = LINE('',#2889,#2890);
#2889 = CARTESIAN_POINT('',(-0.,0.));
#2890 = VECTOR('',#2891,1.);
#2891 = DIRECTION('',(-1.,0.));
#2892 = ( GEOMETRIC_REPRESENTATION_CONTEXT(2) 
PARAMETRIC_REPRESENTATION_CONTEXT() REPRESENTATION_CONTEXT('2D SPACE',''
  ) );
#2893 = ORIENTED_EDGE('',*,*,#1492,.T.);
#2894 = ORIENTED_EDGE('',*,*,#2302,.F.);
#2895 = ADVANCED_FACE('',(#2896),#1636,.F.);
#2896 = FACE_BOUND('',#2897,.F.);
#2897 = EDGE_LOOP('',(#2898,#2920,#2921,#2950));
#2898 = ORIENTED_EDGE('',*,*,#2899,.F.);
#2899 = EDGE_CURVE('',#972,#2303,#2900,.T.);
#2900 = SURFACE_CURVE('',#2901,(#2906,#2913),.PCURVE_S1.);
#2901 = CIRCLE('',#2902,0.2007);
#2902 = AXIS2_PLACEMENT_3D('',#2903,#2904,#2905);
#2903 = CARTESIAN_POINT('',(-1.4E-03,0.,0.));
#2904 = DIRECTION('',(0.,-1.,0.));
#2905 = DIRECTION('',(1.,0.,0.));
#2906 = PCURVE('',#1636,#2907);
#2907 = DEFINITIONAL_REPRESENTATION('',(#2908),#2912);
#2908 = CIRCLE('',#2909,0.2007);
#2909 = AXIS2_PLACEMENT_2D('',#2910,#2911);
#2910 = CARTESIAN_POINT('',(1.235273903049E-17,2.602085213965E-17));
#2911 = DIRECTION('',(0.,1.));
#2912 = ( GEOMETRIC_REPRESENTATION_CONTEXT(2) 
PARAMETRIC_REPRESENTATION_CONTEXT() REPRESENTATION_CONTEXT('2D SPACE',''
  ) );
#2913 = PCURVE('',#1824,#2914);
#2914 = DEFINITIONAL_REPRESENTATION('',(#2915),#2919);
#2915 = LINE('',#2916,#2917);
#2916 = CARTESIAN_POINT('',(-0.,0.));
#2917 = VECTOR('',#2918,1.);
#2918 = DIRECTION('',(-1.,0.));
#2919 = ( GEOMETRIC_REPRESENTATION_CONTEXT(2) 
PARAMETRIC_REPRESENTATION_CONTEXT() REPRESENTATION_CONTEXT('2D SPACE',''
  ) );
#2920 = ORIENTED_EDGE('',*,*,#1623,.T.);
#2921 = ORIENTED_EDGE('',*,*,#2922,.T.);
#2922 = EDGE_CURVE('',#1595,#2923,#2925,.T.);
#2923 = VERTEX_POINT('',#2924);
#2924 = CARTESIAN_POINT('',(-0.2021,0.,0.133056942697));
#2925 = SURFACE_CURVE('',#2926,(#2931,#2938),.PCURVE_S1.);
#2926 = CIRCLE('',#2927,0.2408);
#2927 = AXIS2_PLACEMENT_3D('',#2928,#2929,#2930);
#2928 = CARTESIAN_POINT('',(-1.4E-03,0.,0.));
#2929 = DIRECTION('',(0.,-1.,0.));
#2930 = DIRECTION('',(1.,0.,0.));
#2931 = PCURVE('',#1636,#2932);
#2932 = DEFINITIONAL_REPRESENTATION('',(#2933),#2937);
#2933 = CIRCLE('',#2934,0.2408);
#2934 = AXIS2_PLACEMENT_2D('',#2935,#2936);
#2935 = CARTESIAN_POINT('',(1.235273903049E-17,2.602085213965E-17));
#2936 = DIRECTION('',(0.,1.));
#2937 = ( GEOMETRIC_REPRESENTATION_CONTEXT(2) 
PARAMETRIC_REPRESENTATION_CONTEXT() REPRESENTATION_CONTEXT('2D SPACE',''
  ) );
#2938 = PCURVE('',#2939,#2944);
#2939 = CYLINDRICAL_SURFACE('',#2940,0.2408);
#2940 = AXIS2_PLACEMENT_3D('',#2941,#2942,#2943);
#2941 = CARTESIAN_POINT('',(-1.4E-03,0.,0.));
#2942 = DIRECTION('',(-0.,1.,-0.));
#2943 = DIRECTION('',(1.,0.,0.));
#2944 = DEFINITIONAL_REPRESENTATION('',(#2945),#2949);
#2945 = LINE('',#2946,#2947);
#2946 = CARTESIAN_POINT('',(-0.,0.));
#2947 = VECTOR('',#2948,1.);
#2948 = DIRECTION('',(-1.,0.));
#2949 = ( GEOMETRIC_REPRESENTATION_CONTEXT(2) 
PARAMETRIC_REPRESENTATION_CONTEXT() REPRESENTATION_CONTEXT('2D SPACE',''
  ) );
#2950 = ORIENTED_EDGE('',*,*,#2951,.T.);
#2951 = EDGE_CURVE('',#2923,#2303,#2952,.T.);
#2952 = SURFACE_CURVE('',#2953,(#2957,#2963),.PCURVE_S1.);
#2953 = LINE('',#2954,#2955);
#2954 = CARTESIAN_POINT('',(-0.2021,0.,0.));
#2955 = VECTOR('',#2956,1.);
#2956 = DIRECTION('',(-0.,-0.,-1.));
#2957 = PCURVE('',#1636,#2958);
#2958 = DEFINITIONAL_REPRESENTATION('',(#2959),#2962);
#2959 = B_SPLINE_CURVE_WITH_KNOTS('',1,(#2960,#2961),.UNSPECIFIED.,.F.,
  .F.,(2,2),(-0.28896,6.E-07),.PIECEWISE_BEZIER_KNOTS.);
#2960 = CARTESIAN_POINT('',(-0.28896,-0.2007));
#2961 = CARTESIAN_POINT('',(6.000000000124E-07,-0.2007));
#2962 = ( GEOMETRIC_REPRESENTATION_CONTEXT(2) 
PARAMETRIC_REPRESENTATION_CONTEXT() REPRESENTATION_CONTEXT('2D SPACE',''
  ) );
#2963 = PCURVE('',#1583,#2964);
#2964 = DEFINITIONAL_REPRESENTATION('',(#2965),#2968);
#2965 = B_SPLINE_CURVE_WITH_KNOTS('',1,(#2966,#2967),.UNSPECIFIED.,.F.,
  .F.,(2,2),(-0.28896,6.E-07),.PIECEWISE_BEZIER_KNOTS.);
#2966 = CARTESIAN_POINT('',(-3.14159265359,-0.28896));
#2967 = CARTESIAN_POINT('',(-3.14159265359,6.E-07));
#2968 = ( GEOMETRIC_REPRESENTATION_CONTEXT(2) 
PARAMETRIC_REPRESENTATION_CONTEXT() REPRESENTATION_CONTEXT('2D SPACE',''
  ) );
#2969 = ADVANCED_FACE('',(#2970),#1611,.T.);
#2970 = FACE_BOUND('',#2971,.F.);
#2971 = EDGE_LOOP('',(#2972,#2973,#3047,#3127,#3157));
#2972 = ORIENTED_EDGE('',*,*,#1594,.F.);
#2973 = ORIENTED_EDGE('',*,*,#2974,.F.);
#2974 = EDGE_CURVE('',#2975,#1569,#2977,.T.);
#2975 = VERTEX_POINT('',#2976);
#2976 = CARTESIAN_POINT('',(0.1993,0.,0.240795930198));
#2977 = SURFACE_CURVE('',#2978,(#2999,#3023),.PCURVE_S1.);
#2978 = B_SPLINE_CURVE_WITH_KNOTS('',7,(#2979,#2980,#2981,#2982,#2983,
    #2984,#2985,#2986,#2987,#2988,#2989,#2990,#2991,#2992,#2993,#2994,
    #2995,#2996,#2997,#2998),.UNSPECIFIED.,.F.,.F.,(8,6,6,8),(0.,
    0.324008845268,0.774812845797,1.),.UNSPECIFIED.);
#2979 = CARTESIAN_POINT('',(0.1993,-2.653022516936E-17,0.240795930198));
#2980 = CARTESIAN_POINT('',(0.1993,1.372933191662E-02,0.240716107152));
#2981 = CARTESIAN_POINT('',(0.198204265499,2.745122451456E-02,
    0.239723038373));
#2982 = CARTESIAN_POINT('',(0.196015026464,4.107180983966E-02,
    0.237817750159));
#2983 = CARTESIAN_POINT('',(0.192741484045,5.449695396701E-02,
    0.235016994254));
#2984 = CARTESIAN_POINT('',(0.188400997156,6.763238501828E-02,
    0.231353392221));
#2985 = CARTESIAN_POINT('',(0.183019078285,8.038467883175E-02,
    0.226878409505));
#2986 = CARTESIAN_POINT('',(0.167736360557,0.109746470513,0.214418969121
    ));
#2987 = CARTESIAN_POINT('',(0.157144298877,0.125428275223,0.205953021179
    ));
#2988 = CARTESIAN_POINT('',(0.14485766661,0.140084915815,0.196389194841)
  );
#2989 = CARTESIAN_POINT('',(0.130646285378,0.153790166463,0.185737000186
    ));
#2990 = CARTESIAN_POINT('',(0.1143681115,0.166091223601,0.174200272609)
  );
#2991 = CARTESIAN_POINT('',(9.642108697944E-02,0.176496596502,
    0.162802096307));
#2992 = CARTESIAN_POINT('',(6.749013914884E-02,0.188797008097,
    0.147822288315));
#2993 = CARTESIAN_POINT('',(5.718637841514E-02,0.192485415801,
    0.143012556679));
#2994 = CARTESIAN_POINT('',(4.63806633613E-02,0.195584926787,
    0.138670610668));
#2995 = CARTESIAN_POINT('',(3.520977842459E-02,0.198001617099,
    0.135078531461));
#2996 = CARTESIAN_POINT('',(2.374998860825E-02,0.19968964122,
    0.132479623237));
#2997 = CARTESIAN_POINT('',(1.201707177405E-02,0.200611324809,
    0.131057576663));
#2998 = CARTESIAN_POINT('',(-5.999999999884E-07,0.200695121215,
    0.130928232177));
#2999 = PCURVE('',#1611,#3000);
#3000 = DEFINITIONAL_REPRESENTATION('',(#3001),#3022);
#3001 = B_SPLINE_CURVE_WITH_KNOTS('',7,(#3002,#3003,#3004,#3005,#3006,
    #3007,#3008,#3009,#3010,#3011,#3012,#3013,#3014,#3015,#3016,#3017,
    #3018,#3019,#3020,#3021),.UNSPECIFIED.,.F.,.F.,(8,6,6,8),(0.,
    0.324008845268,0.774812845797,1.),.UNSPECIFIED.);
#3002 = CARTESIAN_POINT('',(-1.564982340552,-0.1993));
#3003 = CARTESIAN_POINT('',(-1.507965878915,-0.1993));
#3004 = CARTESIAN_POINT('',(-1.450958364277,-0.198204265499));
#3005 = CARTESIAN_POINT('',(-1.394046341774,-0.196015026464));
#3006 = CARTESIAN_POINT('',(-1.337320034391,-0.192741484045));
#3007 = CARTESIAN_POINT('',(-1.28088391397,-0.188400997156));
#3008 = CARTESIAN_POINT('',(-1.224874183793,-0.183019078285));
#3009 = CARTESIAN_POINT('',(-1.092415865053,-0.167736360557));
#3010 = CARTESIAN_POINT('',(-1.018737193256,-0.157144298877));
#3011 = CARTESIAN_POINT('',(-0.946421422486,-0.14485766661));
#3012 = CARTESIAN_POINT('',(-0.8748594235,-0.130646285378));
#3013 = CARTESIAN_POINT('',(-0.805181776742,-0.1143681115));
#3014 = CARTESIAN_POINT('',(-0.741174043531,-9.642108697944E-02));
#3015 = CARTESIAN_POINT('',(-0.660680491251,-6.749013914884E-02));
#3016 = CARTESIAN_POINT('',(-0.635524152753,-5.718637841514E-02));
#3017 = CARTESIAN_POINT('',(-0.613386618587,-4.63806633613E-02));
#3018 = CARTESIAN_POINT('',(-0.59541446693,-3.520977842459E-02));
#3019 = CARTESIAN_POINT('',(-0.582542193495,-2.374998860825E-02));
#3020 = CARTESIAN_POINT('',(-0.575505494049,-1.201707177405E-02));
#3021 = CARTESIAN_POINT('',(-0.574865476196,5.999999999895E-07));
#3022 = ( GEOMETRIC_REPRESENTATION_CONTEXT(2) 
PARAMETRIC_REPRESENTATION_CONTEXT() REPRESENTATION_CONTEXT('2D SPACE',''
  ) );
#3023 = PCURVE('',#1583,#3024);
#3024 = DEFINITIONAL_REPRESENTATION('',(#3025),#3046);
#3025 = B_SPLINE_CURVE_WITH_KNOTS('',7,(#3026,#3027,#3028,#3029,#3030,
    #3031,#3032,#3033,#3034,#3035,#3036,#3037,#3038,#3039,#3040,#3041,
    #3042,#3043,#3044,#3045),.UNSPECIFIED.,.F.,.F.,(8,6,6,8),(0.,
    0.324008845268,0.774812845797,1.),.UNSPECIFIED.);
#3026 = CARTESIAN_POINT('',(0.,-0.240795930198));
#3027 = CARTESIAN_POINT('',(-6.840723426319E-02,-0.240716107152));
#3028 = CARTESIAN_POINT('',(-0.136777463806,-0.239723038373));
#3029 = CARTESIAN_POINT('',(-0.205165526392,-0.237817750159));
#3030 = CARTESIAN_POINT('',(-0.273623331271,-0.235016994254));
#3031 = CARTESIAN_POINT('',(-0.342198946838,-0.231353392221));
#3032 = CARTESIAN_POINT('',(-0.410941265633,-0.226878409505));
#3033 = CARTESIAN_POINT('',(-0.575869023834,-0.214418969121));
#3034 = CARTESIAN_POINT('',(-0.669540156345,-0.205953021179));
#3035 = CARTESIAN_POINT('',(-0.764048437116,-0.196389194841));
#3036 = CARTESIAN_POINT('',(-0.861281225036,-0.185737000186));
#3037 = CARTESIAN_POINT('',(-0.96174632641,-0.174200272609));
#3038 = CARTESIAN_POINT('',(-1.064327875401,-0.162802096307));
#3039 = CARTESIAN_POINT('',(-1.220965827378,-0.147822288315));
#3040 = CARTESIAN_POINT('',(-1.275402554842,-0.14301255668));
#3041 = CARTESIAN_POINT('',(-1.331224973033,-0.138670610668));
#3042 = CARTESIAN_POINT('',(-1.387946259984,-0.135078531461));
#3043 = CARTESIAN_POINT('',(-1.445452602092,-0.132479623237));
#3044 = CARTESIAN_POINT('',(-1.503943435633,-0.131057576663));
#3045 = CARTESIAN_POINT('',(-1.563823674381,-0.130928232177));
#3046 = ( GEOMETRIC_REPRESENTATION_CONTEXT(2) 
PARAMETRIC_REPRESENTATION_CONTEXT() REPRESENTATION_CONTEXT('2D SPACE',''
  ) );
#3047 = ORIENTED_EDGE('',*,*,#3048,.F.);
#3048 = EDGE_CURVE('',#3049,#2975,#3051,.T.);
#3049 = VERTEX_POINT('',#3050);
#3050 = CARTESIAN_POINT('',(0.139814608031,-0.142614603676,
    0.195046342464));
#3051 = SURFACE_CURVE('',#3052,(#3075,#3101),.PCURVE_S1.);
#3052 = B_SPLINE_CURVE_WITH_KNOTS('',6,(#3053,#3054,#3055,#3056,#3057,
    #3058,#3059,#3060,#3061,#3062,#3063,#3064,#3065,#3066,#3067,#3068,
    #3069,#3070,#3071,#3072,#3073,#3074),.UNSPECIFIED.,.F.,.F.,(7,5,5,5,
    7),(0.,0.171603212132,0.427065876311,0.693671988983,1.),
  .UNSPECIFIED.);
#3053 = CARTESIAN_POINT('',(-5.999999998592E-07,-0.200695121215,
    0.135152116742));
#3054 = CARTESIAN_POINT('',(1.066182086062E-02,-0.200620774656,
    0.135261748074));
#3055 = CARTESIAN_POINT('',(2.11833410448E-02,-0.199867557741,
    0.136372166509));
#3056 = CARTESIAN_POINT('',(3.152859648705E-02,-0.198468670768,
    0.138429869334));
#3057 = CARTESIAN_POINT('',(4.164289007581E-02,-0.196452860428,
    0.141303928111));
#3058 = CARTESIAN_POINT('',(5.141546315167E-02,-0.193871105606,
    0.144787331262));
#3059 = CARTESIAN_POINT('',(7.448105154625E-02,-0.186368097267,
    0.154351274775));
#3060 = CARTESIAN_POINT('',(8.749779630237E-02,-0.180810774587,
    0.161008913535));
#3061 = CARTESIAN_POINT('',(9.96981596706E-02,-0.174333289498,
    0.168100821923));
#3062 = CARTESIAN_POINT('',(0.111014199489,-0.167091250824,
    0.175227341915));
#3063 = CARTESIAN_POINT('',(0.121517533492,-0.159193107427,
    0.182228067245));
#3064 = CARTESIAN_POINT('',(0.141545225669,-0.141538131465,
    0.196157671523));
#3065 = CARTESIAN_POINT('',(0.150937114739,-0.131777290392,0.20302176341
    ));
#3066 = CARTESIAN_POINT('',(0.159432204455,-0.121379953693,
    0.209432773753));
#3067 = CARTESIAN_POINT('',(0.167009942548,-0.110442145304,
    0.215277387178));
#3068 = CARTESIAN_POINT('',(0.173664633176,-9.902556015865E-02,
    0.220487717323));
#3069 = CARTESIAN_POINT('',(0.185948391083,-7.355081289089E-02,
    0.23019855474));
#3070 = CARTESIAN_POINT('',(0.191259762126,-5.938852785767E-02,
    0.234463867138));
#3071 = CARTESIAN_POINT('',(0.195272388154,-4.481557753485E-02,
    0.237701657958));
#3072 = CARTESIAN_POINT('',(0.197957399069,-2.996891216463E-02,
    0.239850826916));
#3073 = CARTESIAN_POINT('',(0.1993,-1.498607488004E-02,0.240883060013));
#3074 = CARTESIAN_POINT('',(0.1993,-2.775557561563E-17,0.240795930198));
#3075 = PCURVE('',#1611,#3076);
#3076 = DEFINITIONAL_REPRESENTATION('',(#3077),#3100);
#3077 = B_SPLINE_CURVE_WITH_KNOTS('',6,(#3078,#3079,#3080,#3081,#3082,
    #3083,#3084,#3085,#3086,#3087,#3088,#3089,#3090,#3091,#3092,#3093,
    #3094,#3095,#3096,#3097,#3098,#3099),.UNSPECIFIED.,.F.,.F.,(7,5,5,5,
    7),(0.,0.171603212132,0.427065876311,0.693671988983,1.),
  .UNSPECIFIED.);
#3078 = CARTESIAN_POINT('',(-2.54568167994,5.999999999895E-07));
#3079 = CARTESIAN_POINT('',(-2.545131584527,-1.066182086062E-02));
#3080 = CARTESIAN_POINT('',(-2.539559648297,-2.11833410448E-02));
#3081 = CARTESIAN_POINT('',(-2.529225588963,-3.152859648705E-02));
#3082 = CARTESIAN_POINT('',(-2.514651747421,-4.164289007581E-02));
#3083 = CARTESIAN_POINT('',(-2.496652754832,-5.141546315167E-02));
#3084 = CARTESIAN_POINT('',(-2.446171742345,-7.448105154625E-02));
#3085 = CARTESIAN_POINT('',(-2.410172908021,-8.749779630237E-02));
#3086 = CARTESIAN_POINT('',(-2.370353460149,-9.96981596706E-02));
#3087 = CARTESIAN_POINT('',(-2.328245810813,-0.111014199489));
#3088 = CARTESIAN_POINT('',(-2.284486534411,-0.121517533492));
#3089 = CARTESIAN_POINT('',(-2.191095807295,-0.141545225669));
#3090 = CARTESIAN_POINT('',(-2.141616614897,-0.150937114739));
#3091 = CARTESIAN_POINT('',(-2.0910321111,-0.159432204455));
#3092 = CARTESIAN_POINT('',(-2.039679612782,-0.167009942548));
#3093 = CARTESIAN_POINT('',(-1.987671012996,-0.173664633176));
#3094 = CARTESIAN_POINT('',(-1.874453188121,-0.185948391083));
#3095 = CARTESIAN_POINT('',(-1.81318832258,-0.191259762126));
#3096 = CARTESIAN_POINT('',(-1.751448622303,-0.195272388154));
#3097 = CARTESIAN_POINT('',(-1.689413673187,-0.197957399069));
#3098 = CARTESIAN_POINT('',(-1.627217922639,-0.1993));
#3099 = CARTESIAN_POINT('',(-1.564982340552,-0.1993));
#3100 = ( GEOMETRIC_REPRESENTATION_CONTEXT(2) 
PARAMETRIC_REPRESENTATION_CONTEXT() REPRESENTATION_CONTEXT('2D SPACE',''
  ) );
#3101 = PCURVE('',#1583,#3102);
#3102 = DEFINITIONAL_REPRESENTATION('',(#3103),#3126);
#3103 = B_SPLINE_CURVE_WITH_KNOTS('',6,(#3104,#3105,#3106,#3107,#3108,
    #3109,#3110,#3111,#3112,#3113,#3114,#3115,#3116,#3117,#3118,#3119,
    #3120,#3121,#3122,#3123,#3124,#3125),.UNSPECIFIED.,.F.,.F.,(7,5,5,5,
    7),(0.,0.171603212132,0.427065876311,0.693671988983,1.),
  .UNSPECIFIED.);
#3104 = CARTESIAN_POINT('',(-4.719361632798,-0.135152116742));
#3105 = CARTESIAN_POINT('',(-4.772489086999,-0.135261748074));
#3106 = CARTESIAN_POINT('',(-4.824937980123,-0.136372166509));
#3107 = CARTESIAN_POINT('',(-4.876801743899,-0.138429869334));
#3108 = CARTESIAN_POINT('',(-4.928038879763,-0.141303928111));
#3109 = CARTESIAN_POINT('',(-4.978322154539,-0.144787331262));
#3110 = CARTESIAN_POINT('',(-5.09917535131,-0.154351274775));
#3111 = CARTESIAN_POINT('',(-5.169417528815,-0.161008913535));
#3112 = CARTESIAN_POINT('',(-5.237882966202,-0.168100821923));
#3113 = CARTESIAN_POINT('',(-5.304528402089,-0.175227341915));
#3114 = CARTESIAN_POINT('',(-5.369810854676,-0.182228067245));
#3115 = CARTESIAN_POINT('',(-5.502837455181,-0.196157671523));
#3116 = CARTESIAN_POINT('',(-5.570101191014,-0.20302176341));
#3117 = CARTESIAN_POINT('',(-5.636675383058,-0.209432773753));
#3118 = CARTESIAN_POINT('',(-5.702671855151,-0.215277387178));
#3119 = CARTESIAN_POINT('',(-5.768311364818,-0.220487717323));
#3120 = CARTESIAN_POINT('',(-5.90922656454,-0.23019855474));
#3121 = CARTESIAN_POINT('',(-5.984281827362,-0.234463867138));
#3122 = CARTESIAN_POINT('',(-6.059139605421,-0.237701657958));
#3123 = CARTESIAN_POINT('',(-6.133863488755,-0.239850826916));
#3124 = CARTESIAN_POINT('',(-6.208516274394,-0.240883060013));
#3125 = CARTESIAN_POINT('',(-6.28318530718,-0.240795930198));
#3126 = ( GEOMETRIC_REPRESENTATION_CONTEXT(2) 
PARAMETRIC_REPRESENTATION_CONTEXT() REPRESENTATION_CONTEXT('2D SPACE',''
  ) );
#3127 = ORIENTED_EDGE('',*,*,#3128,.F.);
#3128 = EDGE_CURVE('',#3129,#3049,#3131,.T.);
#3129 = VERTEX_POINT('',#3130);
#3130 = CARTESIAN_POINT('',(0.,-2.799999999998E-03,0.240795930198));
#3131 = SURFACE_CURVE('',#3132,(#3137,#3147),.PCURVE_S1.);
#3132 = ELLIPSE('',#3133,0.340542625819,0.2408);
#3133 = AXIS2_PLACEMENT_3D('',#3134,#3135,#3136);
#3134 = CARTESIAN_POINT('',(-1.4E-03,-1.4E-03,0.));
#3135 = DIRECTION('',(0.707106781187,0.707106781187,0.));
#3136 = DIRECTION('',(-0.707106781187,0.707106781187,0.));
#3137 = PCURVE('',#1611,#3138);
#3138 = DEFINITIONAL_REPRESENTATION('',(#3139),#3146);
#3139 = B_SPLINE_CURVE_WITH_KNOTS('',5,(#3140,#3141,#3142,#3143,#3144,
    #3145),.UNSPECIFIED.,.F.,.F.,(6,6),(1.576607821301,2.545722219064),
  .PIECEWISE_BEZIER_KNOTS.);
#3140 = CARTESIAN_POINT('',(-1.576607821301,6.00000001482E-07));
#3141 = CARTESIAN_POINT('',(-1.770430700854,-4.667116125153E-02));
#3142 = CARTESIAN_POINT('',(-1.964253580406,-9.327973894451E-02));
#3143 = CARTESIAN_POINT('',(-2.158076459959,-0.136156710969));
#3144 = CARTESIAN_POINT('',(-2.351899339511,-0.17170659352));
#3145 = CARTESIAN_POINT('',(-2.545722219064,-0.1979006));
#3146 = ( GEOMETRIC_REPRESENTATION_CONTEXT(2) 
PARAMETRIC_REPRESENTATION_CONTEXT() REPRESENTATION_CONTEXT('2D SPACE',''
  ) );
#3147 = PCURVE('',#2939,#3148);
#3148 = DEFINITIONAL_REPRESENTATION('',(#3149),#3156);
#3149 = B_SPLINE_CURVE_WITH_KNOTS('',5,(#3150,#3151,#3152,#3153,#3154,
    #3155),.UNSPECIFIED.,.F.,.F.,(6,6),(1.576607821301,2.545722219064),
  .PIECEWISE_BEZIER_KNOTS.);
#3150 = CARTESIAN_POINT('',(-1.564984832289,-2.799399999999E-03));
#3151 = CARTESIAN_POINT('',(-1.371161952736,-4.947116125153E-02));
#3152 = CARTESIAN_POINT('',(-1.177339073183,-9.607973894451E-02));
#3153 = CARTESIAN_POINT('',(-0.983516193631,-0.138956710969));
#3154 = CARTESIAN_POINT('',(-0.789693314078,-0.17450659352));
#3155 = CARTESIAN_POINT('',(-0.595870434526,-0.2007006));
#3156 = ( GEOMETRIC_REPRESENTATION_CONTEXT(2) 
PARAMETRIC_REPRESENTATION_CONTEXT() REPRESENTATION_CONTEXT('2D SPACE',''
  ) );
#3157 = ORIENTED_EDGE('',*,*,#3158,.F.);
#3158 = EDGE_CURVE('',#1595,#3129,#3159,.T.);
#3159 = SURFACE_CURVE('',#3160,(#3165,#3172),.PCURVE_S1.);
#3160 = CIRCLE('',#3161,0.2408);
#3161 = AXIS2_PLACEMENT_3D('',#3162,#3163,#3164);
#3162 = CARTESIAN_POINT('',(0.,-1.4E-03,0.));
#3163 = DIRECTION('',(1.,0.,0.));
#3164 = DIRECTION('',(0.,1.,0.));
#3165 = PCURVE('',#1611,#3166);
#3166 = DEFINITIONAL_REPRESENTATION('',(#3167),#3171);
#3167 = LINE('',#3168,#3169);
#3168 = CARTESIAN_POINT('',(-0.,0.));
#3169 = VECTOR('',#3170,1.);
#3170 = DIRECTION('',(-1.,0.));
#3171 = ( GEOMETRIC_REPRESENTATION_CONTEXT(2) 
PARAMETRIC_REPRESENTATION_CONTEXT() REPRESENTATION_CONTEXT('2D SPACE',''
  ) );
#3172 = PCURVE('',#3173,#3178);
#3173 = PLANE('',#3174);
#3174 = AXIS2_PLACEMENT_3D('',#3175,#3176,#3177);
#3175 = CARTESIAN_POINT('',(0.,-1.4E-03,1.235273903049E-17));
#3176 = DIRECTION('',(1.,0.,0.));
#3177 = DIRECTION('',(-0.,0.,1.));
#3178 = DEFINITIONAL_REPRESENTATION('',(#3179),#3183);
#3179 = CIRCLE('',#3180,0.2408);
#3180 = AXIS2_PLACEMENT_2D('',#3181,#3182);
#3181 = CARTESIAN_POINT('',(-1.235273903049E-17,-2.602085213965E-17));
#3182 = DIRECTION('',(0.,-1.));
#3183 = ( GEOMETRIC_REPRESENTATION_CONTEXT(2) 
PARAMETRIC_REPRESENTATION_CONTEXT() REPRESENTATION_CONTEXT('2D SPACE',''
  ) );
#3184 = ADVANCED_FACE('',(#3185),#1583,.F.);
#3185 = FACE_BOUND('',#3186,.T.);
#3186 = EDGE_LOOP('',(#3187,#3209,#3210,#3211,#3234,#3261,#3262,#3263,
    #3428));
#3187 = ORIENTED_EDGE('',*,*,#3188,.F.);
#3188 = EDGE_CURVE('',#1543,#2303,#3189,.T.);
#3189 = SURFACE_CURVE('',#3190,(#3195,#3202),.PCURVE_S1.);
#3190 = CIRCLE('',#3191,0.2007);
#3191 = AXIS2_PLACEMENT_3D('',#3192,#3193,#3194);
#3192 = CARTESIAN_POINT('',(-1.4E-03,0.,0.));
#3193 = DIRECTION('',(0.,0.,1.));
#3194 = DIRECTION('',(1.,0.,0.));
#3195 = PCURVE('',#1583,#3196);
#3196 = DEFINITIONAL_REPRESENTATION('',(#3197),#3201);
#3197 = LINE('',#3198,#3199);
#3198 = CARTESIAN_POINT('',(-0.,0.));
#3199 = VECTOR('',#3200,1.);
#3200 = DIRECTION('',(-1.,0.));
#3201 = ( GEOMETRIC_REPRESENTATION_CONTEXT(2) 
PARAMETRIC_REPRESENTATION_CONTEXT() REPRESENTATION_CONTEXT('2D SPACE',''
  ) );
#3202 = PCURVE('',#1557,#3203);
#3203 = DEFINITIONAL_REPRESENTATION('',(#3204),#3208);
#3204 = CIRCLE('',#3205,0.2007);
#3205 = AXIS2_PLACEMENT_2D('',#3206,#3207);
#3206 = CARTESIAN_POINT('',(2.602085213965E-17,-1.235273903049E-17));
#3207 = DIRECTION('',(1.,0.));
#3208 = ( GEOMETRIC_REPRESENTATION_CONTEXT(2) 
PARAMETRIC_REPRESENTATION_CONTEXT() REPRESENTATION_CONTEXT('2D SPACE',''
  ) );
#3209 = ORIENTED_EDGE('',*,*,#1568,.F.);
#3210 = ORIENTED_EDGE('',*,*,#2974,.F.);
#3211 = ORIENTED_EDGE('',*,*,#3212,.T.);
#3212 = EDGE_CURVE('',#2975,#3213,#3215,.T.);
#3213 = VERTEX_POINT('',#3214);
#3214 = CARTESIAN_POINT('',(0.1993,0.,0.75));
#3215 = SEAM_CURVE('',#3216,(#3220,#3227),.PCURVE_S1.);
#3216 = LINE('',#3217,#3218);
#3217 = CARTESIAN_POINT('',(0.1993,0.,0.));
#3218 = VECTOR('',#3219,1.);
#3219 = DIRECTION('',(0.,0.,1.));
#3220 = PCURVE('',#1583,#3221);
#3221 = DEFINITIONAL_REPRESENTATION('',(#3222),#3226);
#3222 = LINE('',#3223,#3224);
#3223 = CARTESIAN_POINT('',(-6.28318530718,0.));
#3224 = VECTOR('',#3225,1.);
#3225 = DIRECTION('',(-0.,-1.));
#3226 = ( GEOMETRIC_REPRESENTATION_CONTEXT(2) 
PARAMETRIC_REPRESENTATION_CONTEXT() REPRESENTATION_CONTEXT('2D SPACE',''
  ) );
#3227 = PCURVE('',#1583,#3228);
#3228 = DEFINITIONAL_REPRESENTATION('',(#3229),#3233);
#3229 = LINE('',#3230,#3231);
#3230 = CARTESIAN_POINT('',(-0.,0.));
#3231 = VECTOR('',#3232,1.);
#3232 = DIRECTION('',(-0.,-1.));
#3233 = ( GEOMETRIC_REPRESENTATION_CONTEXT(2) 
PARAMETRIC_REPRESENTATION_CONTEXT() REPRESENTATION_CONTEXT('2D SPACE',''
  ) );
#3234 = ORIENTED_EDGE('',*,*,#3235,.T.);
#3235 = EDGE_CURVE('',#3213,#3213,#3236,.T.);
#3236 = SURFACE_CURVE('',#3237,(#3242,#3249),.PCURVE_S1.);
#3237 = CIRCLE('',#3238,0.2007);
#3238 = AXIS2_PLACEMENT_3D('',#3239,#3240,#3241);
#3239 = CARTESIAN_POINT('',(-1.4E-03,0.,0.75));
#3240 = DIRECTION('',(0.,0.,1.));
#3241 = DIRECTION('',(1.,0.,0.));
#3242 = PCURVE('',#1583,#3243);
#3243 = DEFINITIONAL_REPRESENTATION('',(#3244),#3248);
#3244 = LINE('',#3245,#3246);
#3245 = CARTESIAN_POINT('',(-0.,-0.75));
#3246 = VECTOR('',#3247,1.);
#3247 = DIRECTION('',(-1.,0.));
#3248 = ( GEOMETRIC_REPRESENTATION_CONTEXT(2) 
PARAMETRIC_REPRESENTATION_CONTEXT() REPRESENTATION_CONTEXT('2D SPACE',''
  ) );
#3249 = PCURVE('',#3250,#3255);
#3250 = PLANE('',#3251);
#3251 = AXIS2_PLACEMENT_3D('',#3252,#3253,#3254);
#3252 = CARTESIAN_POINT('',(-1.4E-03,1.235273903049E-17,0.75));
#3253 = DIRECTION('',(0.,0.,1.));
#3254 = DIRECTION('',(1.,0.,-0.));
#3255 = DEFINITIONAL_REPRESENTATION('',(#3256),#3260);
#3256 = CIRCLE('',#3257,0.2007);
#3257 = AXIS2_PLACEMENT_2D('',#3258,#3259);
#3258 = CARTESIAN_POINT('',(2.602085213965E-17,-1.235273903049E-17));
#3259 = DIRECTION('',(1.,0.));
#3260 = ( GEOMETRIC_REPRESENTATION_CONTEXT(2) 
PARAMETRIC_REPRESENTATION_CONTEXT() REPRESENTATION_CONTEXT('2D SPACE',''
  ) );
#3261 = ORIENTED_EDGE('',*,*,#3212,.F.);
#3262 = ORIENTED_EDGE('',*,*,#3048,.F.);
#3263 = ORIENTED_EDGE('',*,*,#3264,.F.);
#3264 = EDGE_CURVE('',#2923,#3049,#3265,.T.);
#3265 = SURFACE_CURVE('',#3266,(#3318,#3373),.PCURVE_S1.);
#3266 = B_SPLINE_CURVE_WITH_KNOTS('',8,(#3267,#3268,#3269,#3270,#3271,
    #3272,#3273,#3274,#3275,#3276,#3277,#3278,#3279,#3280,#3281,#3282,
    #3283,#3284,#3285,#3286,#3287,#3288,#3289,#3290,#3291,#3292,#3293,
    #3294,#3295,#3296,#3297,#3298,#3299,#3300,#3301,#3302,#3303,#3304,
    #3305,#3306,#3307,#3308,#3309,#3310,#3311,#3312,#3313,#3314,#3315,
    #3316,#3317),.UNSPECIFIED.,.F.,.F.,(9,7,7,7,7,7,7,9),(0.,
    8.552188316706E-02,0.208533369726,0.340029354317,0.497651149572,
    0.654476305556,0.885111414849,1.),.UNSPECIFIED.);
#3267 = CARTESIAN_POINT('',(-0.202099999999,5.999999998507E-07,
    0.133056942699));
#3268 = CARTESIAN_POINT('',(-0.20210002408,-8.054309380089E-03,
    0.133056906376));
#3269 = CARTESIAN_POINT('',(-0.201730552567,-1.603762860032E-02,
    0.133614134685));
#3270 = CARTESIAN_POINT('',(-0.201003244101,-2.393590949021E-02,
    0.134711370268));
#3271 = CARTESIAN_POINT('',(-0.199928822885,-3.173169264685E-02,
    0.136313122408));
#3272 = CARTESIAN_POINT('',(-0.198519987589,-3.939893130983E-02,
    0.138365641341));
#3273 = CARTESIAN_POINT('',(-0.196795754214,-4.690003592426E-02,
    0.140798195175));
#3274 = CARTESIAN_POINT('',(-0.19478723292,-5.418453939214E-02,
    0.143525649438));
#3275 = CARTESIAN_POINT('',(-0.189319462788,-7.126488877582E-02,
    0.150662005024));
#3276 = CARTESIAN_POINT('',(-0.185551385244,-8.09455155274E-02,
    0.155360747844));
#3277 = CARTESIAN_POINT('',(-0.18129168232,-9.021651529067E-02,
    0.160376721486));
#3278 = CARTESIAN_POINT('',(-0.176589948022,-9.906199689638E-02,
    0.165561638788));
#3279 = CARTESIAN_POINT('',(-0.171492153708,-0.107476133541,
    0.170801220325));
#3280 = CARTESIAN_POINT('',(-0.166033239463,-0.11546937415,
    0.176018855906));
#3281 = CARTESIAN_POINT('',(-0.160224437398,-0.123069658548,
    0.181172488909));
#3282 = CARTESIAN_POINT('',(-0.147419333408,-0.138067599642,
    0.191666806261));
#3283 = CARTESIAN_POINT('',(-0.14040164398,-0.145376608761,
    0.196969138096));
#3284 = CARTESIAN_POINT('',(-0.133020919675,-0.152223392803,
    0.202076711593));
#3285 = CARTESIAN_POINT('',(-0.125312966989,-0.158594953937,
    0.206934891909));
#3286 = CARTESIAN_POINT('',(-0.117308155694,-0.16448462478,
    0.211504362718));
#3287 = CARTESIAN_POINT('',(-0.109030203445,-0.169889131205,
    0.215756393143));
#3288 = CARTESIAN_POINT('',(-0.100496327081,-0.174805660652,
    0.219668425592));
#3289 = CARTESIAN_POINT('',(-8.11972547145E-02,-0.184531033893,
    0.227477172204));
#3290 = CARTESIAN_POINT('',(-7.034910781463E-02,-0.189112594322,
    0.231206949181));
#3291 = CARTESIAN_POINT('',(-5.92269889262E-02,-0.192955584513,
    0.234366676242));
#3292 = CARTESIAN_POINT('',(-4.78846834465E-02,-0.196045204105,
    0.23692463609));
#3293 = CARTESIAN_POINT('',(-3.637649693198E-02,-0.19837023572,
    0.23885819234));
#3294 = CARTESIAN_POINT('',(-2.475683785236E-02,-0.199923154998,
    0.240152533227));
#3295 = CARTESIAN_POINT('',(-1.307997934939E-02,-0.2007,0.2408));
#3296 = CARTESIAN_POINT('',(1.022094734665E-02,-0.2007,0.2408));
#3297 = CARTESIAN_POINT('',(2.18388122442E-02,-0.199930988315,
    0.240159061204));
#3298 = CARTESIAN_POINT('',(3.34003413124E-02,-0.198393720074,
    0.238877766842));
#3299 = CARTESIAN_POINT('',(4.485207178273E-02,-0.19609207897,
    0.236963619961));
#3300 = CARTESIAN_POINT('',(5.61403978041E-02,-0.193033443156,
    0.234431138898));
#3301 = CARTESIAN_POINT('',(6.721180990579E-02,-0.189228815911,
    0.23130251276));
#3302 = CARTESIAN_POINT('',(7.80133076177E-02,-0.184692721088,
    0.227608816931));
#3303 = CARTESIAN_POINT('',(0.103904936095,-0.171722153558,
    0.217190010619));
#3304 = CARTESIAN_POINT('',(0.118210327492,-0.162663467685,
    0.210021694255));
#3305 = CARTESIAN_POINT('',(0.131670531613,-0.152284724714,
    0.201978737945));
#3306 = CARTESIAN_POINT('',(0.14436620904,-0.140466685531,0.193077043916
    ));
#3307 = CARTESIAN_POINT('',(0.156178332894,-0.12708657258,0.183398279382
    ));
#3308 = CARTESIAN_POINT('',(0.166768746768,-0.11217919437,0.173269183378
    ));
#3309 = CARTESIAN_POINT('',(0.175852417803,-9.599074195473E-02,
    0.163394233265));
#3310 = CARTESIAN_POINT('',(0.186880642096,-7.013040770378E-02,
    0.150225362497));
#3311 = CARTESIAN_POINT('',(0.190229928805,-6.10088078266E-02,
    0.145985181245));
#3312 = CARTESIAN_POINT('',(0.193140489166,-5.147559119653E-02,
    0.142072293398));
#3313 = CARTESIAN_POINT('',(0.195538925261,-4.162684773417E-02,
    0.138671325359));
#3314 = CARTESIAN_POINT('',(0.197383140523,-3.153061281657E-02,
    0.135948789907));
#3315 = CARTESIAN_POINT('',(0.198646140339,-2.122306093961E-02,
    0.134042865262));
#3316 = CARTESIAN_POINT('',(0.1993,-1.07137619719E-02,0.133056942697));
#3317 = CARTESIAN_POINT('',(0.1993,-5.551115123126E-17,0.133056942697));
#3318 = PCURVE('',#1583,#3319);
#3319 = DEFINITIONAL_REPRESENTATION('',(#3320),#3372);
#3320 = B_SPLINE_CURVE_WITH_KNOTS('',8,(#3321,#3322,#3323,#3324,#3325,
    #3326,#3327,#3328,#3329,#3330,#3331,#3332,#3333,#3334,#3335,#3336,
    #3337,#3338,#3339,#3340,#3341,#3342,#3343,#3344,#3345,#3346,#3347,
    #3348,#3349,#3350,#3351,#3352,#3353,#3354,#3355,#3356,#3357,#3358,
    #3359,#3360,#3361,#3362,#3363,#3364,#3365,#3366,#3367,#3368,#3369,
    #3370,#3371),.UNSPECIFIED.,.F.,.F.,(9,7,7,7,7,7,7,9),(0.,
    8.552188316706E-02,0.208533369726,0.340029354317,0.497651149572,
    0.654476305556,0.885111414849,1.),.UNSPECIFIED.);
#3321 = CARTESIAN_POINT('',(-3.141589664053,-0.133056942699));
#3322 = CARTESIAN_POINT('',(-3.181723741682,-0.133056906376));
#3323 = CARTESIAN_POINT('',(-3.221501033312,-0.133614134685));
#3324 = CARTESIAN_POINT('',(-3.26095342658,-0.134711370268));
#3325 = CARTESIAN_POINT('',(-3.300084327826,-0.136313122408));
#3326 = CARTESIAN_POINT('',(-3.338849811793,-0.138365641341));
#3327 = CARTESIAN_POINT('',(-3.377139636754,-0.140798195175));
#3328 = CARTESIAN_POINT('',(-3.41475812505,-0.143525649438));
#3329 = CARTESIAN_POINT('',(-3.504116276122,-0.150662005024));
#3330 = CARTESIAN_POINT('',(-3.555778824803,-0.155360747844));
#3331 = CARTESIAN_POINT('',(-3.606465286049,-0.160376721486));
#3332 = CARTESIAN_POINT('',(-3.65621586092,-0.165561638788));
#3333 = CARTESIAN_POINT('',(-3.705086112324,-0.170801220325));
#3334 = CARTESIAN_POINT('',(-3.753197594108,-0.176018855906));
#3335 = CARTESIAN_POINT('',(-3.800791217462,-0.181172488909));
#3336 = CARTESIAN_POINT('',(-3.89905117736,-0.191666806261));
#3337 = CARTESIAN_POINT('',(-3.949451393973,-0.196969138096));
#3338 = CARTESIAN_POINT('',(-3.999474302413,-0.202076711593));
#3339 = CARTESIAN_POINT('',(-4.049141402651,-0.206934891909));
#3340 = CARTESIAN_POINT('',(-4.098502612463,-0.211504362718));
#3341 = CARTESIAN_POINT('',(-4.147632939768,-0.215756393143));
#3342 = CARTESIAN_POINT('',(-4.196628611513,-0.219668425592));
#3343 = CARTESIAN_POINT('',(-4.304306940719,-0.227477172204));
#3344 = CARTESIAN_POINT('',(-4.362849013593,-0.231206949181));
#3345 = CARTESIAN_POINT('',(-4.421262280482,-0.234366676242));
#3346 = CARTESIAN_POINT('',(-4.4795755402,-0.23692463609));
#3347 = CARTESIAN_POINT('',(-4.537816152818,-0.23885819234));
#3348 = CARTESIAN_POINT('',(-4.596012075692,-0.240152533227));
#3349 = CARTESIAN_POINT('',(-4.654192770373,-0.2408));
#3350 = CARTESIAN_POINT('',(-4.77029105984,-0.2408));
#3351 = CARTESIAN_POINT('',(-4.828177813309,-0.240159061204));
#3352 = CARTESIAN_POINT('',(-4.88607957275,-0.238877766842));
#3353 = CARTESIAN_POINT('',(-4.94402531316,-0.236963619961));
#3354 = CARTESIAN_POINT('',(-5.00204248907,-0.234431138898));
#3355 = CARTESIAN_POINT('',(-5.06015794925,-0.23130251276));
#3356 = CARTESIAN_POINT('',(-5.118399929642,-0.227608816931));
#3357 = CARTESIAN_POINT('',(-5.262688913866,-0.217190010619));
#3358 = CARTESIAN_POINT('',(-5.346633952812,-0.210021694255));
#3359 = CARTESIAN_POINT('',(-5.430719278801,-0.201978737945));
#3360 = CARTESIAN_POINT('',(-5.516378909408,-0.193077043916));
#3361 = CARTESIAN_POINT('',(-5.604369979236,-0.183398279382));
#3362 = CARTESIAN_POINT('',(-5.694632935227,-0.173269183378));
#3363 = CARTESIAN_POINT('',(-5.786583031592,-0.163394233265));
#3364 = CARTESIAN_POINT('',(-5.926661124076,-0.150225362497));
#3365 = CARTESIAN_POINT('',(-5.9750133847,-0.145985181245));
#3366 = CARTESIAN_POINT('',(-6.024548960542,-0.142072293398));
#3367 = CARTESIAN_POINT('',(-6.074887357836,-0.138671325359));
#3368 = CARTESIAN_POINT('',(-6.125850376767,-0.135948789907));
#3369 = CARTESIAN_POINT('',(-6.17743996655,-0.134042865262));
#3370 = CARTESIAN_POINT('',(-6.229803334225,-0.133056942697));
#3371 = CARTESIAN_POINT('',(-6.28318530718,-0.133056942697));
#3372 = ( GEOMETRIC_REPRESENTATION_CONTEXT(2) 
PARAMETRIC_REPRESENTATION_CONTEXT() REPRESENTATION_CONTEXT('2D SPACE',''
  ) );
#3373 = PCURVE('',#2939,#3374);
#3374 = DEFINITIONAL_REPRESENTATION('',(#3375),#3427);
#3375 = B_SPLINE_CURVE_WITH_KNOTS('',8,(#3376,#3377,#3378,#3379,#3380,
    #3381,#3382,#3383,#3384,#3385,#3386,#3387,#3388,#3389,#3390,#3391,
    #3392,#3393,#3394,#3395,#3396,#3397,#3398,#3399,#3400,#3401,#3402,
    #3403,#3404,#3405,#3406,#3407,#3408,#3409,#3410,#3411,#3412,#3413,
    #3414,#3415,#3416,#3417,#3418,#3419,#3420,#3421,#3422,#3423,#3424,
    #3425,#3426),.UNSPECIFIED.,.F.,.F.,(9,7,7,7,7,7,7,9),(0.,
    8.552188316706E-02,0.208533369726,0.340029354317,0.497651149572,
    0.654476305556,0.885111414849,1.),.UNSPECIFIED.);
#3376 = CARTESIAN_POINT('',(-2.556157582123,5.999999999895E-07));
#3377 = CARTESIAN_POINT('',(-2.556157763101,-8.054309380089E-03));
#3378 = CARTESIAN_POINT('',(-2.553381363334,-1.603762860032E-02));
#3379 = CARTESIAN_POINT('',(-2.547914241952,-2.393590949021E-02));
#3380 = CARTESIAN_POINT('',(-2.539904887159,-3.173169264685E-02));
#3381 = CARTESIAN_POINT('',(-2.52956803494,-3.939893130983E-02));
#3382 = CARTESIAN_POINT('',(-2.517188418514,-4.690003592426E-02));
#3383 = CARTESIAN_POINT('',(-2.503124648515,-5.418453939214E-02));
#3384 = CARTESIAN_POINT('',(-2.465789841937,-7.126488877582E-02));
#3385 = CARTESIAN_POINT('',(-2.440782964939,-8.09455155274E-02));
#3386 = CARTESIAN_POINT('',(-2.413474308545,-9.021651529067E-02));
#3387 = CARTESIAN_POINT('',(-2.384438829687,-9.906199689638E-02));
#3388 = CARTESIAN_POINT('',(-2.354118179159,-0.107476133541));
#3389 = CARTESIAN_POINT('',(-2.32279541457,-0.11546937415));
#3390 = CARTESIAN_POINT('',(-2.290570973734,-0.123069658548));
#3391 = CARTESIAN_POINT('',(-2.221816789699,-0.138067599642));
#3392 = CARTESIAN_POINT('',(-2.185318698489,-0.145376608761));
#3393 = CARTESIAN_POINT('',(-2.148098800095,-0.152223392803));
#3394 = CARTESIAN_POINT('',(-2.110332044987,-0.158594953937));
#3395 = CARTESIAN_POINT('',(-2.072128442821,-0.16448462478));
#3396 = CARTESIAN_POINT('',(-2.033545474044,-0.169889131205));
#3397 = CARTESIAN_POINT('',(-1.994599639117,-0.174805660652));
#3398 = CARTESIAN_POINT('',(-1.908142002222,-0.184531033893));
#3399 = CARTESIAN_POINT('',(-1.860570968615,-0.189112594322));
#3400 = CARTESIAN_POINT('',(-1.812673419039,-0.192955584513));
#3401 = CARTESIAN_POINT('',(-1.76453423124,-0.196045204105));
#3402 = CARTESIAN_POINT('',(-1.716221542589,-0.19837023572));
#3403 = CARTESIAN_POINT('',(-1.667793103007,-0.199923154998));
#3404 = CARTESIAN_POINT('',(-1.619301224425,-0.2007));
#3405 = CARTESIAN_POINT('',(-1.522536578678,-0.2007));
#3406 = CARTESIAN_POINT('',(-1.474289685983,-0.199930988315));
#3407 = CARTESIAN_POINT('',(-1.426105282731,-0.198393720074));
#3408 = CARTESIAN_POINT('',(-1.378034905504,-0.19609207897));
#3409 = CARTESIAN_POINT('',(-1.330135452099,-0.193033443156));
#3410 = CARTESIAN_POINT('',(-1.282473980752,-0.189228815911));
#3411 = CARTESIAN_POINT('',(-1.23513384997,-0.184692721088));
#3412 = CARTESIAN_POINT('',(-1.11923152141,-0.171722153558));
#3413 = CARTESIAN_POINT('',(-1.053005028611,-0.162663467685));
#3414 = CARTESIAN_POINT('',(-0.988182203175,-0.152284724714));
#3415 = CARTESIAN_POINT('',(-0.92412714244,-0.140466685531));
#3416 = CARTESIAN_POINT('',(-0.861083460707,-0.12708657258));
#3417 = CARTESIAN_POINT('',(-0.800434948807,-0.11217919437));
#3418 = CARTESIAN_POINT('',(-0.744774524083,-9.599074195473E-02));
#3419 = CARTESIAN_POINT('',(-0.673442487943,-7.013040770378E-02));
#3420 = CARTESIAN_POINT('',(-0.651012890005,-6.10088078266E-02));
#3421 = CARTESIAN_POINT('',(-0.630772652349,-5.147559119653E-02));
#3422 = CARTESIAN_POINT('',(-0.613498296284,-4.162684773417E-02));
#3423 = CARTESIAN_POINT('',(-0.599844200719,-3.153061281657E-02));
#3424 = CARTESIAN_POINT('',(-0.590347382917,-2.122306093961E-02));
#3425 = CARTESIAN_POINT('',(-0.585435071461,-1.07137619719E-02));
#3426 = CARTESIAN_POINT('',(-0.585435071461,-5.551115123126E-17));
#3427 = ( GEOMETRIC_REPRESENTATION_CONTEXT(2) 
PARAMETRIC_REPRESENTATION_CONTEXT() REPRESENTATION_CONTEXT('2D SPACE',''
  ) );
#3428 = ORIENTED_EDGE('',*,*,#2951,.T.);
#3429 = ADVANCED_FACE('',(#3430),#1557,.F.);
#3430 = FACE_BOUND('',#3431,.F.);
#3431 = EDGE_LOOP('',(#3432,#3433,#3434,#3435,#3457));
#3432 = ORIENTED_EDGE('',*,*,#3188,.F.);
#3433 = ORIENTED_EDGE('',*,*,#1542,.T.);
#3434 = ORIENTED_EDGE('',*,*,#1869,.T.);
#3435 = ORIENTED_EDGE('',*,*,#3436,.T.);
#3436 = EDGE_CURVE('',#1870,#2852,#3437,.T.);
#3437 = SURFACE_CURVE('',#3438,(#3443,#3450),.PCURVE_S1.);
#3438 = CIRCLE('',#3439,0.2408);
#3439 = AXIS2_PLACEMENT_3D('',#3440,#3441,#3442);
#3440 = CARTESIAN_POINT('',(-1.4E-03,0.,0.));
#3441 = DIRECTION('',(0.,0.,1.));
#3442 = DIRECTION('',(1.,0.,0.));
#3443 = PCURVE('',#1557,#3444);
#3444 = DEFINITIONAL_REPRESENTATION('',(#3445),#3449);
#3445 = CIRCLE('',#3446,0.2408);
#3446 = AXIS2_PLACEMENT_2D('',#3447,#3448);
#3447 = CARTESIAN_POINT('',(2.602085213965E-17,-1.235273903049E-17));
#3448 = DIRECTION('',(1.,0.));
#3449 = ( GEOMETRIC_REPRESENTATION_CONTEXT(2) 
PARAMETRIC_REPRESENTATION_CONTEXT() REPRESENTATION_CONTEXT('2D SPACE',''
  ) );
#3450 = PCURVE('',#2075,#3451);
#3451 = DEFINITIONAL_REPRESENTATION('',(#3452),#3456);
#3452 = LINE('',#3453,#3454);
#3453 = CARTESIAN_POINT('',(-0.,0.));
#3454 = VECTOR('',#3455,1.);
#3455 = DIRECTION('',(-1.,0.));
#3456 = ( GEOMETRIC_REPRESENTATION_CONTEXT(2) 
PARAMETRIC_REPRESENTATION_CONTEXT() REPRESENTATION_CONTEXT('2D SPACE',''
  ) );
#3457 = ORIENTED_EDGE('',*,*,#2851,.T.);
#3458 = ADVANCED_FACE('',(#3459),#1824,.F.);
#3459 = FACE_BOUND('',#3460,.T.);
#3460 = EDGE_LOOP('',(#3461,#3462,#3503,#3540,#3566,#3651,#3685));
#3461 = ORIENTED_EDGE('',*,*,#1809,.F.);
#3462 = ORIENTED_EDGE('',*,*,#3463,.T.);
#3463 = EDGE_CURVE('',#920,#3464,#3466,.T.);
#3464 = VERTEX_POINT('',#3465);
#3465 = CARTESIAN_POINT('',(0.139814604604,-0.142614604604,
    0.142614604604));
#3466 = SURFACE_CURVE('',#3467,(#3472,#3485),.PCURVE_S1.);
#3467 = ELLIPSE('',#3468,0.283832661968,0.2007);
#3468 = AXIS2_PLACEMENT_3D('',#3469,#3470,#3471);
#3469 = CARTESIAN_POINT('',(-1.4E-03,0.,0.));
#3470 = DIRECTION('',(0.,-0.707106781187,-0.707106781187));
#3471 = DIRECTION('',(-0.,0.707106781187,-0.707106781187));
#3472 = PCURVE('',#1824,#3473);
#3473 = DEFINITIONAL_REPRESENTATION('',(#3474),#3484);
#3474 = B_SPLINE_CURVE_WITH_KNOTS('',8,(#3475,#3476,#3477,#3478,#3479,
    #3480,#3481,#3482,#3483),.UNSPECIFIED.,.F.,.F.,(9,9),(1.570796326803
    ,4.712388980377),.PIECEWISE_BEZIER_KNOTS.);
#3475 = CARTESIAN_POINT('',(-7.668027154141E-12,-1.538973049836E-12));
#3476 = CARTESIAN_POINT('',(-0.392699081704,-7.881470569809E-02));
#3477 = CARTESIAN_POINT('',(-0.785398163399,-0.157630039824));
#3478 = CARTESIAN_POINT('',(-1.178097245102,-0.217917917908));
#3479 = CARTESIAN_POINT('',(-1.570796326786,-0.241200968242));
#3480 = CARTESIAN_POINT('',(-1.963495408495,-0.217917917907));
#3481 = CARTESIAN_POINT('',(-2.356194490187,-0.157630039825));
#3482 = CARTESIAN_POINT('',(-2.748893571885,-7.881470569809E-02));
#3483 = CARTESIAN_POINT('',(-3.141592653582,-1.538933078454E-12));
#3484 = ( GEOMETRIC_REPRESENTATION_CONTEXT(2) 
PARAMETRIC_REPRESENTATION_CONTEXT() REPRESENTATION_CONTEXT('2D SPACE',''
  ) );
#3485 = PCURVE('',#3486,#3491);
#3486 = CYLINDRICAL_SURFACE('',#3487,0.2007);
#3487 = AXIS2_PLACEMENT_3D('',#3488,#3489,#3490);
#3488 = CARTESIAN_POINT('',(-1.4E-03,0.,0.));
#3489 = DIRECTION('',(-0.,-0.,-1.));
#3490 = DIRECTION('',(1.,0.,0.));
#3491 = DEFINITIONAL_REPRESENTATION('',(#3492),#3502);
#3492 = B_SPLINE_CURVE_WITH_KNOTS('',8,(#3493,#3494,#3495,#3496,#3497,
    #3498,#3499,#3500,#3501),.UNSPECIFIED.,.F.,.F.,(9,9),(1.570796326803
    ,4.712388980377),.PIECEWISE_BEZIER_KNOTS.);
#3493 = CARTESIAN_POINT('',(-6.283185307172,-1.538973049836E-12));
#3494 = CARTESIAN_POINT('',(-5.890486225475,-7.881470569809E-02));
#3495 = CARTESIAN_POINT('',(-5.497787143777,-0.157630039824));
#3496 = CARTESIAN_POINT('',(-5.105088062075,-0.217917917908));
#3497 = CARTESIAN_POINT('',(-4.712388980373,-0.241200968242));
#3498 = CARTESIAN_POINT('',(-4.319689898678,-0.217917917907));
#3499 = CARTESIAN_POINT('',(-3.926990816989,-0.157630039825));
#3500 = CARTESIAN_POINT('',(-3.534291735294,-7.881470569809E-02));
#3501 = CARTESIAN_POINT('',(-3.141592653597,-1.538933078454E-12));
#3502 = ( GEOMETRIC_REPRESENTATION_CONTEXT(2) 
PARAMETRIC_REPRESENTATION_CONTEXT() REPRESENTATION_CONTEXT('2D SPACE',''
  ) );
#3503 = ORIENTED_EDGE('',*,*,#3504,.F.);
#3504 = EDGE_CURVE('',#3505,#3464,#3507,.T.);
#3505 = VERTEX_POINT('',#3506);
#3506 = CARTESIAN_POINT('',(0.,-2.800000000001E-03,0.200695117031));
#3507 = SURFACE_CURVE('',#3508,(#3513,#3524),.PCURVE_S1.);
#3508 = ELLIPSE('',#3509,0.283832661968,0.2007);
#3509 = AXIS2_PLACEMENT_3D('',#3510,#3511,#3512);
#3510 = CARTESIAN_POINT('',(-1.4E-03,-1.4E-03,0.));
#3511 = DIRECTION('',(0.707106781187,0.707106781187,0.));
#3512 = DIRECTION('',(-0.707106781187,0.707106781187,0.));
#3513 = PCURVE('',#1824,#3514);
#3514 = DEFINITIONAL_REPRESENTATION('',(#3515),#3523);
#3515 = B_SPLINE_CURVE_WITH_KNOTS('',6,(#3516,#3517,#3518,#3519,#3520,
    #3521,#3522),.UNSPECIFIED.,.F.,.F.,(7,7),(1.577768979208,
    3.14159265359),.PIECEWISE_BEZIER_KNOTS.);
#3516 = CARTESIAN_POINT('',(-1.563823674381,-2.7994E-03));
#3517 = CARTESIAN_POINT('',(-1.303186395318,-5.51080303149E-02));
#3518 = CARTESIAN_POINT('',(-1.042549116254,-0.107298705701));
#3519 = CARTESIAN_POINT('',(-0.781911837191,-0.153004299371));
#3520 = CARTESIAN_POINT('',(-0.521274558127,-0.185742665632));
#3521 = CARTESIAN_POINT('',(-0.260637279064,-0.2021));
#3522 = CARTESIAN_POINT('',(-1.224646799147E-16,-0.2021));
#3523 = ( GEOMETRIC_REPRESENTATION_CONTEXT(2) 
PARAMETRIC_REPRESENTATION_CONTEXT() REPRESENTATION_CONTEXT('2D SPACE',''
  ) );
#3524 = PCURVE('',#3525,#3530);
#3525 = CYLINDRICAL_SURFACE('',#3526,0.2007);
#3526 = AXIS2_PLACEMENT_3D('',#3527,#3528,#3529);
#3527 = CARTESIAN_POINT('',(0.,-1.4E-03,0.));
#3528 = DIRECTION('',(-1.,-0.,-0.));
#3529 = DIRECTION('',(0.,1.,0.));
#3530 = DEFINITIONAL_REPRESENTATION('',(#3531),#3539);
#3531 = B_SPLINE_CURVE_WITH_KNOTS('',6,(#3532,#3533,#3534,#3535,#3536,
    #3537,#3538),.UNSPECIFIED.,.F.,.F.,(7,7),(1.577768979208,
    3.14159265359),.PIECEWISE_BEZIER_KNOTS.);
#3532 = CARTESIAN_POINT('',(-1.577768979208,6.000000003178E-07));
#3533 = CARTESIAN_POINT('',(-1.838406258272,-5.23080303149E-02));
#3534 = CARTESIAN_POINT('',(-2.099043537335,-0.104498705701));
#3535 = CARTESIAN_POINT('',(-2.359680816399,-0.150204299371));
#3536 = CARTESIAN_POINT('',(-2.620318095463,-0.182942665632));
#3537 = CARTESIAN_POINT('',(-2.880955374526,-0.1993));
#3538 = CARTESIAN_POINT('',(-3.14159265359,-0.1993));
#3539 = ( GEOMETRIC_REPRESENTATION_CONTEXT(2) 
PARAMETRIC_REPRESENTATION_CONTEXT() REPRESENTATION_CONTEXT('2D SPACE',''
  ) );
#3540 = ORIENTED_EDGE('',*,*,#3541,.F.);
#3541 = EDGE_CURVE('',#3542,#3505,#3544,.T.);
#3542 = VERTEX_POINT('',#3543);
#3543 = CARTESIAN_POINT('',(0.,-0.134464307761,0.200695117031));
#3544 = SURFACE_CURVE('',#3545,(#3549,#3555),.PCURVE_S1.);
#3545 = LINE('',#3546,#3547);
#3546 = CARTESIAN_POINT('',(0.,0.,0.200695117031));
#3547 = VECTOR('',#3548,1.);
#3548 = DIRECTION('',(-0.,1.,-0.));
#3549 = PCURVE('',#1824,#3550);
#3550 = DEFINITIONAL_REPRESENTATION('',(#3551),#3554);
#3551 = B_SPLINE_CURVE_WITH_KNOTS('',1,(#3552,#3553),.UNSPECIFIED.,.F.,
  .F.,(2,2),(-0.241201568242,6.E-07),.PIECEWISE_BEZIER_KNOTS.);
#3552 = CARTESIAN_POINT('',(-1.563820684772,-0.241201568242));
#3553 = CARTESIAN_POINT('',(-1.563820684772,6.E-07));
#3554 = ( GEOMETRIC_REPRESENTATION_CONTEXT(2) 
PARAMETRIC_REPRESENTATION_CONTEXT() REPRESENTATION_CONTEXT('2D SPACE',''
  ) );
#3555 = PCURVE('',#3556,#3561);
#3556 = PLANE('',#3557);
#3557 = AXIS2_PLACEMENT_3D('',#3558,#3559,#3560);
#3558 = CARTESIAN_POINT('',(0.,-1.4E-03,1.235273903049E-17));
#3559 = DIRECTION('',(1.,0.,0.));
#3560 = DIRECTION('',(-0.,0.,1.));
#3561 = DEFINITIONAL_REPRESENTATION('',(#3562),#3565);
#3562 = B_SPLINE_CURVE_WITH_KNOTS('',1,(#3563,#3564),.UNSPECIFIED.,.F.,
  .F.,(2,2),(-0.241201568242,6.E-07),.PIECEWISE_BEZIER_KNOTS.);
#3563 = CARTESIAN_POINT('',(0.200695117031,0.239801568242));
#3564 = CARTESIAN_POINT('',(0.200695117031,-1.4006E-03));
#3565 = ( GEOMETRIC_REPRESENTATION_CONTEXT(2) 
PARAMETRIC_REPRESENTATION_CONTEXT() REPRESENTATION_CONTEXT('2D SPACE',''
  ) );
#3566 = ORIENTED_EDGE('',*,*,#3567,.T.);
#3567 = EDGE_CURVE('',#3542,#3568,#3570,.T.);
#3568 = VERTEX_POINT('',#3569);
#3569 = CARTESIAN_POINT('',(0.103717991687,-0.170969874024,
    0.170969874024));
#3570 = SURFACE_CURVE('',#3571,(#3594,#3620),.PCURVE_S1.);
#3571 = B_SPLINE_CURVE_WITH_KNOTS('',6,(#3572,#3573,#3574,#3575,#3576,
    #3577,#3578,#3579,#3580,#3581,#3582,#3583,#3584,#3585,#3586,#3587,
    #3588,#3589,#3590,#3591,#3592,#3593),.UNSPECIFIED.,.F.,.F.,(7,5,5,5,
    7),(0.,0.181763312447,0.448443015142,0.738147765129,1.),
  .UNSPECIFIED.);
#3572 = CARTESIAN_POINT('',(-5.99999995532E-07,-0.13446430145,
    0.200695121215));
#3573 = CARTESIAN_POINT('',(1.046692188745E-02,-0.134574385447,
    0.200622133641));
#3574 = CARTESIAN_POINT('',(2.078838416845E-02,-0.135670899765,
    0.199894934373));
#3575 = CARTESIAN_POINT('',(3.093411761773E-02,-0.137698395453,
    0.19854733235));
#3576 = CARTESIAN_POINT('',(4.085518908689E-02,-0.140528371341,
    0.19660730469));
#3577 = CARTESIAN_POINT('',(5.044959515049E-02,-0.14396171538,
    0.194122811898));
#3578 = CARTESIAN_POINT('',(7.294134498865E-02,-0.153330664303,
    0.186951707862));
#3579 = CARTESIAN_POINT('',(8.558598277087E-02,-0.159810398873,
    0.181683441551));
#3580 = CARTESIAN_POINT('',(9.746024026686E-02,-0.166723595597,
    0.175552588689));
#3581 = CARTESIAN_POINT('',(0.10851856118,-0.173703232948,0.168693007494
    ));
#3582 = CARTESIAN_POINT('',(0.11881214386,-0.180585594182,0.161212584872
    ));
#3583 = CARTESIAN_POINT('',(0.138932118407,-0.194638300759,0.14413940854
    ));
#3584 = CARTESIAN_POINT('',(0.148570561965,-0.201733105623,
    0.134480187012));
#3585 = CARTESIAN_POINT('',(0.157305801745,-0.208386409092,
    0.124163899492));
#3586 = CARTESIAN_POINT('',(0.165118285372,-0.214479203348,
    0.113289156169));
#3587 = CARTESIAN_POINT('',(0.172005131737,-0.219942762486,
    0.101914994594));
#3588 = CARTESIAN_POINT('',(0.183325346265,-0.229034246409,
    7.937522311444E-02));
#3589 = CARTESIAN_POINT('',(0.187916858143,-0.232776802687,
    6.832287511873E-02));
#3590 = CARTESIAN_POINT('',(0.191704120971,-0.235893963878,
    5.698345681601E-02));
#3591 = CARTESIAN_POINT('',(0.194670615263,-0.238350207719,
    4.542331320706E-02));
#3592 = CARTESIAN_POINT('',(0.196804941646,-0.240123337259,
    3.370896372635E-02));
#3593 = CARTESIAN_POINT('',(0.198100982783,-0.241201568242,
    2.190543011973E-02));
#3594 = PCURVE('',#1824,#3595);
#3595 = DEFINITIONAL_REPRESENTATION('',(#3596),#3619);
#3596 = B_SPLINE_CURVE_WITH_KNOTS('',6,(#3597,#3598,#3599,#3600,#3601,
    #3602,#3603,#3604,#3605,#3606,#3607,#3608,#3609,#3610,#3611,#3612,
    #3613,#3614,#3615,#3616,#3617,#3618),.UNSPECIFIED.,.F.,.F.,(7,5,5,5,
    7),(0.,0.181763312447,0.448443015142,0.738147765129,1.),
  .UNSPECIFIED.);
#3597 = CARTESIAN_POINT('',(-1.563823674381,-0.13446430145));
#3598 = CARTESIAN_POINT('',(-1.511667339818,-0.134574385447));
#3599 = CARTESIAN_POINT('',(-1.460216123528,-0.135670899765));
#3600 = CARTESIAN_POINT('',(-1.409362842338,-0.137698395453));
#3601 = CARTESIAN_POINT('',(-1.35913442699,-0.140528371341));
#3602 = CARTESIAN_POINT('',(-1.309828410194,-0.14396171538));
#3603 = CARTESIAN_POINT('',(-1.192203709895,-0.153330664303));
#3604 = CARTESIAN_POINT('',(-1.124203306812,-0.159810398873));
#3605 = CARTESIAN_POINT('',(-1.057945117176,-0.166723595597));
#3606 = CARTESIAN_POINT('',(-0.993375203353,-0.173703232948));
#3607 = CARTESIAN_POINT('',(-0.930152394123,-0.180585594182));
#3608 = CARTESIAN_POINT('',(-0.798674444533,-0.194638300759));
#3609 = CARTESIAN_POINT('',(-0.730917984509,-0.201733105623));
#3610 = CARTESIAN_POINT('',(-0.663896113634,-0.208386409092));
#3611 = CARTESIAN_POINT('',(-0.597486912569,-0.214479203348));
#3612 = CARTESIAN_POINT('',(-0.531442482855,-0.219942762486));
#3613 = CARTESIAN_POINT('',(-0.405768449468,-0.229034246409));
#3614 = CARTESIAN_POINT('',(-0.346289671753,-0.232776802687));
#3615 = CARTESIAN_POINT('',(-0.286948802487,-0.235893963878));
#3616 = CARTESIAN_POINT('',(-0.227707744025,-0.238350207719));
#3617 = CARTESIAN_POINT('',(-0.168528304637,-0.240123337259));
#3618 = CARTESIAN_POINT('',(-0.109363014111,-0.241201568242));
#3619 = ( GEOMETRIC_REPRESENTATION_CONTEXT(2) 
PARAMETRIC_REPRESENTATION_CONTEXT() REPRESENTATION_CONTEXT('2D SPACE',''
  ) );
#3620 = PCURVE('',#3621,#3626);
#3621 = CYLINDRICAL_SURFACE('',#3622,0.2408);
#3622 = AXIS2_PLACEMENT_3D('',#3623,#3624,#3625);
#3623 = CARTESIAN_POINT('',(0.,-1.4E-03,0.));
#3624 = DIRECTION('',(-1.,-0.,-0.));
#3625 = DIRECTION('',(0.,1.,0.));
#3626 = DEFINITIONAL_REPRESENTATION('',(#3627),#3650);
#3627 = B_SPLINE_CURVE_WITH_KNOTS('',6,(#3628,#3629,#3630,#3631,#3632,
    #3633,#3634,#3635,#3636,#3637,#3638,#3639,#3640,#3641,#3642,#3643,
    #3644,#3645,#3646,#3647,#3648,#3649),.UNSPECIFIED.,.F.,.F.,(7,5,5,5,
    7),(0.,0.181763312447,0.448443015142,0.738147765129,1.),
  .UNSPECIFIED.);
#3628 = CARTESIAN_POINT('',(-2.156268064134,5.999999999895E-07));
#3629 = CARTESIAN_POINT('',(-2.156816577701,-1.046692188744E-02));
#3630 = CARTESIAN_POINT('',(-2.162280358956,-2.078838416846E-02));
#3631 = CARTESIAN_POINT('',(-2.172391472129,-3.093411761771E-02));
#3632 = CARTESIAN_POINT('',(-2.18663582421,-4.08551890869E-02));
#3633 = CARTESIAN_POINT('',(-2.204228887525,-5.044959515049E-02));
#3634 = CARTESIAN_POINT('',(-2.253225511494,-7.294134498865E-02));
#3635 = CARTESIAN_POINT('',(-2.287892357,-8.558598277087E-02));
#3636 = CARTESIAN_POINT('',(-2.326204657543,-9.746024026686E-02));
#3637 = CARTESIAN_POINT('',(-2.366767299097,-0.10851856118));
#3638 = CARTESIAN_POINT('',(-2.408917072835,-0.11881214386));
#3639 = CARTESIAN_POINT('',(-2.500747260923,-0.138932118407));
#3640 = CARTESIAN_POINT('',(-2.550442532345,-0.148570561965));
#3641 = CARTESIAN_POINT('',(-2.601276582567,-0.157305801745));
#3642 = CARTESIAN_POINT('',(-2.652892127287,-0.165118285372));
#3643 = CARTESIAN_POINT('',(-2.705185085732,-0.172005131737));
#3644 = CARTESIAN_POINT('',(-2.806116340281,-0.183325346265));
#3645 = CARTESIAN_POINT('',(-2.854496300236,-0.187916858143));
#3646 = CARTESIAN_POINT('',(-2.903209008544,-0.191704120971));
#3647 = CARTESIAN_POINT('',(-2.952159244645,-0.194670615263));
#3648 = CARTESIAN_POINT('',(-3.001275234567,-0.196804941646));
#3649 = CARTESIAN_POINT('',(-3.050497321367,-0.198100982783));
#3650 = ( GEOMETRIC_REPRESENTATION_CONTEXT(2) 
PARAMETRIC_REPRESENTATION_CONTEXT() REPRESENTATION_CONTEXT('2D SPACE',''
  ) );
#3651 = ORIENTED_EDGE('',*,*,#3652,.T.);
#3652 = EDGE_CURVE('',#3568,#2303,#3653,.T.);
#3653 = SURFACE_CURVE('',#3654,(#3659,#3672),.PCURVE_S1.);
#3654 = ELLIPSE('',#3655,0.283832661968,0.2007);
#3655 = AXIS2_PLACEMENT_3D('',#3656,#3657,#3658);
#3656 = CARTESIAN_POINT('',(-1.4E-03,0.,0.));
#3657 = DIRECTION('',(0.,-0.707106781187,-0.707106781187));
#3658 = DIRECTION('',(-0.,0.707106781187,-0.707106781187));
#3659 = PCURVE('',#1824,#3660);
#3660 = DEFINITIONAL_REPRESENTATION('',(#3661),#3671);
#3661 = B_SPLINE_CURVE_WITH_KNOTS('',8,(#3662,#3663,#3664,#3665,#3666,
    #3667,#3668,#3669,#3670),.UNSPECIFIED.,.F.,.F.,(9,9),(1.570796326803
    ,4.712388980377),.PIECEWISE_BEZIER_KNOTS.);
#3662 = CARTESIAN_POINT('',(-7.668027154141E-12,-1.538973049836E-12));
#3663 = CARTESIAN_POINT('',(-0.392699081704,-7.881470569809E-02));
#3664 = CARTESIAN_POINT('',(-0.785398163399,-0.157630039824));
#3665 = CARTESIAN_POINT('',(-1.178097245102,-0.217917917908));
#3666 = CARTESIAN_POINT('',(-1.570796326786,-0.241200968242));
#3667 = CARTESIAN_POINT('',(-1.963495408495,-0.217917917907));
#3668 = CARTESIAN_POINT('',(-2.356194490187,-0.157630039825));
#3669 = CARTESIAN_POINT('',(-2.748893571885,-7.881470569809E-02));
#3670 = CARTESIAN_POINT('',(-3.141592653582,-1.538933078454E-12));
#3671 = ( GEOMETRIC_REPRESENTATION_CONTEXT(2) 
PARAMETRIC_REPRESENTATION_CONTEXT() REPRESENTATION_CONTEXT('2D SPACE',''
  ) );
#3672 = PCURVE('',#3486,#3673);
#3673 = DEFINITIONAL_REPRESENTATION('',(#3674),#3684);
#3674 = B_SPLINE_CURVE_WITH_KNOTS('',8,(#3675,#3676,#3677,#3678,#3679,
    #3680,#3681,#3682,#3683),.UNSPECIFIED.,.F.,.F.,(9,9),(1.570796326803
    ,4.712388980377),.PIECEWISE_BEZIER_KNOTS.);
#3675 = CARTESIAN_POINT('',(-6.283185307172,-1.538973049836E-12));
#3676 = CARTESIAN_POINT('',(-5.890486225475,-7.881470569809E-02));
#3677 = CARTESIAN_POINT('',(-5.497787143777,-0.157630039824));
#3678 = CARTESIAN_POINT('',(-5.105088062075,-0.217917917908));
#3679 = CARTESIAN_POINT('',(-4.712388980373,-0.241200968242));
#3680 = CARTESIAN_POINT('',(-4.319689898678,-0.217917917907));
#3681 = CARTESIAN_POINT('',(-3.926990816989,-0.157630039825));
#3682 = CARTESIAN_POINT('',(-3.534291735294,-7.881470569809E-02));
#3683 = CARTESIAN_POINT('',(-3.141592653597,-1.538933078454E-12));
#3684 = ( GEOMETRIC_REPRESENTATION_CONTEXT(2) 
PARAMETRIC_REPRESENTATION_CONTEXT() REPRESENTATION_CONTEXT('2D SPACE',''
  ) );
#3685 = ORIENTED_EDGE('',*,*,#2899,.F.);
#3686 = ADVANCED_FACE('',(#3687),#2075,.T.);
#3687 = FACE_BOUND('',#3688,.F.);
#3688 = EDGE_LOOP('',(#3689,#3690,#3691,#3714,#3736,#3737,#3738));
#3689 = ORIENTED_EDGE('',*,*,#3436,.F.);
#3690 = ORIENTED_EDGE('',*,*,#2121,.F.);
#3691 = ORIENTED_EDGE('',*,*,#3692,.T.);
#3692 = EDGE_CURVE('',#1992,#3693,#3695,.T.);
#3693 = VERTEX_POINT('',#3694);
#3694 = CARTESIAN_POINT('',(0.2394,0.,0.75));
#3695 = SEAM_CURVE('',#3696,(#3700,#3707),.PCURVE_S1.);
#3696 = LINE('',#3697,#3698);
#3697 = CARTESIAN_POINT('',(0.2394,0.,0.));
#3698 = VECTOR('',#3699,1.);
#3699 = DIRECTION('',(0.,0.,1.));
#3700 = PCURVE('',#2075,#3701);
#3701 = DEFINITIONAL_REPRESENTATION('',(#3702),#3706);
#3702 = LINE('',#3703,#3704);
#3703 = CARTESIAN_POINT('',(-6.28318530718,0.));
#3704 = VECTOR('',#3705,1.);
#3705 = DIRECTION('',(-0.,-1.));
#3706 = ( GEOMETRIC_REPRESENTATION_CONTEXT(2) 
PARAMETRIC_REPRESENTATION_CONTEXT() REPRESENTATION_CONTEXT('2D SPACE',''
  ) );
#3707 = PCURVE('',#2075,#3708);
#3708 = DEFINITIONAL_REPRESENTATION('',(#3709),#3713);
#3709 = LINE('',#3710,#3711);
#3710 = CARTESIAN_POINT('',(-0.,0.));
#3711 = VECTOR('',#3712,1.);
#3712 = DIRECTION('',(-0.,-1.));
#3713 = ( GEOMETRIC_REPRESENTATION_CONTEXT(2) 
PARAMETRIC_REPRESENTATION_CONTEXT() REPRESENTATION_CONTEXT('2D SPACE',''
  ) );
#3714 = ORIENTED_EDGE('',*,*,#3715,.T.);
#3715 = EDGE_CURVE('',#3693,#3693,#3716,.T.);
#3716 = SURFACE_CURVE('',#3717,(#3722,#3729),.PCURVE_S1.);
#3717 = CIRCLE('',#3718,0.2408);
#3718 = AXIS2_PLACEMENT_3D('',#3719,#3720,#3721);
#3719 = CARTESIAN_POINT('',(-1.4E-03,0.,0.75));
#3720 = DIRECTION('',(0.,0.,1.));
#3721 = DIRECTION('',(1.,0.,0.));
#3722 = PCURVE('',#2075,#3723);
#3723 = DEFINITIONAL_REPRESENTATION('',(#3724),#3728);
#3724 = LINE('',#3725,#3726);
#3725 = CARTESIAN_POINT('',(-0.,-0.75));
#3726 = VECTOR('',#3727,1.);
#3727 = DIRECTION('',(-1.,0.));
#3728 = ( GEOMETRIC_REPRESENTATION_CONTEXT(2) 
PARAMETRIC_REPRESENTATION_CONTEXT() REPRESENTATION_CONTEXT('2D SPACE',''
  ) );
#3729 = PCURVE('',#3250,#3730);
#3730 = DEFINITIONAL_REPRESENTATION('',(#3731),#3735);
#3731 = CIRCLE('',#3732,0.2408);
#3732 = AXIS2_PLACEMENT_2D('',#3733,#3734);
#3733 = CARTESIAN_POINT('',(2.602085213965E-17,-1.235273903049E-17));
#3734 = DIRECTION('',(1.,0.));
#3735 = ( GEOMETRIC_REPRESENTATION_CONTEXT(2) 
PARAMETRIC_REPRESENTATION_CONTEXT() REPRESENTATION_CONTEXT('2D SPACE',''
  ) );
#3736 = ORIENTED_EDGE('',*,*,#3692,.F.);
#3737 = ORIENTED_EDGE('',*,*,#1991,.F.);
#3738 = ORIENTED_EDGE('',*,*,#3739,.T.);
#3739 = EDGE_CURVE('',#1960,#2852,#3740,.T.);
#3740 = SURFACE_CURVE('',#3741,(#3746,#3759),.PCURVE_S1.);
#3741 = ELLIPSE('',#3742,0.340542625819,0.2408);
#3742 = AXIS2_PLACEMENT_3D('',#3743,#3744,#3745);
#3743 = CARTESIAN_POINT('',(-1.4E-03,0.,0.));
#3744 = DIRECTION('',(0.,-0.707106781187,-0.707106781187));
#3745 = DIRECTION('',(-0.,0.707106781187,-0.707106781187));
#3746 = PCURVE('',#2075,#3747);
#3747 = DEFINITIONAL_REPRESENTATION('',(#3748),#3758);
#3748 = B_SPLINE_CURVE_WITH_KNOTS('',8,(#3749,#3750,#3751,#3752,#3753,
    #3754,#3755,#3756,#3757),.UNSPECIFIED.,.F.,.F.,(9,9),(1.570796326789
    ,4.71238898039),.PIECEWISE_BEZIER_KNOTS.);
#3749 = CARTESIAN_POINT('',(-6.283185307185,1.352229085247E-12));
#3750 = CARTESIAN_POINT('',(-5.890486225485,-9.456193887204E-02));
#3751 = CARTESIAN_POINT('',(-5.497787143784,-0.189124631737));
#3752 = CARTESIAN_POINT('',(-5.105088062093,-0.261458069916));
#3753 = CARTESIAN_POINT('',(-4.71238898038,-0.289393089949));
#3754 = CARTESIAN_POINT('',(-4.31968989869,-0.261458069916));
#3755 = CARTESIAN_POINT('',(-3.926990816984,-0.189124631737));
#3756 = CARTESIAN_POINT('',(-3.534291735284,-9.456193887204E-02));
#3757 = CARTESIAN_POINT('',(-3.141592653584,1.352277042939E-12));
#3758 = ( GEOMETRIC_REPRESENTATION_CONTEXT(2) 
PARAMETRIC_REPRESENTATION_CONTEXT() REPRESENTATION_CONTEXT('2D SPACE',''
  ) );
#3759 = PCURVE('',#1943,#3760);
#3760 = DEFINITIONAL_REPRESENTATION('',(#3761),#3771);
#3761 = B_SPLINE_CURVE_WITH_KNOTS('',8,(#3762,#3763,#3764,#3765,#3766,
    #3767,#3768,#3769,#3770),.UNSPECIFIED.,.F.,.F.,(9,9),(1.570796326789
    ,4.71238898039),.PIECEWISE_BEZIER_KNOTS.);
#3762 = CARTESIAN_POINT('',(5.615952147764E-12,1.352229085247E-12));
#3763 = CARTESIAN_POINT('',(-0.392699081695,-9.456193887204E-02));
#3764 = CARTESIAN_POINT('',(-0.785398163395,-0.189124631737));
#3765 = CARTESIAN_POINT('',(-1.178097245092,-0.261458069916));
#3766 = CARTESIAN_POINT('',(-1.570796326793,-0.289393089949));
#3767 = CARTESIAN_POINT('',(-1.963495408493,-0.261458069916));
#3768 = CARTESIAN_POINT('',(-2.356194490194,-0.189124631737));
#3769 = CARTESIAN_POINT('',(-2.748893571895,-9.456193887204E-02));
#3770 = CARTESIAN_POINT('',(-3.141592653595,1.352277042939E-12));
#3771 = ( GEOMETRIC_REPRESENTATION_CONTEXT(2) 
PARAMETRIC_REPRESENTATION_CONTEXT() REPRESENTATION_CONTEXT('2D SPACE',''
  ) );
#3772 = ADVANCED_FACE('',(#3773),#1943,.T.);
#3773 = FACE_BOUND('',#3774,.F.);
#3774 = EDGE_LOOP('',(#3775,#3776,#3777,#3800,#3822,#3823,#3824,#3843));
#3775 = ORIENTED_EDGE('',*,*,#3739,.F.);
#3776 = ORIENTED_EDGE('',*,*,#1959,.T.);
#3777 = ORIENTED_EDGE('',*,*,#3778,.T.);
#3778 = EDGE_CURVE('',#1923,#3779,#3781,.T.);
#3779 = VERTEX_POINT('',#3780);
#3780 = CARTESIAN_POINT('',(0.2394,-0.75,0.));
#3781 = SEAM_CURVE('',#3782,(#3786,#3793),.PCURVE_S1.);
#3782 = LINE('',#3783,#3784);
#3783 = CARTESIAN_POINT('',(0.2394,0.,0.));
#3784 = VECTOR('',#3785,1.);
#3785 = DIRECTION('',(0.,-1.,0.));
#3786 = PCURVE('',#1943,#3787);
#3787 = DEFINITIONAL_REPRESENTATION('',(#3788),#3792);
#3788 = LINE('',#3789,#3790);
#3789 = CARTESIAN_POINT('',(-6.28318530718,0.));
#3790 = VECTOR('',#3791,1.);
#3791 = DIRECTION('',(-0.,-1.));
#3792 = ( GEOMETRIC_REPRESENTATION_CONTEXT(2) 
PARAMETRIC_REPRESENTATION_CONTEXT() REPRESENTATION_CONTEXT('2D SPACE',''
  ) );
#3793 = PCURVE('',#1943,#3794);
#3794 = DEFINITIONAL_REPRESENTATION('',(#3795),#3799);
#3795 = LINE('',#3796,#3797);
#3796 = CARTESIAN_POINT('',(-0.,0.));
#3797 = VECTOR('',#3798,1.);
#3798 = DIRECTION('',(-0.,-1.));
#3799 = ( GEOMETRIC_REPRESENTATION_CONTEXT(2) 
PARAMETRIC_REPRESENTATION_CONTEXT() REPRESENTATION_CONTEXT('2D SPACE',''
  ) );
#3800 = ORIENTED_EDGE('',*,*,#3801,.T.);
#3801 = EDGE_CURVE('',#3779,#3779,#3802,.T.);
#3802 = SURFACE_CURVE('',#3803,(#3808,#3815),.PCURVE_S1.);
#3803 = CIRCLE('',#3804,0.2408);
#3804 = AXIS2_PLACEMENT_3D('',#3805,#3806,#3807);
#3805 = CARTESIAN_POINT('',(-1.4E-03,-0.75,0.));
#3806 = DIRECTION('',(0.,-1.,0.));
#3807 = DIRECTION('',(1.,0.,0.));
#3808 = PCURVE('',#1943,#3809);
#3809 = DEFINITIONAL_REPRESENTATION('',(#3810),#3814);
#3810 = LINE('',#3811,#3812);
#3811 = CARTESIAN_POINT('',(-0.,-0.75));
#3812 = VECTOR('',#3813,1.);
#3813 = DIRECTION('',(-1.,0.));
#3814 = ( GEOMETRIC_REPRESENTATION_CONTEXT(2) 
PARAMETRIC_REPRESENTATION_CONTEXT() REPRESENTATION_CONTEXT('2D SPACE',''
  ) );
#3815 = PCURVE('',#2666,#3816);
#3816 = DEFINITIONAL_REPRESENTATION('',(#3817),#3821);
#3817 = CIRCLE('',#3818,0.2408);
#3818 = AXIS2_PLACEMENT_2D('',#3819,#3820);
#3819 = CARTESIAN_POINT('',(1.235273903049E-17,2.602085213965E-17));
#3820 = DIRECTION('',(0.,1.));
#3821 = ( GEOMETRIC_REPRESENTATION_CONTEXT(2) 
PARAMETRIC_REPRESENTATION_CONTEXT() REPRESENTATION_CONTEXT('2D SPACE',''
  ) );
#3822 = ORIENTED_EDGE('',*,*,#3778,.F.);
#3823 = ORIENTED_EDGE('',*,*,#1922,.T.);
#3824 = ORIENTED_EDGE('',*,*,#3825,.T.);
#3825 = EDGE_CURVE('',#1894,#1493,#3826,.T.);
#3826 = SURFACE_CURVE('',#3827,(#3831,#3837),.PCURVE_S1.);
#3827 = LINE('',#3828,#3829);
#3828 = CARTESIAN_POINT('',(0.,0.,-0.240795930198));
#3829 = VECTOR('',#3830,1.);
#3830 = DIRECTION('',(-0.,1.,-0.));
#3831 = PCURVE('',#1943,#3832);
#3832 = DEFINITIONAL_REPRESENTATION('',(#3833),#3836);
#3833 = B_SPLINE_CURVE_WITH_KNOTS('',1,(#3834,#3835),.UNSPECIFIED.,.F.,
  .F.,(2,2),(-0.29036,6.00001352277E-07),.PIECEWISE_BEZIER_KNOTS.);
#3834 = CARTESIAN_POINT('',(-4.718202966627,-0.29036));
#3835 = CARTESIAN_POINT('',(-4.718202966627,6.00001352277E-07));
#3836 = ( GEOMETRIC_REPRESENTATION_CONTEXT(2) 
PARAMETRIC_REPRESENTATION_CONTEXT() REPRESENTATION_CONTEXT('2D SPACE',''
  ) );
#3837 = PCURVE('',#1910,#3838);
#3838 = DEFINITIONAL_REPRESENTATION('',(#3839),#3842);
#3839 = B_SPLINE_CURVE_WITH_KNOTS('',1,(#3840,#3841),.UNSPECIFIED.,.F.,
  .F.,(2,2),(-0.29036,6.00001352277E-07),.PIECEWISE_BEZIER_KNOTS.);
#3840 = CARTESIAN_POINT('',(-0.240795930198,0.28896));
#3841 = CARTESIAN_POINT('',(-0.240795930198,-1.400600001352E-03));
#3842 = ( GEOMETRIC_REPRESENTATION_CONTEXT(2) 
PARAMETRIC_REPRESENTATION_CONTEXT() REPRESENTATION_CONTEXT('2D SPACE',''
  ) );
#3843 = ORIENTED_EDGE('',*,*,#2872,.F.);
#3844 = ADVANCED_FACE('',(#3845),#1910,.F.);
#3845 = FACE_BOUND('',#3846,.F.);
#3846 = EDGE_LOOP('',(#3847,#3848));
#3847 = ORIENTED_EDGE('',*,*,#1893,.T.);
#3848 = ORIENTED_EDGE('',*,*,#3825,.F.);
#3849 = ADVANCED_FACE('',(#3850),#2289,.F.);
#3850 = FACE_BOUND('',#3851,.F.);
#3851 = EDGE_LOOP('',(#3852,#3853,#3877,#3898,#3919,#3946,#3947));
#3852 = ORIENTED_EDGE('',*,*,#2326,.F.);
#3853 = ORIENTED_EDGE('',*,*,#3854,.T.);
#3854 = EDGE_CURVE('',#2327,#3855,#3857,.T.);
#3855 = VERTEX_POINT('',#3856);
#3856 = CARTESIAN_POINT('',(-1.700029006457E-16,-0.240795930198,0.));
#3857 = SURFACE_CURVE('',#3858,(#3863,#3870),.PCURVE_S1.);
#3858 = CIRCLE('',#3859,0.2408);
#3859 = AXIS2_PLACEMENT_3D('',#3860,#3861,#3862);
#3860 = CARTESIAN_POINT('',(-1.4E-03,0.,0.));
#3861 = DIRECTION('',(0.,0.,1.));
#3862 = DIRECTION('',(1.,0.,0.));
#3863 = PCURVE('',#2289,#3864);
#3864 = DEFINITIONAL_REPRESENTATION('',(#3865),#3869);
#3865 = CIRCLE('',#3866,0.2408);
#3866 = AXIS2_PLACEMENT_2D('',#3867,#3868);
#3867 = CARTESIAN_POINT('',(2.602085213965E-17,-1.235273903049E-17));
#3868 = DIRECTION('',(1.,0.));
#3869 = ( GEOMETRIC_REPRESENTATION_CONTEXT(2) 
PARAMETRIC_REPRESENTATION_CONTEXT() REPRESENTATION_CONTEXT('2D SPACE',''
  ) );
#3870 = PCURVE('',#2473,#3871);
#3871 = DEFINITIONAL_REPRESENTATION('',(#3872),#3876);
#3872 = LINE('',#3873,#3874);
#3873 = CARTESIAN_POINT('',(-0.,0.));
#3874 = VECTOR('',#3875,1.);
#3875 = DIRECTION('',(-1.,0.));
#3876 = ( GEOMETRIC_REPRESENTATION_CONTEXT(2) 
PARAMETRIC_REPRESENTATION_CONTEXT() REPRESENTATION_CONTEXT('2D SPACE',''
  ) );
#3877 = ORIENTED_EDGE('',*,*,#3878,.T.);
#3878 = EDGE_CURVE('',#3855,#3879,#3881,.T.);
#3879 = VERTEX_POINT('',#3880);
#3880 = CARTESIAN_POINT('',(0.,-0.2021,2.457866125889E-17));
#3881 = SURFACE_CURVE('',#3882,(#3886,#3892),.PCURVE_S1.);
#3882 = LINE('',#3883,#3884);
#3883 = CARTESIAN_POINT('',(0.,-7.E-04,0.));
#3884 = VECTOR('',#3885,1.);
#3885 = DIRECTION('',(0.,1.,0.));
#3886 = PCURVE('',#2289,#3887);
#3887 = DEFINITIONAL_REPRESENTATION('',(#3888),#3891);
#3888 = B_SPLINE_CURVE_WITH_KNOTS('',1,(#3889,#3890),.UNSPECIFIED.,.F.,
  .F.,(2,2),(-0.2401,7.000000000044E-04),.PIECEWISE_BEZIER_KNOTS.);
#3889 = CARTESIAN_POINT('',(1.4E-03,-0.2408));
#3890 = CARTESIAN_POINT('',(1.4E-03,4.411835480278E-15));
#3891 = ( GEOMETRIC_REPRESENTATION_CONTEXT(2) 
PARAMETRIC_REPRESENTATION_CONTEXT() REPRESENTATION_CONTEXT('2D SPACE',''
  ) );
#3892 = PCURVE('',#2774,#3893);
#3893 = DEFINITIONAL_REPRESENTATION('',(#3894),#3897);
#3894 = B_SPLINE_CURVE_WITH_KNOTS('',1,(#3895,#3896),.UNSPECIFIED.,.F.,
  .F.,(2,2),(-0.2401,7.000000000044E-04),.PIECEWISE_BEZIER_KNOTS.);
#3895 = CARTESIAN_POINT('',(-1.235273903049E-17,0.2394));
#3896 = CARTESIAN_POINT('',(-1.235273903049E-17,-1.400000000004E-03));
#3897 = ( GEOMETRIC_REPRESENTATION_CONTEXT(2) 
PARAMETRIC_REPRESENTATION_CONTEXT() REPRESENTATION_CONTEXT('2D SPACE',''
  ) );
#3898 = ORIENTED_EDGE('',*,*,#3899,.F.);
#3899 = EDGE_CURVE('',#3900,#3879,#3902,.T.);
#3900 = VERTEX_POINT('',#3901);
#3901 = CARTESIAN_POINT('',(0.12952070119,-0.2021,0.));
#3902 = SURFACE_CURVE('',#3903,(#3907,#3913),.PCURVE_S1.);
#3903 = LINE('',#3904,#3905);
#3904 = CARTESIAN_POINT('',(0.,-0.2021,0.));
#3905 = VECTOR('',#3906,1.);
#3906 = DIRECTION('',(-1.,-0.,-0.));
#3907 = PCURVE('',#2289,#3908);
#3908 = DEFINITIONAL_REPRESENTATION('',(#3909),#3912);
#3909 = B_SPLINE_CURVE_WITH_KNOTS('',1,(#3910,#3911),.UNSPECIFIED.,.F.,
  .F.,(2,2),(-0.23944,6.E-07),.PIECEWISE_BEZIER_KNOTS.);
#3910 = CARTESIAN_POINT('',(0.24084,-0.2021));
#3911 = CARTESIAN_POINT('',(1.3994E-03,-0.2021));
#3912 = ( GEOMETRIC_REPRESENTATION_CONTEXT(2) 
PARAMETRIC_REPRESENTATION_CONTEXT() REPRESENTATION_CONTEXT('2D SPACE',''
  ) );
#3913 = PCURVE('',#2806,#3914);
#3914 = DEFINITIONAL_REPRESENTATION('',(#3915),#3918);
#3915 = B_SPLINE_CURVE_WITH_KNOTS('',1,(#3916,#3917),.UNSPECIFIED.,.F.,
  .F.,(2,2),(-0.23944,6.E-07),.PIECEWISE_BEZIER_KNOTS.);
#3916 = CARTESIAN_POINT('',(-3.14159265359,-0.23944));
#3917 = CARTESIAN_POINT('',(-3.14159265359,6.E-07));
#3918 = ( GEOMETRIC_REPRESENTATION_CONTEXT(2) 
PARAMETRIC_REPRESENTATION_CONTEXT() REPRESENTATION_CONTEXT('2D SPACE',''
  ) );
#3919 = ORIENTED_EDGE('',*,*,#3920,.T.);
#3920 = EDGE_CURVE('',#3900,#2274,#3921,.T.);
#3921 = SURFACE_CURVE('',#3922,(#3927,#3934),.PCURVE_S1.);
#3922 = CIRCLE('',#3923,0.2408);
#3923 = AXIS2_PLACEMENT_3D('',#3924,#3925,#3926);
#3924 = CARTESIAN_POINT('',(-1.4E-03,0.,0.));
#3925 = DIRECTION('',(0.,0.,1.));
#3926 = DIRECTION('',(1.,0.,0.));
#3927 = PCURVE('',#2289,#3928);
#3928 = DEFINITIONAL_REPRESENTATION('',(#3929),#3933);
#3929 = CIRCLE('',#3930,0.2408);
#3930 = AXIS2_PLACEMENT_2D('',#3931,#3932);
#3931 = CARTESIAN_POINT('',(2.602085213965E-17,-1.235273903049E-17));
#3932 = DIRECTION('',(1.,0.));
#3933 = ( GEOMETRIC_REPRESENTATION_CONTEXT(2) 
PARAMETRIC_REPRESENTATION_CONTEXT() REPRESENTATION_CONTEXT('2D SPACE',''
  ) );
#3934 = PCURVE('',#3935,#3940);
#3935 = CYLINDRICAL_SURFACE('',#3936,0.2408);
#3936 = AXIS2_PLACEMENT_3D('',#3937,#3938,#3939);
#3937 = CARTESIAN_POINT('',(-1.4E-03,0.,0.));
#3938 = DIRECTION('',(-0.,-0.,-1.));
#3939 = DIRECTION('',(1.,0.,0.));
#3940 = DEFINITIONAL_REPRESENTATION('',(#3941),#3945);
#3941 = LINE('',#3942,#3943);
#3942 = CARTESIAN_POINT('',(-0.,0.));
#3943 = VECTOR('',#3944,1.);
#3944 = DIRECTION('',(-1.,0.));
#3945 = ( GEOMETRIC_REPRESENTATION_CONTEXT(2) 
PARAMETRIC_REPRESENTATION_CONTEXT() REPRESENTATION_CONTEXT('2D SPACE',''
  ) );
#3946 = ORIENTED_EDGE('',*,*,#2273,.F.);
#3947 = ORIENTED_EDGE('',*,*,#3948,.F.);
#3948 = EDGE_CURVE('',#2303,#920,#3949,.T.);
#3949 = SURFACE_CURVE('',#3950,(#3955,#3962),.PCURVE_S1.);
#3950 = CIRCLE('',#3951,0.2007);
#3951 = AXIS2_PLACEMENT_3D('',#3952,#3953,#3954);
#3952 = CARTESIAN_POINT('',(-1.4E-03,0.,0.));
#3953 = DIRECTION('',(0.,0.,1.));
#3954 = DIRECTION('',(1.,0.,0.));
#3955 = PCURVE('',#2289,#3956);
#3956 = DEFINITIONAL_REPRESENTATION('',(#3957),#3961);
#3957 = CIRCLE('',#3958,0.2007);
#3958 = AXIS2_PLACEMENT_2D('',#3959,#3960);
#3959 = CARTESIAN_POINT('',(2.602085213965E-17,-1.235273903049E-17));
#3960 = DIRECTION('',(1.,0.));
#3961 = ( GEOMETRIC_REPRESENTATION_CONTEXT(2) 
PARAMETRIC_REPRESENTATION_CONTEXT() REPRESENTATION_CONTEXT('2D SPACE',''
  ) );
#3962 = PCURVE('',#3486,#3963);
#3963 = DEFINITIONAL_REPRESENTATION('',(#3964),#3968);
#3964 = LINE('',#3965,#3966);
#3965 = CARTESIAN_POINT('',(-0.,0.));
#3966 = VECTOR('',#3967,1.);
#3967 = DIRECTION('',(-1.,0.));
#3968 = ( GEOMETRIC_REPRESENTATION_CONTEXT(2) 
PARAMETRIC_REPRESENTATION_CONTEXT() REPRESENTATION_CONTEXT('2D SPACE',''
  ) );
#3969 = ADVANCED_FACE('',(#3970),#2836,.F.);
#3970 = FACE_BOUND('',#3971,.T.);
#3971 = EDGE_LOOP('',(#3972,#4160,#4161));
#3972 = ORIENTED_EDGE('',*,*,#3973,.F.);
#3973 = EDGE_CURVE('',#2274,#3974,#3976,.T.);
#3974 = VERTEX_POINT('',#3975);
#3975 = CARTESIAN_POINT('',(0.16816988281,-0.170969881143,0.107361750215
    ));
#3976 = SURFACE_CURVE('',#3977,(#4036,#4098),.PCURVE_S1.);
#3977 = B_SPLINE_CURVE_WITH_KNOTS('',8,(#3978,#3979,#3980,#3981,#3982,
    #3983,#3984,#3985,#3986,#3987,#3988,#3989,#3990,#3991,#3992,#3993,
    #3994,#3995,#3996,#3997,#3998,#3999,#4000,#4001,#4002,#4003,#4004,
    #4005,#4006,#4007,#4008,#4009,#4010,#4011,#4012,#4013,#4014,#4015,
    #4016,#4017,#4018,#4019,#4020,#4021,#4022,#4023,#4024,#4025,#4026,
    #4027,#4028,#4029,#4030,#4031,#4032,#4033,#4034,#4035),
  .UNSPECIFIED.,.F.,.F.,(9,7,7,7,7,7,7,7,9),(0.,8.543959157539E-02,
    0.208333840157,0.33970450049,0.497176071884,0.653851763254,
    0.88426706223,0.966326774649,1.),.UNSPECIFIED.);
#3978 = CARTESIAN_POINT('',(0.1993,-0.133056942697,-4.915734533567E-17)
  );
#3979 = CARTESIAN_POINT('',(0.1993,-0.133056942697,8.054832825497E-03));
#3980 = CARTESIAN_POINT('',(0.198930511647,-0.133614196414,
    1.603807407795E-02));
#3981 = CARTESIAN_POINT('',(0.198203193547,-0.134711445639,
    2.393627635134E-02));
#3982 = CARTESIAN_POINT('',(0.197128769842,-0.136313199691,
    3.173198092317E-02));
#3983 = CARTESIAN_POINT('',(0.195719939064,-0.13836570978,
    3.939914194689E-02));
#3984 = CARTESIAN_POINT('',(0.193995716828,-0.14079824591,
    4.690017123608E-02));
#3985 = CARTESIAN_POINT('',(0.191987212353,-0.143525676282,
    5.418460364017E-02));
#3986 = CARTESIAN_POINT('',(0.186519462788,-0.150662005024,
    7.12648887758E-02));
#3987 = CARTESIAN_POINT('',(0.182751385244,-0.155360747844,
    8.094551552741E-02));
#3988 = CARTESIAN_POINT('',(0.17849168232,-0.160376721486,
    9.021651529068E-02));
#3989 = CARTESIAN_POINT('',(0.173789948022,-0.165561638788,
    9.906199689639E-02));
#3990 = CARTESIAN_POINT('',(0.168692153708,-0.170801220325,
    0.107476133541));
#3991 = CARTESIAN_POINT('',(0.163233239463,-0.176018855906,0.11546937415
    ));
#3992 = CARTESIAN_POINT('',(0.157424437398,-0.181172488909,
    0.123069658548));
#3993 = CARTESIAN_POINT('',(0.144619333408,-0.191666806261,
    0.138067599642));
#3994 = CARTESIAN_POINT('',(0.13760164398,-0.196969138096,0.145376608761
    ));
#3995 = CARTESIAN_POINT('',(0.130220919675,-0.202076711593,
    0.152223392803));
#3996 = CARTESIAN_POINT('',(0.122512966989,-0.206934891909,
    0.158594953937));
#3997 = CARTESIAN_POINT('',(0.114508155694,-0.211504362718,0.16448462478
    ));
#3998 = CARTESIAN_POINT('',(0.106230203445,-0.215756393143,
    0.169889131205));
#3999 = CARTESIAN_POINT('',(9.769632708144E-02,-0.219668425592,
    0.174805660652));
#4000 = CARTESIAN_POINT('',(7.839725471453E-02,-0.227477172204,
    0.184531033893));
#4001 = CARTESIAN_POINT('',(6.754910781465E-02,-0.231206949181,
    0.189112594322));
#4002 = CARTESIAN_POINT('',(5.642698892618E-02,-0.234366676242,
    0.192955584513));
#4003 = CARTESIAN_POINT('',(4.508468344648E-02,-0.23692463609,
    0.196045204105));
#4004 = CARTESIAN_POINT('',(3.357649693197E-02,-0.23885819234,
    0.19837023572));
#4005 = CARTESIAN_POINT('',(2.195683785238E-02,-0.240152533227,
    0.199923154998));
#4006 = CARTESIAN_POINT('',(1.02799793494E-02,-0.2408,0.2007));
#4007 = CARTESIAN_POINT('',(-1.302094734664E-02,-0.2408,0.2007));
#4008 = CARTESIAN_POINT('',(-2.463881224418E-02,-0.240159061204,
    0.199930988315));
#4009 = CARTESIAN_POINT('',(-3.620034131241E-02,-0.238877766842,
    0.198393720074));
#4010 = CARTESIAN_POINT('',(-4.765207178277E-02,-0.236963619961,
    0.19609207897));
#4011 = CARTESIAN_POINT('',(-5.894039780411E-02,-0.234431138898,
    0.193033443156));
#4012 = CARTESIAN_POINT('',(-7.001180990575E-02,-0.23130251276,
    0.189228815911));
#4013 = CARTESIAN_POINT('',(-8.081330761766E-02,-0.227608816931,
    0.184692721088));
#4014 = CARTESIAN_POINT('',(-0.106704936095,-0.217190010619,
    0.171722153558));
#4015 = CARTESIAN_POINT('',(-0.121010327492,-0.210021694255,
    0.162663467685));
#4016 = CARTESIAN_POINT('',(-0.134470531613,-0.201978737945,
    0.152284724715));
#4017 = CARTESIAN_POINT('',(-0.147166209041,-0.193077043915,
    0.140466685529));
#4018 = CARTESIAN_POINT('',(-0.158978332894,-0.183398279383,
    0.127086572581));
#4019 = CARTESIAN_POINT('',(-0.169568746768,-0.173269183378,
    0.11217919437));
#4020 = CARTESIAN_POINT('',(-0.178652417803,-0.163394233265,
    9.599074195436E-02));
#4021 = CARTESIAN_POINT('',(-0.188635327819,-0.151473578733,
    7.258158895228E-02));
#4022 = CARTESIAN_POINT('',(-0.191068785145,-0.148444750354,
    6.622725410664E-02));
#4023 = CARTESIAN_POINT('',(-0.193289738009,-0.145566928371,
    5.96826837983E-02));
#4024 = CARTESIAN_POINT('',(-0.195278642148,-0.142892371927,
    5.296271507959E-02));
#4025 = CARTESIAN_POINT('',(-0.19701910313,-0.140474833753,
    4.607932016348E-02));
#4026 = CARTESIAN_POINT('',(-0.19849624141,-0.138368121509,
    3.904047757422E-02));
#4027 = CARTESIAN_POINT('',(-0.199695057392,-0.136624659135,
    3.184904329806E-02));
#4028 = CARTESIAN_POINT('',(-0.200969646074,-0.134748031635,
    2.148660557507E-02));
#4029 = CARTESIAN_POINT('',(-0.201290053844,-0.13427253869,
    1.845101837517E-02));
#4030 = CARTESIAN_POINT('',(-0.201558756218,-0.133871257604,
    1.53985395095E-02));
#4031 = CARTESIAN_POINT('',(-0.201774740162,-0.133547159821,
    1.23326747058E-02));
#4032 = CARTESIAN_POINT('',(-0.201937243184,-0.133302499989,
    9.256756244234E-03));
#4033 = CARTESIAN_POINT('',(-0.20204575334,-0.133138815956,
    6.173942957358E-03));
#4034 = CARTESIAN_POINT('',(-0.20210000923,-0.133056928775,
    3.087220230151E-03));
#4035 = CARTESIAN_POINT('',(-0.202099999999,-0.133056942699,
    -6.000000001197E-07));
#4036 = PCURVE('',#2836,#4037);
#4037 = DEFINITIONAL_REPRESENTATION('',(#4038),#4097);
#4038 = B_SPLINE_CURVE_WITH_KNOTS('',8,(#4039,#4040,#4041,#4042,#4043,
    #4044,#4045,#4046,#4047,#4048,#4049,#4050,#4051,#4052,#4053,#4054,
    #4055,#4056,#4057,#4058,#4059,#4060,#4061,#4062,#4063,#4064,#4065,
    #4066,#4067,#4068,#4069,#4070,#4071,#4072,#4073,#4074,#4075,#4076,
    #4077,#4078,#4079,#4080,#4081,#4082,#4083,#4084,#4085,#4086,#4087,
    #4088,#4089,#4090,#4091,#4092,#4093,#4094,#4095,#4096),
  .UNSPECIFIED.,.F.,.F.,(9,7,7,7,7,7,7,7,9),(0.,8.543959157539E-02,
    0.208333840157,0.33970450049,0.497176071884,0.653851763254,
    0.88426706223,0.966326774649,1.),.UNSPECIFIED.);
#4039 = CARTESIAN_POINT('',(0.,-0.133056942697));
#4040 = CARTESIAN_POINT('',(-4.013369619082E-02,-0.133056942697));
#4041 = CARTESIAN_POINT('',(-7.991060485343E-02,-0.133614196414));
#4042 = CARTESIAN_POINT('',(-0.119362614411,-0.134711445639));
#4043 = CARTESIAN_POINT('',(-0.158493131812,-0.136313199691));
#4044 = CARTESIAN_POINT('',(-0.197258233541,-0.13836570978));
#4045 = CARTESIAN_POINT('',(-0.235547682047,-0.14079824591));
#4046 = CARTESIAN_POINT('',(-0.273165807582,-0.143525676282));
#4047 = CARTESIAN_POINT('',(-0.362523622532,-0.150662005024));
#4048 = CARTESIAN_POINT('',(-0.414186171213,-0.155360747844));
#4049 = CARTESIAN_POINT('',(-0.46487263246,-0.160376721486));
#4050 = CARTESIAN_POINT('',(-0.51462320733,-0.165561638788));
#4051 = CARTESIAN_POINT('',(-0.563493458734,-0.170801220325));
#4052 = CARTESIAN_POINT('',(-0.611604940518,-0.176018855906));
#4053 = CARTESIAN_POINT('',(-0.659198563873,-0.181172488909));
#4054 = CARTESIAN_POINT('',(-0.75745852377,-0.191666806261));
#4055 = CARTESIAN_POINT('',(-0.807858740383,-0.196969138096));
#4056 = CARTESIAN_POINT('',(-0.857881648824,-0.202076711593));
#4057 = CARTESIAN_POINT('',(-0.907548749061,-0.206934891909));
#4058 = CARTESIAN_POINT('',(-0.956909958874,-0.211504362718));
#4059 = CARTESIAN_POINT('',(-1.006040286179,-0.215756393143));
#4060 = CARTESIAN_POINT('',(-1.055035957923,-0.219668425592));
#4061 = CARTESIAN_POINT('',(-1.162714287129,-0.227477172204));
#4062 = CARTESIAN_POINT('',(-1.221256360003,-0.231206949181));
#4063 = CARTESIAN_POINT('',(-1.279669626892,-0.234366676242));
#4064 = CARTESIAN_POINT('',(-1.337982886611,-0.23692463609));
#4065 = CARTESIAN_POINT('',(-1.396223499229,-0.23885819234));
#4066 = CARTESIAN_POINT('',(-1.454419422103,-0.240152533227));
#4067 = CARTESIAN_POINT('',(-1.512600116783,-0.2408));
#4068 = CARTESIAN_POINT('',(-1.62869840625,-0.2408));
#4069 = CARTESIAN_POINT('',(-1.686585159719,-0.240159061204));
#4070 = CARTESIAN_POINT('',(-1.74448691916,-0.238877766842));
#4071 = CARTESIAN_POINT('',(-1.80243265957,-0.236963619961));
#4072 = CARTESIAN_POINT('',(-1.86044983548,-0.234431138898));
#4073 = CARTESIAN_POINT('',(-1.91856529566,-0.23130251276));
#4074 = CARTESIAN_POINT('',(-1.976807276052,-0.227608816931));
#4075 = CARTESIAN_POINT('',(-2.121096260276,-0.217190010619));
#4076 = CARTESIAN_POINT('',(-2.205041299223,-0.210021694255));
#4077 = CARTESIAN_POINT('',(-2.289126625208,-0.201978737945));
#4078 = CARTESIAN_POINT('',(-2.374786255824,-0.193077043915));
#4079 = CARTESIAN_POINT('',(-2.462777325641,-0.183398279383));
#4080 = CARTESIAN_POINT('',(-2.553040281637,-0.173269183378));
#4081 = CARTESIAN_POINT('',(-2.644990378004,-0.163394233265));
#4082 = CARTESIAN_POINT('',(-2.771791117213,-0.151473578733));
#4083 = CARTESIAN_POINT('',(-2.80566990122,-0.148444750354));
#4084 = CARTESIAN_POINT('',(-2.840062894747,-0.145566928371));
#4085 = CARTESIAN_POINT('',(-2.874927004708,-0.142892371927));
#4086 = CARTESIAN_POINT('',(-2.910244805395,-0.140474833753));
#4087 = CARTESIAN_POINT('',(-2.946028130198,-0.138368121509));
#4088 = CARTESIAN_POINT('',(-2.982321663337,-0.136624659135));
#4089 = CARTESIAN_POINT('',(-3.034342247325,-0.134748031635));
#4090 = CARTESIAN_POINT('',(-3.049548929759,-0.13427253869));
#4091 = CARTESIAN_POINT('',(-3.064813063021,-0.133871257604));
#4092 = CARTESIAN_POINT('',(-3.080122177052,-0.133547159821));
#4093 = CARTESIAN_POINT('',(-3.095464847607,-0.133302499989));
#4094 = CARTESIAN_POINT('',(-3.11083069625,-0.133138815956));
#4095 = CARTESIAN_POINT('',(-3.12621039036,-0.133056928775));
#4096 = CARTESIAN_POINT('',(-3.141595643126,-0.133056942699));
#4097 = ( GEOMETRIC_REPRESENTATION_CONTEXT(2) 
PARAMETRIC_REPRESENTATION_CONTEXT() REPRESENTATION_CONTEXT('2D SPACE',''
  ) );
#4098 = PCURVE('',#3935,#4099);
#4099 = DEFINITIONAL_REPRESENTATION('',(#4100),#4159);
#4100 = B_SPLINE_CURVE_WITH_KNOTS('',8,(#4101,#4102,#4103,#4104,#4105,
    #4106,#4107,#4108,#4109,#4110,#4111,#4112,#4113,#4114,#4115,#4116,
    #4117,#4118,#4119,#4120,#4121,#4122,#4123,#4124,#4125,#4126,#4127,
    #4128,#4129,#4130,#4131,#4132,#4133,#4134,#4135,#4136,#4137,#4138,
    #4139,#4140,#4141,#4142,#4143,#4144,#4145,#4146,#4147,#4148,#4149,
    #4150,#4151,#4152,#4153,#4154,#4155,#4156,#4157,#4158),
  .UNSPECIFIED.,.F.,.F.,(9,7,7,7,7,7,7,7,9),(0.,8.543959157539E-02,
    0.208333840157,0.33970450049,0.497176071884,0.653851763254,
    0.88426706223,0.966326774649,1.),.UNSPECIFIED.);
#4101 = CARTESIAN_POINT('',(-5.697750235719,5.551115123126E-17));
#4102 = CARTESIAN_POINT('',(-5.697750235719,-8.054832825497E-03));
#4103 = CARTESIAN_POINT('',(-5.694973709356,-1.603807407795E-02));
#4104 = CARTESIAN_POINT('',(-5.68950651867,-2.393627635134E-02));
#4105 = CARTESIAN_POINT('',(-5.681497151539,-3.173198092317E-02));
#4106 = CARTESIAN_POINT('',(-5.671160340191,-3.939914194689E-02));
#4107 = CARTESIAN_POINT('',(-5.658780810442,-4.690017123608E-02));
#4108 = CARTESIAN_POINT('',(-5.644717161669,-5.418460364017E-02));
#4109 = CARTESIAN_POINT('',(-5.607382495527,-7.12648887758E-02));
#4110 = CARTESIAN_POINT('',(-5.582375618529,-8.094551552741E-02));
#4111 = CARTESIAN_POINT('',(-5.555066962135,-9.021651529068E-02));
#4112 = CARTESIAN_POINT('',(-5.526031483277,-9.906199689639E-02));
#4113 = CARTESIAN_POINT('',(-5.495710832748,-0.107476133541));
#4114 = CARTESIAN_POINT('',(-5.46438806816,-0.11546937415));
#4115 = CARTESIAN_POINT('',(-5.432163627324,-0.123069658548));
#4116 = CARTESIAN_POINT('',(-5.363409443289,-0.138067599642));
#4117 = CARTESIAN_POINT('',(-5.326911352079,-0.145376608761));
#4118 = CARTESIAN_POINT('',(-5.289691453685,-0.152223392803));
#4119 = CARTESIAN_POINT('',(-5.251924698577,-0.158594953937));
#4120 = CARTESIAN_POINT('',(-5.213721096411,-0.16448462478));
#4121 = CARTESIAN_POINT('',(-5.175138127634,-0.169889131205));
#4122 = CARTESIAN_POINT('',(-5.136192292707,-0.174805660652));
#4123 = CARTESIAN_POINT('',(-5.049734655812,-0.184531033893));
#4124 = CARTESIAN_POINT('',(-5.002163622204,-0.189112594322));
#4125 = CARTESIAN_POINT('',(-4.954266072629,-0.192955584513));
#4126 = CARTESIAN_POINT('',(-4.90612688483,-0.196045204105));
#4127 = CARTESIAN_POINT('',(-4.857814196179,-0.19837023572));
#4128 = CARTESIAN_POINT('',(-4.809385756597,-0.199923154998));
#4129 = CARTESIAN_POINT('',(-4.760893878015,-0.2007));
#4130 = CARTESIAN_POINT('',(-4.664129232267,-0.2007));
#4131 = CARTESIAN_POINT('',(-4.615882339573,-0.199930988315));
#4132 = CARTESIAN_POINT('',(-4.567697936321,-0.198393720074));
#4133 = CARTESIAN_POINT('',(-4.519627559094,-0.19609207897));
#4134 = CARTESIAN_POINT('',(-4.471728105688,-0.193033443156));
#4135 = CARTESIAN_POINT('',(-4.424066634342,-0.189228815911));
#4136 = CARTESIAN_POINT('',(-4.37672650356,-0.184692721088));
#4137 = CARTESIAN_POINT('',(-4.260824174999,-0.171722153558));
#4138 = CARTESIAN_POINT('',(-4.194597682201,-0.162663467685));
#4139 = CARTESIAN_POINT('',(-4.129774856768,-0.152284724715));
#4140 = CARTESIAN_POINT('',(-4.065719796025,-0.140466685529));
#4141 = CARTESIAN_POINT('',(-4.002676114302,-0.127086572581));
#4142 = CARTESIAN_POINT('',(-3.942027602396,-0.11217919437));
#4143 = CARTESIAN_POINT('',(-3.886367177672,-9.599074195436E-02));
#4144 = CARTESIAN_POINT('',(-3.82179637469,-7.258158895228E-02));
#4145 = CARTESIAN_POINT('',(-3.805665119679,-6.622725410664E-02));
#4146 = CARTESIAN_POINT('',(-3.790573034885,-5.96826837983E-02));
#4147 = CARTESIAN_POINT('',(-3.776735090902,-5.296271507959E-02));
#4148 = CARTESIAN_POINT('',(-3.764366719284,-4.607932016348E-02));
#4149 = CARTESIAN_POINT('',(-3.753682655306,-3.904047757422E-02));
#4150 = CARTESIAN_POINT('',(-3.744895780733,-3.184904329806E-02));
#4151 = CARTESIAN_POINT('',(-3.735474903033,-2.148660557507E-02));
#4152 = CARTESIAN_POINT('',(-3.733093795279,-1.845101837517E-02));
#4153 = CARTESIAN_POINT('',(-3.731088259029,-1.53985395095E-02));
#4154 = CARTESIAN_POINT('',(-3.729470867486,-1.23326747058E-02));
#4155 = CARTESIAN_POINT('',(-3.728251151357,-9.256756244234E-03));
#4156 = CARTESIAN_POINT('',(-3.727435598851,-6.173942957358E-03));
#4157 = CARTESIAN_POINT('',(-3.72702765568,-3.087220230151E-03));
#4158 = CARTESIAN_POINT('',(-3.727027725057,5.999999999895E-07));
#4159 = ( GEOMETRIC_REPRESENTATION_CONTEXT(2) 
PARAMETRIC_REPRESENTATION_CONTEXT() REPRESENTATION_CONTEXT('2D SPACE',''
  ) );
#4160 = ORIENTED_EDGE('',*,*,#2822,.T.);
#4161 = ORIENTED_EDGE('',*,*,#4162,.F.);
#4162 = EDGE_CURVE('',#3974,#2786,#4163,.T.);
#4163 = SURFACE_CURVE('',#4164,(#4169,#4180),.PCURVE_S1.);
#4164 = ELLIPSE('',#4165,0.283832661968,0.2007);
#4165 = AXIS2_PLACEMENT_3D('',#4166,#4167,#4168);
#4166 = CARTESIAN_POINT('',(-1.4E-03,-1.4E-03,0.));
#4167 = DIRECTION('',(0.707106781187,0.707106781187,0.));
#4168 = DIRECTION('',(-0.707106781187,0.707106781187,0.));
#4169 = PCURVE('',#2836,#4170);
#4170 = DEFINITIONAL_REPRESENTATION('',(#4171),#4179);
#4171 = B_SPLINE_CURVE_WITH_KNOTS('',6,(#4172,#4173,#4174,#4175,#4176,
    #4177,#4178),.UNSPECIFIED.,.F.,.F.,(7,7),(1.577768979208,
    3.14159265359),.PIECEWISE_BEZIER_KNOTS.);
#4172 = CARTESIAN_POINT('',(-1.563823674381,-2.7994E-03));
#4173 = CARTESIAN_POINT('',(-1.303186395318,-5.51080303149E-02));
#4174 = CARTESIAN_POINT('',(-1.042549116254,-0.107298705701));
#4175 = CARTESIAN_POINT('',(-0.781911837191,-0.153004299371));
#4176 = CARTESIAN_POINT('',(-0.521274558127,-0.185742665632));
#4177 = CARTESIAN_POINT('',(-0.260637279064,-0.2021));
#4178 = CARTESIAN_POINT('',(-1.224646799147E-16,-0.2021));
#4179 = ( GEOMETRIC_REPRESENTATION_CONTEXT(2) 
PARAMETRIC_REPRESENTATION_CONTEXT() REPRESENTATION_CONTEXT('2D SPACE',''
  ) );
#4180 = PCURVE('',#2806,#4181);
#4181 = DEFINITIONAL_REPRESENTATION('',(#4182),#4190);
#4182 = B_SPLINE_CURVE_WITH_KNOTS('',6,(#4183,#4184,#4185,#4186,#4187,
    #4188,#4189),.UNSPECIFIED.,.F.,.F.,(7,7),(1.577768979208,
    3.14159265359),.PIECEWISE_BEZIER_KNOTS.);
#4183 = CARTESIAN_POINT('',(-1.577768979208,6.000000003178E-07));
#4184 = CARTESIAN_POINT('',(-1.838406258272,-5.23080303149E-02));
#4185 = CARTESIAN_POINT('',(-2.099043537335,-0.104498705701));
#4186 = CARTESIAN_POINT('',(-2.359680816399,-0.150204299371));
#4187 = CARTESIAN_POINT('',(-2.620318095463,-0.182942665632));
#4188 = CARTESIAN_POINT('',(-2.880955374526,-0.1993));
#4189 = CARTESIAN_POINT('',(-3.14159265359,-0.1993));
#4190 = ( GEOMETRIC_REPRESENTATION_CONTEXT(2) 
PARAMETRIC_REPRESENTATION_CONTEXT() REPRESENTATION_CONTEXT('2D SPACE',''
  ) );
#4191 = ADVANCED_FACE('',(#4192),#2806,.F.);
#4192 = FACE_BOUND('',#4193,.T.);
#4193 = EDGE_LOOP('',(#4194,#4195,#4217,#4218,#4290));
#4194 = ORIENTED_EDGE('',*,*,#2785,.T.);
#4195 = ORIENTED_EDGE('',*,*,#4196,.F.);
#4196 = EDGE_CURVE('',#3879,#2760,#4197,.T.);
#4197 = SURFACE_CURVE('',#4198,(#4203,#4210),.PCURVE_S1.);
#4198 = CIRCLE('',#4199,0.2007);
#4199 = AXIS2_PLACEMENT_3D('',#4200,#4201,#4202);
#4200 = CARTESIAN_POINT('',(0.,-1.4E-03,0.));
#4201 = DIRECTION('',(1.,0.,0.));
#4202 = DIRECTION('',(0.,1.,0.));
#4203 = PCURVE('',#2806,#4204);
#4204 = DEFINITIONAL_REPRESENTATION('',(#4205),#4209);
#4205 = LINE('',#4206,#4207);
#4206 = CARTESIAN_POINT('',(-0.,0.));
#4207 = VECTOR('',#4208,1.);
#4208 = DIRECTION('',(-1.,0.));
#4209 = ( GEOMETRIC_REPRESENTATION_CONTEXT(2) 
PARAMETRIC_REPRESENTATION_CONTEXT() REPRESENTATION_CONTEXT('2D SPACE',''
  ) );
#4210 = PCURVE('',#2774,#4211);
#4211 = DEFINITIONAL_REPRESENTATION('',(#4212),#4216);
#4212 = CIRCLE('',#4213,0.2007);
#4213 = AXIS2_PLACEMENT_2D('',#4214,#4215);
#4214 = CARTESIAN_POINT('',(-1.235273903049E-17,-2.602085213965E-17));
#4215 = DIRECTION('',(0.,-1.));
#4216 = ( GEOMETRIC_REPRESENTATION_CONTEXT(2) 
PARAMETRIC_REPRESENTATION_CONTEXT() REPRESENTATION_CONTEXT('2D SPACE',''
  ) );
#4217 = ORIENTED_EDGE('',*,*,#3899,.F.);
#4218 = ORIENTED_EDGE('',*,*,#4219,.F.);
#4219 = EDGE_CURVE('',#3974,#3900,#4220,.T.);
#4220 = SURFACE_CURVE('',#4221,(#4242,#4266),.PCURVE_S1.);
#4221 = B_SPLINE_CURVE_WITH_KNOTS('',7,(#4222,#4223,#4224,#4225,#4226,
    #4227,#4228,#4229,#4230,#4231,#4232,#4233,#4234,#4235,#4236,#4237,
    #4238,#4239,#4240,#4241),.UNSPECIFIED.,.F.,.F.,(8,6,6,8),(0.,
    0.592432284139,0.931161520881,1.),.UNSPECIFIED.);
#4222 = CARTESIAN_POINT('',(0.1993,-0.133056942697,0.151482472384));
#4223 = CARTESIAN_POINT('',(0.192645664105,-0.143094188309,
    0.142758868594));
#4224 = CARTESIAN_POINT('',(0.18564343384,-0.152384646837,0.133322322809
    ));
#4225 = CARTESIAN_POINT('',(0.178313342721,-0.16106106336,0.123092647261
    ));
#4226 = CARTESIAN_POINT('',(0.170706544101,-0.16911671725,0.111973509257
    ));
#4227 = CARTESIAN_POINT('',(0.163006667441,-0.176410999409,
    9.995148026918E-02));
#4228 = CARTESIAN_POINT('',(0.155581854195,-0.182796932424,
    8.711239394769E-02));
#4229 = CARTESIAN_POINT('',(0.145061977888,-0.19120020402,
    6.577218437999E-02));
#4230 = CARTESIAN_POINT('',(0.141415982869,-0.193963994058,
    5.764927885155E-02));
#4231 = CARTESIAN_POINT('',(0.138079185096,-0.196367082199,
    4.922926808964E-02));
#4232 = CARTESIAN_POINT('',(0.13517818816,-0.198366622241,
    4.05605862608E-02));
#4233 = CARTESIAN_POINT('',(0.132831572539,-0.199933707621,
    3.167528998738E-02));
#4234 = CARTESIAN_POINT('',(0.131143638856,-0.201042528928,
    2.25871049107E-02));
#4235 = CARTESIAN_POINT('',(0.130006003763,-0.201784922178,
    1.139995454503E-02));
#4236 = CARTESIAN_POINT('',(0.129844943573,-0.201889719984,
    9.505961178748E-03));
#4237 = CARTESIAN_POINT('',(0.129715529765,-0.201973742332,
    7.608340216062E-03));
#4238 = CARTESIAN_POINT('',(0.129618183788,-0.202036851654,
    5.707964242917E-03));
#4239 = CARTESIAN_POINT('',(0.129553189348,-0.202078955331,
    3.80573037058E-03));
#4240 = CARTESIAN_POINT('',(0.129520692408,-0.202100005689,
    1.902560235637E-03));
#4241 = CARTESIAN_POINT('',(0.129520701191,-0.202099999999,
    -6.000000000138E-07));
#4242 = PCURVE('',#2806,#4243);
#4243 = DEFINITIONAL_REPRESENTATION('',(#4244),#4265);
#4244 = B_SPLINE_CURVE_WITH_KNOTS('',7,(#4245,#4246,#4247,#4248,#4249,
    #4250,#4251,#4252,#4253,#4254,#4255,#4256,#4257,#4258,#4259,#4260,
    #4261,#4262,#4263,#4264),.UNSPECIFIED.,.F.,.F.,(8,6,6,8),(0.,
    0.592432284139,0.931161520881,1.),.UNSPECIFIED.);
#4245 = CARTESIAN_POINT('',(-2.286288207081,-0.1993));
#4246 = CARTESIAN_POINT('',(-2.35254831925,-0.192645664105));
#4247 = CARTESIAN_POINT('',(-2.418329846961,-0.18564343384));
#4248 = CARTESIAN_POINT('',(-2.484872099095,-0.178313342721));
#4249 = CARTESIAN_POINT('',(-2.552899264687,-0.170706544101));
#4250 = CARTESIAN_POINT('',(-2.622576056841,-0.163006667441));
#4251 = CARTESIAN_POINT('',(-2.69375740971,-0.155581854195));
#4252 = CARTESIAN_POINT('',(-2.808033022011,-0.145061977888));
#4253 = CARTESIAN_POINT('',(-2.850734965782,-0.141415982869));
#4254 = CARTESIAN_POINT('',(-2.89427856914,-0.138079185096));
#4255 = CARTESIAN_POINT('',(-2.938498699538,-0.13517818816));
#4256 = CARTESIAN_POINT('',(-2.983349836815,-0.132831572539));
#4257 = CARTESIAN_POINT('',(-3.02890064833,-0.131143638856));
#4258 = CARTESIAN_POINT('',(-3.084763908799,-0.130006003763));
#4259 = CARTESIAN_POINT('',(-3.094214704692,-0.129844943573));
#4260 = CARTESIAN_POINT('',(-3.103678061578,-0.129715529765));
#4261 = CARTESIAN_POINT('',(-3.113150984918,-0.129618183788));
#4262 = CARTESIAN_POINT('',(-3.122630375831,-0.129553189348));
#4263 = CARTESIAN_POINT('',(-3.13211303109,-0.129520692408));
#4264 = CARTESIAN_POINT('',(-3.141595643126,-0.129520701191));
#4265 = ( GEOMETRIC_REPRESENTATION_CONTEXT(2) 
PARAMETRIC_REPRESENTATION_CONTEXT() REPRESENTATION_CONTEXT('2D SPACE',''
  ) );
#4266 = PCURVE('',#3935,#4267);
#4267 = DEFINITIONAL_REPRESENTATION('',(#4268),#4289);
#4268 = B_SPLINE_CURVE_WITH_KNOTS('',7,(#4269,#4270,#4271,#4272,#4273,
    #4274,#4275,#4276,#4277,#4278,#4279,#4280,#4281,#4282,#4283,#4284,
    #4285,#4286,#4287,#4288),.UNSPECIFIED.,.F.,.F.,(8,6,6,8),(0.,
    0.592432284139,0.931161520881,1.),.UNSPECIFIED.);
#4269 = CARTESIAN_POINT('',(-5.697750235719,-0.151482472384));
#4270 = CARTESIAN_POINT('',(-5.647739046821,-0.142758868594));
#4271 = CARTESIAN_POINT('',(-5.599514719132,-0.133322322809));
#4272 = CARTESIAN_POINT('',(-5.55245695373,-0.123092647261));
#4273 = CARTESIAN_POINT('',(-5.506576553193,-0.111973509257));
#4274 = CARTESIAN_POINT('',(-5.462614863053,-9.995148026918E-02));
#4275 = CARTESIAN_POINT('',(-5.421971689542,-8.711239394769E-02));
#4276 = CARTESIAN_POINT('',(-5.366057532368,-6.577218437999E-02));
#4277 = CARTESIAN_POINT('',(-5.347064794829,-5.764927885155E-02));
#4278 = CARTESIAN_POINT('',(-5.329993932677,-4.922926808964E-02));
#4279 = CARTESIAN_POINT('',(-5.315365744265,-4.05605862608E-02));
#4280 = CARTESIAN_POINT('',(-5.30364885578,-3.167528998738E-02));
#4281 = CARTESIAN_POINT('',(-5.29526143405,-2.25871049107E-02));
#4282 = CARTESIAN_POINT('',(-5.2896200687,-1.139995454503E-02));
#4283 = CARTESIAN_POINT('',(-5.288822089277,-9.505961178748E-03));
#4284 = CARTESIAN_POINT('',(-5.288181319949,-7.608340216062E-03));
#4285 = CARTESIAN_POINT('',(-5.287699538771,-5.707964242917E-03));
#4286 = CARTESIAN_POINT('',(-5.287377942983,-3.80573037058E-03));
#4287 = CARTESIAN_POINT('',(-5.287217149012,-1.902560235637E-03));
#4288 = CARTESIAN_POINT('',(-5.28721719247,6.00000000045E-07));
#4289 = ( GEOMETRIC_REPRESENTATION_CONTEXT(2) 
PARAMETRIC_REPRESENTATION_CONTEXT() REPRESENTATION_CONTEXT('2D SPACE',''
  ) );
#4290 = ORIENTED_EDGE('',*,*,#4162,.T.);
#4291 = ADVANCED_FACE('',(#4292),#2774,.F.);
#4292 = FACE_BOUND('',#4293,.F.);
#4293 = EDGE_LOOP('',(#4294,#4318,#4319,#4320,#4321));
#4294 = ORIENTED_EDGE('',*,*,#4295,.T.);
#4295 = EDGE_CURVE('',#4296,#2680,#4298,.T.);
#4296 = VERTEX_POINT('',#4297);
#4297 = CARTESIAN_POINT('',(0.,-0.240795930198,2.596591235745E-02));
#4298 = SURFACE_CURVE('',#4299,(#4304,#4311),.PCURVE_S1.);
#4299 = CIRCLE('',#4300,0.2408);
#4300 = AXIS2_PLACEMENT_3D('',#4301,#4302,#4303);
#4301 = CARTESIAN_POINT('',(0.,-1.4E-03,0.));
#4302 = DIRECTION('',(1.,0.,0.));
#4303 = DIRECTION('',(0.,1.,0.));
#4304 = PCURVE('',#2774,#4305);
#4305 = DEFINITIONAL_REPRESENTATION('',(#4306),#4310);
#4306 = CIRCLE('',#4307,0.2408);
#4307 = AXIS2_PLACEMENT_2D('',#4308,#4309);
#4308 = CARTESIAN_POINT('',(-1.235273903049E-17,-2.602085213965E-17));
#4309 = DIRECTION('',(0.,-1.));
#4310 = ( GEOMETRIC_REPRESENTATION_CONTEXT(2) 
PARAMETRIC_REPRESENTATION_CONTEXT() REPRESENTATION_CONTEXT('2D SPACE',''
  ) );
#4311 = PCURVE('',#2596,#4312);
#4312 = DEFINITIONAL_REPRESENTATION('',(#4313),#4317);
#4313 = LINE('',#4314,#4315);
#4314 = CARTESIAN_POINT('',(-0.,0.));
#4315 = VECTOR('',#4316,1.);
#4316 = DIRECTION('',(-1.,0.));
#4317 = ( GEOMETRIC_REPRESENTATION_CONTEXT(2) 
PARAMETRIC_REPRESENTATION_CONTEXT() REPRESENTATION_CONTEXT('2D SPACE',''
  ) );
#4318 = ORIENTED_EDGE('',*,*,#2759,.T.);
#4319 = ORIENTED_EDGE('',*,*,#4196,.F.);
#4320 = ORIENTED_EDGE('',*,*,#3878,.F.);
#4321 = ORIENTED_EDGE('',*,*,#4322,.F.);
#4322 = EDGE_CURVE('',#4296,#3855,#4323,.T.);
#4323 = SURFACE_CURVE('',#4324,(#4328,#4334),.PCURVE_S1.);
#4324 = LINE('',#4325,#4326);
#4325 = CARTESIAN_POINT('',(0.,-0.240795930198,0.));
#4326 = VECTOR('',#4327,1.);
#4327 = DIRECTION('',(-0.,-0.,-1.));
#4328 = PCURVE('',#2774,#4329);
#4329 = DEFINITIONAL_REPRESENTATION('',(#4330),#4333);
#4330 = B_SPLINE_CURVE_WITH_KNOTS('',1,(#4331,#4332),.UNSPECIFIED.,.F.,
  .F.,(2,2),(-0.2007006,6.000000000555E-07),.PIECEWISE_BEZIER_KNOTS.);
#4331 = CARTESIAN_POINT('',(0.2007006,0.239395930198));
#4332 = CARTESIAN_POINT('',(-6.000000000679E-07,0.239395930198));
#4333 = ( GEOMETRIC_REPRESENTATION_CONTEXT(2) 
PARAMETRIC_REPRESENTATION_CONTEXT() REPRESENTATION_CONTEXT('2D SPACE',''
  ) );
#4334 = PCURVE('',#2473,#4335);
#4335 = DEFINITIONAL_REPRESENTATION('',(#4336),#4339);
#4336 = B_SPLINE_CURVE_WITH_KNOTS('',1,(#4337,#4338),.UNSPECIFIED.,.F.,
  .F.,(2,2),(-0.2007006,6.000000000555E-07),.PIECEWISE_BEZIER_KNOTS.);
#4337 = CARTESIAN_POINT('',(-4.718202966627,-0.2007006));
#4338 = CARTESIAN_POINT('',(-4.718202966627,6.000000000555E-07));
#4339 = ( GEOMETRIC_REPRESENTATION_CONTEXT(2) 
PARAMETRIC_REPRESENTATION_CONTEXT() REPRESENTATION_CONTEXT('2D SPACE',''
  ) );
#4340 = ADVANCED_FACE('',(#4341),#2596,.T.);
#4341 = FACE_BOUND('',#4342,.F.);
#4342 = EDGE_LOOP('',(#4343,#4344,#4345,#4426));
#4343 = ORIENTED_EDGE('',*,*,#2679,.F.);
#4344 = ORIENTED_EDGE('',*,*,#4295,.F.);
#4345 = ORIENTED_EDGE('',*,*,#4346,.F.);
#4346 = EDGE_CURVE('',#2348,#4296,#4347,.T.);
#4347 = SURFACE_CURVE('',#4348,(#4372,#4399),.PCURVE_S1.);
#4348 = B_SPLINE_CURVE_WITH_KNOTS('',8,(#4349,#4350,#4351,#4352,#4353,
    #4354,#4355,#4356,#4357,#4358,#4359,#4360,#4361,#4362,#4363,#4364,
    #4365,#4366,#4367,#4368,#4369,#4370,#4371),.UNSPECIFIED.,.F.,.F.,(9,
    7,7,9),(0.,0.56420474989,0.81243616324,1.),.UNSPECIFIED.);
#4349 = CARTESIAN_POINT('',(0.198365397241,-0.134456037667,0.2007006));
#4350 = CARTESIAN_POINT('',(0.189154514129,-0.148140924978,
    0.191628096572));
#4351 = CARTESIAN_POINT('',(0.17890591953,-0.161054899552,0.181531423634
    ));
#4352 = CARTESIAN_POINT('',(0.167689747854,-0.173121597269,
    0.170487068255));
#4353 = CARTESIAN_POINT('',(0.155586496851,-0.184266158639,
    0.158577390756));
#4354 = CARTESIAN_POINT('',(0.14267544924,-0.1944241401,0.145896151097)
  );
#4355 = CARTESIAN_POINT('',(0.129040739151,-0.203537694972,
    0.132541777983));
#4356 = CARTESIAN_POINT('',(0.11477621386,-0.211551792756,0.11862704819)
  );
#4357 = CARTESIAN_POINT('',(9.345610353561E-02,-0.221446457236,
    9.804530668619E-02));
#4358 = CARTESIAN_POINT('',(8.70053211593E-02,-0.224170463941,
    9.18460409803E-02));
#4359 = CARTESIAN_POINT('',(8.049611114355E-02,-0.226675619047,
    8.562393919194E-02));
#4360 = CARTESIAN_POINT('',(7.381715487012E-02,-0.229005660264,
    7.928383745395E-02));
#4361 = CARTESIAN_POINT('',(6.691873528261E-02,-0.231153860914,
    7.279550577299E-02));
#4362 = CARTESIAN_POINT('',(5.983782372795E-02,-0.2330824964,
    6.622627592951E-02));
#4363 = CARTESIAN_POINT('',(5.269601135056E-02,-0.234754338538,
    5.974911939492E-02));
#4364 = CARTESIAN_POINT('',(4.035970088444E-02,-0.23721314858,
    4.898354480268E-02));
#4365 = CARTESIAN_POINT('',(3.549451914483E-02,-0.238041296983,
    4.48771245491E-02));
#4366 = CARTESIAN_POINT('',(3.050257025543E-02,-0.238794905224,
    4.080912512692E-02));
#4367 = CARTESIAN_POINT('',(2.510354460634E-02,-0.239490558486,
    3.661239877052E-02));
#4368 = CARTESIAN_POINT('',(1.923029277967E-02,-0.240081601861,
    3.242635039788E-02));
#4369 = CARTESIAN_POINT('',(1.315672615993E-02,-0.240491869411,
    2.876082334175E-02));
#4370 = CARTESIAN_POINT('',(6.921117929524E-03,-0.240755707707,
    2.633674903577E-02));
#4371 = CARTESIAN_POINT('',(-6.000000000874E-07,-0.240795933686,
    2.59658802023E-02));
#4372 = PCURVE('',#2596,#4373);
#4373 = DEFINITIONAL_REPRESENTATION('',(#4374),#4398);
#4374 = B_SPLINE_CURVE_WITH_KNOTS('',8,(#4375,#4376,#4377,#4378,#4379,
    #4380,#4381,#4382,#4383,#4384,#4385,#4386,#4387,#4388,#4389,#4390,
    #4391,#4392,#4393,#4394,#4395,#4396,#4397),.UNSPECIFIED.,.F.,.F.,(9,
    7,7,9),(0.,0.56420474989,0.81243616324,1.),.UNSPECIFIED.);
#4375 = CARTESIAN_POINT('',(-2.156226888893,-0.198365397241));
#4376 = CARTESIAN_POINT('',(-2.224412471353,-0.189154514129));
#4377 = CARTESIAN_POINT('',(-2.292280310801,-0.17890591953));
#4378 = CARTESIAN_POINT('',(-2.359870960638,-0.167689747854));
#4379 = CARTESIAN_POINT('',(-2.427207229754,-0.155586496851));
#4380 = CARTESIAN_POINT('',(-2.49428668889,-0.14267544924));
#4381 = CARTESIAN_POINT('',(-2.561103918749,-0.129040739151));
#4382 = CARTESIAN_POINT('',(-2.627603357423,-0.11477621386));
#4383 = CARTESIAN_POINT('',(-2.722439933371,-9.345610353561E-02));
#4384 = CARTESIAN_POINT('',(-2.750543635599,-8.700532115929E-02));
#4385 = CARTESIAN_POINT('',(-2.778376754716,-8.049611114355E-02));
#4386 = CARTESIAN_POINT('',(-2.806399894624,-7.381715487012E-02));
#4387 = CARTESIAN_POINT('',(-2.834752002929,-6.69187352826E-02));
#4388 = CARTESIAN_POINT('',(-2.863157875641,-5.983782372796E-02));
#4389 = CARTESIAN_POINT('',(-2.890927152843,-5.269601135056E-02));
#4390 = CARTESIAN_POINT('',(-2.936785940148,-4.035970088444E-02));
#4391 = CARTESIAN_POINT('',(-2.954176834571,-3.54945191448E-02));
#4392 = CARTESIAN_POINT('',(-2.971354840743,-3.050257025554E-02));
#4393 = CARTESIAN_POINT('',(-2.98901355984,-2.510354460619E-02));
#4394 = CARTESIAN_POINT('',(-3.006557561582,-1.923029277978E-02));
#4395 = CARTESIAN_POINT('',(-3.021875545646,-1.31567261599E-02));
#4396 = CARTESIAN_POINT('',(-3.032001665921,-6.921117929524E-03));
#4397 = CARTESIAN_POINT('',(-3.03355085194,5.999999999895E-07));
#4398 = ( GEOMETRIC_REPRESENTATION_CONTEXT(2) 
PARAMETRIC_REPRESENTATION_CONTEXT() REPRESENTATION_CONTEXT('2D SPACE',''
  ) );
#4399 = PCURVE('',#2473,#4400);
#4400 = DEFINITIONAL_REPRESENTATION('',(#4401),#4425);
#4401 = B_SPLINE_CURVE_WITH_KNOTS('',8,(#4402,#4403,#4404,#4405,#4406,
    #4407,#4408,#4409,#4410,#4411,#4412,#4413,#4414,#4415,#4416,#4417,
    #4418,#4419,#4420,#4421,#4422,#4423,#4424),.UNSPECIFIED.,.F.,.F.,(9,
    7,7,9),(0.,0.56420474989,0.81243616324,1.),.UNSPECIFIED.);
#4402 = CARTESIAN_POINT('',(-5.690762919028,-0.2007006));
#4403 = CARTESIAN_POINT('',(-5.622258125404,-0.191628096572));
#4404 = CARTESIAN_POINT('',(-5.554003109892,-0.181531423634));
#4405 = CARTESIAN_POINT('',(-5.485932973701,-0.170487068255));
#4406 = CARTESIAN_POINT('',(-5.41801871527,-0.158577390756));
#4407 = CARTESIAN_POINT('',(-5.350203937583,-0.145896151097));
#4408 = CARTESIAN_POINT('',(-5.282435812189,-0.132541777983));
#4409 = CARTESIAN_POINT('',(-5.214692153051,-0.11862704819));
#4410 = CARTESIAN_POINT('',(-5.117082989355,-9.804530668619E-02));
#4411 = CARTESIAN_POINT('',(-5.088021351454,-9.18460409803E-02));
#4412 = CARTESIAN_POINT('',(-5.059081340169,-8.562393919195E-02));
#4413 = CARTESIAN_POINT('',(-5.029736804348,-7.928383745395E-02));
#4414 = CARTESIAN_POINT('',(-4.99976840299,-7.279550577299E-02));
#4415 = CARTESIAN_POINT('',(-4.969324645082,-6.622627592952E-02));
#4416 = CARTESIAN_POINT('',(-4.938880849724,-5.974911939492E-02));
#4417 = CARTESIAN_POINT('',(-4.88664263251,-4.898354480268E-02));
#4418 = CARTESIAN_POINT('',(-4.866155751913,-4.487712454909E-02));
#4419 = CARTESIAN_POINT('',(-4.845196789852,-4.080912512695E-02));
#4420 = CARTESIAN_POINT('',(-4.822601110019,-3.661239877049E-02));
#4421 = CARTESIAN_POINT('',(-4.798113881578,-3.242635039791E-02));
#4422 = CARTESIAN_POINT('',(-4.772847196754,-2.876082334175E-02));
#4423 = CARTESIAN_POINT('',(-4.746945636089,-2.633674903577E-02));
#4424 = CARTESIAN_POINT('',(-4.718200474891,-2.59658802023E-02));
#4425 = ( GEOMETRIC_REPRESENTATION_CONTEXT(2) 
PARAMETRIC_REPRESENTATION_CONTEXT() REPRESENTATION_CONTEXT('2D SPACE',''
  ) );
#4426 = ORIENTED_EDGE('',*,*,#2540,.F.);
#4427 = ADVANCED_FACE('',(#4428,#4431),#2666,.T.);
#4428 = FACE_BOUND('',#4429,.T.);
#4429 = EDGE_LOOP('',(#4430));
#4430 = ORIENTED_EDGE('',*,*,#3801,.T.);
#4431 = FACE_BOUND('',#4432,.T.);
#4432 = EDGE_LOOP('',(#4433));
#4433 = ORIENTED_EDGE('',*,*,#2651,.F.);
#4434 = ADVANCED_FACE('',(#4435),#2473,.T.);
#4435 = FACE_BOUND('',#4436,.F.);
#4436 = EDGE_LOOP('',(#4437,#4438,#4439,#4440));
#4437 = ORIENTED_EDGE('',*,*,#2347,.F.);
#4438 = ORIENTED_EDGE('',*,*,#4346,.T.);
#4439 = ORIENTED_EDGE('',*,*,#4322,.T.);
#4440 = ORIENTED_EDGE('',*,*,#3854,.F.);
#4441 = ADVANCED_FACE('',(#4442),#2939,.T.);
#4442 = FACE_BOUND('',#4443,.F.);
#4443 = EDGE_LOOP('',(#4444,#4445,#4464,#4465));
#4444 = ORIENTED_EDGE('',*,*,#2922,.F.);
#4445 = ORIENTED_EDGE('',*,*,#4446,.F.);
#4446 = EDGE_CURVE('',#3129,#1595,#4447,.T.);
#4447 = SURFACE_CURVE('',#4448,(#4452,#4458),.PCURVE_S1.);
#4448 = LINE('',#4449,#4450);
#4449 = CARTESIAN_POINT('',(0.,0.,0.240795930198));
#4450 = VECTOR('',#4451,1.);
#4451 = DIRECTION('',(-0.,1.,-0.));
#4452 = PCURVE('',#2939,#4453);
#4453 = DEFINITIONAL_REPRESENTATION('',(#4454),#4457);
#4454 = B_SPLINE_CURVE_WITH_KNOTS('',1,(#4455,#4456),.UNSPECIFIED.,.F.,
  .F.,(2,2),(-0.2007006,6.000000001419E-07),.PIECEWISE_BEZIER_KNOTS.);
#4455 = CARTESIAN_POINT('',(-1.564982340552,-0.2007006));
#4456 = CARTESIAN_POINT('',(-1.564982340552,6.000000001419E-07));
#4457 = ( GEOMETRIC_REPRESENTATION_CONTEXT(2) 
PARAMETRIC_REPRESENTATION_CONTEXT() REPRESENTATION_CONTEXT('2D SPACE',''
  ) );
#4458 = PCURVE('',#3173,#4459);
#4459 = DEFINITIONAL_REPRESENTATION('',(#4460),#4463);
#4460 = B_SPLINE_CURVE_WITH_KNOTS('',1,(#4461,#4462),.UNSPECIFIED.,.F.,
  .F.,(2,2),(-0.2007006,6.000000001419E-07),.PIECEWISE_BEZIER_KNOTS.);
#4461 = CARTESIAN_POINT('',(0.240795930198,0.1993006));
#4462 = CARTESIAN_POINT('',(0.240795930198,-1.4006E-03));
#4463 = ( GEOMETRIC_REPRESENTATION_CONTEXT(2) 
PARAMETRIC_REPRESENTATION_CONTEXT() REPRESENTATION_CONTEXT('2D SPACE',''
  ) );
#4464 = ORIENTED_EDGE('',*,*,#3128,.T.);
#4465 = ORIENTED_EDGE('',*,*,#3264,.F.);
#4466 = ADVANCED_FACE('',(#4467),#3173,.F.);
#4467 = FACE_BOUND('',#4468,.F.);
#4468 = EDGE_LOOP('',(#4469,#4470));
#4469 = ORIENTED_EDGE('',*,*,#4446,.T.);
#4470 = ORIENTED_EDGE('',*,*,#3158,.T.);
#4471 = ADVANCED_FACE('',(#4472,#4475),#3250,.T.);
#4472 = FACE_BOUND('',#4473,.T.);
#4473 = EDGE_LOOP('',(#4474));
#4474 = ORIENTED_EDGE('',*,*,#3715,.T.);
#4475 = FACE_BOUND('',#4476,.T.);
#4476 = EDGE_LOOP('',(#4477));
#4477 = ORIENTED_EDGE('',*,*,#3235,.F.);
#4478 = ADVANCED_FACE('',(#4479),#3486,.F.);
#4479 = FACE_BOUND('',#4480,.T.);
#4480 = EDGE_LOOP('',(#4481,#4482,#4483,#4484,#4567,#4588));
#4481 = ORIENTED_EDGE('',*,*,#3463,.F.);
#4482 = ORIENTED_EDGE('',*,*,#3948,.F.);
#4483 = ORIENTED_EDGE('',*,*,#3652,.F.);
#4484 = ORIENTED_EDGE('',*,*,#4485,.T.);
#4485 = EDGE_CURVE('',#3568,#4486,#4488,.T.);
#4486 = VERTEX_POINT('',#4487);
#4487 = CARTESIAN_POINT('',(0.,-0.200695117031,0.135152122912));
#4488 = SURFACE_CURVE('',#4489,(#4513,#4540),.PCURVE_S1.);
#4489 = B_SPLINE_CURVE_WITH_KNOTS('',8,(#4490,#4491,#4492,#4493,#4494,
    #4495,#4496,#4497,#4498,#4499,#4500,#4501,#4502,#4503,#4504,#4505,
    #4506,#4507,#4508,#4509,#4510,#4511,#4512),.UNSPECIFIED.,.F.,.F.,(9,
    7,7,9),(0.,0.305966774578,0.775514599269,1.),.UNSPECIFIED.);
#4490 = CARTESIAN_POINT('',(0.1993,-8.326672684689E-17,0.240795930198));
#4491 = CARTESIAN_POINT('',(0.1993,-1.132888320533E-02,0.240861796911));
#4492 = CARTESIAN_POINT('',(0.198569157286,-2.265635899515E-02,
    0.240318497622));
#4493 = CARTESIAN_POINT('',(0.197107826688,-3.393308901907E-02,
    0.239166666573));
#4494 = CARTESIAN_POINT('',(0.194919191462,-4.510951457809E-02,
    0.237413183327));
#4495 = CARTESIAN_POINT('',(0.192009575303,-5.613591082581E-02,
    0.235071271964));
#4496 = CARTESIAN_POINT('',(0.188388557813,-6.696258781197E-02,
    0.23216108304));
#4497 = CARTESIAN_POINT('',(0.184068893442,-7.754023836832E-02,
    0.228710758317));
#4498 = CARTESIAN_POINT('',(0.171388969228,-0.103596795995,
    0.218691897114));
#4499 = CARTESIAN_POINT('',(0.162297627212,-0.118273255236,
    0.211596169655));
#4500 = CARTESIAN_POINT('',(0.151813346926,-0.132100149651,
    0.203571229073));
#4501 = CARTESIAN_POINT('',(0.139817952852,-0.145144130304,
    0.194641093787));
#4502 = CARTESIAN_POINT('',(0.126191720311,-0.157266291499,
    0.184899550696));
#4503 = CARTESIAN_POINT('',(0.110981675754,-0.168106169774,
    0.174698394499));
#4504 = CARTESIAN_POINT('',(9.445136999343E-02,-0.17736895124,
    0.164779465431));
#4505 = CARTESIAN_POINT('',(6.838325790084E-02,-0.188400138423,
    0.151808827812));
#4506 = CARTESIAN_POINT('',(5.946572458799E-02,-0.191655598107,
    0.147759062872));
#4507 = CARTESIAN_POINT('',(5.016306652116E-02,-0.194490622921,
    0.144024751666));
#4508 = CARTESIAN_POINT('',(4.055994478927E-02,-0.196838879876,
    0.140771032337));
#4509 = CARTESIAN_POINT('',(3.071736744001E-02,-0.198661095489,
    0.138147216428));
#4510 = CARTESIAN_POINT('',(2.067046324395E-02,-0.199931100664,
    0.136278341494));
#4511 = CARTESIAN_POINT('',(1.043167894538E-02,-0.200622379382,
    0.135259381748));
#4512 = CARTESIAN_POINT('',(-5.999999939768E-07,-0.200695121215,
    0.135152116742));
#4513 = PCURVE('',#3486,#4514);
#4514 = DEFINITIONAL_REPRESENTATION('',(#4515),#4539);
#4515 = B_SPLINE_CURVE_WITH_KNOTS('',8,(#4516,#4517,#4518,#4519,#4520,
    #4521,#4522,#4523,#4524,#4525,#4526,#4527,#4528,#4529,#4530,#4531,
    #4532,#4533,#4534,#4535,#4536,#4537,#4538),.UNSPECIFIED.,.F.,.F.,(9,
    7,7,9),(0.,0.305966774578,0.775514599269,1.),.UNSPECIFIED.);
#4516 = CARTESIAN_POINT('',(-6.28318530718,-0.240795930198));
#4517 = CARTESIAN_POINT('',(-6.226738455135,-0.240861796911));
#4518 = CARTESIAN_POINT('',(-6.17029858599,-0.240318497622));
#4519 = CARTESIAN_POINT('',(-6.113837592577,-0.239166666573));
#4520 = CARTESIAN_POINT('',(-6.057328452733,-0.237413183327));
#4521 = CARTESIAN_POINT('',(-6.000745374655,-0.235071271964));
#4522 = CARTESIAN_POINT('',(-5.944063014513,-0.23216108304));
#4523 = CARTESIAN_POINT('',(-5.887254766303,-0.228710758317));
#4524 = CARTESIAN_POINT('',(-5.742870096305,-0.218691897114));
#4525 = CARTESIAN_POINT('',(-5.657294099734,-0.211596169655));
#4526 = CARTESIAN_POINT('',(-5.571475059274,-0.203571229073));
#4527 = CARTESIAN_POINT('',(-5.483993055679,-0.194641093787));
#4528 = CARTESIAN_POINT('',(-5.394122797391,-0.184899550696));
#4529 = CARTESIAN_POINT('',(-5.301963613628,-0.174698394499));
#4530 = CARTESIAN_POINT('',(-5.20812508463,-0.164779465431));
#4531 = CARTESIAN_POINT('',(-5.067088366684,-0.151808827812));
#4532 = CARTESIAN_POINT('',(-5.019847889569,-0.147759062872));
#4533 = CARTESIAN_POINT('',(-4.971511816748,-0.144024751666));
#4534 = CARTESIAN_POINT('',(-4.922409398432,-0.140771032337));
#4535 = CARTESIAN_POINT('',(-4.872696709993,-0.138147216428));
#4536 = CARTESIAN_POINT('',(-4.822380576388,-0.136278341494));
#4537 = CARTESIAN_POINT('',(-4.771342362983,-0.135259381748));
#4538 = CARTESIAN_POINT('',(-4.719361632798,-0.135152116742));
#4539 = ( GEOMETRIC_REPRESENTATION_CONTEXT(2) 
PARAMETRIC_REPRESENTATION_CONTEXT() REPRESENTATION_CONTEXT('2D SPACE',''
  ) );
#4540 = PCURVE('',#3621,#4541);
#4541 = DEFINITIONAL_REPRESENTATION('',(#4542),#4566);
#4542 = B_SPLINE_CURVE_WITH_KNOTS('',8,(#4543,#4544,#4545,#4546,#4547,
    #4548,#4549,#4550,#4551,#4552,#4553,#4554,#4555,#4556,#4557,#4558,
    #4559,#4560,#4561,#4562,#4563,#4564,#4565),.UNSPECIFIED.,.F.,.F.,(9,
    7,7,9),(0.,0.305966774578,0.775514599269,1.),.UNSPECIFIED.);
#4543 = CARTESIAN_POINT('',(-1.564982340552,-0.1993));
#4544 = CARTESIAN_POINT('',(-1.612029992877,-0.1993));
#4545 = CARTESIAN_POINT('',(-1.659057042186,-0.198569157286));
#4546 = CARTESIAN_POINT('',(-1.706017523547,-0.197107826688));
#4547 = CARTESIAN_POINT('',(-1.752863552079,-0.194919191462));
#4548 = CARTESIAN_POINT('',(-1.799542243672,-0.192009575303));
#4549 = CARTESIAN_POINT('',(-1.845991481319,-0.188388557813));
#4550 = CARTESIAN_POINT('',(-1.892134527043,-0.184068893442));
#4551 = CARTESIAN_POINT('',(-2.008066151937,-0.171388969228));
#4552 = CARTESIAN_POINT('',(-2.075530487372,-0.162297627212));
#4553 = CARTESIAN_POINT('',(-2.141610100923,-0.151813346926));
#4554 = CARTESIAN_POINT('',(-2.20689956683,-0.139817952852));
#4555 = CARTESIAN_POINT('',(-2.271085575364,-0.126191720311));
#4556 = CARTESIAN_POINT('',(-2.332684608972,-0.110981675754));
#4557 = CARTESIAN_POINT('',(-2.388984217873,-9.445136999343E-02));
#4558 = CARTESIAN_POINT('',(-2.459695058294,-6.838325790084E-02));
#4559 = CARTESIAN_POINT('',(-2.48126444112,-5.946572458799E-02));
#4560 = CARTESIAN_POINT('',(-2.500724682778,-5.016306652116E-02));
#4561 = CARTESIAN_POINT('',(-2.517381135823,-4.055994478926E-02));
#4562 = CARTESIAN_POINT('',(-2.530645594497,-3.071736744001E-02));
#4563 = CARTESIAN_POINT('',(-2.540030518498,-2.067046324396E-02));
#4564 = CARTESIAN_POINT('',(-2.545143458005,-1.043167894537E-02));
#4565 = CARTESIAN_POINT('',(-2.54568167994,5.999999999895E-07));
#4566 = ( GEOMETRIC_REPRESENTATION_CONTEXT(2) 
PARAMETRIC_REPRESENTATION_CONTEXT() REPRESENTATION_CONTEXT('2D SPACE',''
  ) );
#4567 = ORIENTED_EDGE('',*,*,#4568,.T.);
#4568 = EDGE_CURVE('',#4486,#4569,#4571,.T.);
#4569 = VERTEX_POINT('',#4570);
#4570 = CARTESIAN_POINT('',(0.,-0.200695117031,2.370540714028E-02));
#4571 = SURFACE_CURVE('',#4572,(#4576,#4582),.PCURVE_S1.);
#4572 = LINE('',#4573,#4574);
#4573 = CARTESIAN_POINT('',(0.,-0.200695117031,0.));
#4574 = VECTOR('',#4575,1.);
#4575 = DIRECTION('',(-0.,-0.,-1.));
#4576 = PCURVE('',#3486,#4577);
#4577 = DEFINITIONAL_REPRESENTATION('',(#4578),#4581);
#4578 = B_SPLINE_CURVE_WITH_KNOTS('',1,(#4579,#4580),.UNSPECIFIED.,.F.,
  .F.,(2,2),(-0.241201568242,6.E-07),.PIECEWISE_BEZIER_KNOTS.);
#4579 = CARTESIAN_POINT('',(-4.719364622407,-0.241201568242));
#4580 = CARTESIAN_POINT('',(-4.719364622407,6.E-07));
#4581 = ( GEOMETRIC_REPRESENTATION_CONTEXT(2) 
PARAMETRIC_REPRESENTATION_CONTEXT() REPRESENTATION_CONTEXT('2D SPACE',''
  ) );
#4582 = PCURVE('',#3556,#4583);
#4583 = DEFINITIONAL_REPRESENTATION('',(#4584),#4587);
#4584 = B_SPLINE_CURVE_WITH_KNOTS('',1,(#4585,#4586),.UNSPECIFIED.,.F.,
  .F.,(2,2),(-0.241201568242,6.E-07),.PIECEWISE_BEZIER_KNOTS.);
#4585 = CARTESIAN_POINT('',(0.241201568242,0.199295117031));
#4586 = CARTESIAN_POINT('',(-6.000000000124E-07,0.199295117031));
#4587 = ( GEOMETRIC_REPRESENTATION_CONTEXT(2) 
PARAMETRIC_REPRESENTATION_CONTEXT() REPRESENTATION_CONTEXT('2D SPACE',''
  ) );
#4588 = ORIENTED_EDGE('',*,*,#4589,.F.);
#4589 = EDGE_CURVE('',#3464,#4569,#4590,.T.);
#4590 = SURFACE_CURVE('',#4591,(#4624,#4660),.PCURVE_S1.);
#4591 = B_SPLINE_CURVE_WITH_KNOTS('',7,(#4592,#4593,#4594,#4595,#4596,
    #4597,#4598,#4599,#4600,#4601,#4602,#4603,#4604,#4605,#4606,#4607,
    #4608,#4609,#4610,#4611,#4612,#4613,#4614,#4615,#4616,#4617,#4618,
    #4619,#4620,#4621,#4622,#4623),.UNSPECIFIED.,.F.,.F.,(8,6,6,6,6,8),(
    0.,0.412640312905,0.709733592636,0.875924497733,0.930826356548,1.),
  .UNSPECIFIED.);
#4592 = CARTESIAN_POINT('',(0.1993,1.110223024625E-16,0.200695117031));
#4593 = CARTESIAN_POINT('',(0.1993,-1.841042539356E-02,0.200823543651));
#4594 = CARTESIAN_POINT('',(0.19732966055,-3.681549860034E-02,
    0.198981498061));
#4595 = CARTESIAN_POINT('',(0.19339137586,-5.495549165238E-02,
    0.195174618527));
#4596 = CARTESIAN_POINT('',(0.187531371238,-7.257337774336E-02,
    0.189453064421));
#4597 = CARTESIAN_POINT('',(0.179840159473,-8.942071036565E-02,
    0.181911268265));
#4598 = CARTESIAN_POINT('',(0.170451433329,-0.105266983659,
    0.172688907363));
#4599 = CARTESIAN_POINT('',(0.151682930748,-0.130456952093,
    0.154257911289));
#4600 = CARTESIAN_POINT('',(0.143038895725,-0.140376235249,
    0.145770539812));
#4601 = CARTESIAN_POINT('',(0.133661241399,-0.149611562384,
    0.136570673936));
#4602 = CARTESIAN_POINT('',(0.123611198622,-0.158104686146,
    0.126724845129));
#4603 = CARTESIAN_POINT('',(0.112948427131,-0.165806839651,
    0.116309088071));
#4604 = CARTESIAN_POINT('',(0.101742486449,-0.17266753388,0.105405013789
    ));
#4605 = CARTESIAN_POINT('',(8.354090265353E-02,-0.181987203266,
    8.786089502248E-02));
#4606 = CARTESIAN_POINT('',(7.707707546796E-02,-0.184945508493,
    8.166290767738E-02));
#4607 = CARTESIAN_POINT('',(7.050838918627E-02,-0.187645963606,
    7.540375304707E-02));
#4608 = CARTESIAN_POINT('',(6.36755459888E-02,-0.19014647515,
    6.894905178417E-02));
#4609 = CARTESIAN_POINT('',(5.655563175318E-02,-0.192396655737,
    6.23048610163E-02));
#4610 = CARTESIAN_POINT('',(4.929740798097E-02,-0.194329535784,
    5.568098137718E-02));
#4611 = CARTESIAN_POINT('',(3.978024372764E-02,-0.196444747023,
    4.735595182808E-02));
#4612 = CARTESIAN_POINT('',(3.742402275552E-02,-0.196933605408,
    4.532484222743E-02));
#4613 = CARTESIAN_POINT('',(3.504146386525E-02,-0.197393938319,
    4.330565034242E-02));
#4614 = CARTESIAN_POINT('',(3.261698381915E-02,-0.197827395186,
    4.129342648553E-02));
#4615 = CARTESIAN_POINT('',(3.014857558688E-02,-0.198231844611,
    3.929922767785E-02));
#4616 = CARTESIAN_POINT('',(2.764354415395E-02,-0.198603810501,
    3.734682611986E-02));
#4617 = CARTESIAN_POINT('',(2.192744635833E-02,-0.199365634721,
    3.310397528813E-02));
#4618 = CARTESIAN_POINT('',(1.864926000128E-02,-0.199741751607,
    3.081817671595E-02));
#4619 = CARTESIAN_POINT('',(1.522756888831E-02,-0.200071428468,
    2.86307033672E-02));
#4620 = CARTESIAN_POINT('',(1.166283211619E-02,-0.200340599637,
    2.663784498854E-02));
#4621 = CARTESIAN_POINT('',(7.972582336504E-03,-0.200540390283,
    2.500484833536E-02));
#4622 = CARTESIAN_POINT('',(4.133262605965E-03,-0.200666296761,
    2.394770408223E-02));
#4623 = CARTESIAN_POINT('',(-6.000000036024E-07,-0.200695121215,
    2.370537196002E-02));
#4624 = PCURVE('',#3486,#4625);
#4625 = DEFINITIONAL_REPRESENTATION('',(#4626),#4659);
#4626 = B_SPLINE_CURVE_WITH_KNOTS('',7,(#4627,#4628,#4629,#4630,#4631,
    #4632,#4633,#4634,#4635,#4636,#4637,#4638,#4639,#4640,#4641,#4642,
    #4643,#4644,#4645,#4646,#4647,#4648,#4649,#4650,#4651,#4652,#4653,
    #4654,#4655,#4656,#4657,#4658),.UNSPECIFIED.,.F.,.F.,(8,6,6,6,6,8),(
    0.,0.412640312905,0.709733592636,0.875924497733,0.930826356548,1.),
  .UNSPECIFIED.);
#4627 = CARTESIAN_POINT('',(-6.28318530718,-0.200695117031));
#4628 = CARTESIAN_POINT('',(-6.191454238951,-0.200823543651));
#4629 = CARTESIAN_POINT('',(-6.099749924915,-0.198981498061));
#4630 = CARTESIAN_POINT('',(-6.008105218145,-0.195174618527));
#4631 = CARTESIAN_POINT('',(-5.916544823441,-0.189453064421));
#4632 = CARTESIAN_POINT('',(-5.825104243763,-0.181911268265));
#4633 = CARTESIAN_POINT('',(-5.733841473674,-0.172688907363));
#4634 = CARTESIAN_POINT('',(-5.577323123592,-0.154257911289));
#4635 = CARTESIAN_POINT('',(-5.511958213377,-0.145770539812));
#4636 = CARTESIAN_POINT('',(-5.446682687882,-0.136570673936));
#4637 = CARTESIAN_POINT('',(-5.381461747508,-0.126724845129));
#4638 = CARTESIAN_POINT('',(-5.316226225463,-0.116309088071));
#4639 = CARTESIAN_POINT('',(-5.250948428411,-0.105405013789));
#4640 = CARTESIAN_POINT('',(-5.149060977192,-8.786089502248E-02));
#4641 = CARTESIAN_POINT('',(-5.11367625685,-8.166290767738E-02));
#4642 = CARTESIAN_POINT('',(-5.078331228454,-7.540375304707E-02));
#4643 = CARTESIAN_POINT('',(-5.0421350154,-6.894905178417E-02));
#4644 = CARTESIAN_POINT('',(-5.004993568969,-6.23048610163E-02));
#4645 = CARTESIAN_POINT('',(-4.967600818603,-5.568098137718E-02));
#4646 = CARTESIAN_POINT('',(-4.919023906096,-4.735595182808E-02));
#4647 = CARTESIAN_POINT('',(-4.907034999474,-4.532484222743E-02));
#4648 = CARTESIAN_POINT('',(-4.894946164157,-4.330565034242E-02));
#4649 = CARTESIAN_POINT('',(-4.882676733935,-4.129342648553E-02));
#4650 = CARTESIAN_POINT('',(-4.870215800284,-3.929922767785E-02));
#4651 = CARTESIAN_POINT('',(-4.857598972492,-3.734682611986E-02));
#4652 = CARTESIAN_POINT('',(-4.828866330988,-3.310397528813E-02));
#4653 = CARTESIAN_POINT('',(-4.812427869748,-3.081817671595E-02));
#4654 = CARTESIAN_POINT('',(-4.795305722198,-2.863070336721E-02));
#4655 = CARTESIAN_POINT('',(-4.777499896101,-2.663784498854E-02));
#4656 = CARTESIAN_POINT('',(-4.759093144437,-2.500484833536E-02));
#4657 = CARTESIAN_POINT('',(-4.739959356255,-2.394770408223E-02));
#4658 = CARTESIAN_POINT('',(-4.719361632798,-2.370537196002E-02));
#4659 = ( GEOMETRIC_REPRESENTATION_CONTEXT(2) 
PARAMETRIC_REPRESENTATION_CONTEXT() REPRESENTATION_CONTEXT('2D SPACE',''
  ) );
#4660 = PCURVE('',#3525,#4661);
#4661 = DEFINITIONAL_REPRESENTATION('',(#4662),#4695);
#4662 = B_SPLINE_CURVE_WITH_KNOTS('',7,(#4663,#4664,#4665,#4666,#4667,
    #4668,#4669,#4670,#4671,#4672,#4673,#4674,#4675,#4676,#4677,#4678,
    #4679,#4680,#4681,#4682,#4683,#4684,#4685,#4686,#4687,#4688,#4689,
    #4690,#4691,#4692,#4693,#4694),.UNSPECIFIED.,.F.,.F.,(8,6,6,6,6,8),(
    0.,0.412640312905,0.709733592636,0.875924497733,0.930826356548,1.),
  .UNSPECIFIED.);
#4663 = CARTESIAN_POINT('',(-1.563820684772,-0.1993));
#4664 = CARTESIAN_POINT('',(-1.655553984844,-0.1993));
#4665 = CARTESIAN_POINT('',(-1.747191827199,-0.19732966055));
#4666 = CARTESIAN_POINT('',(-1.838702745607,-0.19339137586));
#4667 = CARTESIAN_POINT('',(-1.930053375514,-0.187531371238));
#4668 = CARTESIAN_POINT('',(-2.021196346375,-0.179840159473));
#4669 = CARTESIAN_POINT('',(-2.112049890521,-0.170451433329));
#4670 = CARTESIAN_POINT('',(-2.267569351513,-0.151682930748));
#4671 = CARTESIAN_POINT('',(-2.332427620823,-0.143038895725));
#4672 = CARTESIAN_POINT('',(-2.397081487834,-0.133661241399));
#4673 = CARTESIAN_POINT('',(-2.461540907326,-0.123611198622));
#4674 = CARTESIAN_POINT('',(-2.52579481704,-0.112948427131));
#4675 = CARTESIAN_POINT('',(-2.589811936043,-0.101742486449));
#4676 = CARTESIAN_POINT('',(-2.688794789415,-8.354090265353E-02));
#4677 = CARTESIAN_POINT('',(-2.722982152157,-7.707707546796E-02));
#4678 = CARTESIAN_POINT('',(-2.756910520383,-7.050838918628E-02));
#4679 = CARTESIAN_POINT('',(-2.791349705865,-6.367554598879E-02));
#4680 = CARTESIAN_POINT('',(-2.826249419773,-5.655563175319E-02));
#4681 = CARTESIAN_POINT('',(-2.860608757289,-4.929740798097E-02));
#4682 = CARTESIAN_POINT('',(-2.903406675683,-3.978024372764E-02));
#4683 = CARTESIAN_POINT('',(-2.913815034093,-3.742402275552E-02));
#4684 = CARTESIAN_POINT('',(-2.924132619276,-3.504146386525E-02));
#4685 = CARTESIAN_POINT('',(-2.934387295953,-3.261698381915E-02));
#4686 = CARTESIAN_POINT('',(-2.944524778413,-3.014857558688E-02));
#4687 = CARTESIAN_POINT('',(-2.954427082893,-2.764354415395E-02));
#4688 = CARTESIAN_POINT('',(-2.975905423104,-2.192744635833E-02));
#4689 = CARTESIAN_POINT('',(-2.987446650365,-1.864926000128E-02));
#4690 = CARTESIAN_POINT('',(-2.998466821017,-1.522756888832E-02));
#4691 = CARTESIAN_POINT('',(-3.008485388723,-1.166283211619E-02));
#4692 = CARTESIAN_POINT('',(-3.016682279101,-7.972582336493E-03));
#4693 = CARTESIAN_POINT('',(-3.021986876934,-4.133262605969E-03));
#4694 = CARTESIAN_POINT('',(-3.023202823018,5.999999999895E-07));
#4695 = ( GEOMETRIC_REPRESENTATION_CONTEXT(2) 
PARAMETRIC_REPRESENTATION_CONTEXT() REPRESENTATION_CONTEXT('2D SPACE',''
  ) );
#4696 = ADVANCED_FACE('',(#4697),#3621,.T.);
#4697 = FACE_BOUND('',#4698,.F.);
#4698 = EDGE_LOOP('',(#4699,#4721,#4722));
#4699 = ORIENTED_EDGE('',*,*,#4700,.F.);
#4700 = EDGE_CURVE('',#3542,#4486,#4701,.T.);
#4701 = SURFACE_CURVE('',#4702,(#4707,#4714),.PCURVE_S1.);
#4702 = CIRCLE('',#4703,0.2408);
#4703 = AXIS2_PLACEMENT_3D('',#4704,#4705,#4706);
#4704 = CARTESIAN_POINT('',(0.,-1.4E-03,0.));
#4705 = DIRECTION('',(1.,0.,0.));
#4706 = DIRECTION('',(0.,1.,0.));
#4707 = PCURVE('',#3621,#4708);
#4708 = DEFINITIONAL_REPRESENTATION('',(#4709),#4713);
#4709 = LINE('',#4710,#4711);
#4710 = CARTESIAN_POINT('',(-0.,0.));
#4711 = VECTOR('',#4712,1.);
#4712 = DIRECTION('',(-1.,0.));
#4713 = ( GEOMETRIC_REPRESENTATION_CONTEXT(2) 
PARAMETRIC_REPRESENTATION_CONTEXT() REPRESENTATION_CONTEXT('2D SPACE',''
  ) );
#4714 = PCURVE('',#3556,#4715);
#4715 = DEFINITIONAL_REPRESENTATION('',(#4716),#4720);
#4716 = CIRCLE('',#4717,0.2408);
#4717 = AXIS2_PLACEMENT_2D('',#4718,#4719);
#4718 = CARTESIAN_POINT('',(-1.235273903049E-17,-2.602085213965E-17));
#4719 = DIRECTION('',(0.,-1.));
#4720 = ( GEOMETRIC_REPRESENTATION_CONTEXT(2) 
PARAMETRIC_REPRESENTATION_CONTEXT() REPRESENTATION_CONTEXT('2D SPACE',''
  ) );
#4721 = ORIENTED_EDGE('',*,*,#3567,.T.);
#4722 = ORIENTED_EDGE('',*,*,#4485,.T.);
#4723 = ADVANCED_FACE('',(#4724),#3556,.F.);
#4724 = FACE_BOUND('',#4725,.F.);
#4725 = EDGE_LOOP('',(#4726,#4727,#4728,#4750));
#4726 = ORIENTED_EDGE('',*,*,#4700,.T.);
#4727 = ORIENTED_EDGE('',*,*,#4568,.T.);
#4728 = ORIENTED_EDGE('',*,*,#4729,.F.);
#4729 = EDGE_CURVE('',#3505,#4569,#4730,.T.);
#4730 = SURFACE_CURVE('',#4731,(#4736,#4743),.PCURVE_S1.);
#4731 = CIRCLE('',#4732,0.2007);
#4732 = AXIS2_PLACEMENT_3D('',#4733,#4734,#4735);
#4733 = CARTESIAN_POINT('',(0.,-1.4E-03,0.));
#4734 = DIRECTION('',(1.,0.,0.));
#4735 = DIRECTION('',(0.,1.,0.));
#4736 = PCURVE('',#3556,#4737);
#4737 = DEFINITIONAL_REPRESENTATION('',(#4738),#4742);
#4738 = CIRCLE('',#4739,0.2007);
#4739 = AXIS2_PLACEMENT_2D('',#4740,#4741);
#4740 = CARTESIAN_POINT('',(-1.235273903049E-17,-2.602085213965E-17));
#4741 = DIRECTION('',(0.,-1.));
#4742 = ( GEOMETRIC_REPRESENTATION_CONTEXT(2) 
PARAMETRIC_REPRESENTATION_CONTEXT() REPRESENTATION_CONTEXT('2D SPACE',''
  ) );
#4743 = PCURVE('',#3525,#4744);
#4744 = DEFINITIONAL_REPRESENTATION('',(#4745),#4749);
#4745 = LINE('',#4746,#4747);
#4746 = CARTESIAN_POINT('',(-0.,0.));
#4747 = VECTOR('',#4748,1.);
#4748 = DIRECTION('',(-1.,0.));
#4749 = ( GEOMETRIC_REPRESENTATION_CONTEXT(2) 
PARAMETRIC_REPRESENTATION_CONTEXT() REPRESENTATION_CONTEXT('2D SPACE',''
  ) );
#4750 = ORIENTED_EDGE('',*,*,#3541,.F.);
#4751 = ADVANCED_FACE('',(#4752),#3525,.F.);
#4752 = FACE_BOUND('',#4753,.T.);
#4753 = EDGE_LOOP('',(#4754,#4755,#4756));
#4754 = ORIENTED_EDGE('',*,*,#4729,.F.);
#4755 = ORIENTED_EDGE('',*,*,#3504,.T.);
#4756 = ORIENTED_EDGE('',*,*,#4589,.T.);
#4757 = ADVANCED_FACE('',(#4758),#3935,.T.);
#4758 = FACE_BOUND('',#4759,.F.);
#4759 = EDGE_LOOP('',(#4760,#4761,#4762));
#4760 = ORIENTED_EDGE('',*,*,#3973,.F.);
#4761 = ORIENTED_EDGE('',*,*,#3920,.F.);
#4762 = ORIENTED_EDGE('',*,*,#4219,.F.);
#4763 = ( GEOMETRIC_REPRESENTATION_CONTEXT(3) 
GLOBAL_UNCERTAINTY_ASSIGNED_CONTEXT((#4767)) 
GLOBAL_UNIT_ASSIGNED_CONTEXT((#4764,#4765,#4766)) REPRESENTATION_CONTEXT
('Context #1','3D Context with UNIT and UNCERTAINTY') );
#4764 = ( LENGTH_UNIT() NAMED_UNIT(*) SI_UNIT(.MILLI.,.METRE.) );
#4765 = ( NAMED_UNIT(*) PLANE_ANGLE_UNIT() SI_UNIT($,.RADIAN.) );
#4766 = ( NAMED_UNIT(*) SI_UNIT($,.STERADIAN.) SOLID_ANGLE_UNIT() );
#4767 = UNCERTAINTY_MEASURE_WITH_UNIT(LENGTH_MEASURE(2.E-07),#4764,
  'distance_accuracy_value','confusion accuracy');
#4768 = PRODUCT_RELATED_PRODUCT_CATEGORY('part',$,(#7));
ENDSEC;
END-ISO-10303-21;
