ISO-10303-21;
HEADER;
FILE_DESCRIPTION(('Open CASCADE Model'),'2;1');
FILE_NAME('Open CASCADE Shape Model','2025-07-21T09:00:02',('Author'),(
    'Open CASCADE'),'Open CASCADE STEP processor 7.7','Open CASCADE 7.7'
  ,'Unknown');
FILE_SCHEMA(('AUTOMOTIVE_DESIGN { 1 0 10303 214 1 1 1 1 }'));
ENDSEC;
DATA;
#1 = APPLICATION_PROTOCOL_DEFINITION('international standard',
  'automotive_design',2000,#2);
#2 = APPLICATION_CONTEXT(
  'core data for automotive mechanical design processes');
#3 = SHAPE_DEFINITION_REPRESENTATION(#4,#10);
#4 = PRODUCT_DEFINITION_SHAPE('','',#5);
#5 = PRODUCT_DEFINITION('design','',#6,#9);
#6 = PRODUCT_DEFINITION_FORMATION('','',#7);
#7 = PRODUCT('Open CASCADE STEP translator 7.7 1',
  'Open CASCADE STEP translator 7.7 1','',(#8));
#8 = PRODUCT_CONTEXT('',#2,'mechanical');
#9 = PRODUCT_DEFINITION_CONTEXT('part definition',#2,'design');
#10 = ADVANCED_BREP_SHAPE_REPRESENTATION('',(#11,#15),#2043);
#11 = AXIS2_PLACEMENT_3D('',#12,#13,#14);
#12 = CARTESIAN_POINT('',(0.,0.,0.));
#13 = DIRECTION('',(0.,0.,1.));
#14 = DIRECTION('',(1.,0.,-0.));
#15 = MANIFOLD_SOLID_BREP('',#16);
#16 = CLOSED_SHELL('',(#17,#217,#441,#546,#644,#831,#990,#1095,#1122,
    #1229,#1334,#1383,#1456,#1507,#1556,#1583,#1590,#1617,#1666,#1715,
    #1765,#1842,#1892,#1941,#1968,#1995,#2002,#2029,#2036));
#17 = ADVANCED_FACE('',(#18),#32,.F.);
#18 = FACE_BOUND('',#19,.F.);
#19 = EDGE_LOOP('',(#20,#55,#83,#111,#139,#167,#193));
#20 = ORIENTED_EDGE('',*,*,#21,.F.);
#21 = EDGE_CURVE('',#22,#24,#26,.T.);
#22 = VERTEX_POINT('',#23);
#23 = CARTESIAN_POINT('',(0.6641,-0.3125,0.));
#24 = VERTEX_POINT('',#25);
#25 = CARTESIAN_POINT('',(0.6641,-0.312400281309,0.));
#26 = SURFACE_CURVE('',#27,(#31,#43),.PCURVE_S1.);
#27 = LINE('',#28,#29);
#28 = CARTESIAN_POINT('',(0.6641,-0.3125,0.));
#29 = VECTOR('',#30,1.);
#30 = DIRECTION('',(0.,1.,0.));
#31 = PCURVE('',#32,#37);
#32 = PLANE('',#33);
#33 = AXIS2_PLACEMENT_3D('',#34,#35,#36);
#34 = CARTESIAN_POINT('',(0.6641,-0.3125,0.));
#35 = DIRECTION('',(-1.,0.,0.));
#36 = DIRECTION('',(0.,1.,0.));
#37 = DEFINITIONAL_REPRESENTATION('',(#38),#42);
#38 = LINE('',#39,#40);
#39 = CARTESIAN_POINT('',(0.,0.));
#40 = VECTOR('',#41,1.);
#41 = DIRECTION('',(1.,0.));
#42 = ( GEOMETRIC_REPRESENTATION_CONTEXT(2) 
PARAMETRIC_REPRESENTATION_CONTEXT() REPRESENTATION_CONTEXT('2D SPACE',''
  ) );
#43 = PCURVE('',#44,#49);
#44 = PLANE('',#45);
#45 = AXIS2_PLACEMENT_3D('',#46,#47,#48);
#46 = CARTESIAN_POINT('',(0.33205,-0.1587,0.));
#47 = DIRECTION('',(0.,0.,1.));
#48 = DIRECTION('',(1.,0.,-0.));
#49 = DEFINITIONAL_REPRESENTATION('',(#50),#54);
#50 = LINE('',#51,#52);
#51 = CARTESIAN_POINT('',(0.33205,-0.1538));
#52 = VECTOR('',#53,1.);
#53 = DIRECTION('',(0.,1.));
#54 = ( GEOMETRIC_REPRESENTATION_CONTEXT(2) 
PARAMETRIC_REPRESENTATION_CONTEXT() REPRESENTATION_CONTEXT('2D SPACE',''
  ) );
#55 = ORIENTED_EDGE('',*,*,#56,.T.);
#56 = EDGE_CURVE('',#22,#57,#59,.T.);
#57 = VERTEX_POINT('',#58);
#58 = CARTESIAN_POINT('',(0.6641,-0.3125,1.56E-02));
#59 = SURFACE_CURVE('',#60,(#64,#71),.PCURVE_S1.);
#60 = LINE('',#61,#62);
#61 = CARTESIAN_POINT('',(0.6641,-0.3125,0.));
#62 = VECTOR('',#63,1.);
#63 = DIRECTION('',(0.,0.,1.));
#64 = PCURVE('',#32,#65);
#65 = DEFINITIONAL_REPRESENTATION('',(#66),#70);
#66 = LINE('',#67,#68);
#67 = CARTESIAN_POINT('',(0.,0.));
#68 = VECTOR('',#69,1.);
#69 = DIRECTION('',(0.,-1.));
#70 = ( GEOMETRIC_REPRESENTATION_CONTEXT(2) 
PARAMETRIC_REPRESENTATION_CONTEXT() REPRESENTATION_CONTEXT('2D SPACE',''
  ) );
#71 = PCURVE('',#72,#77);
#72 = PLANE('',#73);
#73 = AXIS2_PLACEMENT_3D('',#74,#75,#76);
#74 = CARTESIAN_POINT('',(0.,-0.3125,0.));
#75 = DIRECTION('',(0.,1.,0.));
#76 = DIRECTION('',(1.,0.,0.));
#77 = DEFINITIONAL_REPRESENTATION('',(#78),#82);
#78 = LINE('',#79,#80);
#79 = CARTESIAN_POINT('',(0.6641,0.));
#80 = VECTOR('',#81,1.);
#81 = DIRECTION('',(0.,-1.));
#82 = ( GEOMETRIC_REPRESENTATION_CONTEXT(2) 
PARAMETRIC_REPRESENTATION_CONTEXT() REPRESENTATION_CONTEXT('2D SPACE',''
  ) );
#83 = ORIENTED_EDGE('',*,*,#84,.T.);
#84 = EDGE_CURVE('',#57,#85,#87,.T.);
#85 = VERTEX_POINT('',#86);
#86 = CARTESIAN_POINT('',(0.6641,-0.1875,1.56E-02));
#87 = SURFACE_CURVE('',#88,(#92,#99),.PCURVE_S1.);
#88 = LINE('',#89,#90);
#89 = CARTESIAN_POINT('',(0.6641,-0.3125,1.56E-02));
#90 = VECTOR('',#91,1.);
#91 = DIRECTION('',(0.,1.,0.));
#92 = PCURVE('',#32,#93);
#93 = DEFINITIONAL_REPRESENTATION('',(#94),#98);
#94 = LINE('',#95,#96);
#95 = CARTESIAN_POINT('',(0.,-1.56E-02));
#96 = VECTOR('',#97,1.);
#97 = DIRECTION('',(1.,0.));
#98 = ( GEOMETRIC_REPRESENTATION_CONTEXT(2) 
PARAMETRIC_REPRESENTATION_CONTEXT() REPRESENTATION_CONTEXT('2D SPACE',''
  ) );
#99 = PCURVE('',#100,#105);
#100 = PLANE('',#101);
#101 = AXIS2_PLACEMENT_3D('',#102,#103,#104);
#102 = CARTESIAN_POINT('',(0.33205,-0.1587,1.56E-02));
#103 = DIRECTION('',(0.,0.,1.));
#104 = DIRECTION('',(1.,0.,-0.));
#105 = DEFINITIONAL_REPRESENTATION('',(#106),#110);
#106 = LINE('',#107,#108);
#107 = CARTESIAN_POINT('',(0.33205,-0.1538));
#108 = VECTOR('',#109,1.);
#109 = DIRECTION('',(0.,1.));
#110 = ( GEOMETRIC_REPRESENTATION_CONTEXT(2) 
PARAMETRIC_REPRESENTATION_CONTEXT() REPRESENTATION_CONTEXT('2D SPACE',''
  ) );
#111 = ORIENTED_EDGE('',*,*,#112,.T.);
#112 = EDGE_CURVE('',#85,#113,#115,.T.);
#113 = VERTEX_POINT('',#114);
#114 = CARTESIAN_POINT('',(0.6641,-4.9E-03,1.56E-02));
#115 = SURFACE_CURVE('',#116,(#120,#127),.PCURVE_S1.);
#116 = LINE('',#117,#118);
#117 = CARTESIAN_POINT('',(0.6641,-0.3125,1.56E-02));
#118 = VECTOR('',#119,1.);
#119 = DIRECTION('',(0.,1.,0.));
#120 = PCURVE('',#32,#121);
#121 = DEFINITIONAL_REPRESENTATION('',(#122),#126);
#122 = LINE('',#123,#124);
#123 = CARTESIAN_POINT('',(0.,-1.56E-02));
#124 = VECTOR('',#125,1.);
#125 = DIRECTION('',(1.,0.));
#126 = ( GEOMETRIC_REPRESENTATION_CONTEXT(2) 
PARAMETRIC_REPRESENTATION_CONTEXT() REPRESENTATION_CONTEXT('2D SPACE',''
  ) );
#127 = PCURVE('',#128,#133);
#128 = PLANE('',#129);
#129 = AXIS2_PLACEMENT_3D('',#130,#131,#132);
#130 = CARTESIAN_POINT('',(0.6621,-9.375E-02,1.56E-02));
#131 = DIRECTION('',(0.,0.,1.));
#132 = DIRECTION('',(1.,0.,-0.));
#133 = DEFINITIONAL_REPRESENTATION('',(#134),#138);
#134 = LINE('',#135,#136);
#135 = CARTESIAN_POINT('',(2.E-03,-0.21875));
#136 = VECTOR('',#137,1.);
#137 = DIRECTION('',(0.,1.));
#138 = ( GEOMETRIC_REPRESENTATION_CONTEXT(2) 
PARAMETRIC_REPRESENTATION_CONTEXT() REPRESENTATION_CONTEXT('2D SPACE',''
  ) );
#139 = ORIENTED_EDGE('',*,*,#140,.F.);
#140 = EDGE_CURVE('',#141,#113,#143,.T.);
#141 = VERTEX_POINT('',#142);
#142 = CARTESIAN_POINT('',(0.6641,-4.9E-03,1.936080824247E-04));
#143 = SURFACE_CURVE('',#144,(#148,#155),.PCURVE_S1.);
#144 = LINE('',#145,#146);
#145 = CARTESIAN_POINT('',(0.6641,-4.9E-03,0.));
#146 = VECTOR('',#147,1.);
#147 = DIRECTION('',(0.,0.,1.));
#148 = PCURVE('',#32,#149);
#149 = DEFINITIONAL_REPRESENTATION('',(#150),#154);
#150 = LINE('',#151,#152);
#151 = CARTESIAN_POINT('',(0.3076,0.));
#152 = VECTOR('',#153,1.);
#153 = DIRECTION('',(0.,-1.));
#154 = ( GEOMETRIC_REPRESENTATION_CONTEXT(2) 
PARAMETRIC_REPRESENTATION_CONTEXT() REPRESENTATION_CONTEXT('2D SPACE',''
  ) );
#155 = PCURVE('',#156,#161);
#156 = PLANE('',#157);
#157 = AXIS2_PLACEMENT_3D('',#158,#159,#160);
#158 = CARTESIAN_POINT('',(0.6641,-4.9E-03,0.));
#159 = DIRECTION('',(0.,-1.,0.));
#160 = DIRECTION('',(-1.,0.,0.));
#161 = DEFINITIONAL_REPRESENTATION('',(#162),#166);
#162 = LINE('',#163,#164);
#163 = CARTESIAN_POINT('',(0.,-0.));
#164 = VECTOR('',#165,1.);
#165 = DIRECTION('',(0.,-1.));
#166 = ( GEOMETRIC_REPRESENTATION_CONTEXT(2) 
PARAMETRIC_REPRESENTATION_CONTEXT() REPRESENTATION_CONTEXT('2D SPACE',''
  ) );
#167 = ORIENTED_EDGE('',*,*,#168,.T.);
#168 = EDGE_CURVE('',#141,#169,#171,.T.);
#169 = VERTEX_POINT('',#170);
#170 = CARTESIAN_POINT('',(0.6641,-0.312400165061,1.936080824247E-04));
#171 = SURFACE_CURVE('',#172,(#176,#182),.PCURVE_S1.);
#172 = LINE('',#173,#174);
#173 = CARTESIAN_POINT('',(0.6641,-0.234290911761,1.936080824247E-04));
#174 = VECTOR('',#175,1.);
#175 = DIRECTION('',(0.,-1.,0.));
#176 = PCURVE('',#32,#177);
#177 = DEFINITIONAL_REPRESENTATION('',(#178),#181);
#178 = B_SPLINE_CURVE_WITH_KNOTS('',1,(#179,#180),.UNSPECIFIED.,.F.,.F.,
  (2,2),(-0.229390911761,7.811528517873E-02),.PIECEWISE_BEZIER_KNOTS.);
#179 = CARTESIAN_POINT('',(0.3076,-1.936080824247E-04));
#180 = CARTESIAN_POINT('',(9.380306026907E-05,-1.936080824247E-04));
#181 = ( GEOMETRIC_REPRESENTATION_CONTEXT(2) 
PARAMETRIC_REPRESENTATION_CONTEXT() REPRESENTATION_CONTEXT('2D SPACE',''
  ) );
#182 = PCURVE('',#183,#188);
#183 = PLANE('',#184);
#184 = AXIS2_PLACEMENT_3D('',#185,#186,#187);
#185 = CARTESIAN_POINT('',(0.664974003031,-0.156081823522,
    2.150275825269E-04));
#186 = DIRECTION('',(2.4499995835E-02,-0.,-0.999699830051));
#187 = DIRECTION('',(-0.999699830051,0.,-2.4499995835E-02));
#188 = DEFINITIONAL_REPRESENTATION('',(#189),#192);
#189 = B_SPLINE_CURVE_WITH_KNOTS('',1,(#190,#191),.UNSPECIFIED.,.F.,.F.,
  (2,2),(-0.229390911761,7.811528517873E-02),.PIECEWISE_BEZIER_KNOTS.);
#190 = CARTESIAN_POINT('',(8.742654589196E-04,0.151181823522));
#191 = CARTESIAN_POINT('',(8.742654589196E-04,-0.156324373418));
#192 = ( GEOMETRIC_REPRESENTATION_CONTEXT(2) 
PARAMETRIC_REPRESENTATION_CONTEXT() REPRESENTATION_CONTEXT('2D SPACE',''
  ) );
#193 = ORIENTED_EDGE('',*,*,#194,.T.);
#194 = EDGE_CURVE('',#169,#24,#195,.T.);
#195 = SURFACE_CURVE('',#196,(#200,#206),.PCURVE_S1.);
#196 = LINE('',#197,#198);
#197 = CARTESIAN_POINT('',(0.6641,-0.312400152175,2.150686090914E-04));
#198 = VECTOR('',#199,1.);
#199 = DIRECTION('',(-0.,-6.004297625441E-04,-0.999999819742));
#200 = PCURVE('',#32,#201);
#201 = DEFINITIONAL_REPRESENTATION('',(#202),#205);
#202 = B_SPLINE_CURVE_WITH_KNOTS('',1,(#203,#204),.UNSPECIFIED.,.F.,.F.,
  (2,2),(2.146053053506E-05,2.150686478592E-04),
  .PIECEWISE_BEZIER_KNOTS.);
#203 = CARTESIAN_POINT('',(9.983493925574E-05,-1.936080824247E-04));
#204 = CARTESIAN_POINT('',(9.971869117983E-05,2.103358884094E-20));
#205 = ( GEOMETRIC_REPRESENTATION_CONTEXT(2) 
PARAMETRIC_REPRESENTATION_CONTEXT() REPRESENTATION_CONTEXT('2D SPACE',''
  ) );
#206 = PCURVE('',#207,#212);
#207 = PLANE('',#208);
#208 = AXIS2_PLACEMENT_3D('',#209,#210,#211);
#209 = CARTESIAN_POINT('',(0.673748006061,-0.312163647044,
    4.300551650539E-04));
#210 = DIRECTION('',(-2.449263530508E-02,0.999699830207,
    -6.002496398664E-04));
#211 = DIRECTION('',(-0.99939975036,-2.449998946567E-02,
    -2.449264167633E-02));
#212 = DEFINITIONAL_REPRESENTATION('',(#213),#216);
#213 = B_SPLINE_CURVE_WITH_KNOTS('',1,(#214,#215),.UNSPECIFIED.,.F.,.F.,
  (2,2),(2.146053053506E-05,2.150686478592E-04),
  .PIECEWISE_BEZIER_KNOTS.);
#214 = CARTESIAN_POINT('',(9.653800751828E-03,-1.271380411782E-20));
#215 = CARTESIAN_POINT('',(9.658545573293E-03,-1.935499670965E-04));
#216 = ( GEOMETRIC_REPRESENTATION_CONTEXT(2) 
PARAMETRIC_REPRESENTATION_CONTEXT() REPRESENTATION_CONTEXT('2D SPACE',''
  ) );
#217 = ADVANCED_FACE('',(#218),#44,.F.);
#218 = FACE_BOUND('',#219,.F.);
#219 = EDGE_LOOP('',(#220,#250,#271,#272,#293,#319,#342,#368,#394,#420)
  );
#220 = ORIENTED_EDGE('',*,*,#221,.T.);
#221 = EDGE_CURVE('',#222,#224,#226,.T.);
#222 = VERTEX_POINT('',#223);
#223 = CARTESIAN_POINT('',(0.,-4.9E-03,0.));
#224 = VERTEX_POINT('',#225);
#225 = CARTESIAN_POINT('',(0.,-0.3125,0.));
#226 = SURFACE_CURVE('',#227,(#231,#238),.PCURVE_S1.);
#227 = LINE('',#228,#229);
#228 = CARTESIAN_POINT('',(0.,-4.9E-03,0.));
#229 = VECTOR('',#230,1.);
#230 = DIRECTION('',(0.,-1.,0.));
#231 = PCURVE('',#44,#232);
#232 = DEFINITIONAL_REPRESENTATION('',(#233),#237);
#233 = LINE('',#234,#235);
#234 = CARTESIAN_POINT('',(-0.33205,0.1538));
#235 = VECTOR('',#236,1.);
#236 = DIRECTION('',(0.,-1.));
#237 = ( GEOMETRIC_REPRESENTATION_CONTEXT(2) 
PARAMETRIC_REPRESENTATION_CONTEXT() REPRESENTATION_CONTEXT('2D SPACE',''
  ) );
#238 = PCURVE('',#239,#244);
#239 = PLANE('',#240);
#240 = AXIS2_PLACEMENT_3D('',#241,#242,#243);
#241 = CARTESIAN_POINT('',(0.,-4.9E-03,0.));
#242 = DIRECTION('',(1.,0.,-0.));
#243 = DIRECTION('',(0.,-1.,0.));
#244 = DEFINITIONAL_REPRESENTATION('',(#245),#249);
#245 = LINE('',#246,#247);
#246 = CARTESIAN_POINT('',(0.,0.));
#247 = VECTOR('',#248,1.);
#248 = DIRECTION('',(1.,0.));
#249 = ( GEOMETRIC_REPRESENTATION_CONTEXT(2) 
PARAMETRIC_REPRESENTATION_CONTEXT() REPRESENTATION_CONTEXT('2D SPACE',''
  ) );
#250 = ORIENTED_EDGE('',*,*,#251,.T.);
#251 = EDGE_CURVE('',#224,#22,#252,.T.);
#252 = SURFACE_CURVE('',#253,(#257,#264),.PCURVE_S1.);
#253 = LINE('',#254,#255);
#254 = CARTESIAN_POINT('',(0.,-0.3125,0.));
#255 = VECTOR('',#256,1.);
#256 = DIRECTION('',(1.,0.,0.));
#257 = PCURVE('',#44,#258);
#258 = DEFINITIONAL_REPRESENTATION('',(#259),#263);
#259 = LINE('',#260,#261);
#260 = CARTESIAN_POINT('',(-0.33205,-0.1538));
#261 = VECTOR('',#262,1.);
#262 = DIRECTION('',(1.,0.));
#263 = ( GEOMETRIC_REPRESENTATION_CONTEXT(2) 
PARAMETRIC_REPRESENTATION_CONTEXT() REPRESENTATION_CONTEXT('2D SPACE',''
  ) );
#264 = PCURVE('',#72,#265);
#265 = DEFINITIONAL_REPRESENTATION('',(#266),#270);
#266 = LINE('',#267,#268);
#267 = CARTESIAN_POINT('',(0.,0.));
#268 = VECTOR('',#269,1.);
#269 = DIRECTION('',(1.,0.));
#270 = ( GEOMETRIC_REPRESENTATION_CONTEXT(2) 
PARAMETRIC_REPRESENTATION_CONTEXT() REPRESENTATION_CONTEXT('2D SPACE',''
  ) );
#271 = ORIENTED_EDGE('',*,*,#21,.T.);
#272 = ORIENTED_EDGE('',*,*,#273,.T.);
#273 = EDGE_CURVE('',#24,#274,#276,.T.);
#274 = VERTEX_POINT('',#275);
#275 = CARTESIAN_POINT('',(0.663858545573,-0.31240619694,
    -2.487910419133E-21));
#276 = SURFACE_CURVE('',#277,(#281,#287),.PCURVE_S1.);
#277 = LINE('',#278,#279);
#278 = CARTESIAN_POINT('',(0.504880300977,-0.316301162257,
    -2.012075621747E-20));
#279 = VECTOR('',#280,1.);
#280 = DIRECTION('',(-0.999700010303,-2.449263971742E-02,0.));
#281 = PCURVE('',#44,#282);
#282 = DEFINITIONAL_REPRESENTATION('',(#283),#286);
#283 = B_SPLINE_CURVE_WITH_KNOTS('',1,(#284,#285),.UNSPECIFIED.,.F.,.F.,
  (2,2),(-0.159267477625,-0.159025950743),.PIECEWISE_BEZIER_KNOTS.);
#284 = CARTESIAN_POINT('',(0.33205,-0.153700281309));
#285 = CARTESIAN_POINT('',(0.331808545573,-0.15370619694));
#286 = ( GEOMETRIC_REPRESENTATION_CONTEXT(2) 
PARAMETRIC_REPRESENTATION_CONTEXT() REPRESENTATION_CONTEXT('2D SPACE',''
  ) );
#287 = PCURVE('',#207,#288);
#288 = DEFINITIONAL_REPRESENTATION('',(#289),#292);
#289 = B_SPLINE_CURVE_WITH_KNOTS('',1,(#290,#291),.UNSPECIFIED.,.F.,.F.,
  (2,2),(-0.159267477625,-0.159025950743),.PIECEWISE_BEZIER_KNOTS.);
#290 = CARTESIAN_POINT('',(9.658545573293E-03,-1.935499670965E-04));
#291 = CARTESIAN_POINT('',(9.9E-03,-1.876343346469E-04));
#292 = ( GEOMETRIC_REPRESENTATION_CONTEXT(2) 
PARAMETRIC_REPRESENTATION_CONTEXT() REPRESENTATION_CONTEXT('2D SPACE',''
  ) );
#293 = ORIENTED_EDGE('',*,*,#294,.T.);
#294 = EDGE_CURVE('',#274,#295,#297,.T.);
#295 = VERTEX_POINT('',#296);
#296 = CARTESIAN_POINT('',(0.656320122052,-4.9E-03,0.));
#297 = SURFACE_CURVE('',#298,(#302,#308),.PCURVE_S1.);
#298 = LINE('',#299,#300);
#299 = CARTESIAN_POINT('',(0.661876001039,-0.231534549408,
    -1.174650013875E-20));
#300 = VECTOR('',#301,1.);
#301 = DIRECTION('',(-2.450734141677E-02,0.999699650003,0.));
#302 = PCURVE('',#44,#303);
#303 = DEFINITIONAL_REPRESENTATION('',(#304),#307);
#304 = B_SPLINE_CURVE_WITH_KNOTS('',1,(#305,#306),.UNSPECIFIED.,.F.,.F.,
  (2,2),(-8.089594462829E-02,0.226702639545),.PIECEWISE_BEZIER_KNOTS.);
#305 = CARTESIAN_POINT('',(0.331808545573,-0.15370619694));
#306 = CARTESIAN_POINT('',(0.324270122052,0.1538));
#307 = ( GEOMETRIC_REPRESENTATION_CONTEXT(2) 
PARAMETRIC_REPRESENTATION_CONTEXT() REPRESENTATION_CONTEXT('2D SPACE',''
  ) );
#308 = PCURVE('',#309,#314);
#309 = PLANE('',#310);
#310 = AXIS2_PLACEMENT_3D('',#311,#312,#313);
#311 = CARTESIAN_POINT('',(0.663853948533,-0.31240619694,
    1.875780124583E-04));
#312 = DIRECTION('',(0.99939975036,2.449998946567E-02,2.449264167633E-02
    ));
#313 = DIRECTION('',(-2.449263530508E-02,0.999699830207,
    -6.002496398665E-04));
#314 = DEFINITIONAL_REPRESENTATION('',(#315),#318);
#315 = B_SPLINE_CURVE_WITH_KNOTS('',1,(#316,#317),.UNSPECIFIED.,.F.,.F.,
  (2,2),(-8.089594462829E-02,0.226702639545),.PIECEWISE_BEZIER_KNOTS.);
#316 = CARTESIAN_POINT('',(1.297277379106E-17,-1.876343346469E-04));
#317 = CARTESIAN_POINT('',(0.307598528726,-2.94298976389E-06));
#318 = ( GEOMETRIC_REPRESENTATION_CONTEXT(2) 
PARAMETRIC_REPRESENTATION_CONTEXT() REPRESENTATION_CONTEXT('2D SPACE',''
  ) );
#319 = ORIENTED_EDGE('',*,*,#320,.T.);
#320 = EDGE_CURVE('',#295,#321,#323,.T.);
#321 = VERTEX_POINT('',#322);
#322 = CARTESIAN_POINT('',(1.002606809214E-02,-4.9E-03,0.));
#323 = SURFACE_CURVE('',#324,(#328,#335),.PCURVE_S1.);
#324 = LINE('',#325,#326);
#325 = CARTESIAN_POINT('',(0.6641,-4.9E-03,0.));
#326 = VECTOR('',#327,1.);
#327 = DIRECTION('',(-1.,0.,0.));
#328 = PCURVE('',#44,#329);
#329 = DEFINITIONAL_REPRESENTATION('',(#330),#334);
#330 = LINE('',#331,#332);
#331 = CARTESIAN_POINT('',(0.33205,0.1538));
#332 = VECTOR('',#333,1.);
#333 = DIRECTION('',(-1.,0.));
#334 = ( GEOMETRIC_REPRESENTATION_CONTEXT(2) 
PARAMETRIC_REPRESENTATION_CONTEXT() REPRESENTATION_CONTEXT('2D SPACE',''
  ) );
#335 = PCURVE('',#156,#336);
#336 = DEFINITIONAL_REPRESENTATION('',(#337),#341);
#337 = LINE('',#338,#339);
#338 = CARTESIAN_POINT('',(0.,-0.));
#339 = VECTOR('',#340,1.);
#340 = DIRECTION('',(1.,0.));
#341 = ( GEOMETRIC_REPRESENTATION_CONTEXT(2) 
PARAMETRIC_REPRESENTATION_CONTEXT() REPRESENTATION_CONTEXT('2D SPACE',''
  ) );
#342 = ORIENTED_EDGE('',*,*,#343,.T.);
#343 = EDGE_CURVE('',#321,#344,#346,.T.);
#344 = VERTEX_POINT('',#345);
#345 = CARTESIAN_POINT('',(1.75585455748E-02,-0.312163647044,
    2.42255163309E-20));
#346 = SURFACE_CURVE('',#347,(#351,#357),.PCURVE_S1.);
#347 = LINE('',#348,#349);
#348 = CARTESIAN_POINT('',(1.194378613525E-02,-8.312725541275E-02,
    -1.123323056478E-20));
#349 = VECTOR('',#350,1.);
#350 = DIRECTION('',(2.450734141677E-02,-0.999699650003,0.));
#351 = PCURVE('',#44,#352);
#352 = DEFINITIONAL_REPRESENTATION('',(#353),#356);
#353 = B_SPLINE_CURVE_WITH_KNOTS('',1,(#354,#355),.UNSPECIFIED.,.F.,.F.,
  (2,2),(-7.825075802766E-02,0.229105203378),.PIECEWISE_BEZIER_KNOTS.);
#354 = CARTESIAN_POINT('',(-0.322023931908,0.1538));
#355 = CARTESIAN_POINT('',(-0.314491454425,-0.153463647044));
#356 = ( GEOMETRIC_REPRESENTATION_CONTEXT(2) 
PARAMETRIC_REPRESENTATION_CONTEXT() REPRESENTATION_CONTEXT('2D SPACE',''
  ) );
#357 = PCURVE('',#358,#363);
#358 = PLANE('',#359);
#359 = AXIS2_PLACEMENT_3D('',#360,#361,#362);
#360 = CARTESIAN_POINT('',(9.894057528565E-03,2.425498957101E-04,
    2.424771525956E-04));
#361 = DIRECTION('',(-0.99939975036,-2.449998946567E-02,
    -2.449264167633E-02));
#362 = DIRECTION('',(2.449263530508E-02,-0.999699830207,
    6.002496398664E-04));
#363 = DEFINITIONAL_REPRESENTATION('',(#364),#367);
#364 = B_SPLINE_CURVE_WITH_KNOTS('',1,(#365,#366),.UNSPECIFIED.,.F.,.F.,
  (2,2),(-7.825075802766E-02,0.229105203378),.PIECEWISE_BEZIER_KNOTS.);
#365 = CARTESIAN_POINT('',(5.14409399734E-03,-2.456386264989E-04));
#366 = CARTESIAN_POINT('',(0.3125,-4.301842934513E-04));
#367 = ( GEOMETRIC_REPRESENTATION_CONTEXT(2) 
PARAMETRIC_REPRESENTATION_CONTEXT() REPRESENTATION_CONTEXT('2D SPACE',''
  ) );
#368 = ORIENTED_EDGE('',*,*,#369,.T.);
#369 = EDGE_CURVE('',#344,#370,#372,.T.);
#370 = VERTEX_POINT('',#371);
#371 = CARTESIAN_POINT('',(7.658545573255E-03,-0.31240619694,
    -2.487910419133E-21));
#372 = SURFACE_CURVE('',#373,(#377,#383),.PCURVE_S1.);
#373 = LINE('',#374,#375);
#374 = CARTESIAN_POINT('',(0.176583477265,-0.308267537893,
    -2.012075621747E-20));
#375 = VECTOR('',#376,1.);
#376 = DIRECTION('',(-0.999700010303,-2.449263971742E-02,0.));
#377 = PCURVE('',#44,#378);
#378 = DEFINITIONAL_REPRESENTATION('',(#379),#382);
#379 = B_SPLINE_CURVE_WITH_KNOTS('',1,(#380,#381),.UNSPECIFIED.,.F.,.F.,
  (2,2),(0.159072651847,0.168975622638),.PIECEWISE_BEZIER_KNOTS.);
#380 = CARTESIAN_POINT('',(-0.314491454425,-0.153463647044));
#381 = CARTESIAN_POINT('',(-0.324391454427,-0.15370619694));
#382 = ( GEOMETRIC_REPRESENTATION_CONTEXT(2) 
PARAMETRIC_REPRESENTATION_CONTEXT() REPRESENTATION_CONTEXT('2D SPACE',''
  ) );
#383 = PCURVE('',#384,#389);
#384 = PLANE('',#385);
#385 = AXIS2_PLACEMENT_3D('',#386,#387,#388);
#386 = CARTESIAN_POINT('',(1.75480060614E-02,-0.312163647044,
    4.300551650539E-04));
#387 = DIRECTION('',(-2.449263530508E-02,0.999699830207,
    -6.002496398664E-04));
#388 = DIRECTION('',(-0.99939975036,-2.449998946567E-02,
    -2.449264167633E-02));
#389 = DEFINITIONAL_REPRESENTATION('',(#390),#393);
#390 = B_SPLINE_CURVE_WITH_KNOTS('',1,(#391,#392),.UNSPECIFIED.,.F.,.F.,
  (2,2),(0.159072651847,0.168975622638),.PIECEWISE_BEZIER_KNOTS.);
#391 = CARTESIAN_POINT('',(4.55162269497E-17,-4.301842934513E-04));
#392 = CARTESIAN_POINT('',(9.9E-03,-1.876343346469E-04));
#393 = ( GEOMETRIC_REPRESENTATION_CONTEXT(2) 
PARAMETRIC_REPRESENTATION_CONTEXT() REPRESENTATION_CONTEXT('2D SPACE',''
  ) );
#394 = ORIENTED_EDGE('',*,*,#395,.T.);
#395 = EDGE_CURVE('',#370,#396,#398,.T.);
#396 = VERTEX_POINT('',#397);
#397 = CARTESIAN_POINT('',(1.201220515999E-04,-4.9E-03,0.));
#398 = SURFACE_CURVE('',#399,(#403,#409),.PCURVE_S1.);
#399 = LINE('',#400,#401);
#400 = CARTESIAN_POINT('',(5.873061108924E-03,-0.239572993055,
    -1.173837012006E-20));
#401 = VECTOR('',#402,1.);
#402 = DIRECTION('',(-2.450734141677E-02,0.999699650003,0.));
#403 = PCURVE('',#44,#404);
#404 = DEFINITIONAL_REPRESENTATION('',(#405),#408);
#405 = B_SPLINE_CURVE_WITH_KNOTS('',1,(#406,#407),.UNSPECIFIED.,.F.,.F.,
  (2,2),(-7.285508590945E-02,0.234743498264),.PIECEWISE_BEZIER_KNOTS.);
#406 = CARTESIAN_POINT('',(-0.324391454427,-0.15370619694));
#407 = CARTESIAN_POINT('',(-0.331929877948,0.1538));
#408 = ( GEOMETRIC_REPRESENTATION_CONTEXT(2) 
PARAMETRIC_REPRESENTATION_CONTEXT() REPRESENTATION_CONTEXT('2D SPACE',''
  ) );
#409 = PCURVE('',#410,#415);
#410 = PLANE('',#411);
#411 = AXIS2_PLACEMENT_3D('',#412,#413,#414);
#412 = CARTESIAN_POINT('',(7.653948532838E-03,-0.31240619694,
    1.875780124583E-04));
#413 = DIRECTION('',(0.99939975036,2.449998946567E-02,2.449264167633E-02
    ));
#414 = DIRECTION('',(-2.449263530508E-02,0.999699830207,
    -6.002496398665E-04));
#415 = DEFINITIONAL_REPRESENTATION('',(#416),#419);
#416 = B_SPLINE_CURVE_WITH_KNOTS('',1,(#417,#418),.UNSPECIFIED.,.F.,.F.,
  (2,2),(-7.285508590945E-02,0.234743498264),.PIECEWISE_BEZIER_KNOTS.);
#417 = CARTESIAN_POINT('',(6.105543630838E-19,-1.876343346469E-04));
#418 = CARTESIAN_POINT('',(0.307598528726,-2.942989763891E-06));
#419 = ( GEOMETRIC_REPRESENTATION_CONTEXT(2) 
PARAMETRIC_REPRESENTATION_CONTEXT() REPRESENTATION_CONTEXT('2D SPACE',''
  ) );
#420 = ORIENTED_EDGE('',*,*,#421,.T.);
#421 = EDGE_CURVE('',#396,#222,#422,.T.);
#422 = SURFACE_CURVE('',#423,(#427,#434),.PCURVE_S1.);
#423 = LINE('',#424,#425);
#424 = CARTESIAN_POINT('',(0.6641,-4.9E-03,0.));
#425 = VECTOR('',#426,1.);
#426 = DIRECTION('',(-1.,0.,0.));
#427 = PCURVE('',#44,#428);
#428 = DEFINITIONAL_REPRESENTATION('',(#429),#433);
#429 = LINE('',#430,#431);
#430 = CARTESIAN_POINT('',(0.33205,0.1538));
#431 = VECTOR('',#432,1.);
#432 = DIRECTION('',(-1.,0.));
#433 = ( GEOMETRIC_REPRESENTATION_CONTEXT(2) 
PARAMETRIC_REPRESENTATION_CONTEXT() REPRESENTATION_CONTEXT('2D SPACE',''
  ) );
#434 = PCURVE('',#156,#435);
#435 = DEFINITIONAL_REPRESENTATION('',(#436),#440);
#436 = LINE('',#437,#438);
#437 = CARTESIAN_POINT('',(0.,-0.));
#438 = VECTOR('',#439,1.);
#439 = DIRECTION('',(1.,0.));
#440 = ( GEOMETRIC_REPRESENTATION_CONTEXT(2) 
PARAMETRIC_REPRESENTATION_CONTEXT() REPRESENTATION_CONTEXT('2D SPACE',''
  ) );
#441 = ADVANCED_FACE('',(#442),#207,.F.);
#442 = FACE_BOUND('',#443,.F.);
#443 = EDGE_LOOP('',(#444,#467,#495,#523,#544,#545));
#444 = ORIENTED_EDGE('',*,*,#445,.F.);
#445 = EDGE_CURVE('',#446,#169,#448,.T.);
#446 = VERTEX_POINT('',#447);
#447 = CARTESIAN_POINT('',(0.673748006061,-0.312163647044,
    4.300551650539E-04));
#448 = SURFACE_CURVE('',#449,(#453,#460),.PCURVE_S1.);
#449 = LINE('',#450,#451);
#450 = CARTESIAN_POINT('',(0.673748006061,-0.312163647044,
    4.300551650539E-04));
#451 = VECTOR('',#452,1.);
#452 = DIRECTION('',(-0.99939975036,-2.449998946567E-02,
    -2.449264167633E-02));
#453 = PCURVE('',#207,#454);
#454 = DEFINITIONAL_REPRESENTATION('',(#455),#459);
#455 = LINE('',#456,#457);
#456 = CARTESIAN_POINT('',(-0.,0.));
#457 = VECTOR('',#458,1.);
#458 = DIRECTION('',(1.,-1.896725046909E-18));
#459 = ( GEOMETRIC_REPRESENTATION_CONTEXT(2) 
PARAMETRIC_REPRESENTATION_CONTEXT() REPRESENTATION_CONTEXT('2D SPACE',''
  ) );
#460 = PCURVE('',#183,#461);
#461 = DEFINITIONAL_REPRESENTATION('',(#462),#466);
#462 = LINE('',#463,#464);
#463 = CARTESIAN_POINT('',(-8.776637513536E-03,-0.156081823522));
#464 = VECTOR('',#465,1.);
#465 = DIRECTION('',(0.999699830207,-2.449998946567E-02));
#466 = ( GEOMETRIC_REPRESENTATION_CONTEXT(2) 
PARAMETRIC_REPRESENTATION_CONTEXT() REPRESENTATION_CONTEXT('2D SPACE',''
  ) );
#467 = ORIENTED_EDGE('',*,*,#468,.T.);
#468 = EDGE_CURVE('',#446,#469,#471,.T.);
#469 = VERTEX_POINT('',#470);
#470 = CARTESIAN_POINT('',(0.686189103946,-0.312163647044,
    -0.507217518535));
#471 = SURFACE_CURVE('',#472,(#476,#483),.PCURVE_S1.);
#472 = LINE('',#473,#474);
#473 = CARTESIAN_POINT('',(0.673748006061,-0.312163647044,
    4.300551650539E-04));
#474 = VECTOR('',#475,1.);
#475 = DIRECTION('',(2.4499995835E-02,0.,-0.999699830051));
#476 = PCURVE('',#207,#477);
#477 = DEFINITIONAL_REPRESENTATION('',(#478),#482);
#478 = LINE('',#479,#480);
#479 = CARTESIAN_POINT('',(-0.,0.));
#480 = VECTOR('',#481,1.);
#481 = DIRECTION('',(9.586877854189E-18,-1.));
#482 = ( GEOMETRIC_REPRESENTATION_CONTEXT(2) 
PARAMETRIC_REPRESENTATION_CONTEXT() REPRESENTATION_CONTEXT('2D SPACE',''
  ) );
#483 = PCURVE('',#484,#489);
#484 = PLANE('',#485);
#485 = AXIS2_PLACEMENT_3D('',#486,#487,#488);
#486 = CARTESIAN_POINT('',(0.666094057529,2.425498957101E-04,
    2.424771525956E-04));
#487 = DIRECTION('',(-0.99939975036,-2.449998946567E-02,
    -2.449264167633E-02));
#488 = DIRECTION('',(2.449263530508E-02,-0.999699830207,
    6.002496398664E-04));
#489 = DEFINITIONAL_REPRESENTATION('',(#490),#494);
#490 = LINE('',#491,#492);
#491 = CARTESIAN_POINT('',(0.3125,1.694368877161E-20));
#492 = VECTOR('',#493,1.);
#493 = DIRECTION('',(-2.200946614489E-18,-1.));
#494 = ( GEOMETRIC_REPRESENTATION_CONTEXT(2) 
PARAMETRIC_REPRESENTATION_CONTEXT() REPRESENTATION_CONTEXT('2D SPACE',''
  ) );
#495 = ORIENTED_EDGE('',*,*,#496,.T.);
#496 = EDGE_CURVE('',#469,#497,#499,.T.);
#497 = VERTEX_POINT('',#498);
#498 = CARTESIAN_POINT('',(0.676295046418,-0.31240619694,-0.507459995687
    ));
#499 = SURFACE_CURVE('',#500,(#504,#511),.PCURVE_S1.);
#500 = LINE('',#501,#502);
#501 = CARTESIAN_POINT('',(0.686189103946,-0.312163647044,
    -0.507217518535));
#502 = VECTOR('',#503,1.);
#503 = DIRECTION('',(-0.99939975036,-2.449998946567E-02,
    -2.449264167633E-02));
#504 = PCURVE('',#207,#505);
#505 = DEFINITIONAL_REPRESENTATION('',(#506),#510);
#506 = LINE('',#507,#508);
#507 = CARTESIAN_POINT('',(-2.765359285725E-17,-0.5078));
#508 = VECTOR('',#509,1.);
#509 = DIRECTION('',(1.,-1.896725046909E-18));
#510 = ( GEOMETRIC_REPRESENTATION_CONTEXT(2) 
PARAMETRIC_REPRESENTATION_CONTEXT() REPRESENTATION_CONTEXT('2D SPACE',''
  ) );
#511 = PCURVE('',#512,#517);
#512 = PLANE('',#513);
#513 = AXIS2_PLACEMENT_3D('',#514,#515,#516);
#514 = CARTESIAN_POINT('',(0.677415100916,-0.156081823522,
    -0.507432546117));
#515 = DIRECTION('',(2.4499995835E-02,-0.,-0.999699830051));
#516 = DIRECTION('',(-0.999699830051,0.,-2.4499995835E-02));
#517 = DEFINITIONAL_REPRESENTATION('',(#518),#522);
#518 = LINE('',#519,#520);
#519 = CARTESIAN_POINT('',(-8.776637513536E-03,-0.156081823522));
#520 = VECTOR('',#521,1.);
#521 = DIRECTION('',(0.999699830207,-2.449998946567E-02));
#522 = ( GEOMETRIC_REPRESENTATION_CONTEXT(2) 
PARAMETRIC_REPRESENTATION_CONTEXT() REPRESENTATION_CONTEXT('2D SPACE',''
  ) );
#523 = ORIENTED_EDGE('',*,*,#524,.F.);
#524 = EDGE_CURVE('',#274,#497,#525,.T.);
#525 = SURFACE_CURVE('',#526,(#530,#537),.PCURVE_S1.);
#526 = LINE('',#527,#528);
#527 = CARTESIAN_POINT('',(0.663853948533,-0.31240619694,
    1.875780124583E-04));
#528 = VECTOR('',#529,1.);
#529 = DIRECTION('',(2.4499995835E-02,0.,-0.999699830051));
#530 = PCURVE('',#207,#531);
#531 = DEFINITIONAL_REPRESENTATION('',(#532),#536);
#532 = LINE('',#533,#534);
#533 = CARTESIAN_POINT('',(9.9E-03,-4.243366952917E-20));
#534 = VECTOR('',#535,1.);
#535 = DIRECTION('',(9.586877854189E-18,-1.));
#536 = ( GEOMETRIC_REPRESENTATION_CONTEXT(2) 
PARAMETRIC_REPRESENTATION_CONTEXT() REPRESENTATION_CONTEXT('2D SPACE',''
  ) );
#537 = PCURVE('',#309,#538);
#538 = DEFINITIONAL_REPRESENTATION('',(#539),#543);
#539 = LINE('',#540,#541);
#540 = CARTESIAN_POINT('',(1.626979908942E-23,-2.709691818937E-20));
#541 = VECTOR('',#542,1.);
#542 = DIRECTION('',(2.417721960004E-18,-1.));
#543 = ( GEOMETRIC_REPRESENTATION_CONTEXT(2) 
PARAMETRIC_REPRESENTATION_CONTEXT() REPRESENTATION_CONTEXT('2D SPACE',''
  ) );
#544 = ORIENTED_EDGE('',*,*,#273,.F.);
#545 = ORIENTED_EDGE('',*,*,#194,.F.);
#546 = ADVANCED_FACE('',(#547),#183,.F.);
#547 = FACE_BOUND('',#548,.F.);
#548 = EDGE_LOOP('',(#549,#579,#600,#601,#602,#623));
#549 = ORIENTED_EDGE('',*,*,#550,.T.);
#550 = EDGE_CURVE('',#551,#553,#555,.T.);
#551 = VERTEX_POINT('',#552);
#552 = CARTESIAN_POINT('',(0.6562,0.,0.));
#553 = VERTEX_POINT('',#554);
#554 = CARTESIAN_POINT('',(0.666094057529,2.425498957101E-04,
    2.424771525956E-04));
#555 = SURFACE_CURVE('',#556,(#560,#567),.PCURVE_S1.);
#556 = LINE('',#557,#558);
#557 = CARTESIAN_POINT('',(0.6562,6.936811057561E-18,-4.165068566892E-21
    ));
#558 = VECTOR('',#559,1.);
#559 = DIRECTION('',(0.99939975036,2.449998946567E-02,2.449264167633E-02
    ));
#560 = PCURVE('',#183,#561);
#561 = DEFINITIONAL_REPRESENTATION('',(#562),#566);
#562 = LINE('',#563,#564);
#563 = CARTESIAN_POINT('',(8.776637513536E-03,0.156081823522));
#564 = VECTOR('',#565,1.);
#565 = DIRECTION('',(-0.999699830207,2.449998946567E-02));
#566 = ( GEOMETRIC_REPRESENTATION_CONTEXT(2) 
PARAMETRIC_REPRESENTATION_CONTEXT() REPRESENTATION_CONTEXT('2D SPACE',''
  ) );
#567 = PCURVE('',#568,#573);
#568 = PLANE('',#569);
#569 = AXIS2_PLACEMENT_3D('',#570,#571,#572);
#570 = CARTESIAN_POINT('',(0.6562,6.936811057561E-18,-4.165068566892E-21
    ));
#571 = DIRECTION('',(2.449263530508E-02,-0.999699830207,
    6.002496398664E-04));
#572 = DIRECTION('',(0.99939975036,2.449998946567E-02,2.449264167633E-02
    ));
#573 = DEFINITIONAL_REPRESENTATION('',(#574),#578);
#574 = LINE('',#575,#576);
#575 = CARTESIAN_POINT('',(0.,0.));
#576 = VECTOR('',#577,1.);
#577 = DIRECTION('',(1.,2.63132117085E-18));
#578 = ( GEOMETRIC_REPRESENTATION_CONTEXT(2) 
PARAMETRIC_REPRESENTATION_CONTEXT() REPRESENTATION_CONTEXT('2D SPACE',''
  ) );
#579 = ORIENTED_EDGE('',*,*,#580,.T.);
#580 = EDGE_CURVE('',#553,#446,#581,.T.);
#581 = SURFACE_CURVE('',#582,(#586,#593),.PCURVE_S1.);
#582 = LINE('',#583,#584);
#583 = CARTESIAN_POINT('',(0.666094057529,2.425498957101E-04,
    2.424771525956E-04));
#584 = VECTOR('',#585,1.);
#585 = DIRECTION('',(2.449263530508E-02,-0.999699830207,
    6.002496398664E-04));
#586 = PCURVE('',#183,#587);
#587 = DEFINITIONAL_REPRESENTATION('',(#588),#592);
#588 = LINE('',#589,#590);
#589 = CARTESIAN_POINT('',(-1.120390805515E-03,0.156324373418));
#590 = VECTOR('',#591,1.);
#591 = DIRECTION('',(-2.449998946567E-02,-0.999699830207));
#592 = ( GEOMETRIC_REPRESENTATION_CONTEXT(2) 
PARAMETRIC_REPRESENTATION_CONTEXT() REPRESENTATION_CONTEXT('2D SPACE',''
  ) );
#593 = PCURVE('',#484,#594);
#594 = DEFINITIONAL_REPRESENTATION('',(#595),#599);
#595 = LINE('',#596,#597);
#596 = CARTESIAN_POINT('',(0.,0.));
#597 = VECTOR('',#598,1.);
#598 = DIRECTION('',(1.,3.257481400872E-20));
#599 = ( GEOMETRIC_REPRESENTATION_CONTEXT(2) 
PARAMETRIC_REPRESENTATION_CONTEXT() REPRESENTATION_CONTEXT('2D SPACE',''
  ) );
#600 = ORIENTED_EDGE('',*,*,#445,.T.);
#601 = ORIENTED_EDGE('',*,*,#168,.F.);
#602 = ORIENTED_EDGE('',*,*,#603,.F.);
#603 = EDGE_CURVE('',#604,#141,#606,.T.);
#604 = VERTEX_POINT('',#605);
#605 = CARTESIAN_POINT('',(0.656320049948,-4.9E-03,2.942106366804E-06));
#606 = SURFACE_CURVE('',#607,(#611,#617),.PCURVE_S1.);
#607 = LINE('',#608,#609);
#608 = CARTESIAN_POINT('',(0.664534630529,-4.9E-03,2.042597258699E-04));
#609 = VECTOR('',#610,1.);
#610 = DIRECTION('',(0.999699830051,0.,2.4499995835E-02));
#611 = PCURVE('',#183,#612);
#612 = DEFINITIONAL_REPRESENTATION('',(#613),#616);
#613 = B_SPLINE_CURVE_WITH_KNOTS('',1,(#614,#615),.UNSPECIFIED.,.F.,.F.,
  (2,2),(-8.33713308547E-03,-4.347610308532E-04),
  .PIECEWISE_BEZIER_KNOTS.);
#614 = CARTESIAN_POINT('',(8.776637513536E-03,0.151181823522));
#615 = CARTESIAN_POINT('',(8.742654589196E-04,0.151181823522));
#616 = ( GEOMETRIC_REPRESENTATION_CONTEXT(2) 
PARAMETRIC_REPRESENTATION_CONTEXT() REPRESENTATION_CONTEXT('2D SPACE',''
  ) );
#617 = PCURVE('',#156,#618);
#618 = DEFINITIONAL_REPRESENTATION('',(#619),#622);
#619 = B_SPLINE_CURVE_WITH_KNOTS('',1,(#620,#621),.UNSPECIFIED.,.F.,.F.,
  (2,2),(-8.33713308547E-03,-4.347610308532E-04),
  .PIECEWISE_BEZIER_KNOTS.);
#620 = CARTESIAN_POINT('',(7.9E-03,-6.615133425794E-18));
#621 = CARTESIAN_POINT('',(3.393028682443E-20,-1.936080824247E-04));
#622 = ( GEOMETRIC_REPRESENTATION_CONTEXT(2) 
PARAMETRIC_REPRESENTATION_CONTEXT() REPRESENTATION_CONTEXT('2D SPACE',''
  ) );
#623 = ORIENTED_EDGE('',*,*,#624,.T.);
#624 = EDGE_CURVE('',#604,#551,#625,.T.);
#625 = SURFACE_CURVE('',#626,(#630,#637),.PCURVE_S1.);
#626 = LINE('',#627,#628);
#627 = CARTESIAN_POINT('',(0.663853948533,-0.31240619694,
    1.875780124583E-04));
#628 = VECTOR('',#629,1.);
#629 = DIRECTION('',(-2.449263530508E-02,0.999699830207,
    -6.002496398664E-04));
#630 = PCURVE('',#183,#631);
#631 = DEFINITIONAL_REPRESENTATION('',(#632),#636);
#632 = LINE('',#633,#634);
#633 = CARTESIAN_POINT('',(1.120390805514E-03,-0.156324373418));
#634 = VECTOR('',#635,1.);
#635 = DIRECTION('',(2.449998946567E-02,0.999699830207));
#636 = ( GEOMETRIC_REPRESENTATION_CONTEXT(2) 
PARAMETRIC_REPRESENTATION_CONTEXT() REPRESENTATION_CONTEXT('2D SPACE',''
  ) );
#637 = PCURVE('',#309,#638);
#638 = DEFINITIONAL_REPRESENTATION('',(#639),#643);
#639 = LINE('',#640,#641);
#640 = CARTESIAN_POINT('',(0.,0.));
#641 = VECTOR('',#642,1.);
#642 = DIRECTION('',(1.,-3.250972502657E-20));
#643 = ( GEOMETRIC_REPRESENTATION_CONTEXT(2) 
PARAMETRIC_REPRESENTATION_CONTEXT() REPRESENTATION_CONTEXT('2D SPACE',''
  ) );
#644 = ADVANCED_FACE('',(#645),#156,.F.);
#645 = FACE_BOUND('',#646,.F.);
#646 = EDGE_LOOP('',(#647,#648,#667,#668,#669,#692,#715,#743,#764,#765,
    #786,#812));
#647 = ORIENTED_EDGE('',*,*,#320,.F.);
#648 = ORIENTED_EDGE('',*,*,#649,.T.);
#649 = EDGE_CURVE('',#295,#604,#650,.T.);
#650 = SURFACE_CURVE('',#651,(#655,#661),.PCURVE_S1.);
#651 = LINE('',#652,#653);
#652 = CARTESIAN_POINT('',(0.656322420935,-4.9E-03,-9.380382823958E-05)
  );
#653 = VECTOR('',#654,1.);
#654 = DIRECTION('',(-2.4499995835E-02,0.,0.999699830051));
#655 = PCURVE('',#156,#656);
#656 = DEFINITIONAL_REPRESENTATION('',(#657),#660);
#657 = B_SPLINE_CURVE_WITH_KNOTS('',1,(#658,#659),.UNSPECIFIED.,.F.,.F.,
  (2,2),(9.383199378436E-05,9.677498354825E-05),
  .PIECEWISE_BEZIER_KNOTS.);
#658 = CARTESIAN_POINT('',(7.7798779484E-03,9.181248536763E-20));
#659 = CARTESIAN_POINT('',(7.779950051637E-03,-2.942106366804E-06));
#660 = ( GEOMETRIC_REPRESENTATION_CONTEXT(2) 
PARAMETRIC_REPRESENTATION_CONTEXT() REPRESENTATION_CONTEXT('2D SPACE',''
  ) );
#661 = PCURVE('',#309,#662);
#662 = DEFINITIONAL_REPRESENTATION('',(#663),#666);
#663 = B_SPLINE_CURVE_WITH_KNOTS('',1,(#664,#665),.UNSPECIFIED.,.F.,.F.,
  (2,2),(9.383199378436E-05,9.677498354825E-05),
  .PIECEWISE_BEZIER_KNOTS.);
#664 = CARTESIAN_POINT('',(0.307598528726,-2.942989763891E-06));
#665 = CARTESIAN_POINT('',(0.307598528726,0.));
#666 = ( GEOMETRIC_REPRESENTATION_CONTEXT(2) 
PARAMETRIC_REPRESENTATION_CONTEXT() REPRESENTATION_CONTEXT('2D SPACE',''
  ) );
#667 = ORIENTED_EDGE('',*,*,#603,.T.);
#668 = ORIENTED_EDGE('',*,*,#140,.T.);
#669 = ORIENTED_EDGE('',*,*,#670,.T.);
#670 = EDGE_CURVE('',#113,#671,#673,.T.);
#671 = VERTEX_POINT('',#672);
#672 = CARTESIAN_POINT('',(0.6562,-4.9E-03,1.56E-02));
#673 = SURFACE_CURVE('',#674,(#678,#685),.PCURVE_S1.);
#674 = LINE('',#675,#676);
#675 = CARTESIAN_POINT('',(0.6641,-4.9E-03,1.56E-02));
#676 = VECTOR('',#677,1.);
#677 = DIRECTION('',(-1.,0.,0.));
#678 = PCURVE('',#156,#679);
#679 = DEFINITIONAL_REPRESENTATION('',(#680),#684);
#680 = LINE('',#681,#682);
#681 = CARTESIAN_POINT('',(0.,-1.56E-02));
#682 = VECTOR('',#683,1.);
#683 = DIRECTION('',(1.,0.));
#684 = ( GEOMETRIC_REPRESENTATION_CONTEXT(2) 
PARAMETRIC_REPRESENTATION_CONTEXT() REPRESENTATION_CONTEXT('2D SPACE',''
  ) );
#685 = PCURVE('',#128,#686);
#686 = DEFINITIONAL_REPRESENTATION('',(#687),#691);
#687 = LINE('',#688,#689);
#688 = CARTESIAN_POINT('',(2.E-03,8.885E-02));
#689 = VECTOR('',#690,1.);
#690 = DIRECTION('',(-1.,0.));
#691 = ( GEOMETRIC_REPRESENTATION_CONTEXT(2) 
PARAMETRIC_REPRESENTATION_CONTEXT() REPRESENTATION_CONTEXT('2D SPACE',''
  ) );
#692 = ORIENTED_EDGE('',*,*,#693,.T.);
#693 = EDGE_CURVE('',#671,#694,#696,.T.);
#694 = VERTEX_POINT('',#695);
#695 = CARTESIAN_POINT('',(1.18E-02,-4.9E-03,1.56E-02));
#696 = SURFACE_CURVE('',#697,(#701,#708),.PCURVE_S1.);
#697 = LINE('',#698,#699);
#698 = CARTESIAN_POINT('',(0.6641,-4.9E-03,1.56E-02));
#699 = VECTOR('',#700,1.);
#700 = DIRECTION('',(-1.,0.,0.));
#701 = PCURVE('',#156,#702);
#702 = DEFINITIONAL_REPRESENTATION('',(#703),#707);
#703 = LINE('',#704,#705);
#704 = CARTESIAN_POINT('',(0.,-1.56E-02));
#705 = VECTOR('',#706,1.);
#706 = DIRECTION('',(1.,0.));
#707 = ( GEOMETRIC_REPRESENTATION_CONTEXT(2) 
PARAMETRIC_REPRESENTATION_CONTEXT() REPRESENTATION_CONTEXT('2D SPACE',''
  ) );
#708 = PCURVE('',#100,#709);
#709 = DEFINITIONAL_REPRESENTATION('',(#710),#714);
#710 = LINE('',#711,#712);
#711 = CARTESIAN_POINT('',(0.33205,0.1538));
#712 = VECTOR('',#713,1.);
#713 = DIRECTION('',(-1.,0.));
#714 = ( GEOMETRIC_REPRESENTATION_CONTEXT(2) 
PARAMETRIC_REPRESENTATION_CONTEXT() REPRESENTATION_CONTEXT('2D SPACE',''
  ) );
#715 = ORIENTED_EDGE('',*,*,#716,.T.);
#716 = EDGE_CURVE('',#694,#717,#719,.T.);
#717 = VERTEX_POINT('',#718);
#718 = CARTESIAN_POINT('',(0.,-4.9E-03,1.56E-02));
#719 = SURFACE_CURVE('',#720,(#724,#731),.PCURVE_S1.);
#720 = LINE('',#721,#722);
#721 = CARTESIAN_POINT('',(0.6641,-4.9E-03,1.56E-02));
#722 = VECTOR('',#723,1.);
#723 = DIRECTION('',(-1.,0.,0.));
#724 = PCURVE('',#156,#725);
#725 = DEFINITIONAL_REPRESENTATION('',(#726),#730);
#726 = LINE('',#727,#728);
#727 = CARTESIAN_POINT('',(0.,-1.56E-02));
#728 = VECTOR('',#729,1.);
#729 = DIRECTION('',(1.,0.));
#730 = ( GEOMETRIC_REPRESENTATION_CONTEXT(2) 
PARAMETRIC_REPRESENTATION_CONTEXT() REPRESENTATION_CONTEXT('2D SPACE',''
  ) );
#731 = PCURVE('',#732,#737);
#732 = PLANE('',#733);
#733 = AXIS2_PLACEMENT_3D('',#734,#735,#736);
#734 = CARTESIAN_POINT('',(5.9E-03,-9.375E-02,1.56E-02));
#735 = DIRECTION('',(0.,0.,1.));
#736 = DIRECTION('',(1.,0.,-0.));
#737 = DEFINITIONAL_REPRESENTATION('',(#738),#742);
#738 = LINE('',#739,#740);
#739 = CARTESIAN_POINT('',(0.6582,8.885E-02));
#740 = VECTOR('',#741,1.);
#741 = DIRECTION('',(-1.,0.));
#742 = ( GEOMETRIC_REPRESENTATION_CONTEXT(2) 
PARAMETRIC_REPRESENTATION_CONTEXT() REPRESENTATION_CONTEXT('2D SPACE',''
  ) );
#743 = ORIENTED_EDGE('',*,*,#744,.F.);
#744 = EDGE_CURVE('',#222,#717,#745,.T.);
#745 = SURFACE_CURVE('',#746,(#750,#757),.PCURVE_S1.);
#746 = LINE('',#747,#748);
#747 = CARTESIAN_POINT('',(0.,-4.9E-03,0.));
#748 = VECTOR('',#749,1.);
#749 = DIRECTION('',(0.,0.,1.));
#750 = PCURVE('',#156,#751);
#751 = DEFINITIONAL_REPRESENTATION('',(#752),#756);
#752 = LINE('',#753,#754);
#753 = CARTESIAN_POINT('',(0.6641,0.));
#754 = VECTOR('',#755,1.);
#755 = DIRECTION('',(0.,-1.));
#756 = ( GEOMETRIC_REPRESENTATION_CONTEXT(2) 
PARAMETRIC_REPRESENTATION_CONTEXT() REPRESENTATION_CONTEXT('2D SPACE',''
  ) );
#757 = PCURVE('',#239,#758);
#758 = DEFINITIONAL_REPRESENTATION('',(#759),#763);
#759 = LINE('',#760,#761);
#760 = CARTESIAN_POINT('',(0.,0.));
#761 = VECTOR('',#762,1.);
#762 = DIRECTION('',(0.,-1.));
#763 = ( GEOMETRIC_REPRESENTATION_CONTEXT(2) 
PARAMETRIC_REPRESENTATION_CONTEXT() REPRESENTATION_CONTEXT('2D SPACE',''
  ) );
#764 = ORIENTED_EDGE('',*,*,#421,.F.);
#765 = ORIENTED_EDGE('',*,*,#766,.T.);
#766 = EDGE_CURVE('',#396,#767,#769,.T.);
#767 = VERTEX_POINT('',#768);
#768 = CARTESIAN_POINT('',(1.20049948363E-04,-4.9E-03,2.942106366804E-06
    ));
#769 = SURFACE_CURVE('',#770,(#774,#780),.PCURVE_S1.);
#770 = LINE('',#771,#772);
#771 = CARTESIAN_POINT('',(3.193628930966E-04,-4.9E-03,
    -8.129839560987E-03));
#772 = VECTOR('',#773,1.);
#773 = DIRECTION('',(-2.4499995835E-02,0.,0.999699830051));
#774 = PCURVE('',#156,#775);
#775 = DEFINITIONAL_REPRESENTATION('',(#776),#779);
#776 = B_SPLINE_CURVE_WITH_KNOTS('',1,(#777,#778),.UNSPECIFIED.,.F.,.F.,
  (2,2),(8.132280627248E-03,8.135223617012E-03),
  .PIECEWISE_BEZIER_KNOTS.);
#777 = CARTESIAN_POINT('',(0.663979877948,8.926147289738E-20));
#778 = CARTESIAN_POINT('',(0.663979950052,-2.942106366804E-06));
#779 = ( GEOMETRIC_REPRESENTATION_CONTEXT(2) 
PARAMETRIC_REPRESENTATION_CONTEXT() REPRESENTATION_CONTEXT('2D SPACE',''
  ) );
#780 = PCURVE('',#410,#781);
#781 = DEFINITIONAL_REPRESENTATION('',(#782),#785);
#782 = B_SPLINE_CURVE_WITH_KNOTS('',1,(#783,#784),.UNSPECIFIED.,.F.,.F.,
  (2,2),(8.132280627248E-03,8.135223617012E-03),
  .PIECEWISE_BEZIER_KNOTS.);
#783 = CARTESIAN_POINT('',(0.307598528726,-2.942989763891E-06));
#784 = CARTESIAN_POINT('',(0.307598528726,0.));
#785 = ( GEOMETRIC_REPRESENTATION_CONTEXT(2) 
PARAMETRIC_REPRESENTATION_CONTEXT() REPRESENTATION_CONTEXT('2D SPACE',''
  ) );
#786 = ORIENTED_EDGE('',*,*,#787,.T.);
#787 = EDGE_CURVE('',#767,#788,#790,.T.);
#788 = VERTEX_POINT('',#789);
#789 = CARTESIAN_POINT('',(1.002004994682E-02,-4.9E-03,2.45564893165E-04
    ));
#790 = SURFACE_CURVE('',#791,(#795,#801),.PCURVE_S1.);
#791 = LINE('',#792,#793);
#792 = CARTESIAN_POINT('',(0.336237688571,-4.9E-03,8.240295458618E-03));
#793 = VECTOR('',#794,1.);
#794 = DIRECTION('',(0.999699830051,0.,2.4499995835E-02));
#795 = PCURVE('',#156,#796);
#796 = DEFINITIONAL_REPRESENTATION('',(#797),#800);
#797 = B_SPLINE_CURVE_WITH_KNOTS('',1,(#798,#799),.UNSPECIFIED.,.F.,.F.,
  (2,2),(-0.336338647325,-0.318785372298),.PIECEWISE_BEZIER_KNOTS.);
#798 = CARTESIAN_POINT('',(0.6641,-7.169202010934E-19));
#799 = CARTESIAN_POINT('',(0.646551993939,-4.300551650539E-04));
#800 = ( GEOMETRIC_REPRESENTATION_CONTEXT(2) 
PARAMETRIC_REPRESENTATION_CONTEXT() REPRESENTATION_CONTEXT('2D SPACE',''
  ) );
#801 = PCURVE('',#802,#807);
#802 = PLANE('',#803);
#803 = AXIS2_PLACEMENT_3D('',#804,#805,#806);
#804 = CARTESIAN_POINT('',(8.774003030702E-03,-0.156081823522,
    2.150275825269E-04));
#805 = DIRECTION('',(2.4499995835E-02,-0.,-0.999699830051));
#806 = DIRECTION('',(-0.999699830051,0.,-2.4499995835E-02));
#807 = DEFINITIONAL_REPRESENTATION('',(#808),#811);
#808 = B_SPLINE_CURVE_WITH_KNOTS('',1,(#809,#810),.UNSPECIFIED.,.F.,.F.,
  (2,2),(-0.336338647325,-0.318785372298),.PIECEWISE_BEZIER_KNOTS.);
#809 = CARTESIAN_POINT('',(8.776637513536E-03,0.151181823522));
#810 = CARTESIAN_POINT('',(-8.776637513536E-03,0.151181823522));
#811 = ( GEOMETRIC_REPRESENTATION_CONTEXT(2) 
PARAMETRIC_REPRESENTATION_CONTEXT() REPRESENTATION_CONTEXT('2D SPACE',''
  ) );
#812 = ORIENTED_EDGE('',*,*,#813,.T.);
#813 = EDGE_CURVE('',#788,#321,#814,.T.);
#814 = SURFACE_CURVE('',#815,(#819,#825),.PCURVE_S1.);
#815 = LINE('',#816,#817);
#816 = CARTESIAN_POINT('',(1.021936289155E-02,-4.9E-03,
    -7.887216774189E-03));
#817 = VECTOR('',#818,1.);
#818 = DIRECTION('',(2.4499995835E-02,0.,-0.999699830051));
#819 = PCURVE('',#156,#820);
#820 = DEFINITIONAL_REPRESENTATION('',(#821),#824);
#821 = B_SPLINE_CURVE_WITH_KNOTS('',1,(#822,#823),.UNSPECIFIED.,.F.,.F.,
  (2,2),(-8.135223617012E-03,-7.889584990513E-03),
  .PIECEWISE_BEZIER_KNOTS.);
#822 = CARTESIAN_POINT('',(0.654079950053,-2.45564893165E-04));
#823 = CARTESIAN_POINT('',(0.654073931908,-4.434731820453E-19));
#824 = ( GEOMETRIC_REPRESENTATION_CONTEXT(2) 
PARAMETRIC_REPRESENTATION_CONTEXT() REPRESENTATION_CONTEXT('2D SPACE',''
  ) );
#825 = PCURVE('',#358,#826);
#826 = DEFINITIONAL_REPRESENTATION('',(#827),#830);
#827 = B_SPLINE_CURVE_WITH_KNOTS('',1,(#828,#829),.UNSPECIFIED.,.F.,.F.,
  (2,2),(-8.135223617012E-03,-7.889584990513E-03),
  .PIECEWISE_BEZIER_KNOTS.);
#828 = CARTESIAN_POINT('',(5.14409399734E-03,0.));
#829 = CARTESIAN_POINT('',(5.14409399734E-03,-2.456386264989E-04));
#830 = ( GEOMETRIC_REPRESENTATION_CONTEXT(2) 
PARAMETRIC_REPRESENTATION_CONTEXT() REPRESENTATION_CONTEXT('2D SPACE',''
  ) );
#831 = ADVANCED_FACE('',(#832),#100,.T.);
#832 = FACE_BOUND('',#833,.T.);
#833 = EDGE_LOOP('',(#834,#859,#880,#881,#909,#935,#936,#964));
#834 = ORIENTED_EDGE('',*,*,#835,.T.);
#835 = EDGE_CURVE('',#836,#838,#840,.T.);
#836 = VERTEX_POINT('',#837);
#837 = CARTESIAN_POINT('',(0.,-0.1875,1.56E-02));
#838 = VERTEX_POINT('',#839);
#839 = CARTESIAN_POINT('',(0.,-0.3125,1.56E-02));
#840 = SURFACE_CURVE('',#841,(#845,#852),.PCURVE_S1.);
#841 = LINE('',#842,#843);
#842 = CARTESIAN_POINT('',(0.,-4.9E-03,1.56E-02));
#843 = VECTOR('',#844,1.);
#844 = DIRECTION('',(0.,-1.,0.));
#845 = PCURVE('',#100,#846);
#846 = DEFINITIONAL_REPRESENTATION('',(#847),#851);
#847 = LINE('',#848,#849);
#848 = CARTESIAN_POINT('',(-0.33205,0.1538));
#849 = VECTOR('',#850,1.);
#850 = DIRECTION('',(0.,-1.));
#851 = ( GEOMETRIC_REPRESENTATION_CONTEXT(2) 
PARAMETRIC_REPRESENTATION_CONTEXT() REPRESENTATION_CONTEXT('2D SPACE',''
  ) );
#852 = PCURVE('',#239,#853);
#853 = DEFINITIONAL_REPRESENTATION('',(#854),#858);
#854 = LINE('',#855,#856);
#855 = CARTESIAN_POINT('',(0.,-1.56E-02));
#856 = VECTOR('',#857,1.);
#857 = DIRECTION('',(1.,0.));
#858 = ( GEOMETRIC_REPRESENTATION_CONTEXT(2) 
PARAMETRIC_REPRESENTATION_CONTEXT() REPRESENTATION_CONTEXT('2D SPACE',''
  ) );
#859 = ORIENTED_EDGE('',*,*,#860,.T.);
#860 = EDGE_CURVE('',#838,#57,#861,.T.);
#861 = SURFACE_CURVE('',#862,(#866,#873),.PCURVE_S1.);
#862 = LINE('',#863,#864);
#863 = CARTESIAN_POINT('',(0.,-0.3125,1.56E-02));
#864 = VECTOR('',#865,1.);
#865 = DIRECTION('',(1.,0.,0.));
#866 = PCURVE('',#100,#867);
#867 = DEFINITIONAL_REPRESENTATION('',(#868),#872);
#868 = LINE('',#869,#870);
#869 = CARTESIAN_POINT('',(-0.33205,-0.1538));
#870 = VECTOR('',#871,1.);
#871 = DIRECTION('',(1.,0.));
#872 = ( GEOMETRIC_REPRESENTATION_CONTEXT(2) 
PARAMETRIC_REPRESENTATION_CONTEXT() REPRESENTATION_CONTEXT('2D SPACE',''
  ) );
#873 = PCURVE('',#72,#874);
#874 = DEFINITIONAL_REPRESENTATION('',(#875),#879);
#875 = LINE('',#876,#877);
#876 = CARTESIAN_POINT('',(0.,-1.56E-02));
#877 = VECTOR('',#878,1.);
#878 = DIRECTION('',(1.,0.));
#879 = ( GEOMETRIC_REPRESENTATION_CONTEXT(2) 
PARAMETRIC_REPRESENTATION_CONTEXT() REPRESENTATION_CONTEXT('2D SPACE',''
  ) );
#880 = ORIENTED_EDGE('',*,*,#84,.T.);
#881 = ORIENTED_EDGE('',*,*,#882,.F.);
#882 = EDGE_CURVE('',#883,#85,#885,.T.);
#883 = VERTEX_POINT('',#884);
#884 = CARTESIAN_POINT('',(0.6562,-0.1875,1.56E-02));
#885 = SURFACE_CURVE('',#886,(#890,#897),.PCURVE_S1.);
#886 = LINE('',#887,#888);
#887 = CARTESIAN_POINT('',(0.6562,-0.1875,1.56E-02));
#888 = VECTOR('',#889,1.);
#889 = DIRECTION('',(1.,0.,0.));
#890 = PCURVE('',#100,#891);
#891 = DEFINITIONAL_REPRESENTATION('',(#892),#896);
#892 = LINE('',#893,#894);
#893 = CARTESIAN_POINT('',(0.32415,-2.88E-02));
#894 = VECTOR('',#895,1.);
#895 = DIRECTION('',(1.,0.));
#896 = ( GEOMETRIC_REPRESENTATION_CONTEXT(2) 
PARAMETRIC_REPRESENTATION_CONTEXT() REPRESENTATION_CONTEXT('2D SPACE',''
  ) );
#897 = PCURVE('',#898,#903);
#898 = PLANE('',#899);
#899 = AXIS2_PLACEMENT_3D('',#900,#901,#902);
#900 = CARTESIAN_POINT('',(0.6562,-0.1875,1.56E-02));
#901 = DIRECTION('',(0.,1.,0.));
#902 = DIRECTION('',(1.,0.,0.));
#903 = DEFINITIONAL_REPRESENTATION('',(#904),#908);
#904 = LINE('',#905,#906);
#905 = CARTESIAN_POINT('',(0.,0.));
#906 = VECTOR('',#907,1.);
#907 = DIRECTION('',(1.,0.));
#908 = ( GEOMETRIC_REPRESENTATION_CONTEXT(2) 
PARAMETRIC_REPRESENTATION_CONTEXT() REPRESENTATION_CONTEXT('2D SPACE',''
  ) );
#909 = ORIENTED_EDGE('',*,*,#910,.F.);
#910 = EDGE_CURVE('',#671,#883,#911,.T.);
#911 = SURFACE_CURVE('',#912,(#916,#923),.PCURVE_S1.);
#912 = LINE('',#913,#914);
#913 = CARTESIAN_POINT('',(0.6562,0.,1.56E-02));
#914 = VECTOR('',#915,1.);
#915 = DIRECTION('',(0.,-1.,0.));
#916 = PCURVE('',#100,#917);
#917 = DEFINITIONAL_REPRESENTATION('',(#918),#922);
#918 = LINE('',#919,#920);
#919 = CARTESIAN_POINT('',(0.32415,0.1587));
#920 = VECTOR('',#921,1.);
#921 = DIRECTION('',(0.,-1.));
#922 = ( GEOMETRIC_REPRESENTATION_CONTEXT(2) 
PARAMETRIC_REPRESENTATION_CONTEXT() REPRESENTATION_CONTEXT('2D SPACE',''
  ) );
#923 = PCURVE('',#924,#929);
#924 = PLANE('',#925);
#925 = AXIS2_PLACEMENT_3D('',#926,#927,#928);
#926 = CARTESIAN_POINT('',(0.6562,0.,1.56E-02));
#927 = DIRECTION('',(1.,0.,-0.));
#928 = DIRECTION('',(0.,-1.,0.));
#929 = DEFINITIONAL_REPRESENTATION('',(#930),#934);
#930 = LINE('',#931,#932);
#931 = CARTESIAN_POINT('',(0.,0.));
#932 = VECTOR('',#933,1.);
#933 = DIRECTION('',(1.,0.));
#934 = ( GEOMETRIC_REPRESENTATION_CONTEXT(2) 
PARAMETRIC_REPRESENTATION_CONTEXT() REPRESENTATION_CONTEXT('2D SPACE',''
  ) );
#935 = ORIENTED_EDGE('',*,*,#693,.T.);
#936 = ORIENTED_EDGE('',*,*,#937,.F.);
#937 = EDGE_CURVE('',#938,#694,#940,.T.);
#938 = VERTEX_POINT('',#939);
#939 = CARTESIAN_POINT('',(1.18E-02,-0.1875,1.56E-02));
#940 = SURFACE_CURVE('',#941,(#945,#952),.PCURVE_S1.);
#941 = LINE('',#942,#943);
#942 = CARTESIAN_POINT('',(1.18E-02,-0.1875,1.56E-02));
#943 = VECTOR('',#944,1.);
#944 = DIRECTION('',(0.,1.,0.));
#945 = PCURVE('',#100,#946);
#946 = DEFINITIONAL_REPRESENTATION('',(#947),#951);
#947 = LINE('',#948,#949);
#948 = CARTESIAN_POINT('',(-0.32025,-2.88E-02));
#949 = VECTOR('',#950,1.);
#950 = DIRECTION('',(0.,1.));
#951 = ( GEOMETRIC_REPRESENTATION_CONTEXT(2) 
PARAMETRIC_REPRESENTATION_CONTEXT() REPRESENTATION_CONTEXT('2D SPACE',''
  ) );
#952 = PCURVE('',#953,#958);
#953 = PLANE('',#954);
#954 = AXIS2_PLACEMENT_3D('',#955,#956,#957);
#955 = CARTESIAN_POINT('',(1.18E-02,-0.1875,1.56E-02));
#956 = DIRECTION('',(-1.,0.,0.));
#957 = DIRECTION('',(0.,1.,0.));
#958 = DEFINITIONAL_REPRESENTATION('',(#959),#963);
#959 = LINE('',#960,#961);
#960 = CARTESIAN_POINT('',(0.,0.));
#961 = VECTOR('',#962,1.);
#962 = DIRECTION('',(1.,0.));
#963 = ( GEOMETRIC_REPRESENTATION_CONTEXT(2) 
PARAMETRIC_REPRESENTATION_CONTEXT() REPRESENTATION_CONTEXT('2D SPACE',''
  ) );
#964 = ORIENTED_EDGE('',*,*,#965,.F.);
#965 = EDGE_CURVE('',#836,#938,#966,.T.);
#966 = SURFACE_CURVE('',#967,(#971,#978),.PCURVE_S1.);
#967 = LINE('',#968,#969);
#968 = CARTESIAN_POINT('',(0.,-0.1875,1.56E-02));
#969 = VECTOR('',#970,1.);
#970 = DIRECTION('',(1.,0.,0.));
#971 = PCURVE('',#100,#972);
#972 = DEFINITIONAL_REPRESENTATION('',(#973),#977);
#973 = LINE('',#974,#975);
#974 = CARTESIAN_POINT('',(-0.33205,-2.88E-02));
#975 = VECTOR('',#976,1.);
#976 = DIRECTION('',(1.,0.));
#977 = ( GEOMETRIC_REPRESENTATION_CONTEXT(2) 
PARAMETRIC_REPRESENTATION_CONTEXT() REPRESENTATION_CONTEXT('2D SPACE',''
  ) );
#978 = PCURVE('',#979,#984);
#979 = PLANE('',#980);
#980 = AXIS2_PLACEMENT_3D('',#981,#982,#983);
#981 = CARTESIAN_POINT('',(0.,-0.1875,1.56E-02));
#982 = DIRECTION('',(0.,1.,0.));
#983 = DIRECTION('',(1.,0.,0.));
#984 = DEFINITIONAL_REPRESENTATION('',(#985),#989);
#985 = LINE('',#986,#987);
#986 = CARTESIAN_POINT('',(0.,0.));
#987 = VECTOR('',#988,1.);
#988 = DIRECTION('',(1.,0.));
#989 = ( GEOMETRIC_REPRESENTATION_CONTEXT(2) 
PARAMETRIC_REPRESENTATION_CONTEXT() REPRESENTATION_CONTEXT('2D SPACE',''
  ) );
#990 = ADVANCED_FACE('',(#991),#128,.F.);
#991 = FACE_BOUND('',#992,.F.);
#992 = EDGE_LOOP('',(#993,#1016,#1044,#1072,#1093,#1094));
#993 = ORIENTED_EDGE('',*,*,#994,.T.);
#994 = EDGE_CURVE('',#85,#995,#997,.T.);
#995 = VERTEX_POINT('',#996);
#996 = CARTESIAN_POINT('',(0.668,-0.1875,1.56E-02));
#997 = SURFACE_CURVE('',#998,(#1002,#1009),.PCURVE_S1.);
#998 = LINE('',#999,#1000);
#999 = CARTESIAN_POINT('',(0.6562,-0.1875,1.56E-02));
#1000 = VECTOR('',#1001,1.);
#1001 = DIRECTION('',(1.,0.,0.));
#1002 = PCURVE('',#128,#1003);
#1003 = DEFINITIONAL_REPRESENTATION('',(#1004),#1008);
#1004 = LINE('',#1005,#1006);
#1005 = CARTESIAN_POINT('',(-5.9E-03,-9.375E-02));
#1006 = VECTOR('',#1007,1.);
#1007 = DIRECTION('',(1.,0.));
#1008 = ( GEOMETRIC_REPRESENTATION_CONTEXT(2) 
PARAMETRIC_REPRESENTATION_CONTEXT() REPRESENTATION_CONTEXT('2D SPACE',''
  ) );
#1009 = PCURVE('',#898,#1010);
#1010 = DEFINITIONAL_REPRESENTATION('',(#1011),#1015);
#1011 = LINE('',#1012,#1013);
#1012 = CARTESIAN_POINT('',(0.,0.));
#1013 = VECTOR('',#1014,1.);
#1014 = DIRECTION('',(1.,0.));
#1015 = ( GEOMETRIC_REPRESENTATION_CONTEXT(2) 
PARAMETRIC_REPRESENTATION_CONTEXT() REPRESENTATION_CONTEXT('2D SPACE',''
  ) );
#1016 = ORIENTED_EDGE('',*,*,#1017,.T.);
#1017 = EDGE_CURVE('',#995,#1018,#1020,.T.);
#1018 = VERTEX_POINT('',#1019);
#1019 = CARTESIAN_POINT('',(0.668,0.,1.56E-02));
#1020 = SURFACE_CURVE('',#1021,(#1025,#1032),.PCURVE_S1.);
#1021 = LINE('',#1022,#1023);
#1022 = CARTESIAN_POINT('',(0.668,-0.1875,1.56E-02));
#1023 = VECTOR('',#1024,1.);
#1024 = DIRECTION('',(0.,1.,0.));
#1025 = PCURVE('',#128,#1026);
#1026 = DEFINITIONAL_REPRESENTATION('',(#1027),#1031);
#1027 = LINE('',#1028,#1029);
#1028 = CARTESIAN_POINT('',(5.9E-03,-9.375E-02));
#1029 = VECTOR('',#1030,1.);
#1030 = DIRECTION('',(0.,1.));
#1031 = ( GEOMETRIC_REPRESENTATION_CONTEXT(2) 
PARAMETRIC_REPRESENTATION_CONTEXT() REPRESENTATION_CONTEXT('2D SPACE',''
  ) );
#1032 = PCURVE('',#1033,#1038);
#1033 = PLANE('',#1034);
#1034 = AXIS2_PLACEMENT_3D('',#1035,#1036,#1037);
#1035 = CARTESIAN_POINT('',(0.668,-0.1875,1.56E-02));
#1036 = DIRECTION('',(-1.,0.,0.));
#1037 = DIRECTION('',(0.,1.,0.));
#1038 = DEFINITIONAL_REPRESENTATION('',(#1039),#1043);
#1039 = LINE('',#1040,#1041);
#1040 = CARTESIAN_POINT('',(0.,0.));
#1041 = VECTOR('',#1042,1.);
#1042 = DIRECTION('',(1.,0.));
#1043 = ( GEOMETRIC_REPRESENTATION_CONTEXT(2) 
PARAMETRIC_REPRESENTATION_CONTEXT() REPRESENTATION_CONTEXT('2D SPACE',''
  ) );
#1044 = ORIENTED_EDGE('',*,*,#1045,.T.);
#1045 = EDGE_CURVE('',#1018,#1046,#1048,.T.);
#1046 = VERTEX_POINT('',#1047);
#1047 = CARTESIAN_POINT('',(0.6562,0.,1.56E-02));
#1048 = SURFACE_CURVE('',#1049,(#1053,#1060),.PCURVE_S1.);
#1049 = LINE('',#1050,#1051);
#1050 = CARTESIAN_POINT('',(0.668,0.,1.56E-02));
#1051 = VECTOR('',#1052,1.);
#1052 = DIRECTION('',(-1.,0.,0.));
#1053 = PCURVE('',#128,#1054);
#1054 = DEFINITIONAL_REPRESENTATION('',(#1055),#1059);
#1055 = LINE('',#1056,#1057);
#1056 = CARTESIAN_POINT('',(5.9E-03,9.375E-02));
#1057 = VECTOR('',#1058,1.);
#1058 = DIRECTION('',(-1.,0.));
#1059 = ( GEOMETRIC_REPRESENTATION_CONTEXT(2) 
PARAMETRIC_REPRESENTATION_CONTEXT() REPRESENTATION_CONTEXT('2D SPACE',''
  ) );
#1060 = PCURVE('',#1061,#1066);
#1061 = PLANE('',#1062);
#1062 = AXIS2_PLACEMENT_3D('',#1063,#1064,#1065);
#1063 = CARTESIAN_POINT('',(0.668,0.,1.56E-02));
#1064 = DIRECTION('',(0.,-1.,0.));
#1065 = DIRECTION('',(-1.,0.,0.));
#1066 = DEFINITIONAL_REPRESENTATION('',(#1067),#1071);
#1067 = LINE('',#1068,#1069);
#1068 = CARTESIAN_POINT('',(0.,-0.));
#1069 = VECTOR('',#1070,1.);
#1070 = DIRECTION('',(1.,0.));
#1071 = ( GEOMETRIC_REPRESENTATION_CONTEXT(2) 
PARAMETRIC_REPRESENTATION_CONTEXT() REPRESENTATION_CONTEXT('2D SPACE',''
  ) );
#1072 = ORIENTED_EDGE('',*,*,#1073,.T.);
#1073 = EDGE_CURVE('',#1046,#671,#1074,.T.);
#1074 = SURFACE_CURVE('',#1075,(#1079,#1086),.PCURVE_S1.);
#1075 = LINE('',#1076,#1077);
#1076 = CARTESIAN_POINT('',(0.6562,0.,1.56E-02));
#1077 = VECTOR('',#1078,1.);
#1078 = DIRECTION('',(0.,-1.,0.));
#1079 = PCURVE('',#128,#1080);
#1080 = DEFINITIONAL_REPRESENTATION('',(#1081),#1085);
#1081 = LINE('',#1082,#1083);
#1082 = CARTESIAN_POINT('',(-5.9E-03,9.375E-02));
#1083 = VECTOR('',#1084,1.);
#1084 = DIRECTION('',(0.,-1.));
#1085 = ( GEOMETRIC_REPRESENTATION_CONTEXT(2) 
PARAMETRIC_REPRESENTATION_CONTEXT() REPRESENTATION_CONTEXT('2D SPACE',''
  ) );
#1086 = PCURVE('',#924,#1087);
#1087 = DEFINITIONAL_REPRESENTATION('',(#1088),#1092);
#1088 = LINE('',#1089,#1090);
#1089 = CARTESIAN_POINT('',(0.,0.));
#1090 = VECTOR('',#1091,1.);
#1091 = DIRECTION('',(1.,0.));
#1092 = ( GEOMETRIC_REPRESENTATION_CONTEXT(2) 
PARAMETRIC_REPRESENTATION_CONTEXT() REPRESENTATION_CONTEXT('2D SPACE',''
  ) );
#1093 = ORIENTED_EDGE('',*,*,#670,.F.);
#1094 = ORIENTED_EDGE('',*,*,#112,.F.);
#1095 = ADVANCED_FACE('',(#1096),#72,.F.);
#1096 = FACE_BOUND('',#1097,.F.);
#1097 = EDGE_LOOP('',(#1098,#1119,#1120,#1121));
#1098 = ORIENTED_EDGE('',*,*,#1099,.T.);
#1099 = EDGE_CURVE('',#224,#838,#1100,.T.);
#1100 = SURFACE_CURVE('',#1101,(#1105,#1112),.PCURVE_S1.);
#1101 = LINE('',#1102,#1103);
#1102 = CARTESIAN_POINT('',(0.,-0.3125,0.));
#1103 = VECTOR('',#1104,1.);
#1104 = DIRECTION('',(0.,0.,1.));
#1105 = PCURVE('',#72,#1106);
#1106 = DEFINITIONAL_REPRESENTATION('',(#1107),#1111);
#1107 = LINE('',#1108,#1109);
#1108 = CARTESIAN_POINT('',(0.,0.));
#1109 = VECTOR('',#1110,1.);
#1110 = DIRECTION('',(0.,-1.));
#1111 = ( GEOMETRIC_REPRESENTATION_CONTEXT(2) 
PARAMETRIC_REPRESENTATION_CONTEXT() REPRESENTATION_CONTEXT('2D SPACE',''
  ) );
#1112 = PCURVE('',#239,#1113);
#1113 = DEFINITIONAL_REPRESENTATION('',(#1114),#1118);
#1114 = LINE('',#1115,#1116);
#1115 = CARTESIAN_POINT('',(0.3076,0.));
#1116 = VECTOR('',#1117,1.);
#1117 = DIRECTION('',(0.,-1.));
#1118 = ( GEOMETRIC_REPRESENTATION_CONTEXT(2) 
PARAMETRIC_REPRESENTATION_CONTEXT() REPRESENTATION_CONTEXT('2D SPACE',''
  ) );
#1119 = ORIENTED_EDGE('',*,*,#860,.T.);
#1120 = ORIENTED_EDGE('',*,*,#56,.F.);
#1121 = ORIENTED_EDGE('',*,*,#251,.F.);
#1122 = ADVANCED_FACE('',(#1123),#239,.F.);
#1123 = FACE_BOUND('',#1124,.F.);
#1124 = EDGE_LOOP('',(#1125,#1126,#1149,#1177,#1205,#1226,#1227,#1228));
#1125 = ORIENTED_EDGE('',*,*,#744,.T.);
#1126 = ORIENTED_EDGE('',*,*,#1127,.F.);
#1127 = EDGE_CURVE('',#1128,#717,#1130,.T.);
#1128 = VERTEX_POINT('',#1129);
#1129 = CARTESIAN_POINT('',(0.,0.,1.56E-02));
#1130 = SURFACE_CURVE('',#1131,(#1135,#1142),.PCURVE_S1.);
#1131 = LINE('',#1132,#1133);
#1132 = CARTESIAN_POINT('',(0.,0.,1.56E-02));
#1133 = VECTOR('',#1134,1.);
#1134 = DIRECTION('',(0.,-1.,0.));
#1135 = PCURVE('',#239,#1136);
#1136 = DEFINITIONAL_REPRESENTATION('',(#1137),#1141);
#1137 = LINE('',#1138,#1139);
#1138 = CARTESIAN_POINT('',(-4.9E-03,-1.56E-02));
#1139 = VECTOR('',#1140,1.);
#1140 = DIRECTION('',(1.,0.));
#1141 = ( GEOMETRIC_REPRESENTATION_CONTEXT(2) 
PARAMETRIC_REPRESENTATION_CONTEXT() REPRESENTATION_CONTEXT('2D SPACE',''
  ) );
#1142 = PCURVE('',#732,#1143);
#1143 = DEFINITIONAL_REPRESENTATION('',(#1144),#1148);
#1144 = LINE('',#1145,#1146);
#1145 = CARTESIAN_POINT('',(-5.9E-03,9.375E-02));
#1146 = VECTOR('',#1147,1.);
#1147 = DIRECTION('',(0.,-1.));
#1148 = ( GEOMETRIC_REPRESENTATION_CONTEXT(2) 
PARAMETRIC_REPRESENTATION_CONTEXT() REPRESENTATION_CONTEXT('2D SPACE',''
  ) );
#1149 = ORIENTED_EDGE('',*,*,#1150,.T.);
#1150 = EDGE_CURVE('',#1128,#1151,#1153,.T.);
#1151 = VERTEX_POINT('',#1152);
#1152 = CARTESIAN_POINT('',(0.,0.,0.75));
#1153 = SURFACE_CURVE('',#1154,(#1158,#1165),.PCURVE_S1.);
#1154 = LINE('',#1155,#1156);
#1155 = CARTESIAN_POINT('',(0.,0.,1.56E-02));
#1156 = VECTOR('',#1157,1.);
#1157 = DIRECTION('',(0.,0.,1.));
#1158 = PCURVE('',#239,#1159);
#1159 = DEFINITIONAL_REPRESENTATION('',(#1160),#1164);
#1160 = LINE('',#1161,#1162);
#1161 = CARTESIAN_POINT('',(-4.9E-03,-1.56E-02));
#1162 = VECTOR('',#1163,1.);
#1163 = DIRECTION('',(0.,-1.));
#1164 = ( GEOMETRIC_REPRESENTATION_CONTEXT(2) 
PARAMETRIC_REPRESENTATION_CONTEXT() REPRESENTATION_CONTEXT('2D SPACE',''
  ) );
#1165 = PCURVE('',#1166,#1171);
#1166 = PLANE('',#1167);
#1167 = AXIS2_PLACEMENT_3D('',#1168,#1169,#1170);
#1168 = CARTESIAN_POINT('',(1.18E-02,0.,1.56E-02));
#1169 = DIRECTION('',(0.,-1.,0.));
#1170 = DIRECTION('',(-1.,0.,0.));
#1171 = DEFINITIONAL_REPRESENTATION('',(#1172),#1176);
#1172 = LINE('',#1173,#1174);
#1173 = CARTESIAN_POINT('',(1.18E-02,0.));
#1174 = VECTOR('',#1175,1.);
#1175 = DIRECTION('',(0.,-1.));
#1176 = ( GEOMETRIC_REPRESENTATION_CONTEXT(2) 
PARAMETRIC_REPRESENTATION_CONTEXT() REPRESENTATION_CONTEXT('2D SPACE',''
  ) );
#1177 = ORIENTED_EDGE('',*,*,#1178,.T.);
#1178 = EDGE_CURVE('',#1151,#1179,#1181,.T.);
#1179 = VERTEX_POINT('',#1180);
#1180 = CARTESIAN_POINT('',(0.,-0.1875,0.75));
#1181 = SURFACE_CURVE('',#1182,(#1186,#1193),.PCURVE_S1.);
#1182 = LINE('',#1183,#1184);
#1183 = CARTESIAN_POINT('',(0.,0.,0.75));
#1184 = VECTOR('',#1185,1.);
#1185 = DIRECTION('',(0.,-1.,0.));
#1186 = PCURVE('',#239,#1187);
#1187 = DEFINITIONAL_REPRESENTATION('',(#1188),#1192);
#1188 = LINE('',#1189,#1190);
#1189 = CARTESIAN_POINT('',(-4.9E-03,-0.75));
#1190 = VECTOR('',#1191,1.);
#1191 = DIRECTION('',(1.,0.));
#1192 = ( GEOMETRIC_REPRESENTATION_CONTEXT(2) 
PARAMETRIC_REPRESENTATION_CONTEXT() REPRESENTATION_CONTEXT('2D SPACE',''
  ) );
#1193 = PCURVE('',#1194,#1199);
#1194 = PLANE('',#1195);
#1195 = AXIS2_PLACEMENT_3D('',#1196,#1197,#1198);
#1196 = CARTESIAN_POINT('',(5.9E-03,-9.375E-02,0.75));
#1197 = DIRECTION('',(0.,0.,1.));
#1198 = DIRECTION('',(1.,0.,-0.));
#1199 = DEFINITIONAL_REPRESENTATION('',(#1200),#1204);
#1200 = LINE('',#1201,#1202);
#1201 = CARTESIAN_POINT('',(-5.9E-03,9.375E-02));
#1202 = VECTOR('',#1203,1.);
#1203 = DIRECTION('',(0.,-1.));
#1204 = ( GEOMETRIC_REPRESENTATION_CONTEXT(2) 
PARAMETRIC_REPRESENTATION_CONTEXT() REPRESENTATION_CONTEXT('2D SPACE',''
  ) );
#1205 = ORIENTED_EDGE('',*,*,#1206,.F.);
#1206 = EDGE_CURVE('',#836,#1179,#1207,.T.);
#1207 = SURFACE_CURVE('',#1208,(#1212,#1219),.PCURVE_S1.);
#1208 = LINE('',#1209,#1210);
#1209 = CARTESIAN_POINT('',(0.,-0.1875,1.56E-02));
#1210 = VECTOR('',#1211,1.);
#1211 = DIRECTION('',(0.,0.,1.));
#1212 = PCURVE('',#239,#1213);
#1213 = DEFINITIONAL_REPRESENTATION('',(#1214),#1218);
#1214 = LINE('',#1215,#1216);
#1215 = CARTESIAN_POINT('',(0.1826,-1.56E-02));
#1216 = VECTOR('',#1217,1.);
#1217 = DIRECTION('',(0.,-1.));
#1218 = ( GEOMETRIC_REPRESENTATION_CONTEXT(2) 
PARAMETRIC_REPRESENTATION_CONTEXT() REPRESENTATION_CONTEXT('2D SPACE',''
  ) );
#1219 = PCURVE('',#979,#1220);
#1220 = DEFINITIONAL_REPRESENTATION('',(#1221),#1225);
#1221 = LINE('',#1222,#1223);
#1222 = CARTESIAN_POINT('',(0.,0.));
#1223 = VECTOR('',#1224,1.);
#1224 = DIRECTION('',(0.,-1.));
#1225 = ( GEOMETRIC_REPRESENTATION_CONTEXT(2) 
PARAMETRIC_REPRESENTATION_CONTEXT() REPRESENTATION_CONTEXT('2D SPACE',''
  ) );
#1226 = ORIENTED_EDGE('',*,*,#835,.T.);
#1227 = ORIENTED_EDGE('',*,*,#1099,.F.);
#1228 = ORIENTED_EDGE('',*,*,#221,.F.);
#1229 = ADVANCED_FACE('',(#1230),#410,.F.);
#1230 = FACE_BOUND('',#1231,.F.);
#1231 = EDGE_LOOP('',(#1232,#1233,#1256,#1284,#1312,#1333));
#1232 = ORIENTED_EDGE('',*,*,#395,.F.);
#1233 = ORIENTED_EDGE('',*,*,#1234,.T.);
#1234 = EDGE_CURVE('',#370,#1235,#1237,.T.);
#1235 = VERTEX_POINT('',#1236);
#1236 = CARTESIAN_POINT('',(2.009504641785E-02,-0.31240619694,
    -0.507459995687));
#1237 = SURFACE_CURVE('',#1238,(#1242,#1249),.PCURVE_S1.);
#1238 = LINE('',#1239,#1240);
#1239 = CARTESIAN_POINT('',(7.653948532838E-03,-0.31240619694,
    1.875780124583E-04));
#1240 = VECTOR('',#1241,1.);
#1241 = DIRECTION('',(2.4499995835E-02,0.,-0.999699830051));
#1242 = PCURVE('',#410,#1243);
#1243 = DEFINITIONAL_REPRESENTATION('',(#1244),#1248);
#1244 = LINE('',#1245,#1246);
#1245 = CARTESIAN_POINT('',(0.,0.));
#1246 = VECTOR('',#1247,1.);
#1247 = DIRECTION('',(-7.594303671306E-20,-1.));
#1248 = ( GEOMETRIC_REPRESENTATION_CONTEXT(2) 
PARAMETRIC_REPRESENTATION_CONTEXT() REPRESENTATION_CONTEXT('2D SPACE',''
  ) );
#1249 = PCURVE('',#384,#1250);
#1250 = DEFINITIONAL_REPRESENTATION('',(#1251),#1255);
#1251 = LINE('',#1252,#1253);
#1252 = CARTESIAN_POINT('',(9.9E-03,-1.532861521704E-20));
#1253 = VECTOR('',#1254,1.);
#1254 = DIRECTION('',(-1.469196084349E-17,-1.));
#1255 = ( GEOMETRIC_REPRESENTATION_CONTEXT(2) 
PARAMETRIC_REPRESENTATION_CONTEXT() REPRESENTATION_CONTEXT('2D SPACE',''
  ) );
#1256 = ORIENTED_EDGE('',*,*,#1257,.T.);
#1257 = EDGE_CURVE('',#1235,#1258,#1260,.T.);
#1258 = VERTEX_POINT('',#1259);
#1259 = CARTESIAN_POINT('',(1.244109788501E-02,0.,-0.5076475737));
#1260 = SURFACE_CURVE('',#1261,(#1265,#1272),.PCURVE_S1.);
#1261 = LINE('',#1262,#1263);
#1262 = CARTESIAN_POINT('',(2.009504641785E-02,-0.31240619694,
    -0.507459995687));
#1263 = VECTOR('',#1264,1.);
#1264 = DIRECTION('',(-2.449263530508E-02,0.999699830207,
    -6.002496398665E-04));
#1265 = PCURVE('',#410,#1266);
#1266 = DEFINITIONAL_REPRESENTATION('',(#1267),#1271);
#1267 = LINE('',#1268,#1269);
#1268 = CARTESIAN_POINT('',(5.592958983338E-20,-0.5078));
#1269 = VECTOR('',#1270,1.);
#1270 = DIRECTION('',(1.,-1.40897397784E-19));
#1271 = ( GEOMETRIC_REPRESENTATION_CONTEXT(2) 
PARAMETRIC_REPRESENTATION_CONTEXT() REPRESENTATION_CONTEXT('2D SPACE',''
  ) );
#1272 = PCURVE('',#1273,#1278);
#1273 = PLANE('',#1274);
#1274 = AXIS2_PLACEMENT_3D('',#1275,#1276,#1277);
#1275 = CARTESIAN_POINT('',(2.121510091572E-02,-0.156081823522,
    -0.507432546117));
#1276 = DIRECTION('',(2.4499995835E-02,-0.,-0.999699830051));
#1277 = DIRECTION('',(-0.999699830051,0.,-2.4499995835E-02));
#1278 = DEFINITIONAL_REPRESENTATION('',(#1279),#1283);
#1279 = LINE('',#1280,#1281);
#1280 = CARTESIAN_POINT('',(1.120390805515E-03,-0.156324373418));
#1281 = VECTOR('',#1282,1.);
#1282 = DIRECTION('',(2.449998946567E-02,0.999699830207));
#1283 = ( GEOMETRIC_REPRESENTATION_CONTEXT(2) 
PARAMETRIC_REPRESENTATION_CONTEXT() REPRESENTATION_CONTEXT('2D SPACE',''
  ) );
#1284 = ORIENTED_EDGE('',*,*,#1285,.F.);
#1285 = EDGE_CURVE('',#1286,#1258,#1288,.T.);
#1286 = VERTEX_POINT('',#1287);
#1287 = CARTESIAN_POINT('',(0.,0.,0.));
#1288 = SURFACE_CURVE('',#1289,(#1293,#1300),.PCURVE_S1.);
#1289 = LINE('',#1290,#1291);
#1290 = CARTESIAN_POINT('',(0.,0.,0.));
#1291 = VECTOR('',#1292,1.);
#1292 = DIRECTION('',(2.4499995835E-02,0.,-0.999699830051));
#1293 = PCURVE('',#410,#1294);
#1294 = DEFINITIONAL_REPRESENTATION('',(#1295),#1299);
#1295 = LINE('',#1296,#1297);
#1296 = CARTESIAN_POINT('',(0.3125,-1.69192804033E-20));
#1297 = VECTOR('',#1298,1.);
#1298 = DIRECTION('',(-7.594303671306E-20,-1.));
#1299 = ( GEOMETRIC_REPRESENTATION_CONTEXT(2) 
PARAMETRIC_REPRESENTATION_CONTEXT() REPRESENTATION_CONTEXT('2D SPACE',''
  ) );
#1300 = PCURVE('',#1301,#1306);
#1301 = PLANE('',#1302);
#1302 = AXIS2_PLACEMENT_3D('',#1303,#1304,#1305);
#1303 = CARTESIAN_POINT('',(3.751090935044E-19,6.922231133141E-18,
    -1.299175780103E-20));
#1304 = DIRECTION('',(2.449263530508E-02,-0.999699830207,
    6.002496398664E-04));
#1305 = DIRECTION('',(0.99939975036,2.449998946567E-02,
    2.449264167633E-02));
#1306 = DEFINITIONAL_REPRESENTATION('',(#1307),#1311);
#1307 = LINE('',#1308,#1309);
#1308 = CARTESIAN_POINT('',(-5.441603217784E-19,2.217802929428E-20));
#1309 = VECTOR('',#1310,1.);
#1310 = DIRECTION('',(7.754108363292E-18,-1.));
#1311 = ( GEOMETRIC_REPRESENTATION_CONTEXT(2) 
PARAMETRIC_REPRESENTATION_CONTEXT() REPRESENTATION_CONTEXT('2D SPACE',''
  ) );
#1312 = ORIENTED_EDGE('',*,*,#1313,.F.);
#1313 = EDGE_CURVE('',#767,#1286,#1314,.T.);
#1314 = SURFACE_CURVE('',#1315,(#1319,#1326),.PCURVE_S1.);
#1315 = LINE('',#1316,#1317);
#1316 = CARTESIAN_POINT('',(7.653948532838E-03,-0.31240619694,
    1.875780124583E-04));
#1317 = VECTOR('',#1318,1.);
#1318 = DIRECTION('',(-2.449263530508E-02,0.999699830207,
    -6.002496398665E-04));
#1319 = PCURVE('',#410,#1320);
#1320 = DEFINITIONAL_REPRESENTATION('',(#1321),#1325);
#1321 = LINE('',#1322,#1323);
#1322 = CARTESIAN_POINT('',(0.,0.));
#1323 = VECTOR('',#1324,1.);
#1324 = DIRECTION('',(1.,-1.40897397784E-19));
#1325 = ( GEOMETRIC_REPRESENTATION_CONTEXT(2) 
PARAMETRIC_REPRESENTATION_CONTEXT() REPRESENTATION_CONTEXT('2D SPACE',''
  ) );
#1326 = PCURVE('',#802,#1327);
#1327 = DEFINITIONAL_REPRESENTATION('',(#1328),#1332);
#1328 = LINE('',#1329,#1330);
#1329 = CARTESIAN_POINT('',(1.120390805515E-03,-0.156324373418));
#1330 = VECTOR('',#1331,1.);
#1331 = DIRECTION('',(2.449998946567E-02,0.999699830207));
#1332 = ( GEOMETRIC_REPRESENTATION_CONTEXT(2) 
PARAMETRIC_REPRESENTATION_CONTEXT() REPRESENTATION_CONTEXT('2D SPACE',''
  ) );
#1333 = ORIENTED_EDGE('',*,*,#766,.F.);
#1334 = ADVANCED_FACE('',(#1335),#384,.F.);
#1335 = FACE_BOUND('',#1336,.F.);
#1336 = EDGE_LOOP('',(#1337,#1338,#1361,#1382));
#1337 = ORIENTED_EDGE('',*,*,#369,.F.);
#1338 = ORIENTED_EDGE('',*,*,#1339,.T.);
#1339 = EDGE_CURVE('',#344,#1340,#1342,.T.);
#1340 = VERTEX_POINT('',#1341);
#1341 = CARTESIAN_POINT('',(2.998910394642E-02,-0.312163647044,
    -0.507217518535));
#1342 = SURFACE_CURVE('',#1343,(#1347,#1354),.PCURVE_S1.);
#1343 = LINE('',#1344,#1345);
#1344 = CARTESIAN_POINT('',(1.75480060614E-02,-0.312163647044,
    4.300551650539E-04));
#1345 = VECTOR('',#1346,1.);
#1346 = DIRECTION('',(2.4499995835E-02,0.,-0.999699830051));
#1347 = PCURVE('',#384,#1348);
#1348 = DEFINITIONAL_REPRESENTATION('',(#1349),#1353);
#1349 = LINE('',#1350,#1351);
#1350 = CARTESIAN_POINT('',(-0.,0.));
#1351 = VECTOR('',#1352,1.);
#1352 = DIRECTION('',(-1.469196084349E-17,-1.));
#1353 = ( GEOMETRIC_REPRESENTATION_CONTEXT(2) 
PARAMETRIC_REPRESENTATION_CONTEXT() REPRESENTATION_CONTEXT('2D SPACE',''
  ) );
#1354 = PCURVE('',#358,#1355);
#1355 = DEFINITIONAL_REPRESENTATION('',(#1356),#1360);
#1356 = LINE('',#1357,#1358);
#1357 = CARTESIAN_POINT('',(0.3125,4.404874308374E-20));
#1358 = VECTOR('',#1359,1.);
#1359 = DIRECTION('',(4.011060549855E-19,-1.));
#1360 = ( GEOMETRIC_REPRESENTATION_CONTEXT(2) 
PARAMETRIC_REPRESENTATION_CONTEXT() REPRESENTATION_CONTEXT('2D SPACE',''
  ) );
#1361 = ORIENTED_EDGE('',*,*,#1362,.T.);
#1362 = EDGE_CURVE('',#1340,#1235,#1363,.T.);
#1363 = SURFACE_CURVE('',#1364,(#1368,#1375),.PCURVE_S1.);
#1364 = LINE('',#1365,#1366);
#1365 = CARTESIAN_POINT('',(2.998910394642E-02,-0.312163647044,
    -0.507217518535));
#1366 = VECTOR('',#1367,1.);
#1367 = DIRECTION('',(-0.99939975036,-2.449998946567E-02,
    -2.449264167633E-02));
#1368 = PCURVE('',#384,#1369);
#1369 = DEFINITIONAL_REPRESENTATION('',(#1370),#1374);
#1370 = LINE('',#1371,#1372);
#1371 = CARTESIAN_POINT('',(-5.287917628396E-18,-0.5078));
#1372 = VECTOR('',#1373,1.);
#1373 = DIRECTION('',(1.,-1.90401501291E-18));
#1374 = ( GEOMETRIC_REPRESENTATION_CONTEXT(2) 
PARAMETRIC_REPRESENTATION_CONTEXT() REPRESENTATION_CONTEXT('2D SPACE',''
  ) );
#1375 = PCURVE('',#1273,#1376);
#1376 = DEFINITIONAL_REPRESENTATION('',(#1377),#1381);
#1377 = LINE('',#1378,#1379);
#1378 = CARTESIAN_POINT('',(-8.776637513536E-03,-0.156081823522));
#1379 = VECTOR('',#1380,1.);
#1380 = DIRECTION('',(0.999699830207,-2.449998946567E-02));
#1381 = ( GEOMETRIC_REPRESENTATION_CONTEXT(2) 
PARAMETRIC_REPRESENTATION_CONTEXT() REPRESENTATION_CONTEXT('2D SPACE',''
  ) );
#1382 = ORIENTED_EDGE('',*,*,#1234,.F.);
#1383 = ADVANCED_FACE('',(#1384),#358,.F.);
#1384 = FACE_BOUND('',#1385,.F.);
#1385 = EDGE_LOOP('',(#1386,#1409,#1432,#1453,#1454,#1455));
#1386 = ORIENTED_EDGE('',*,*,#1387,.F.);
#1387 = EDGE_CURVE('',#1388,#788,#1390,.T.);
#1388 = VERTEX_POINT('',#1389);
#1389 = CARTESIAN_POINT('',(9.894057528565E-03,2.425498957101E-04,
    2.424771525956E-04));
#1390 = SURFACE_CURVE('',#1391,(#1395,#1402),.PCURVE_S1.);
#1391 = LINE('',#1392,#1393);
#1392 = CARTESIAN_POINT('',(9.894057528565E-03,2.425498957101E-04,
    2.424771525956E-04));
#1393 = VECTOR('',#1394,1.);
#1394 = DIRECTION('',(2.449263530508E-02,-0.999699830207,
    6.002496398664E-04));
#1395 = PCURVE('',#358,#1396);
#1396 = DEFINITIONAL_REPRESENTATION('',(#1397),#1401);
#1397 = LINE('',#1398,#1399);
#1398 = CARTESIAN_POINT('',(0.,0.));
#1399 = VECTOR('',#1400,1.);
#1400 = DIRECTION('',(1.,1.409950312573E-19));
#1401 = ( GEOMETRIC_REPRESENTATION_CONTEXT(2) 
PARAMETRIC_REPRESENTATION_CONTEXT() REPRESENTATION_CONTEXT('2D SPACE',''
  ) );
#1402 = PCURVE('',#802,#1403);
#1403 = DEFINITIONAL_REPRESENTATION('',(#1404),#1408);
#1404 = LINE('',#1405,#1406);
#1405 = CARTESIAN_POINT('',(-1.120390805515E-03,0.156324373418));
#1406 = VECTOR('',#1407,1.);
#1407 = DIRECTION('',(-2.449998946567E-02,-0.999699830207));
#1408 = ( GEOMETRIC_REPRESENTATION_CONTEXT(2) 
PARAMETRIC_REPRESENTATION_CONTEXT() REPRESENTATION_CONTEXT('2D SPACE',''
  ) );
#1409 = ORIENTED_EDGE('',*,*,#1410,.T.);
#1410 = EDGE_CURVE('',#1388,#1411,#1413,.T.);
#1411 = VERTEX_POINT('',#1412);
#1412 = CARTESIAN_POINT('',(2.233515541358E-02,2.425498957101E-04,
    -0.507405096547));
#1413 = SURFACE_CURVE('',#1414,(#1418,#1425),.PCURVE_S1.);
#1414 = LINE('',#1415,#1416);
#1415 = CARTESIAN_POINT('',(9.894057528565E-03,2.425498957101E-04,
    2.424771525956E-04));
#1416 = VECTOR('',#1417,1.);
#1417 = DIRECTION('',(2.4499995835E-02,0.,-0.999699830051));
#1418 = PCURVE('',#358,#1419);
#1419 = DEFINITIONAL_REPRESENTATION('',(#1420),#1424);
#1420 = LINE('',#1421,#1422);
#1421 = CARTESIAN_POINT('',(0.,0.));
#1422 = VECTOR('',#1423,1.);
#1423 = DIRECTION('',(4.011060549855E-19,-1.));
#1424 = ( GEOMETRIC_REPRESENTATION_CONTEXT(2) 
PARAMETRIC_REPRESENTATION_CONTEXT() REPRESENTATION_CONTEXT('2D SPACE',''
  ) );
#1425 = PCURVE('',#1301,#1426);
#1426 = DEFINITIONAL_REPRESENTATION('',(#1427),#1431);
#1427 = LINE('',#1428,#1429);
#1428 = CARTESIAN_POINT('',(9.9E-03,1.550516163068E-20));
#1429 = VECTOR('',#1430,1.);
#1430 = DIRECTION('',(7.754108363292E-18,-1.));
#1431 = ( GEOMETRIC_REPRESENTATION_CONTEXT(2) 
PARAMETRIC_REPRESENTATION_CONTEXT() REPRESENTATION_CONTEXT('2D SPACE',''
  ) );
#1432 = ORIENTED_EDGE('',*,*,#1433,.T.);
#1433 = EDGE_CURVE('',#1411,#1340,#1434,.T.);
#1434 = SURFACE_CURVE('',#1435,(#1439,#1446),.PCURVE_S1.);
#1435 = LINE('',#1436,#1437);
#1436 = CARTESIAN_POINT('',(2.233515541358E-02,2.425498957101E-04,
    -0.507405096547));
#1437 = VECTOR('',#1438,1.);
#1438 = DIRECTION('',(2.449263530508E-02,-0.999699830207,
    6.002496398664E-04));
#1439 = PCURVE('',#358,#1440);
#1440 = DEFINITIONAL_REPRESENTATION('',(#1441),#1445);
#1441 = LINE('',#1442,#1443);
#1442 = CARTESIAN_POINT('',(5.497808222108E-20,-0.5078));
#1443 = VECTOR('',#1444,1.);
#1444 = DIRECTION('',(1.,1.409950312573E-19));
#1445 = ( GEOMETRIC_REPRESENTATION_CONTEXT(2) 
PARAMETRIC_REPRESENTATION_CONTEXT() REPRESENTATION_CONTEXT('2D SPACE',''
  ) );
#1446 = PCURVE('',#1273,#1447);
#1447 = DEFINITIONAL_REPRESENTATION('',(#1448),#1452);
#1448 = LINE('',#1449,#1450);
#1449 = CARTESIAN_POINT('',(-1.120390805515E-03,0.156324373418));
#1450 = VECTOR('',#1451,1.);
#1451 = DIRECTION('',(-2.449998946567E-02,-0.999699830207));
#1452 = ( GEOMETRIC_REPRESENTATION_CONTEXT(2) 
PARAMETRIC_REPRESENTATION_CONTEXT() REPRESENTATION_CONTEXT('2D SPACE',''
  ) );
#1453 = ORIENTED_EDGE('',*,*,#1339,.F.);
#1454 = ORIENTED_EDGE('',*,*,#343,.F.);
#1455 = ORIENTED_EDGE('',*,*,#813,.F.);
#1456 = ADVANCED_FACE('',(#1457),#309,.F.);
#1457 = FACE_BOUND('',#1458,.F.);
#1458 = EDGE_LOOP('',(#1459,#1460,#1461,#1484,#1505,#1506));
#1459 = ORIENTED_EDGE('',*,*,#294,.F.);
#1460 = ORIENTED_EDGE('',*,*,#524,.T.);
#1461 = ORIENTED_EDGE('',*,*,#1462,.T.);
#1462 = EDGE_CURVE('',#497,#1463,#1465,.T.);
#1463 = VERTEX_POINT('',#1464);
#1464 = CARTESIAN_POINT('',(0.668641097885,0.,-0.5076475737));
#1465 = SURFACE_CURVE('',#1466,(#1470,#1477),.PCURVE_S1.);
#1466 = LINE('',#1467,#1468);
#1467 = CARTESIAN_POINT('',(0.676295046418,-0.31240619694,
    -0.507459995687));
#1468 = VECTOR('',#1469,1.);
#1469 = DIRECTION('',(-2.449263530508E-02,0.999699830207,
    -6.002496398664E-04));
#1470 = PCURVE('',#309,#1471);
#1471 = DEFINITIONAL_REPRESENTATION('',(#1472),#1476);
#1472 = LINE('',#1473,#1474);
#1473 = CARTESIAN_POINT('',(4.354003502033E-19,-0.5078));
#1474 = VECTOR('',#1475,1.);
#1475 = DIRECTION('',(1.,-3.250972502657E-20));
#1476 = ( GEOMETRIC_REPRESENTATION_CONTEXT(2) 
PARAMETRIC_REPRESENTATION_CONTEXT() REPRESENTATION_CONTEXT('2D SPACE',''
  ) );
#1477 = PCURVE('',#512,#1478);
#1478 = DEFINITIONAL_REPRESENTATION('',(#1479),#1483);
#1479 = LINE('',#1480,#1481);
#1480 = CARTESIAN_POINT('',(1.120390805514E-03,-0.156324373418));
#1481 = VECTOR('',#1482,1.);
#1482 = DIRECTION('',(2.449998946567E-02,0.999699830207));
#1483 = ( GEOMETRIC_REPRESENTATION_CONTEXT(2) 
PARAMETRIC_REPRESENTATION_CONTEXT() REPRESENTATION_CONTEXT('2D SPACE',''
  ) );
#1484 = ORIENTED_EDGE('',*,*,#1485,.F.);
#1485 = EDGE_CURVE('',#551,#1463,#1486,.T.);
#1486 = SURFACE_CURVE('',#1487,(#1491,#1498),.PCURVE_S1.);
#1487 = LINE('',#1488,#1489);
#1488 = CARTESIAN_POINT('',(0.6562,0.,0.));
#1489 = VECTOR('',#1490,1.);
#1490 = DIRECTION('',(2.4499995835E-02,0.,-0.999699830051));
#1491 = PCURVE('',#309,#1492);
#1492 = DEFINITIONAL_REPRESENTATION('',(#1493),#1497);
#1493 = LINE('',#1494,#1495);
#1494 = CARTESIAN_POINT('',(0.3125,-1.692741652607E-20));
#1495 = VECTOR('',#1496,1.);
#1496 = DIRECTION('',(2.417721960004E-18,-1.));
#1497 = ( GEOMETRIC_REPRESENTATION_CONTEXT(2) 
PARAMETRIC_REPRESENTATION_CONTEXT() REPRESENTATION_CONTEXT('2D SPACE',''
  ) );
#1498 = PCURVE('',#568,#1499);
#1499 = DEFINITIONAL_REPRESENTATION('',(#1500),#1504);
#1500 = LINE('',#1501,#1502);
#1501 = CARTESIAN_POINT('',(-1.018910485404E-22,2.497829586278E-24));
#1502 = VECTOR('',#1503,1.);
#1503 = DIRECTION('',(-6.161400220149E-17,-1.));
#1504 = ( GEOMETRIC_REPRESENTATION_CONTEXT(2) 
PARAMETRIC_REPRESENTATION_CONTEXT() REPRESENTATION_CONTEXT('2D SPACE',''
  ) );
#1505 = ORIENTED_EDGE('',*,*,#624,.F.);
#1506 = ORIENTED_EDGE('',*,*,#649,.F.);
#1507 = ADVANCED_FACE('',(#1508),#512,.T.);
#1508 = FACE_BOUND('',#1509,.T.);
#1509 = EDGE_LOOP('',(#1510,#1533,#1534,#1535));
#1510 = ORIENTED_EDGE('',*,*,#1511,.T.);
#1511 = EDGE_CURVE('',#1512,#469,#1514,.T.);
#1512 = VERTEX_POINT('',#1513);
#1513 = CARTESIAN_POINT('',(0.678535155414,2.425498957101E-04,
    -0.507405096547));
#1514 = SURFACE_CURVE('',#1515,(#1519,#1526),.PCURVE_S1.);
#1515 = LINE('',#1516,#1517);
#1516 = CARTESIAN_POINT('',(0.678535155414,2.425498957101E-04,
    -0.507405096547));
#1517 = VECTOR('',#1518,1.);
#1518 = DIRECTION('',(2.449263530508E-02,-0.999699830207,
    6.002496398664E-04));
#1519 = PCURVE('',#512,#1520);
#1520 = DEFINITIONAL_REPRESENTATION('',(#1521),#1525);
#1521 = LINE('',#1522,#1523);
#1522 = CARTESIAN_POINT('',(-1.120390805515E-03,0.156324373418));
#1523 = VECTOR('',#1524,1.);
#1524 = DIRECTION('',(-2.449998946567E-02,-0.999699830207));
#1525 = ( GEOMETRIC_REPRESENTATION_CONTEXT(2) 
PARAMETRIC_REPRESENTATION_CONTEXT() REPRESENTATION_CONTEXT('2D SPACE',''
  ) );
#1526 = PCURVE('',#484,#1527);
#1527 = DEFINITIONAL_REPRESENTATION('',(#1528),#1532);
#1528 = LINE('',#1529,#1530);
#1529 = CARTESIAN_POINT('',(5.420399082376E-19,-0.5078));
#1530 = VECTOR('',#1531,1.);
#1531 = DIRECTION('',(1.,3.257481400872E-20));
#1532 = ( GEOMETRIC_REPRESENTATION_CONTEXT(2) 
PARAMETRIC_REPRESENTATION_CONTEXT() REPRESENTATION_CONTEXT('2D SPACE',''
  ) );
#1533 = ORIENTED_EDGE('',*,*,#496,.T.);
#1534 = ORIENTED_EDGE('',*,*,#1462,.T.);
#1535 = ORIENTED_EDGE('',*,*,#1536,.T.);
#1536 = EDGE_CURVE('',#1463,#1512,#1537,.T.);
#1537 = SURFACE_CURVE('',#1538,(#1542,#1549),.PCURVE_S1.);
#1538 = LINE('',#1539,#1540);
#1539 = CARTESIAN_POINT('',(0.668641097885,6.936811057561E-18,
    -0.5076475737));
#1540 = VECTOR('',#1541,1.);
#1541 = DIRECTION('',(0.99939975036,2.449998946567E-02,
    2.449264167633E-02));
#1542 = PCURVE('',#512,#1543);
#1543 = DEFINITIONAL_REPRESENTATION('',(#1544),#1548);
#1544 = LINE('',#1545,#1546);
#1545 = CARTESIAN_POINT('',(8.776637513536E-03,0.156081823522));
#1546 = VECTOR('',#1547,1.);
#1547 = DIRECTION('',(-0.999699830207,2.449998946567E-02));
#1548 = ( GEOMETRIC_REPRESENTATION_CONTEXT(2) 
PARAMETRIC_REPRESENTATION_CONTEXT() REPRESENTATION_CONTEXT('2D SPACE',''
  ) );
#1549 = PCURVE('',#568,#1550);
#1550 = DEFINITIONAL_REPRESENTATION('',(#1551),#1555);
#1551 = LINE('',#1552,#1553);
#1552 = CARTESIAN_POINT('',(1.261280799919E-18,-0.5078));
#1553 = VECTOR('',#1554,1.);
#1554 = DIRECTION('',(1.,2.63132117085E-18));
#1555 = ( GEOMETRIC_REPRESENTATION_CONTEXT(2) 
PARAMETRIC_REPRESENTATION_CONTEXT() REPRESENTATION_CONTEXT('2D SPACE',''
  ) );
#1556 = ADVANCED_FACE('',(#1557),#484,.F.);
#1557 = FACE_BOUND('',#1558,.F.);
#1558 = EDGE_LOOP('',(#1559,#1580,#1581,#1582));
#1559 = ORIENTED_EDGE('',*,*,#1560,.T.);
#1560 = EDGE_CURVE('',#553,#1512,#1561,.T.);
#1561 = SURFACE_CURVE('',#1562,(#1566,#1573),.PCURVE_S1.);
#1562 = LINE('',#1563,#1564);
#1563 = CARTESIAN_POINT('',(0.666094057529,2.425498957101E-04,
    2.424771525956E-04));
#1564 = VECTOR('',#1565,1.);
#1565 = DIRECTION('',(2.4499995835E-02,0.,-0.999699830051));
#1566 = PCURVE('',#484,#1567);
#1567 = DEFINITIONAL_REPRESENTATION('',(#1568),#1572);
#1568 = LINE('',#1569,#1570);
#1569 = CARTESIAN_POINT('',(0.,0.));
#1570 = VECTOR('',#1571,1.);
#1571 = DIRECTION('',(-2.200946614489E-18,-1.));
#1572 = ( GEOMETRIC_REPRESENTATION_CONTEXT(2) 
PARAMETRIC_REPRESENTATION_CONTEXT() REPRESENTATION_CONTEXT('2D SPACE',''
  ) );
#1573 = PCURVE('',#568,#1574);
#1574 = DEFINITIONAL_REPRESENTATION('',(#1575),#1579);
#1575 = LINE('',#1576,#1577);
#1576 = CARTESIAN_POINT('',(9.9E-03,-4.452807616757E-19));
#1577 = VECTOR('',#1578,1.);
#1578 = DIRECTION('',(-6.161400220149E-17,-1.));
#1579 = ( GEOMETRIC_REPRESENTATION_CONTEXT(2) 
PARAMETRIC_REPRESENTATION_CONTEXT() REPRESENTATION_CONTEXT('2D SPACE',''
  ) );
#1580 = ORIENTED_EDGE('',*,*,#1511,.T.);
#1581 = ORIENTED_EDGE('',*,*,#468,.F.);
#1582 = ORIENTED_EDGE('',*,*,#580,.F.);
#1583 = ADVANCED_FACE('',(#1584),#568,.F.);
#1584 = FACE_BOUND('',#1585,.F.);
#1585 = EDGE_LOOP('',(#1586,#1587,#1588,#1589));
#1586 = ORIENTED_EDGE('',*,*,#1485,.T.);
#1587 = ORIENTED_EDGE('',*,*,#1536,.T.);
#1588 = ORIENTED_EDGE('',*,*,#1560,.F.);
#1589 = ORIENTED_EDGE('',*,*,#550,.F.);
#1590 = ADVANCED_FACE('',(#1591),#802,.F.);
#1591 = FACE_BOUND('',#1592,.F.);
#1592 = EDGE_LOOP('',(#1593,#1614,#1615,#1616));
#1593 = ORIENTED_EDGE('',*,*,#1594,.T.);
#1594 = EDGE_CURVE('',#1286,#1388,#1595,.T.);
#1595 = SURFACE_CURVE('',#1596,(#1600,#1607),.PCURVE_S1.);
#1596 = LINE('',#1597,#1598);
#1597 = CARTESIAN_POINT('',(3.751090935044E-19,6.922231133141E-18,
    -1.299175780103E-20));
#1598 = VECTOR('',#1599,1.);
#1599 = DIRECTION('',(0.99939975036,2.449998946567E-02,
    2.449264167633E-02));
#1600 = PCURVE('',#802,#1601);
#1601 = DEFINITIONAL_REPRESENTATION('',(#1602),#1606);
#1602 = LINE('',#1603,#1604);
#1603 = CARTESIAN_POINT('',(8.776637513536E-03,0.156081823522));
#1604 = VECTOR('',#1605,1.);
#1605 = DIRECTION('',(-0.999699830207,2.449998946567E-02));
#1606 = ( GEOMETRIC_REPRESENTATION_CONTEXT(2) 
PARAMETRIC_REPRESENTATION_CONTEXT() REPRESENTATION_CONTEXT('2D SPACE',''
  ) );
#1607 = PCURVE('',#1301,#1608);
#1608 = DEFINITIONAL_REPRESENTATION('',(#1609),#1613);
#1609 = LINE('',#1610,#1611);
#1610 = CARTESIAN_POINT('',(0.,0.));
#1611 = VECTOR('',#1612,1.);
#1612 = DIRECTION('',(1.,2.65214964514E-18));
#1613 = ( GEOMETRIC_REPRESENTATION_CONTEXT(2) 
PARAMETRIC_REPRESENTATION_CONTEXT() REPRESENTATION_CONTEXT('2D SPACE',''
  ) );
#1614 = ORIENTED_EDGE('',*,*,#1387,.T.);
#1615 = ORIENTED_EDGE('',*,*,#787,.F.);
#1616 = ORIENTED_EDGE('',*,*,#1313,.T.);
#1617 = ADVANCED_FACE('',(#1618),#732,.F.);
#1618 = FACE_BOUND('',#1619,.F.);
#1619 = EDGE_LOOP('',(#1620,#1621,#1644,#1665));
#1620 = ORIENTED_EDGE('',*,*,#716,.F.);
#1621 = ORIENTED_EDGE('',*,*,#1622,.T.);
#1622 = EDGE_CURVE('',#694,#1623,#1625,.T.);
#1623 = VERTEX_POINT('',#1624);
#1624 = CARTESIAN_POINT('',(1.18E-02,0.,1.56E-02));
#1625 = SURFACE_CURVE('',#1626,(#1630,#1637),.PCURVE_S1.);
#1626 = LINE('',#1627,#1628);
#1627 = CARTESIAN_POINT('',(1.18E-02,-0.1875,1.56E-02));
#1628 = VECTOR('',#1629,1.);
#1629 = DIRECTION('',(0.,1.,0.));
#1630 = PCURVE('',#732,#1631);
#1631 = DEFINITIONAL_REPRESENTATION('',(#1632),#1636);
#1632 = LINE('',#1633,#1634);
#1633 = CARTESIAN_POINT('',(5.9E-03,-9.375E-02));
#1634 = VECTOR('',#1635,1.);
#1635 = DIRECTION('',(0.,1.));
#1636 = ( GEOMETRIC_REPRESENTATION_CONTEXT(2) 
PARAMETRIC_REPRESENTATION_CONTEXT() REPRESENTATION_CONTEXT('2D SPACE',''
  ) );
#1637 = PCURVE('',#953,#1638);
#1638 = DEFINITIONAL_REPRESENTATION('',(#1639),#1643);
#1639 = LINE('',#1640,#1641);
#1640 = CARTESIAN_POINT('',(0.,0.));
#1641 = VECTOR('',#1642,1.);
#1642 = DIRECTION('',(1.,0.));
#1643 = ( GEOMETRIC_REPRESENTATION_CONTEXT(2) 
PARAMETRIC_REPRESENTATION_CONTEXT() REPRESENTATION_CONTEXT('2D SPACE',''
  ) );
#1644 = ORIENTED_EDGE('',*,*,#1645,.T.);
#1645 = EDGE_CURVE('',#1623,#1128,#1646,.T.);
#1646 = SURFACE_CURVE('',#1647,(#1651,#1658),.PCURVE_S1.);
#1647 = LINE('',#1648,#1649);
#1648 = CARTESIAN_POINT('',(1.18E-02,0.,1.56E-02));
#1649 = VECTOR('',#1650,1.);
#1650 = DIRECTION('',(-1.,0.,0.));
#1651 = PCURVE('',#732,#1652);
#1652 = DEFINITIONAL_REPRESENTATION('',(#1653),#1657);
#1653 = LINE('',#1654,#1655);
#1654 = CARTESIAN_POINT('',(5.9E-03,9.375E-02));
#1655 = VECTOR('',#1656,1.);
#1656 = DIRECTION('',(-1.,0.));
#1657 = ( GEOMETRIC_REPRESENTATION_CONTEXT(2) 
PARAMETRIC_REPRESENTATION_CONTEXT() REPRESENTATION_CONTEXT('2D SPACE',''
  ) );
#1658 = PCURVE('',#1166,#1659);
#1659 = DEFINITIONAL_REPRESENTATION('',(#1660),#1664);
#1660 = LINE('',#1661,#1662);
#1661 = CARTESIAN_POINT('',(0.,-0.));
#1662 = VECTOR('',#1663,1.);
#1663 = DIRECTION('',(1.,0.));
#1664 = ( GEOMETRIC_REPRESENTATION_CONTEXT(2) 
PARAMETRIC_REPRESENTATION_CONTEXT() REPRESENTATION_CONTEXT('2D SPACE',''
  ) );
#1665 = ORIENTED_EDGE('',*,*,#1127,.T.);
#1666 = ADVANCED_FACE('',(#1667),#979,.F.);
#1667 = FACE_BOUND('',#1668,.F.);
#1668 = EDGE_LOOP('',(#1669,#1670,#1693,#1714));
#1669 = ORIENTED_EDGE('',*,*,#1206,.T.);
#1670 = ORIENTED_EDGE('',*,*,#1671,.T.);
#1671 = EDGE_CURVE('',#1179,#1672,#1674,.T.);
#1672 = VERTEX_POINT('',#1673);
#1673 = CARTESIAN_POINT('',(1.18E-02,-0.1875,0.75));
#1674 = SURFACE_CURVE('',#1675,(#1679,#1686),.PCURVE_S1.);
#1675 = LINE('',#1676,#1677);
#1676 = CARTESIAN_POINT('',(0.,-0.1875,0.75));
#1677 = VECTOR('',#1678,1.);
#1678 = DIRECTION('',(1.,0.,0.));
#1679 = PCURVE('',#979,#1680);
#1680 = DEFINITIONAL_REPRESENTATION('',(#1681),#1685);
#1681 = LINE('',#1682,#1683);
#1682 = CARTESIAN_POINT('',(0.,-0.7344));
#1683 = VECTOR('',#1684,1.);
#1684 = DIRECTION('',(1.,0.));
#1685 = ( GEOMETRIC_REPRESENTATION_CONTEXT(2) 
PARAMETRIC_REPRESENTATION_CONTEXT() REPRESENTATION_CONTEXT('2D SPACE',''
  ) );
#1686 = PCURVE('',#1194,#1687);
#1687 = DEFINITIONAL_REPRESENTATION('',(#1688),#1692);
#1688 = LINE('',#1689,#1690);
#1689 = CARTESIAN_POINT('',(-5.9E-03,-9.375E-02));
#1690 = VECTOR('',#1691,1.);
#1691 = DIRECTION('',(1.,0.));
#1692 = ( GEOMETRIC_REPRESENTATION_CONTEXT(2) 
PARAMETRIC_REPRESENTATION_CONTEXT() REPRESENTATION_CONTEXT('2D SPACE',''
  ) );
#1693 = ORIENTED_EDGE('',*,*,#1694,.F.);
#1694 = EDGE_CURVE('',#938,#1672,#1695,.T.);
#1695 = SURFACE_CURVE('',#1696,(#1700,#1707),.PCURVE_S1.);
#1696 = LINE('',#1697,#1698);
#1697 = CARTESIAN_POINT('',(1.18E-02,-0.1875,1.56E-02));
#1698 = VECTOR('',#1699,1.);
#1699 = DIRECTION('',(0.,0.,1.));
#1700 = PCURVE('',#979,#1701);
#1701 = DEFINITIONAL_REPRESENTATION('',(#1702),#1706);
#1702 = LINE('',#1703,#1704);
#1703 = CARTESIAN_POINT('',(1.18E-02,0.));
#1704 = VECTOR('',#1705,1.);
#1705 = DIRECTION('',(0.,-1.));
#1706 = ( GEOMETRIC_REPRESENTATION_CONTEXT(2) 
PARAMETRIC_REPRESENTATION_CONTEXT() REPRESENTATION_CONTEXT('2D SPACE',''
  ) );
#1707 = PCURVE('',#953,#1708);
#1708 = DEFINITIONAL_REPRESENTATION('',(#1709),#1713);
#1709 = LINE('',#1710,#1711);
#1710 = CARTESIAN_POINT('',(0.,0.));
#1711 = VECTOR('',#1712,1.);
#1712 = DIRECTION('',(0.,-1.));
#1713 = ( GEOMETRIC_REPRESENTATION_CONTEXT(2) 
PARAMETRIC_REPRESENTATION_CONTEXT() REPRESENTATION_CONTEXT('2D SPACE',''
  ) );
#1714 = ORIENTED_EDGE('',*,*,#965,.F.);
#1715 = ADVANCED_FACE('',(#1716),#953,.F.);
#1716 = FACE_BOUND('',#1717,.F.);
#1717 = EDGE_LOOP('',(#1718,#1719,#1742,#1763,#1764));
#1718 = ORIENTED_EDGE('',*,*,#1694,.T.);
#1719 = ORIENTED_EDGE('',*,*,#1720,.T.);
#1720 = EDGE_CURVE('',#1672,#1721,#1723,.T.);
#1721 = VERTEX_POINT('',#1722);
#1722 = CARTESIAN_POINT('',(1.18E-02,0.,0.75));
#1723 = SURFACE_CURVE('',#1724,(#1728,#1735),.PCURVE_S1.);
#1724 = LINE('',#1725,#1726);
#1725 = CARTESIAN_POINT('',(1.18E-02,-0.1875,0.75));
#1726 = VECTOR('',#1727,1.);
#1727 = DIRECTION('',(0.,1.,0.));
#1728 = PCURVE('',#953,#1729);
#1729 = DEFINITIONAL_REPRESENTATION('',(#1730),#1734);
#1730 = LINE('',#1731,#1732);
#1731 = CARTESIAN_POINT('',(0.,-0.7344));
#1732 = VECTOR('',#1733,1.);
#1733 = DIRECTION('',(1.,0.));
#1734 = ( GEOMETRIC_REPRESENTATION_CONTEXT(2) 
PARAMETRIC_REPRESENTATION_CONTEXT() REPRESENTATION_CONTEXT('2D SPACE',''
  ) );
#1735 = PCURVE('',#1194,#1736);
#1736 = DEFINITIONAL_REPRESENTATION('',(#1737),#1741);
#1737 = LINE('',#1738,#1739);
#1738 = CARTESIAN_POINT('',(5.9E-03,-9.375E-02));
#1739 = VECTOR('',#1740,1.);
#1740 = DIRECTION('',(0.,1.));
#1741 = ( GEOMETRIC_REPRESENTATION_CONTEXT(2) 
PARAMETRIC_REPRESENTATION_CONTEXT() REPRESENTATION_CONTEXT('2D SPACE',''
  ) );
#1742 = ORIENTED_EDGE('',*,*,#1743,.F.);
#1743 = EDGE_CURVE('',#1623,#1721,#1744,.T.);
#1744 = SURFACE_CURVE('',#1745,(#1749,#1756),.PCURVE_S1.);
#1745 = LINE('',#1746,#1747);
#1746 = CARTESIAN_POINT('',(1.18E-02,0.,1.56E-02));
#1747 = VECTOR('',#1748,1.);
#1748 = DIRECTION('',(0.,0.,1.));
#1749 = PCURVE('',#953,#1750);
#1750 = DEFINITIONAL_REPRESENTATION('',(#1751),#1755);
#1751 = LINE('',#1752,#1753);
#1752 = CARTESIAN_POINT('',(0.1875,0.));
#1753 = VECTOR('',#1754,1.);
#1754 = DIRECTION('',(0.,-1.));
#1755 = ( GEOMETRIC_REPRESENTATION_CONTEXT(2) 
PARAMETRIC_REPRESENTATION_CONTEXT() REPRESENTATION_CONTEXT('2D SPACE',''
  ) );
#1756 = PCURVE('',#1166,#1757);
#1757 = DEFINITIONAL_REPRESENTATION('',(#1758),#1762);
#1758 = LINE('',#1759,#1760);
#1759 = CARTESIAN_POINT('',(0.,-0.));
#1760 = VECTOR('',#1761,1.);
#1761 = DIRECTION('',(0.,-1.));
#1762 = ( GEOMETRIC_REPRESENTATION_CONTEXT(2) 
PARAMETRIC_REPRESENTATION_CONTEXT() REPRESENTATION_CONTEXT('2D SPACE',''
  ) );
#1763 = ORIENTED_EDGE('',*,*,#1622,.F.);
#1764 = ORIENTED_EDGE('',*,*,#937,.F.);
#1765 = ADVANCED_FACE('',(#1766),#924,.F.);
#1766 = FACE_BOUND('',#1767,.F.);
#1767 = EDGE_LOOP('',(#1768,#1791,#1819,#1840,#1841));
#1768 = ORIENTED_EDGE('',*,*,#1769,.T.);
#1769 = EDGE_CURVE('',#1046,#1770,#1772,.T.);
#1770 = VERTEX_POINT('',#1771);
#1771 = CARTESIAN_POINT('',(0.6562,0.,0.75));
#1772 = SURFACE_CURVE('',#1773,(#1777,#1784),.PCURVE_S1.);
#1773 = LINE('',#1774,#1775);
#1774 = CARTESIAN_POINT('',(0.6562,0.,1.56E-02));
#1775 = VECTOR('',#1776,1.);
#1776 = DIRECTION('',(0.,0.,1.));
#1777 = PCURVE('',#924,#1778);
#1778 = DEFINITIONAL_REPRESENTATION('',(#1779),#1783);
#1779 = LINE('',#1780,#1781);
#1780 = CARTESIAN_POINT('',(0.,0.));
#1781 = VECTOR('',#1782,1.);
#1782 = DIRECTION('',(0.,-1.));
#1783 = ( GEOMETRIC_REPRESENTATION_CONTEXT(2) 
PARAMETRIC_REPRESENTATION_CONTEXT() REPRESENTATION_CONTEXT('2D SPACE',''
  ) );
#1784 = PCURVE('',#1061,#1785);
#1785 = DEFINITIONAL_REPRESENTATION('',(#1786),#1790);
#1786 = LINE('',#1787,#1788);
#1787 = CARTESIAN_POINT('',(1.18E-02,0.));
#1788 = VECTOR('',#1789,1.);
#1789 = DIRECTION('',(0.,-1.));
#1790 = ( GEOMETRIC_REPRESENTATION_CONTEXT(2) 
PARAMETRIC_REPRESENTATION_CONTEXT() REPRESENTATION_CONTEXT('2D SPACE',''
  ) );
#1791 = ORIENTED_EDGE('',*,*,#1792,.T.);
#1792 = EDGE_CURVE('',#1770,#1793,#1795,.T.);
#1793 = VERTEX_POINT('',#1794);
#1794 = CARTESIAN_POINT('',(0.6562,-0.1875,0.75));
#1795 = SURFACE_CURVE('',#1796,(#1800,#1807),.PCURVE_S1.);
#1796 = LINE('',#1797,#1798);
#1797 = CARTESIAN_POINT('',(0.6562,0.,0.75));
#1798 = VECTOR('',#1799,1.);
#1799 = DIRECTION('',(0.,-1.,0.));
#1800 = PCURVE('',#924,#1801);
#1801 = DEFINITIONAL_REPRESENTATION('',(#1802),#1806);
#1802 = LINE('',#1803,#1804);
#1803 = CARTESIAN_POINT('',(0.,-0.7344));
#1804 = VECTOR('',#1805,1.);
#1805 = DIRECTION('',(1.,0.));
#1806 = ( GEOMETRIC_REPRESENTATION_CONTEXT(2) 
PARAMETRIC_REPRESENTATION_CONTEXT() REPRESENTATION_CONTEXT('2D SPACE',''
  ) );
#1807 = PCURVE('',#1808,#1813);
#1808 = PLANE('',#1809);
#1809 = AXIS2_PLACEMENT_3D('',#1810,#1811,#1812);
#1810 = CARTESIAN_POINT('',(0.6621,-9.375E-02,0.75));
#1811 = DIRECTION('',(0.,0.,1.));
#1812 = DIRECTION('',(1.,0.,-0.));
#1813 = DEFINITIONAL_REPRESENTATION('',(#1814),#1818);
#1814 = LINE('',#1815,#1816);
#1815 = CARTESIAN_POINT('',(-5.9E-03,9.375E-02));
#1816 = VECTOR('',#1817,1.);
#1817 = DIRECTION('',(0.,-1.));
#1818 = ( GEOMETRIC_REPRESENTATION_CONTEXT(2) 
PARAMETRIC_REPRESENTATION_CONTEXT() REPRESENTATION_CONTEXT('2D SPACE',''
  ) );
#1819 = ORIENTED_EDGE('',*,*,#1820,.F.);
#1820 = EDGE_CURVE('',#883,#1793,#1821,.T.);
#1821 = SURFACE_CURVE('',#1822,(#1826,#1833),.PCURVE_S1.);
#1822 = LINE('',#1823,#1824);
#1823 = CARTESIAN_POINT('',(0.6562,-0.1875,1.56E-02));
#1824 = VECTOR('',#1825,1.);
#1825 = DIRECTION('',(0.,0.,1.));
#1826 = PCURVE('',#924,#1827);
#1827 = DEFINITIONAL_REPRESENTATION('',(#1828),#1832);
#1828 = LINE('',#1829,#1830);
#1829 = CARTESIAN_POINT('',(0.1875,0.));
#1830 = VECTOR('',#1831,1.);
#1831 = DIRECTION('',(0.,-1.));
#1832 = ( GEOMETRIC_REPRESENTATION_CONTEXT(2) 
PARAMETRIC_REPRESENTATION_CONTEXT() REPRESENTATION_CONTEXT('2D SPACE',''
  ) );
#1833 = PCURVE('',#898,#1834);
#1834 = DEFINITIONAL_REPRESENTATION('',(#1835),#1839);
#1835 = LINE('',#1836,#1837);
#1836 = CARTESIAN_POINT('',(0.,0.));
#1837 = VECTOR('',#1838,1.);
#1838 = DIRECTION('',(0.,-1.));
#1839 = ( GEOMETRIC_REPRESENTATION_CONTEXT(2) 
PARAMETRIC_REPRESENTATION_CONTEXT() REPRESENTATION_CONTEXT('2D SPACE',''
  ) );
#1840 = ORIENTED_EDGE('',*,*,#910,.F.);
#1841 = ORIENTED_EDGE('',*,*,#1073,.F.);
#1842 = ADVANCED_FACE('',(#1843),#898,.F.);
#1843 = FACE_BOUND('',#1844,.F.);
#1844 = EDGE_LOOP('',(#1845,#1846,#1869,#1890,#1891));
#1845 = ORIENTED_EDGE('',*,*,#1820,.T.);
#1846 = ORIENTED_EDGE('',*,*,#1847,.T.);
#1847 = EDGE_CURVE('',#1793,#1848,#1850,.T.);
#1848 = VERTEX_POINT('',#1849);
#1849 = CARTESIAN_POINT('',(0.668,-0.1875,0.75));
#1850 = SURFACE_CURVE('',#1851,(#1855,#1862),.PCURVE_S1.);
#1851 = LINE('',#1852,#1853);
#1852 = CARTESIAN_POINT('',(0.6562,-0.1875,0.75));
#1853 = VECTOR('',#1854,1.);
#1854 = DIRECTION('',(1.,0.,0.));
#1855 = PCURVE('',#898,#1856);
#1856 = DEFINITIONAL_REPRESENTATION('',(#1857),#1861);
#1857 = LINE('',#1858,#1859);
#1858 = CARTESIAN_POINT('',(0.,-0.7344));
#1859 = VECTOR('',#1860,1.);
#1860 = DIRECTION('',(1.,0.));
#1861 = ( GEOMETRIC_REPRESENTATION_CONTEXT(2) 
PARAMETRIC_REPRESENTATION_CONTEXT() REPRESENTATION_CONTEXT('2D SPACE',''
  ) );
#1862 = PCURVE('',#1808,#1863);
#1863 = DEFINITIONAL_REPRESENTATION('',(#1864),#1868);
#1864 = LINE('',#1865,#1866);
#1865 = CARTESIAN_POINT('',(-5.9E-03,-9.375E-02));
#1866 = VECTOR('',#1867,1.);
#1867 = DIRECTION('',(1.,0.));
#1868 = ( GEOMETRIC_REPRESENTATION_CONTEXT(2) 
PARAMETRIC_REPRESENTATION_CONTEXT() REPRESENTATION_CONTEXT('2D SPACE',''
  ) );
#1869 = ORIENTED_EDGE('',*,*,#1870,.F.);
#1870 = EDGE_CURVE('',#995,#1848,#1871,.T.);
#1871 = SURFACE_CURVE('',#1872,(#1876,#1883),.PCURVE_S1.);
#1872 = LINE('',#1873,#1874);
#1873 = CARTESIAN_POINT('',(0.668,-0.1875,1.56E-02));
#1874 = VECTOR('',#1875,1.);
#1875 = DIRECTION('',(0.,0.,1.));
#1876 = PCURVE('',#898,#1877);
#1877 = DEFINITIONAL_REPRESENTATION('',(#1878),#1882);
#1878 = LINE('',#1879,#1880);
#1879 = CARTESIAN_POINT('',(1.18E-02,0.));
#1880 = VECTOR('',#1881,1.);
#1881 = DIRECTION('',(0.,-1.));
#1882 = ( GEOMETRIC_REPRESENTATION_CONTEXT(2) 
PARAMETRIC_REPRESENTATION_CONTEXT() REPRESENTATION_CONTEXT('2D SPACE',''
  ) );
#1883 = PCURVE('',#1033,#1884);
#1884 = DEFINITIONAL_REPRESENTATION('',(#1885),#1889);
#1885 = LINE('',#1886,#1887);
#1886 = CARTESIAN_POINT('',(0.,0.));
#1887 = VECTOR('',#1888,1.);
#1888 = DIRECTION('',(0.,-1.));
#1889 = ( GEOMETRIC_REPRESENTATION_CONTEXT(2) 
PARAMETRIC_REPRESENTATION_CONTEXT() REPRESENTATION_CONTEXT('2D SPACE',''
  ) );
#1890 = ORIENTED_EDGE('',*,*,#994,.F.);
#1891 = ORIENTED_EDGE('',*,*,#882,.F.);
#1892 = ADVANCED_FACE('',(#1893),#1061,.F.);
#1893 = FACE_BOUND('',#1894,.F.);
#1894 = EDGE_LOOP('',(#1895,#1918,#1939,#1940));
#1895 = ORIENTED_EDGE('',*,*,#1896,.T.);
#1896 = EDGE_CURVE('',#1018,#1897,#1899,.T.);
#1897 = VERTEX_POINT('',#1898);
#1898 = CARTESIAN_POINT('',(0.668,0.,0.75));
#1899 = SURFACE_CURVE('',#1900,(#1904,#1911),.PCURVE_S1.);
#1900 = LINE('',#1901,#1902);
#1901 = CARTESIAN_POINT('',(0.668,0.,1.56E-02));
#1902 = VECTOR('',#1903,1.);
#1903 = DIRECTION('',(0.,0.,1.));
#1904 = PCURVE('',#1061,#1905);
#1905 = DEFINITIONAL_REPRESENTATION('',(#1906),#1910);
#1906 = LINE('',#1907,#1908);
#1907 = CARTESIAN_POINT('',(0.,-0.));
#1908 = VECTOR('',#1909,1.);
#1909 = DIRECTION('',(0.,-1.));
#1910 = ( GEOMETRIC_REPRESENTATION_CONTEXT(2) 
PARAMETRIC_REPRESENTATION_CONTEXT() REPRESENTATION_CONTEXT('2D SPACE',''
  ) );
#1911 = PCURVE('',#1033,#1912);
#1912 = DEFINITIONAL_REPRESENTATION('',(#1913),#1917);
#1913 = LINE('',#1914,#1915);
#1914 = CARTESIAN_POINT('',(0.1875,0.));
#1915 = VECTOR('',#1916,1.);
#1916 = DIRECTION('',(0.,-1.));
#1917 = ( GEOMETRIC_REPRESENTATION_CONTEXT(2) 
PARAMETRIC_REPRESENTATION_CONTEXT() REPRESENTATION_CONTEXT('2D SPACE',''
  ) );
#1918 = ORIENTED_EDGE('',*,*,#1919,.T.);
#1919 = EDGE_CURVE('',#1897,#1770,#1920,.T.);
#1920 = SURFACE_CURVE('',#1921,(#1925,#1932),.PCURVE_S1.);
#1921 = LINE('',#1922,#1923);
#1922 = CARTESIAN_POINT('',(0.668,0.,0.75));
#1923 = VECTOR('',#1924,1.);
#1924 = DIRECTION('',(-1.,0.,0.));
#1925 = PCURVE('',#1061,#1926);
#1926 = DEFINITIONAL_REPRESENTATION('',(#1927),#1931);
#1927 = LINE('',#1928,#1929);
#1928 = CARTESIAN_POINT('',(0.,-0.7344));
#1929 = VECTOR('',#1930,1.);
#1930 = DIRECTION('',(1.,0.));
#1931 = ( GEOMETRIC_REPRESENTATION_CONTEXT(2) 
PARAMETRIC_REPRESENTATION_CONTEXT() REPRESENTATION_CONTEXT('2D SPACE',''
  ) );
#1932 = PCURVE('',#1808,#1933);
#1933 = DEFINITIONAL_REPRESENTATION('',(#1934),#1938);
#1934 = LINE('',#1935,#1936);
#1935 = CARTESIAN_POINT('',(5.9E-03,9.375E-02));
#1936 = VECTOR('',#1937,1.);
#1937 = DIRECTION('',(-1.,0.));
#1938 = ( GEOMETRIC_REPRESENTATION_CONTEXT(2) 
PARAMETRIC_REPRESENTATION_CONTEXT() REPRESENTATION_CONTEXT('2D SPACE',''
  ) );
#1939 = ORIENTED_EDGE('',*,*,#1769,.F.);
#1940 = ORIENTED_EDGE('',*,*,#1045,.F.);
#1941 = ADVANCED_FACE('',(#1942),#1033,.F.);
#1942 = FACE_BOUND('',#1943,.F.);
#1943 = EDGE_LOOP('',(#1944,#1945,#1966,#1967));
#1944 = ORIENTED_EDGE('',*,*,#1870,.T.);
#1945 = ORIENTED_EDGE('',*,*,#1946,.T.);
#1946 = EDGE_CURVE('',#1848,#1897,#1947,.T.);
#1947 = SURFACE_CURVE('',#1948,(#1952,#1959),.PCURVE_S1.);
#1948 = LINE('',#1949,#1950);
#1949 = CARTESIAN_POINT('',(0.668,-0.1875,0.75));
#1950 = VECTOR('',#1951,1.);
#1951 = DIRECTION('',(0.,1.,0.));
#1952 = PCURVE('',#1033,#1953);
#1953 = DEFINITIONAL_REPRESENTATION('',(#1954),#1958);
#1954 = LINE('',#1955,#1956);
#1955 = CARTESIAN_POINT('',(0.,-0.7344));
#1956 = VECTOR('',#1957,1.);
#1957 = DIRECTION('',(1.,0.));
#1958 = ( GEOMETRIC_REPRESENTATION_CONTEXT(2) 
PARAMETRIC_REPRESENTATION_CONTEXT() REPRESENTATION_CONTEXT('2D SPACE',''
  ) );
#1959 = PCURVE('',#1808,#1960);
#1960 = DEFINITIONAL_REPRESENTATION('',(#1961),#1965);
#1961 = LINE('',#1962,#1963);
#1962 = CARTESIAN_POINT('',(5.9E-03,-9.375E-02));
#1963 = VECTOR('',#1964,1.);
#1964 = DIRECTION('',(0.,1.));
#1965 = ( GEOMETRIC_REPRESENTATION_CONTEXT(2) 
PARAMETRIC_REPRESENTATION_CONTEXT() REPRESENTATION_CONTEXT('2D SPACE',''
  ) );
#1966 = ORIENTED_EDGE('',*,*,#1896,.F.);
#1967 = ORIENTED_EDGE('',*,*,#1017,.F.);
#1968 = ADVANCED_FACE('',(#1969),#1166,.F.);
#1969 = FACE_BOUND('',#1970,.F.);
#1970 = EDGE_LOOP('',(#1971,#1972,#1993,#1994));
#1971 = ORIENTED_EDGE('',*,*,#1743,.T.);
#1972 = ORIENTED_EDGE('',*,*,#1973,.T.);
#1973 = EDGE_CURVE('',#1721,#1151,#1974,.T.);
#1974 = SURFACE_CURVE('',#1975,(#1979,#1986),.PCURVE_S1.);
#1975 = LINE('',#1976,#1977);
#1976 = CARTESIAN_POINT('',(1.18E-02,0.,0.75));
#1977 = VECTOR('',#1978,1.);
#1978 = DIRECTION('',(-1.,0.,0.));
#1979 = PCURVE('',#1166,#1980);
#1980 = DEFINITIONAL_REPRESENTATION('',(#1981),#1985);
#1981 = LINE('',#1982,#1983);
#1982 = CARTESIAN_POINT('',(0.,-0.7344));
#1983 = VECTOR('',#1984,1.);
#1984 = DIRECTION('',(1.,0.));
#1985 = ( GEOMETRIC_REPRESENTATION_CONTEXT(2) 
PARAMETRIC_REPRESENTATION_CONTEXT() REPRESENTATION_CONTEXT('2D SPACE',''
  ) );
#1986 = PCURVE('',#1194,#1987);
#1987 = DEFINITIONAL_REPRESENTATION('',(#1988),#1992);
#1988 = LINE('',#1989,#1990);
#1989 = CARTESIAN_POINT('',(5.9E-03,9.375E-02));
#1990 = VECTOR('',#1991,1.);
#1991 = DIRECTION('',(-1.,0.));
#1992 = ( GEOMETRIC_REPRESENTATION_CONTEXT(2) 
PARAMETRIC_REPRESENTATION_CONTEXT() REPRESENTATION_CONTEXT('2D SPACE',''
  ) );
#1993 = ORIENTED_EDGE('',*,*,#1150,.F.);
#1994 = ORIENTED_EDGE('',*,*,#1645,.F.);
#1995 = ADVANCED_FACE('',(#1996),#1194,.T.);
#1996 = FACE_BOUND('',#1997,.T.);
#1997 = EDGE_LOOP('',(#1998,#1999,#2000,#2001));
#1998 = ORIENTED_EDGE('',*,*,#1720,.T.);
#1999 = ORIENTED_EDGE('',*,*,#1973,.T.);
#2000 = ORIENTED_EDGE('',*,*,#1178,.T.);
#2001 = ORIENTED_EDGE('',*,*,#1671,.T.);
#2002 = ADVANCED_FACE('',(#2003),#1301,.F.);
#2003 = FACE_BOUND('',#2004,.F.);
#2004 = EDGE_LOOP('',(#2005,#2006,#2027,#2028));
#2005 = ORIENTED_EDGE('',*,*,#1285,.T.);
#2006 = ORIENTED_EDGE('',*,*,#2007,.T.);
#2007 = EDGE_CURVE('',#1258,#1411,#2008,.T.);
#2008 = SURFACE_CURVE('',#2009,(#2013,#2020),.PCURVE_S1.);
#2009 = LINE('',#2010,#2011);
#2010 = CARTESIAN_POINT('',(1.244109788501E-02,6.922231133141E-18,
    -0.5076475737));
#2011 = VECTOR('',#2012,1.);
#2012 = DIRECTION('',(0.99939975036,2.449998946567E-02,
    2.449264167633E-02));
#2013 = PCURVE('',#1301,#2014);
#2014 = DEFINITIONAL_REPRESENTATION('',(#2015),#2019);
#2015 = LINE('',#2016,#2017);
#2016 = CARTESIAN_POINT('',(1.791937825179E-18,-0.5078));
#2017 = VECTOR('',#2018,1.);
#2018 = DIRECTION('',(1.,2.65214964514E-18));
#2019 = ( GEOMETRIC_REPRESENTATION_CONTEXT(2) 
PARAMETRIC_REPRESENTATION_CONTEXT() REPRESENTATION_CONTEXT('2D SPACE',''
  ) );
#2020 = PCURVE('',#1273,#2021);
#2021 = DEFINITIONAL_REPRESENTATION('',(#2022),#2026);
#2022 = LINE('',#2023,#2024);
#2023 = CARTESIAN_POINT('',(8.776637513536E-03,0.156081823522));
#2024 = VECTOR('',#2025,1.);
#2025 = DIRECTION('',(-0.999699830207,2.449998946567E-02));
#2026 = ( GEOMETRIC_REPRESENTATION_CONTEXT(2) 
PARAMETRIC_REPRESENTATION_CONTEXT() REPRESENTATION_CONTEXT('2D SPACE',''
  ) );
#2027 = ORIENTED_EDGE('',*,*,#1410,.F.);
#2028 = ORIENTED_EDGE('',*,*,#1594,.F.);
#2029 = ADVANCED_FACE('',(#2030),#1273,.T.);
#2030 = FACE_BOUND('',#2031,.T.);
#2031 = EDGE_LOOP('',(#2032,#2033,#2034,#2035));
#2032 = ORIENTED_EDGE('',*,*,#1433,.T.);
#2033 = ORIENTED_EDGE('',*,*,#1362,.T.);
#2034 = ORIENTED_EDGE('',*,*,#1257,.T.);
#2035 = ORIENTED_EDGE('',*,*,#2007,.T.);
#2036 = ADVANCED_FACE('',(#2037),#1808,.T.);
#2037 = FACE_BOUND('',#2038,.T.);
#2038 = EDGE_LOOP('',(#2039,#2040,#2041,#2042));
#2039 = ORIENTED_EDGE('',*,*,#1946,.T.);
#2040 = ORIENTED_EDGE('',*,*,#1919,.T.);
#2041 = ORIENTED_EDGE('',*,*,#1792,.T.);
#2042 = ORIENTED_EDGE('',*,*,#1847,.T.);
#2043 = ( GEOMETRIC_REPRESENTATION_CONTEXT(3) 
GLOBAL_UNCERTAINTY_ASSIGNED_CONTEXT((#2047)) 
GLOBAL_UNIT_ASSIGNED_CONTEXT((#2044,#2045,#2046)) REPRESENTATION_CONTEXT
('Context #1','3D Context with UNIT and UNCERTAINTY') );
#2044 = ( LENGTH_UNIT() NAMED_UNIT(*) SI_UNIT(.MILLI.,.METRE.) );
#2045 = ( NAMED_UNIT(*) PLANE_ANGLE_UNIT() SI_UNIT($,.RADIAN.) );
#2046 = ( NAMED_UNIT(*) SI_UNIT($,.STERADIAN.) SOLID_ANGLE_UNIT() );
#2047 = UNCERTAINTY_MEASURE_WITH_UNIT(LENGTH_MEASURE(1.E-07),#2044,
  'distance_accuracy_value','confusion accuracy');
#2048 = PRODUCT_RELATED_PRODUCT_CATEGORY('part',$,(#7));
ENDSEC;
END-ISO-10303-21;
