ISO-10303-21;
HEADER;
FILE_DESCRIPTION(('Open CASCADE Model'),'2;1');
FILE_NAME('Open CASCADE Shape Model','2025-07-21T09:02:17',('Author'),(
    'Open CASCADE'),'Open CASCADE STEP processor 7.7','Open CASCADE 7.7'
  ,'Unknown');
FILE_SCHEMA(('AUTOMOTIVE_DESIGN { 1 0 10303 214 1 1 1 1 }'));
ENDSEC;
DATA;
#1 = APPLICATION_PROTOCOL_DEFINITION('international standard',
  'automotive_design',2000,#2);
#2 = APPLICATION_CONTEXT(
  'core data for automotive mechanical design processes');
#3 = SHAPE_DEFINITION_REPRESENTATION(#4,#10);
#4 = PRODUCT_DEFINITION_SHAPE('','',#5);
#5 = PRODUCT_DEFINITION('design','',#6,#9);
#6 = PRODUCT_DEFINITION_FORMATION('','',#7);
#7 = PRODUCT('Open CASCADE STEP translator 7.7 1',
  'Open CASCADE STEP translator 7.7 1','',(#8));
#8 = PRODUCT_CONTEXT('',#2,'mechanical');
#9 = PRODUCT_DEFINITION_CONTEXT('part definition',#2,'design');
#10 = SHAPE_REPRESENTATION('',(#11,#15,#19,#23),#27);
#11 = AXIS2_PLACEMENT_3D('',#12,#13,#14);
#12 = CARTESIAN_POINT('',(0.,0.,0.));
#13 = DIRECTION('',(0.,0.,1.));
#14 = DIRECTION('',(1.,0.,-0.));
#15 = AXIS2_PLACEMENT_3D('',#16,#17,#18);
#16 = CARTESIAN_POINT('',(0.,0.,0.));
#17 = DIRECTION('',(0.,0.,1.));
#18 = DIRECTION('',(1.,0.,-0.));
#19 = AXIS2_PLACEMENT_3D('',#20,#21,#22);
#20 = CARTESIAN_POINT('',(0.,0.,0.));
#21 = DIRECTION('',(0.,0.,1.));
#22 = DIRECTION('',(1.,0.,-0.));
#23 = AXIS2_PLACEMENT_3D('',#24,#25,#26);
#24 = CARTESIAN_POINT('',(0.,0.,0.));
#25 = DIRECTION('',(0.,0.,1.));
#26 = DIRECTION('',(1.,0.,-0.));
#27 = ( GEOMETRIC_REPRESENTATION_CONTEXT(3) 
GLOBAL_UNCERTAINTY_ASSIGNED_CONTEXT((#31)) GLOBAL_UNIT_ASSIGNED_CONTEXT(
(#28,#29,#30)) REPRESENTATION_CONTEXT('Context #1',
  '3D Context with UNIT and UNCERTAINTY') );
#28 = ( LENGTH_UNIT() NAMED_UNIT(*) SI_UNIT(.MILLI.,.METRE.) );
#29 = ( NAMED_UNIT(*) PLANE_ANGLE_UNIT() SI_UNIT($,.RADIAN.) );
#30 = ( NAMED_UNIT(*) SI_UNIT($,.STERADIAN.) SOLID_ANGLE_UNIT() );
#31 = UNCERTAINTY_MEASURE_WITH_UNIT(LENGTH_MEASURE(1.E-06),#28,
  'distance_accuracy_value','confusion accuracy');
#32 = PRODUCT_RELATED_PRODUCT_CATEGORY('part',$,(#7));
#33 = SHAPE_DEFINITION_REPRESENTATION(#34,#40);
#34 = PRODUCT_DEFINITION_SHAPE('','',#35);
#35 = PRODUCT_DEFINITION('design','',#36,#39);
#36 = PRODUCT_DEFINITION_FORMATION('','',#37);
#37 = PRODUCT('Open CASCADE STEP translator 7.7 1.1',
  'Open CASCADE STEP translator 7.7 1.1','',(#38));
#38 = PRODUCT_CONTEXT('',#2,'mechanical');
#39 = PRODUCT_DEFINITION_CONTEXT('part definition',#2,'design');
#40 = ADVANCED_BREP_SHAPE_REPRESENTATION('',(#11,#41),#1973);
#41 = MANIFOLD_SOLID_BREP('',#42);
#42 = CLOSED_SHELL('',(#43,#163,#239,#310,#669,#810,#961,#1066,#1120,
    #1225,#1279,#1336,#1393,#1469,#1518,#1567,#1594,#1642,#1692,#1740,
    #1790,#1839,#1866,#1874,#1923,#1950,#1958,#1962,#1966));
#43 = ADVANCED_FACE('',(#44),#58,.F.);
#44 = FACE_BOUND('',#45,.F.);
#45 = EDGE_LOOP('',(#46,#81,#109,#137));
#46 = ORIENTED_EDGE('',*,*,#47,.T.);
#47 = EDGE_CURVE('',#48,#50,#52,.T.);
#48 = VERTEX_POINT('',#49);
#49 = CARTESIAN_POINT('',(0.539,-0.2109,0.));
#50 = VERTEX_POINT('',#51);
#51 = CARTESIAN_POINT('',(0.539,-0.2109,0.3203));
#52 = SURFACE_CURVE('',#53,(#57,#69),.PCURVE_S1.);
#53 = LINE('',#54,#55);
#54 = CARTESIAN_POINT('',(0.539,-0.2109,0.));
#55 = VECTOR('',#56,1.);
#56 = DIRECTION('',(0.,0.,1.));
#57 = PCURVE('',#58,#63);
#58 = PLANE('',#59);
#59 = AXIS2_PLACEMENT_3D('',#60,#61,#62);
#60 = CARTESIAN_POINT('',(0.539,-0.2109,0.));
#61 = DIRECTION('',(-1.,0.,0.));
#62 = DIRECTION('',(0.,1.,0.));
#63 = DEFINITIONAL_REPRESENTATION('',(#64),#68);
#64 = LINE('',#65,#66);
#65 = CARTESIAN_POINT('',(0.,0.));
#66 = VECTOR('',#67,1.);
#67 = DIRECTION('',(0.,-1.));
#68 = ( GEOMETRIC_REPRESENTATION_CONTEXT(2) 
PARAMETRIC_REPRESENTATION_CONTEXT() REPRESENTATION_CONTEXT('2D SPACE',''
  ) );
#69 = PCURVE('',#70,#75);
#70 = PLANE('',#71);
#71 = AXIS2_PLACEMENT_3D('',#72,#73,#74);
#72 = CARTESIAN_POINT('',(-0.4219,-0.2109,0.));
#73 = DIRECTION('',(2.888497826582E-17,1.,-0.));
#74 = DIRECTION('',(1.,-2.888497826582E-17,0.));
#75 = DEFINITIONAL_REPRESENTATION('',(#76),#80);
#76 = LINE('',#77,#78);
#77 = CARTESIAN_POINT('',(0.9609,0.));
#78 = VECTOR('',#79,1.);
#79 = DIRECTION('',(0.,-1.));
#80 = ( GEOMETRIC_REPRESENTATION_CONTEXT(2) 
PARAMETRIC_REPRESENTATION_CONTEXT() REPRESENTATION_CONTEXT('2D SPACE',''
  ) );
#81 = ORIENTED_EDGE('',*,*,#82,.T.);
#82 = EDGE_CURVE('',#50,#83,#85,.T.);
#83 = VERTEX_POINT('',#84);
#84 = CARTESIAN_POINT('',(0.539,0.75,0.3203));
#85 = SURFACE_CURVE('',#86,(#90,#97),.PCURVE_S1.);
#86 = LINE('',#87,#88);
#87 = CARTESIAN_POINT('',(0.539,-0.2109,0.3203));
#88 = VECTOR('',#89,1.);
#89 = DIRECTION('',(0.,1.,0.));
#90 = PCURVE('',#58,#91);
#91 = DEFINITIONAL_REPRESENTATION('',(#92),#96);
#92 = LINE('',#93,#94);
#93 = CARTESIAN_POINT('',(0.,-0.3203));
#94 = VECTOR('',#95,1.);
#95 = DIRECTION('',(1.,0.));
#96 = ( GEOMETRIC_REPRESENTATION_CONTEXT(2) 
PARAMETRIC_REPRESENTATION_CONTEXT() REPRESENTATION_CONTEXT('2D SPACE',''
  ) );
#97 = PCURVE('',#98,#103);
#98 = PLANE('',#99);
#99 = AXIS2_PLACEMENT_3D('',#100,#101,#102);
#100 = CARTESIAN_POINT('',(5.855E-02,0.26955,0.3203));
#101 = DIRECTION('',(0.,0.,1.));
#102 = DIRECTION('',(1.,0.,-0.));
#103 = DEFINITIONAL_REPRESENTATION('',(#104),#108);
#104 = LINE('',#105,#106);
#105 = CARTESIAN_POINT('',(0.48045,-0.48045));
#106 = VECTOR('',#107,1.);
#107 = DIRECTION('',(0.,1.));
#108 = ( GEOMETRIC_REPRESENTATION_CONTEXT(2) 
PARAMETRIC_REPRESENTATION_CONTEXT() REPRESENTATION_CONTEXT('2D SPACE',''
  ) );
#109 = ORIENTED_EDGE('',*,*,#110,.F.);
#110 = EDGE_CURVE('',#111,#83,#113,.T.);
#111 = VERTEX_POINT('',#112);
#112 = CARTESIAN_POINT('',(0.539,0.75,0.));
#113 = SURFACE_CURVE('',#114,(#118,#125),.PCURVE_S1.);
#114 = LINE('',#115,#116);
#115 = CARTESIAN_POINT('',(0.539,0.75,0.));
#116 = VECTOR('',#117,1.);
#117 = DIRECTION('',(0.,0.,1.));
#118 = PCURVE('',#58,#119);
#119 = DEFINITIONAL_REPRESENTATION('',(#120),#124);
#120 = LINE('',#121,#122);
#121 = CARTESIAN_POINT('',(0.9609,0.));
#122 = VECTOR('',#123,1.);
#123 = DIRECTION('',(0.,-1.));
#124 = ( GEOMETRIC_REPRESENTATION_CONTEXT(2) 
PARAMETRIC_REPRESENTATION_CONTEXT() REPRESENTATION_CONTEXT('2D SPACE',''
  ) );
#125 = PCURVE('',#126,#131);
#126 = PLANE('',#127);
#127 = AXIS2_PLACEMENT_3D('',#128,#129,#130);
#128 = CARTESIAN_POINT('',(0.539,0.75,0.));
#129 = DIRECTION('',(0.,-1.,0.));
#130 = DIRECTION('',(-1.,0.,0.));
#131 = DEFINITIONAL_REPRESENTATION('',(#132),#136);
#132 = LINE('',#133,#134);
#133 = CARTESIAN_POINT('',(0.,-0.));
#134 = VECTOR('',#135,1.);
#135 = DIRECTION('',(0.,-1.));
#136 = ( GEOMETRIC_REPRESENTATION_CONTEXT(2) 
PARAMETRIC_REPRESENTATION_CONTEXT() REPRESENTATION_CONTEXT('2D SPACE',''
  ) );
#137 = ORIENTED_EDGE('',*,*,#138,.F.);
#138 = EDGE_CURVE('',#48,#111,#139,.T.);
#139 = SURFACE_CURVE('',#140,(#144,#151),.PCURVE_S1.);
#140 = LINE('',#141,#142);
#141 = CARTESIAN_POINT('',(0.539,-0.2109,0.));
#142 = VECTOR('',#143,1.);
#143 = DIRECTION('',(0.,1.,0.));
#144 = PCURVE('',#58,#145);
#145 = DEFINITIONAL_REPRESENTATION('',(#146),#150);
#146 = LINE('',#147,#148);
#147 = CARTESIAN_POINT('',(0.,0.));
#148 = VECTOR('',#149,1.);
#149 = DIRECTION('',(1.,0.));
#150 = ( GEOMETRIC_REPRESENTATION_CONTEXT(2) 
PARAMETRIC_REPRESENTATION_CONTEXT() REPRESENTATION_CONTEXT('2D SPACE',''
  ) );
#151 = PCURVE('',#152,#157);
#152 = PLANE('',#153);
#153 = AXIS2_PLACEMENT_3D('',#154,#155,#156);
#154 = CARTESIAN_POINT('',(5.855E-02,0.26955,0.));
#155 = DIRECTION('',(0.,0.,1.));
#156 = DIRECTION('',(1.,0.,-0.));
#157 = DEFINITIONAL_REPRESENTATION('',(#158),#162);
#158 = LINE('',#159,#160);
#159 = CARTESIAN_POINT('',(0.48045,-0.48045));
#160 = VECTOR('',#161,1.);
#161 = DIRECTION('',(0.,1.));
#162 = ( GEOMETRIC_REPRESENTATION_CONTEXT(2) 
PARAMETRIC_REPRESENTATION_CONTEXT() REPRESENTATION_CONTEXT('2D SPACE',''
  ) );
#163 = ADVANCED_FACE('',(#164),#70,.F.);
#164 = FACE_BOUND('',#165,.F.);
#165 = EDGE_LOOP('',(#166,#196,#217,#218));
#166 = ORIENTED_EDGE('',*,*,#167,.T.);
#167 = EDGE_CURVE('',#168,#170,#172,.T.);
#168 = VERTEX_POINT('',#169);
#169 = CARTESIAN_POINT('',(-0.4219,-0.2109,0.));
#170 = VERTEX_POINT('',#171);
#171 = CARTESIAN_POINT('',(-0.4219,-0.2109,0.3203));
#172 = SURFACE_CURVE('',#173,(#177,#184),.PCURVE_S1.);
#173 = LINE('',#174,#175);
#174 = CARTESIAN_POINT('',(-0.4219,-0.2109,0.));
#175 = VECTOR('',#176,1.);
#176 = DIRECTION('',(0.,0.,1.));
#177 = PCURVE('',#70,#178);
#178 = DEFINITIONAL_REPRESENTATION('',(#179),#183);
#179 = LINE('',#180,#181);
#180 = CARTESIAN_POINT('',(0.,0.));
#181 = VECTOR('',#182,1.);
#182 = DIRECTION('',(0.,-1.));
#183 = ( GEOMETRIC_REPRESENTATION_CONTEXT(2) 
PARAMETRIC_REPRESENTATION_CONTEXT() REPRESENTATION_CONTEXT('2D SPACE',''
  ) );
#184 = PCURVE('',#185,#190);
#185 = PLANE('',#186);
#186 = AXIS2_PLACEMENT_3D('',#187,#188,#189);
#187 = CARTESIAN_POINT('',(-0.4219,0.75,0.));
#188 = DIRECTION('',(1.,-5.776995653165E-17,0.));
#189 = DIRECTION('',(-5.776995653165E-17,-1.,0.));
#190 = DEFINITIONAL_REPRESENTATION('',(#191),#195);
#191 = LINE('',#192,#193);
#192 = CARTESIAN_POINT('',(0.9609,0.));
#193 = VECTOR('',#194,1.);
#194 = DIRECTION('',(0.,-1.));
#195 = ( GEOMETRIC_REPRESENTATION_CONTEXT(2) 
PARAMETRIC_REPRESENTATION_CONTEXT() REPRESENTATION_CONTEXT('2D SPACE',''
  ) );
#196 = ORIENTED_EDGE('',*,*,#197,.T.);
#197 = EDGE_CURVE('',#170,#50,#198,.T.);
#198 = SURFACE_CURVE('',#199,(#203,#210),.PCURVE_S1.);
#199 = LINE('',#200,#201);
#200 = CARTESIAN_POINT('',(-0.4219,-0.2109,0.3203));
#201 = VECTOR('',#202,1.);
#202 = DIRECTION('',(1.,-2.888497826582E-17,0.));
#203 = PCURVE('',#70,#204);
#204 = DEFINITIONAL_REPRESENTATION('',(#205),#209);
#205 = LINE('',#206,#207);
#206 = CARTESIAN_POINT('',(0.,-0.3203));
#207 = VECTOR('',#208,1.);
#208 = DIRECTION('',(1.,0.));
#209 = ( GEOMETRIC_REPRESENTATION_CONTEXT(2) 
PARAMETRIC_REPRESENTATION_CONTEXT() REPRESENTATION_CONTEXT('2D SPACE',''
  ) );
#210 = PCURVE('',#98,#211);
#211 = DEFINITIONAL_REPRESENTATION('',(#212),#216);
#212 = LINE('',#213,#214);
#213 = CARTESIAN_POINT('',(-0.48045,-0.48045));
#214 = VECTOR('',#215,1.);
#215 = DIRECTION('',(1.,-2.888497826582E-17));
#216 = ( GEOMETRIC_REPRESENTATION_CONTEXT(2) 
PARAMETRIC_REPRESENTATION_CONTEXT() REPRESENTATION_CONTEXT('2D SPACE',''
  ) );
#217 = ORIENTED_EDGE('',*,*,#47,.F.);
#218 = ORIENTED_EDGE('',*,*,#219,.F.);
#219 = EDGE_CURVE('',#168,#48,#220,.T.);
#220 = SURFACE_CURVE('',#221,(#225,#232),.PCURVE_S1.);
#221 = LINE('',#222,#223);
#222 = CARTESIAN_POINT('',(-0.4219,-0.2109,0.));
#223 = VECTOR('',#224,1.);
#224 = DIRECTION('',(1.,-2.888497826582E-17,0.));
#225 = PCURVE('',#70,#226);
#226 = DEFINITIONAL_REPRESENTATION('',(#227),#231);
#227 = LINE('',#228,#229);
#228 = CARTESIAN_POINT('',(0.,0.));
#229 = VECTOR('',#230,1.);
#230 = DIRECTION('',(1.,0.));
#231 = ( GEOMETRIC_REPRESENTATION_CONTEXT(2) 
PARAMETRIC_REPRESENTATION_CONTEXT() REPRESENTATION_CONTEXT('2D SPACE',''
  ) );
#232 = PCURVE('',#152,#233);
#233 = DEFINITIONAL_REPRESENTATION('',(#234),#238);
#234 = LINE('',#235,#236);
#235 = CARTESIAN_POINT('',(-0.48045,-0.48045));
#236 = VECTOR('',#237,1.);
#237 = DIRECTION('',(1.,-2.888497826582E-17));
#238 = ( GEOMETRIC_REPRESENTATION_CONTEXT(2) 
PARAMETRIC_REPRESENTATION_CONTEXT() REPRESENTATION_CONTEXT('2D SPACE',''
  ) );
#239 = ADVANCED_FACE('',(#240),#126,.F.);
#240 = FACE_BOUND('',#241,.F.);
#241 = EDGE_LOOP('',(#242,#243,#266,#289));
#242 = ORIENTED_EDGE('',*,*,#110,.T.);
#243 = ORIENTED_EDGE('',*,*,#244,.T.);
#244 = EDGE_CURVE('',#83,#245,#247,.T.);
#245 = VERTEX_POINT('',#246);
#246 = CARTESIAN_POINT('',(-0.4219,0.75,0.3203));
#247 = SURFACE_CURVE('',#248,(#252,#259),.PCURVE_S1.);
#248 = LINE('',#249,#250);
#249 = CARTESIAN_POINT('',(0.539,0.75,0.3203));
#250 = VECTOR('',#251,1.);
#251 = DIRECTION('',(-1.,0.,0.));
#252 = PCURVE('',#126,#253);
#253 = DEFINITIONAL_REPRESENTATION('',(#254),#258);
#254 = LINE('',#255,#256);
#255 = CARTESIAN_POINT('',(0.,-0.3203));
#256 = VECTOR('',#257,1.);
#257 = DIRECTION('',(1.,0.));
#258 = ( GEOMETRIC_REPRESENTATION_CONTEXT(2) 
PARAMETRIC_REPRESENTATION_CONTEXT() REPRESENTATION_CONTEXT('2D SPACE',''
  ) );
#259 = PCURVE('',#98,#260);
#260 = DEFINITIONAL_REPRESENTATION('',(#261),#265);
#261 = LINE('',#262,#263);
#262 = CARTESIAN_POINT('',(0.48045,0.48045));
#263 = VECTOR('',#264,1.);
#264 = DIRECTION('',(-1.,0.));
#265 = ( GEOMETRIC_REPRESENTATION_CONTEXT(2) 
PARAMETRIC_REPRESENTATION_CONTEXT() REPRESENTATION_CONTEXT('2D SPACE',''
  ) );
#266 = ORIENTED_EDGE('',*,*,#267,.F.);
#267 = EDGE_CURVE('',#268,#245,#270,.T.);
#268 = VERTEX_POINT('',#269);
#269 = CARTESIAN_POINT('',(-0.4219,0.75,0.));
#270 = SURFACE_CURVE('',#271,(#275,#282),.PCURVE_S1.);
#271 = LINE('',#272,#273);
#272 = CARTESIAN_POINT('',(-0.4219,0.75,0.));
#273 = VECTOR('',#274,1.);
#274 = DIRECTION('',(0.,0.,1.));
#275 = PCURVE('',#126,#276);
#276 = DEFINITIONAL_REPRESENTATION('',(#277),#281);
#277 = LINE('',#278,#279);
#278 = CARTESIAN_POINT('',(0.9609,0.));
#279 = VECTOR('',#280,1.);
#280 = DIRECTION('',(0.,-1.));
#281 = ( GEOMETRIC_REPRESENTATION_CONTEXT(2) 
PARAMETRIC_REPRESENTATION_CONTEXT() REPRESENTATION_CONTEXT('2D SPACE',''
  ) );
#282 = PCURVE('',#185,#283);
#283 = DEFINITIONAL_REPRESENTATION('',(#284),#288);
#284 = LINE('',#285,#286);
#285 = CARTESIAN_POINT('',(0.,0.));
#286 = VECTOR('',#287,1.);
#287 = DIRECTION('',(0.,-1.));
#288 = ( GEOMETRIC_REPRESENTATION_CONTEXT(2) 
PARAMETRIC_REPRESENTATION_CONTEXT() REPRESENTATION_CONTEXT('2D SPACE',''
  ) );
#289 = ORIENTED_EDGE('',*,*,#290,.F.);
#290 = EDGE_CURVE('',#111,#268,#291,.T.);
#291 = SURFACE_CURVE('',#292,(#296,#303),.PCURVE_S1.);
#292 = LINE('',#293,#294);
#293 = CARTESIAN_POINT('',(0.539,0.75,0.));
#294 = VECTOR('',#295,1.);
#295 = DIRECTION('',(-1.,0.,0.));
#296 = PCURVE('',#126,#297);
#297 = DEFINITIONAL_REPRESENTATION('',(#298),#302);
#298 = LINE('',#299,#300);
#299 = CARTESIAN_POINT('',(0.,-0.));
#300 = VECTOR('',#301,1.);
#301 = DIRECTION('',(1.,0.));
#302 = ( GEOMETRIC_REPRESENTATION_CONTEXT(2) 
PARAMETRIC_REPRESENTATION_CONTEXT() REPRESENTATION_CONTEXT('2D SPACE',''
  ) );
#303 = PCURVE('',#152,#304);
#304 = DEFINITIONAL_REPRESENTATION('',(#305),#309);
#305 = LINE('',#306,#307);
#306 = CARTESIAN_POINT('',(0.48045,0.48045));
#307 = VECTOR('',#308,1.);
#308 = DIRECTION('',(-1.,0.));
#309 = ( GEOMETRIC_REPRESENTATION_CONTEXT(2) 
PARAMETRIC_REPRESENTATION_CONTEXT() REPRESENTATION_CONTEXT('2D SPACE',''
  ) );
#310 = ADVANCED_FACE('',(#311,#487,#578),#152,.F.);
#311 = FACE_BOUND('',#312,.F.);
#312 = EDGE_LOOP('',(#313,#336,#337,#338,#339,#362,#388,#414,#437,#463)
  );
#313 = ORIENTED_EDGE('',*,*,#314,.T.);
#314 = EDGE_CURVE('',#315,#168,#317,.T.);
#315 = VERTEX_POINT('',#316);
#316 = CARTESIAN_POINT('',(-0.4219,3.165874953571E-02,0.));
#317 = SURFACE_CURVE('',#318,(#322,#329),.PCURVE_S1.);
#318 = LINE('',#319,#320);
#319 = CARTESIAN_POINT('',(-0.4219,0.75,0.));
#320 = VECTOR('',#321,1.);
#321 = DIRECTION('',(-5.776995653165E-17,-1.,0.));
#322 = PCURVE('',#152,#323);
#323 = DEFINITIONAL_REPRESENTATION('',(#324),#328);
#324 = LINE('',#325,#326);
#325 = CARTESIAN_POINT('',(-0.48045,0.48045));
#326 = VECTOR('',#327,1.);
#327 = DIRECTION('',(-5.776995653165E-17,-1.));
#328 = ( GEOMETRIC_REPRESENTATION_CONTEXT(2) 
PARAMETRIC_REPRESENTATION_CONTEXT() REPRESENTATION_CONTEXT('2D SPACE',''
  ) );
#329 = PCURVE('',#185,#330);
#330 = DEFINITIONAL_REPRESENTATION('',(#331),#335);
#331 = LINE('',#332,#333);
#332 = CARTESIAN_POINT('',(0.,0.));
#333 = VECTOR('',#334,1.);
#334 = DIRECTION('',(1.,0.));
#335 = ( GEOMETRIC_REPRESENTATION_CONTEXT(2) 
PARAMETRIC_REPRESENTATION_CONTEXT() REPRESENTATION_CONTEXT('2D SPACE',''
  ) );
#336 = ORIENTED_EDGE('',*,*,#219,.T.);
#337 = ORIENTED_EDGE('',*,*,#138,.T.);
#338 = ORIENTED_EDGE('',*,*,#290,.T.);
#339 = ORIENTED_EDGE('',*,*,#340,.T.);
#340 = EDGE_CURVE('',#268,#341,#343,.T.);
#341 = VERTEX_POINT('',#342);
#342 = CARTESIAN_POINT('',(-0.421899999999,0.508182199836,
    2.982903925052E-14));
#343 = SURFACE_CURVE('',#344,(#348,#355),.PCURVE_S1.);
#344 = LINE('',#345,#346);
#345 = CARTESIAN_POINT('',(-0.4219,0.75,0.));
#346 = VECTOR('',#347,1.);
#347 = DIRECTION('',(-5.776995653165E-17,-1.,0.));
#348 = PCURVE('',#152,#349);
#349 = DEFINITIONAL_REPRESENTATION('',(#350),#354);
#350 = LINE('',#351,#352);
#351 = CARTESIAN_POINT('',(-0.48045,0.48045));
#352 = VECTOR('',#353,1.);
#353 = DIRECTION('',(-5.776995653165E-17,-1.));
#354 = ( GEOMETRIC_REPRESENTATION_CONTEXT(2) 
PARAMETRIC_REPRESENTATION_CONTEXT() REPRESENTATION_CONTEXT('2D SPACE',''
  ) );
#355 = PCURVE('',#185,#356);
#356 = DEFINITIONAL_REPRESENTATION('',(#357),#361);
#357 = LINE('',#358,#359);
#358 = CARTESIAN_POINT('',(0.,0.));
#359 = VECTOR('',#360,1.);
#360 = DIRECTION('',(1.,0.));
#361 = ( GEOMETRIC_REPRESENTATION_CONTEXT(2) 
PARAMETRIC_REPRESENTATION_CONTEXT() REPRESENTATION_CONTEXT('2D SPACE',''
  ) );
#362 = ORIENTED_EDGE('',*,*,#363,.T.);
#363 = EDGE_CURVE('',#341,#364,#366,.T.);
#364 = VERTEX_POINT('',#365);
#365 = CARTESIAN_POINT('',(-0.419985976288,0.430105643096,
    1.87002139578E-20));
#366 = SURFACE_CURVE('',#367,(#371,#377),.PCURVE_S1.);
#367 = LINE('',#368,#369);
#368 = CARTESIAN_POINT('',(-0.418832479187,0.383052369194,
    -1.853896621066E-20));
#369 = VECTOR('',#370,1.);
#370 = DIRECTION('',(2.450734141677E-02,-0.999699650003,0.));
#371 = PCURVE('',#152,#372);
#372 = DEFINITIONAL_REPRESENTATION('',(#373),#376);
#373 = B_SPLINE_CURVE_WITH_KNOTS('',1,(#374,#375),.UNSPECIFIED.,.F.,.F.,
  (2,2),(-0.125167424677,-4.706741059917E-02),.PIECEWISE_BEZIER_KNOTS.);
#374 = CARTESIAN_POINT('',(-0.480449999998,0.238632199836));
#375 = CARTESIAN_POINT('',(-0.478535976288,0.160555643096));
#376 = ( GEOMETRIC_REPRESENTATION_CONTEXT(2) 
PARAMETRIC_REPRESENTATION_CONTEXT() REPRESENTATION_CONTEXT('2D SPACE',''
  ) );
#377 = PCURVE('',#378,#383);
#378 = PLANE('',#379);
#379 = AXIS2_PLACEMENT_3D('',#380,#381,#382);
#380 = CARTESIAN_POINT('',(-0.421909363894,0.508182199836,
    3.820852101507E-04));
#381 = DIRECTION('',(-0.99939975036,-2.449998946567E-02,
    -2.449264167633E-02));
#382 = DIRECTION('',(2.449263530508E-02,-0.999699830207,
    6.002496398664E-04));
#383 = DEFINITIONAL_REPRESENTATION('',(#384),#387);
#384 = B_SPLINE_CURVE_WITH_KNOTS('',1,(#385,#386),.UNSPECIFIED.,.F.,.F.,
  (2,2),(-0.125167424677,-4.706741059917E-02),.PIECEWISE_BEZIER_KNOTS.);
#385 = CARTESIAN_POINT('',(-1.01883362466E-16,-3.821999350857E-04));
#386 = CARTESIAN_POINT('',(7.81E-02,-4.290935080007E-04));
#387 = ( GEOMETRIC_REPRESENTATION_CONTEXT(2) 
PARAMETRIC_REPRESENTATION_CONTEXT() REPRESENTATION_CONTEXT('2D SPACE',''
  ) );
#388 = ORIENTED_EDGE('',*,*,#389,.T.);
#389 = EDGE_CURVE('',#364,#390,#392,.T.);
#390 = VERTEX_POINT('',#391);
#391 = CARTESIAN_POINT('',(-0.4219,0.430058749536,0.));
#392 = SURFACE_CURVE('',#393,(#397,#403),.PCURVE_S1.);
#393 = LINE('',#394,#395);
#394 = CARTESIAN_POINT('',(-0.182832401631,0.435915903176,
    7.498186235197E-21));
#395 = VECTOR('',#396,1.);
#396 = DIRECTION('',(-0.999700010303,-2.449263971743E-02,0.));
#397 = PCURVE('',#152,#398);
#398 = DEFINITIONAL_REPRESENTATION('',(#399),#402);
#399 = B_SPLINE_CURVE_WITH_KNOTS('',1,(#400,#401),.UNSPECIFIED.,.F.,.F.,
  (2,2),(0.237224739634,0.239139337706),.PIECEWISE_BEZIER_KNOTS.);
#400 = CARTESIAN_POINT('',(-0.478535976288,0.160555643096));
#401 = CARTESIAN_POINT('',(-0.48045,0.160508749536));
#402 = ( GEOMETRIC_REPRESENTATION_CONTEXT(2) 
PARAMETRIC_REPRESENTATION_CONTEXT() REPRESENTATION_CONTEXT('2D SPACE',''
  ) );
#403 = PCURVE('',#404,#409);
#404 = PLANE('',#405);
#405 = AXIS2_PLACEMENT_3D('',#406,#407,#408);
#406 = CARTESIAN_POINT('',(-0.419996489077,0.430105643096,
    4.289647070243E-04));
#407 = DIRECTION('',(-2.449263530508E-02,0.999699830207,
    -6.002496398665E-04));
#408 = DIRECTION('',(-0.99939975036,-2.449998946567E-02,
    -2.449264167633E-02));
#409 = DEFINITIONAL_REPRESENTATION('',(#410),#413);
#410 = B_SPLINE_CURVE_WITH_KNOTS('',1,(#411,#412),.UNSPECIFIED.,.F.,.F.,
  (2,2),(0.237224739634,0.239139337706),.PIECEWISE_BEZIER_KNOTS.);
#411 = CARTESIAN_POINT('',(-1.660483003065E-17,-4.290935080007E-04));
#412 = CARTESIAN_POINT('',(1.914023711805E-03,-3.82199935026E-04));
#413 = ( GEOMETRIC_REPRESENTATION_CONTEXT(2) 
PARAMETRIC_REPRESENTATION_CONTEXT() REPRESENTATION_CONTEXT('2D SPACE',''
  ) );
#414 = ORIENTED_EDGE('',*,*,#415,.T.);
#415 = EDGE_CURVE('',#390,#416,#418,.T.);
#416 = VERTEX_POINT('',#417);
#417 = CARTESIAN_POINT('',(-0.421899999999,0.109782199836,
    2.982931023598E-14));
#418 = SURFACE_CURVE('',#419,(#423,#430),.PCURVE_S1.);
#419 = LINE('',#420,#421);
#420 = CARTESIAN_POINT('',(-0.4219,0.75,0.));
#421 = VECTOR('',#422,1.);
#422 = DIRECTION('',(-5.776995653165E-17,-1.,0.));
#423 = PCURVE('',#152,#424);
#424 = DEFINITIONAL_REPRESENTATION('',(#425),#429);
#425 = LINE('',#426,#427);
#426 = CARTESIAN_POINT('',(-0.48045,0.48045));
#427 = VECTOR('',#428,1.);
#428 = DIRECTION('',(-5.776995653165E-17,-1.));
#429 = ( GEOMETRIC_REPRESENTATION_CONTEXT(2) 
PARAMETRIC_REPRESENTATION_CONTEXT() REPRESENTATION_CONTEXT('2D SPACE',''
  ) );
#430 = PCURVE('',#185,#431);
#431 = DEFINITIONAL_REPRESENTATION('',(#432),#436);
#432 = LINE('',#433,#434);
#433 = CARTESIAN_POINT('',(0.,0.));
#434 = VECTOR('',#435,1.);
#435 = DIRECTION('',(1.,0.));
#436 = ( GEOMETRIC_REPRESENTATION_CONTEXT(2) 
PARAMETRIC_REPRESENTATION_CONTEXT() REPRESENTATION_CONTEXT('2D SPACE',''
  ) );
#437 = ORIENTED_EDGE('',*,*,#438,.T.);
#438 = EDGE_CURVE('',#416,#439,#441,.T.);
#439 = VERTEX_POINT('',#440);
#440 = CARTESIAN_POINT('',(-0.419985976288,3.170564309649E-02,
    1.87002139578E-20));
#441 = SURFACE_CURVE('',#442,(#446,#452),.PCURVE_S1.);
#442 = LINE('',#443,#444);
#443 = CARTESIAN_POINT('',(-0.42371287533,0.183732727725,
    -1.853896621066E-20));
#444 = VECTOR('',#445,1.);
#445 = DIRECTION('',(2.450734141677E-02,-0.999699650003,0.));
#446 = PCURVE('',#152,#447);
#447 = DEFINITIONAL_REPRESENTATION('',(#448),#451);
#448 = B_SPLINE_CURVE_WITH_KNOTS('',1,(#449,#450),.UNSPECIFIED.,.F.,.F.,
  (2,2),(7.397274560333E-02,0.152072759681),.PIECEWISE_BEZIER_KNOTS.);
#449 = CARTESIAN_POINT('',(-0.480449999998,-0.159767800164));
#450 = CARTESIAN_POINT('',(-0.478535976288,-0.237844356904));
#451 = ( GEOMETRIC_REPRESENTATION_CONTEXT(2) 
PARAMETRIC_REPRESENTATION_CONTEXT() REPRESENTATION_CONTEXT('2D SPACE',''
  ) );
#452 = PCURVE('',#453,#458);
#453 = PLANE('',#454);
#454 = AXIS2_PLACEMENT_3D('',#455,#456,#457);
#455 = CARTESIAN_POINT('',(-0.421909363894,0.109782199836,
    3.820852101507E-04));
#456 = DIRECTION('',(-0.99939975036,-2.449998946567E-02,
    -2.449264167633E-02));
#457 = DIRECTION('',(2.449263530508E-02,-0.999699830207,
    6.002496398664E-04));
#458 = DEFINITIONAL_REPRESENTATION('',(#459),#462);
#459 = B_SPLINE_CURVE_WITH_KNOTS('',1,(#460,#461),.UNSPECIFIED.,.F.,.F.,
  (2,2),(7.397274560333E-02,0.152072759681),.PIECEWISE_BEZIER_KNOTS.);
#460 = CARTESIAN_POINT('',(-1.25810221962E-17,-3.821999350857E-04));
#461 = CARTESIAN_POINT('',(7.81E-02,-4.290935080007E-04));
#462 = ( GEOMETRIC_REPRESENTATION_CONTEXT(2) 
PARAMETRIC_REPRESENTATION_CONTEXT() REPRESENTATION_CONTEXT('2D SPACE',''
  ) );
#463 = ORIENTED_EDGE('',*,*,#464,.T.);
#464 = EDGE_CURVE('',#439,#315,#465,.T.);
#465 = SURFACE_CURVE('',#466,(#470,#476),.PCURVE_S1.);
#466 = LINE('',#467,#468);
#467 = CARTESIAN_POINT('',(-0.177954931429,3.763540114496E-02,
    7.498186235197E-21));
#468 = VECTOR('',#469,1.);
#469 = DIRECTION('',(-0.999700010303,-2.449263971743E-02,0.));
#470 = PCURVE('',#152,#471);
#471 = DEFINITIONAL_REPRESENTATION('',(#472),#475);
#472 = B_SPLINE_CURVE_WITH_KNOTS('',1,(#473,#474),.UNSPECIFIED.,.F.,.F.,
  (2,2),(0.242103673466,0.244018271538),.PIECEWISE_BEZIER_KNOTS.);
#473 = CARTESIAN_POINT('',(-0.478535976288,-0.237844356904));
#474 = CARTESIAN_POINT('',(-0.48045,-0.237891250464));
#475 = ( GEOMETRIC_REPRESENTATION_CONTEXT(2) 
PARAMETRIC_REPRESENTATION_CONTEXT() REPRESENTATION_CONTEXT('2D SPACE',''
  ) );
#476 = PCURVE('',#477,#482);
#477 = PLANE('',#478);
#478 = AXIS2_PLACEMENT_3D('',#479,#480,#481);
#479 = CARTESIAN_POINT('',(-0.419996489077,3.170564309649E-02,
    4.289647070243E-04));
#480 = DIRECTION('',(-2.449263530508E-02,0.999699830207,
    -6.002496398664E-04));
#481 = DIRECTION('',(-0.99939975036,-2.449998946567E-02,
    -2.449264167633E-02));
#482 = DEFINITIONAL_REPRESENTATION('',(#483),#486);
#483 = B_SPLINE_CURVE_WITH_KNOTS('',1,(#484,#485),.UNSPECIFIED.,.F.,.F.,
  (2,2),(0.242103673466,0.244018271538),.PIECEWISE_BEZIER_KNOTS.);
#484 = CARTESIAN_POINT('',(-4.389809414445E-17,-4.290935080007E-04));
#485 = CARTESIAN_POINT('',(1.914023711805E-03,-3.82199935026E-04));
#486 = ( GEOMETRIC_REPRESENTATION_CONTEXT(2) 
PARAMETRIC_REPRESENTATION_CONTEXT() REPRESENTATION_CONTEXT('2D SPACE',''
  ) );
#487 = FACE_BOUND('',#488,.F.);
#488 = EDGE_LOOP('',(#489,#523,#553));
#489 = ORIENTED_EDGE('',*,*,#490,.F.);
#490 = EDGE_CURVE('',#491,#493,#495,.T.);
#491 = VERTEX_POINT('',#492);
#492 = CARTESIAN_POINT('',(-7.029099524658E-15,-7.809999999971E-02,
    -1.726049858597E-16));
#493 = VERTEX_POINT('',#494);
#494 = CARTESIAN_POINT('',(0.118400000018,-7.519920124726E-02,
    1.946033555084E-19));
#495 = SURFACE_CURVE('',#496,(#501,#508),.PCURVE_S1.);
#496 = ELLIPSE('',#497,5.921777539662E-02,5.92E-02);
#497 = AXIS2_PLACEMENT_3D('',#498,#499,#500);
#498 = CARTESIAN_POINT('',(5.920000000924E-02,-7.664960062363E-02,
    4.155305238151E-20));
#499 = DIRECTION('',(0.,0.,1.));
#500 = DIRECTION('',(-1.,5.562304533206E-19,0.));
#501 = PCURVE('',#152,#502);
#502 = DEFINITIONAL_REPRESENTATION('',(#503),#507);
#503 = ELLIPSE('',#504,5.921777539662E-02,5.92E-02);
#504 = AXIS2_PLACEMENT_2D('',#505,#506);
#505 = CARTESIAN_POINT('',(6.500000092437E-04,-0.346199600624));
#506 = DIRECTION('',(-1.,5.562304533206E-19));
#507 = ( GEOMETRIC_REPRESENTATION_CONTEXT(2) 
PARAMETRIC_REPRESENTATION_CONTEXT() REPRESENTATION_CONTEXT('2D SPACE',''
  ) );
#508 = PCURVE('',#509,#514);
#509 = CYLINDRICAL_SURFACE('',#510,5.92E-02);
#510 = AXIS2_PLACEMENT_3D('',#511,#512,#513);
#511 = CARTESIAN_POINT('',(5.916446522132E-02,-7.664960062363E-02,
    1.449964387239E-03));
#512 = DIRECTION('',(-2.4499995835E-02,1.362764378966E-20,0.999699830051
    ));
#513 = DIRECTION('',(0.99939975036,2.449998946567E-02,2.449264167633E-02
    ));
#514 = DEFINITIONAL_REPRESENTATION('',(#515),#522);
#515 = B_SPLINE_CURVE_WITH_KNOTS('',5,(#516,#517,#518,#519,#520,#521),
  .UNSPECIFIED.,.F.,.F.,(6,6),(5.633209411763E-11,3.166095094735),
  .PIECEWISE_BEZIER_KNOTS.);
#516 = CARTESIAN_POINT('',(-3.166095094679,4.354969166408E-07));
#517 = CARTESIAN_POINT('',(-2.532876075743,4.354968648887E-07));
#518 = CARTESIAN_POINT('',(-1.899657056807,-7.201543775366E-04));
#519 = CARTESIAN_POINT('',(-1.266438037872,-2.226390002421E-03));
#520 = CARTESIAN_POINT('',(-0.633219018936,-2.923307561252E-03));
#521 = CARTESIAN_POINT('',(-2.344220913482E-16,-2.900799507317E-03));
#522 = ( GEOMETRIC_REPRESENTATION_CONTEXT(2) 
PARAMETRIC_REPRESENTATION_CONTEXT() REPRESENTATION_CONTEXT('2D SPACE',''
  ) );
#523 = ORIENTED_EDGE('',*,*,#524,.T.);
#524 = EDGE_CURVE('',#491,#525,#527,.T.);
#525 = VERTEX_POINT('',#526);
#526 = CARTESIAN_POINT('',(-7.036038418562E-15,-7.519920124755E-02,
    -1.726049858597E-16));
#527 = SURFACE_CURVE('',#528,(#533,#546),.PCURVE_S1.);
#528 = CIRCLE('',#529,5.92E-02);
#529 = AXIS2_PLACEMENT_3D('',#530,#531,#532);
#530 = CARTESIAN_POINT('',(5.916446522132E-02,-7.664960062363E-02,
    1.449964387239E-03));
#531 = DIRECTION('',(2.4499995835E-02,-1.362764378966E-20,
    -0.999699830051));
#532 = DIRECTION('',(0.99939975036,2.449998946567E-02,2.449264167633E-02
    ));
#533 = PCURVE('',#152,#534);
#534 = DEFINITIONAL_REPRESENTATION('',(#535),#545);
#535 = B_SPLINE_CURVE_WITH_KNOTS('',8,(#536,#537,#538,#539,#540,#541,
    #542,#543,#544),.UNSPECIFIED.,.F.,.F.,(9,9),(3.141592653595,
    3.190597535876),.PIECEWISE_BEZIER_KNOTS.);
#536 = CARTESIAN_POINT('',(-5.855000000001E-02,-0.34765));
#537 = CARTESIAN_POINT('',(-5.855888191446E-02,-0.347287472723));
#538 = CARTESIAN_POINT('',(-5.856522664694E-02,-0.346924883248));
#539 = CARTESIAN_POINT('',(-5.856903368959E-02,-0.346562252304));
#540 = CARTESIAN_POINT('',(-5.857030273768E-02,-0.346199600623));
#541 = CARTESIAN_POINT('',(-5.856903368959E-02,-0.345836948943));
#542 = CARTESIAN_POINT('',(-5.856522664694E-02,-0.345474317999));
#543 = CARTESIAN_POINT('',(-5.855888191446E-02,-0.345111728524));
#544 = CARTESIAN_POINT('',(-5.855000000001E-02,-0.344749201248));
#545 = ( GEOMETRIC_REPRESENTATION_CONTEXT(2) 
PARAMETRIC_REPRESENTATION_CONTEXT() REPRESENTATION_CONTEXT('2D SPACE',''
  ) );
#546 = PCURVE('',#509,#547);
#547 = DEFINITIONAL_REPRESENTATION('',(#548),#552);
#548 = LINE('',#549,#550);
#549 = CARTESIAN_POINT('',(-0.,0.));
#550 = VECTOR('',#551,1.);
#551 = DIRECTION('',(-1.,0.));
#552 = ( GEOMETRIC_REPRESENTATION_CONTEXT(2) 
PARAMETRIC_REPRESENTATION_CONTEXT() REPRESENTATION_CONTEXT('2D SPACE',''
  ) );
#553 = ORIENTED_EDGE('',*,*,#554,.F.);
#554 = EDGE_CURVE('',#493,#525,#555,.T.);
#555 = SURFACE_CURVE('',#556,(#561,#568),.PCURVE_S1.);
#556 = ELLIPSE('',#557,5.921777539662E-02,5.92E-02);
#557 = AXIS2_PLACEMENT_3D('',#558,#559,#560);
#558 = CARTESIAN_POINT('',(5.920000000924E-02,-7.664960062363E-02,
    4.155305238151E-20));
#559 = DIRECTION('',(0.,0.,1.));
#560 = DIRECTION('',(-1.,5.562304533206E-19,0.));
#561 = PCURVE('',#152,#562);
#562 = DEFINITIONAL_REPRESENTATION('',(#563),#567);
#563 = ELLIPSE('',#564,5.921777539662E-02,5.92E-02);
#564 = AXIS2_PLACEMENT_2D('',#565,#566);
#565 = CARTESIAN_POINT('',(6.500000092437E-04,-0.346199600624));
#566 = DIRECTION('',(-1.,5.562304533206E-19));
#567 = ( GEOMETRIC_REPRESENTATION_CONTEXT(2) 
PARAMETRIC_REPRESENTATION_CONTEXT() REPRESENTATION_CONTEXT('2D SPACE',''
  ) );
#568 = PCURVE('',#509,#569);
#569 = DEFINITIONAL_REPRESENTATION('',(#570),#577);
#570 = B_SPLINE_CURVE_WITH_KNOTS('',5,(#571,#572,#573,#574,#575,#576),
  .UNSPECIFIED.,.F.,.F.,(6,6),(3.166095094735,6.283185307236),
  .PIECEWISE_BEZIER_KNOTS.);
#571 = CARTESIAN_POINT('',(-6.28318530718,-2.900799507317E-03));
#572 = CARTESIAN_POINT('',(-5.659767264679,-2.878639833483E-03));
#573 = CARTESIAN_POINT('',(-5.036349222179,-2.157771163644E-03));
#574 = CARTESIAN_POINT('',(-4.412931179679,-6.976198310592E-04));
#575 = CARTESIAN_POINT('',(-3.789513137179,4.354969675914E-07));
#576 = CARTESIAN_POINT('',(-3.166095094679,4.354969166408E-07));
#577 = ( GEOMETRIC_REPRESENTATION_CONTEXT(2) 
PARAMETRIC_REPRESENTATION_CONTEXT() REPRESENTATION_CONTEXT('2D SPACE',''
  ) );
#578 = FACE_BOUND('',#579,.F.);
#579 = EDGE_LOOP('',(#580,#614,#644));
#580 = ORIENTED_EDGE('',*,*,#581,.F.);
#581 = EDGE_CURVE('',#582,#584,#586,.T.);
#582 = VERTEX_POINT('',#583);
#583 = CARTESIAN_POINT('',(-7.022160630754E-15,0.6172,
    -1.723881454252E-16));
#584 = VERTEX_POINT('',#585);
#585 = CARTESIAN_POINT('',(0.118400000018,0.620100798753,
    1.944731775441E-19));
#586 = SURFACE_CURVE('',#587,(#592,#599),.PCURVE_S1.);
#587 = ELLIPSE('',#588,5.921777539662E-02,5.92E-02);
#588 = AXIS2_PLACEMENT_3D('',#589,#590,#591);
#589 = CARTESIAN_POINT('',(5.920000000924E-02,0.618650399376,
    4.148796339936E-20));
#590 = DIRECTION('',(0.,0.,1.));
#591 = DIRECTION('',(-1.,5.562304533206E-19,0.));
#592 = PCURVE('',#152,#593);
#593 = DEFINITIONAL_REPRESENTATION('',(#594),#598);
#594 = ELLIPSE('',#595,5.921777539662E-02,5.92E-02);
#595 = AXIS2_PLACEMENT_2D('',#596,#597);
#596 = CARTESIAN_POINT('',(6.500000092437E-04,0.349100399376));
#597 = DIRECTION('',(-1.,5.562304533206E-19));
#598 = ( GEOMETRIC_REPRESENTATION_CONTEXT(2) 
PARAMETRIC_REPRESENTATION_CONTEXT() REPRESENTATION_CONTEXT('2D SPACE',''
  ) );
#599 = PCURVE('',#600,#605);
#600 = CYLINDRICAL_SURFACE('',#601,5.92E-02);
#601 = AXIS2_PLACEMENT_3D('',#602,#603,#604);
#602 = CARTESIAN_POINT('',(5.916446522132E-02,0.618650399376,
    1.449964387239E-03));
#603 = DIRECTION('',(-2.4499995835E-02,1.362764378966E-20,0.999699830051
    ));
#604 = DIRECTION('',(0.99939975036,2.449998946567E-02,2.449264167633E-02
    ));
#605 = DEFINITIONAL_REPRESENTATION('',(#606),#613);
#606 = B_SPLINE_CURVE_WITH_KNOTS('',5,(#607,#608,#609,#610,#611,#612),
  .UNSPECIFIED.,.F.,.F.,(6,6),(5.633256296178E-11,3.166095094735),
  .PIECEWISE_BEZIER_KNOTS.);
#607 = CARTESIAN_POINT('',(-3.166095094679,4.35496916641E-07));
#608 = CARTESIAN_POINT('',(-2.532876075743,4.354968648884E-07));
#609 = CARTESIAN_POINT('',(-1.899657056807,-7.201543775366E-04));
#610 = CARTESIAN_POINT('',(-1.266438037872,-2.226390002421E-03));
#611 = CARTESIAN_POINT('',(-0.633219018936,-2.923307561252E-03));
#612 = CARTESIAN_POINT('',(0.,-2.900799507317E-03));
#613 = ( GEOMETRIC_REPRESENTATION_CONTEXT(2) 
PARAMETRIC_REPRESENTATION_CONTEXT() REPRESENTATION_CONTEXT('2D SPACE',''
  ) );
#614 = ORIENTED_EDGE('',*,*,#615,.T.);
#615 = EDGE_CURVE('',#582,#616,#618,.T.);
#616 = VERTEX_POINT('',#617);
#617 = CARTESIAN_POINT('',(-7.022160630754E-15,0.620100798752,
    -1.723881454252E-16));
#618 = SURFACE_CURVE('',#619,(#624,#637),.PCURVE_S1.);
#619 = CIRCLE('',#620,5.92E-02);
#620 = AXIS2_PLACEMENT_3D('',#621,#622,#623);
#621 = CARTESIAN_POINT('',(5.916446522132E-02,0.618650399376,
    1.449964387239E-03));
#622 = DIRECTION('',(2.4499995835E-02,-1.362764378966E-20,
    -0.999699830051));
#623 = DIRECTION('',(0.99939975036,2.449998946567E-02,2.449264167633E-02
    ));
#624 = PCURVE('',#152,#625);
#625 = DEFINITIONAL_REPRESENTATION('',(#626),#636);
#626 = B_SPLINE_CURVE_WITH_KNOTS('',8,(#627,#628,#629,#630,#631,#632,
    #633,#634,#635),.UNSPECIFIED.,.F.,.F.,(9,9),(3.141592653595,
    3.190597535876),.PIECEWISE_BEZIER_KNOTS.);
#627 = CARTESIAN_POINT('',(-5.855000000001E-02,0.34765));
#628 = CARTESIAN_POINT('',(-5.855888191446E-02,0.348012527277));
#629 = CARTESIAN_POINT('',(-5.856522664694E-02,0.348375116751));
#630 = CARTESIAN_POINT('',(-5.856903368959E-02,0.348737747697));
#631 = CARTESIAN_POINT('',(-5.857030273768E-02,0.349100399375));
#632 = CARTESIAN_POINT('',(-5.856903368959E-02,0.349463051057));
#633 = CARTESIAN_POINT('',(-5.856522664694E-02,0.349825682001));
#634 = CARTESIAN_POINT('',(-5.855888191446E-02,0.350188271476));
#635 = CARTESIAN_POINT('',(-5.855000000001E-02,0.350550798752));
#636 = ( GEOMETRIC_REPRESENTATION_CONTEXT(2) 
PARAMETRIC_REPRESENTATION_CONTEXT() REPRESENTATION_CONTEXT('2D SPACE',''
  ) );
#637 = PCURVE('',#600,#638);
#638 = DEFINITIONAL_REPRESENTATION('',(#639),#643);
#639 = LINE('',#640,#641);
#640 = CARTESIAN_POINT('',(-0.,0.));
#641 = VECTOR('',#642,1.);
#642 = DIRECTION('',(-1.,0.));
#643 = ( GEOMETRIC_REPRESENTATION_CONTEXT(2) 
PARAMETRIC_REPRESENTATION_CONTEXT() REPRESENTATION_CONTEXT('2D SPACE',''
  ) );
#644 = ORIENTED_EDGE('',*,*,#645,.F.);
#645 = EDGE_CURVE('',#584,#616,#646,.T.);
#646 = SURFACE_CURVE('',#647,(#652,#659),.PCURVE_S1.);
#647 = ELLIPSE('',#648,5.921777539662E-02,5.92E-02);
#648 = AXIS2_PLACEMENT_3D('',#649,#650,#651);
#649 = CARTESIAN_POINT('',(5.920000000924E-02,0.618650399376,
    4.148796339936E-20));
#650 = DIRECTION('',(0.,0.,1.));
#651 = DIRECTION('',(-1.,5.562304533206E-19,0.));
#652 = PCURVE('',#152,#653);
#653 = DEFINITIONAL_REPRESENTATION('',(#654),#658);
#654 = ELLIPSE('',#655,5.921777539662E-02,5.92E-02);
#655 = AXIS2_PLACEMENT_2D('',#656,#657);
#656 = CARTESIAN_POINT('',(6.500000092437E-04,0.349100399376));
#657 = DIRECTION('',(-1.,5.562304533206E-19));
#658 = ( GEOMETRIC_REPRESENTATION_CONTEXT(2) 
PARAMETRIC_REPRESENTATION_CONTEXT() REPRESENTATION_CONTEXT('2D SPACE',''
  ) );
#659 = PCURVE('',#600,#660);
#660 = DEFINITIONAL_REPRESENTATION('',(#661),#668);
#661 = B_SPLINE_CURVE_WITH_KNOTS('',5,(#662,#663,#664,#665,#666,#667),
  .UNSPECIFIED.,.F.,.F.,(6,6),(3.166095094735,6.283185307236),
  .PIECEWISE_BEZIER_KNOTS.);
#662 = CARTESIAN_POINT('',(-6.28318530718,-2.900799507317E-03));
#663 = CARTESIAN_POINT('',(-5.659767264679,-2.878639833483E-03));
#664 = CARTESIAN_POINT('',(-5.036349222179,-2.157771163644E-03));
#665 = CARTESIAN_POINT('',(-4.412931179679,-6.976198310592E-04));
#666 = CARTESIAN_POINT('',(-3.789513137179,4.354969675924E-07));
#667 = CARTESIAN_POINT('',(-3.166095094679,4.35496916641E-07));
#668 = ( GEOMETRIC_REPRESENTATION_CONTEXT(2) 
PARAMETRIC_REPRESENTATION_CONTEXT() REPRESENTATION_CONTEXT('2D SPACE',''
  ) );
#669 = ADVANCED_FACE('',(#670,#696),#98,.T.);
#670 = FACE_BOUND('',#671,.T.);
#671 = EDGE_LOOP('',(#672,#673,#674,#695));
#672 = ORIENTED_EDGE('',*,*,#82,.T.);
#673 = ORIENTED_EDGE('',*,*,#244,.T.);
#674 = ORIENTED_EDGE('',*,*,#675,.T.);
#675 = EDGE_CURVE('',#245,#170,#676,.T.);
#676 = SURFACE_CURVE('',#677,(#681,#688),.PCURVE_S1.);
#677 = LINE('',#678,#679);
#678 = CARTESIAN_POINT('',(-0.4219,0.75,0.3203));
#679 = VECTOR('',#680,1.);
#680 = DIRECTION('',(-5.776995653165E-17,-1.,0.));
#681 = PCURVE('',#98,#682);
#682 = DEFINITIONAL_REPRESENTATION('',(#683),#687);
#683 = LINE('',#684,#685);
#684 = CARTESIAN_POINT('',(-0.48045,0.48045));
#685 = VECTOR('',#686,1.);
#686 = DIRECTION('',(-5.776995653165E-17,-1.));
#687 = ( GEOMETRIC_REPRESENTATION_CONTEXT(2) 
PARAMETRIC_REPRESENTATION_CONTEXT() REPRESENTATION_CONTEXT('2D SPACE',''
  ) );
#688 = PCURVE('',#185,#689);
#689 = DEFINITIONAL_REPRESENTATION('',(#690),#694);
#690 = LINE('',#691,#692);
#691 = CARTESIAN_POINT('',(0.,-0.3203));
#692 = VECTOR('',#693,1.);
#693 = DIRECTION('',(1.,0.));
#694 = ( GEOMETRIC_REPRESENTATION_CONTEXT(2) 
PARAMETRIC_REPRESENTATION_CONTEXT() REPRESENTATION_CONTEXT('2D SPACE',''
  ) );
#695 = ORIENTED_EDGE('',*,*,#197,.T.);
#696 = FACE_BOUND('',#697,.T.);
#697 = EDGE_LOOP('',(#698,#728,#756,#784));
#698 = ORIENTED_EDGE('',*,*,#699,.F.);
#699 = EDGE_CURVE('',#700,#702,#704,.T.);
#700 = VERTEX_POINT('',#701);
#701 = CARTESIAN_POINT('',(0.2187,0.1094,0.3203));
#702 = VERTEX_POINT('',#703);
#703 = CARTESIAN_POINT('',(0.2187,0.4297,0.3203));
#704 = SURFACE_CURVE('',#705,(#709,#716),.PCURVE_S1.);
#705 = LINE('',#706,#707);
#706 = CARTESIAN_POINT('',(0.2187,0.1094,0.3203));
#707 = VECTOR('',#708,1.);
#708 = DIRECTION('',(0.,1.,0.));
#709 = PCURVE('',#98,#710);
#710 = DEFINITIONAL_REPRESENTATION('',(#711),#715);
#711 = LINE('',#712,#713);
#712 = CARTESIAN_POINT('',(0.16015,-0.16015));
#713 = VECTOR('',#714,1.);
#714 = DIRECTION('',(0.,1.));
#715 = ( GEOMETRIC_REPRESENTATION_CONTEXT(2) 
PARAMETRIC_REPRESENTATION_CONTEXT() REPRESENTATION_CONTEXT('2D SPACE',''
  ) );
#716 = PCURVE('',#717,#722);
#717 = PLANE('',#718);
#718 = AXIS2_PLACEMENT_3D('',#719,#720,#721);
#719 = CARTESIAN_POINT('',(0.2187,0.1094,0.3203));
#720 = DIRECTION('',(-1.,0.,0.));
#721 = DIRECTION('',(0.,1.,0.));
#722 = DEFINITIONAL_REPRESENTATION('',(#723),#727);
#723 = LINE('',#724,#725);
#724 = CARTESIAN_POINT('',(0.,0.));
#725 = VECTOR('',#726,1.);
#726 = DIRECTION('',(1.,0.));
#727 = ( GEOMETRIC_REPRESENTATION_CONTEXT(2) 
PARAMETRIC_REPRESENTATION_CONTEXT() REPRESENTATION_CONTEXT('2D SPACE',''
  ) );
#728 = ORIENTED_EDGE('',*,*,#729,.F.);
#729 = EDGE_CURVE('',#730,#700,#732,.T.);
#730 = VERTEX_POINT('',#731);
#731 = CARTESIAN_POINT('',(-0.1016,0.1094,0.3203));
#732 = SURFACE_CURVE('',#733,(#737,#744),.PCURVE_S1.);
#733 = LINE('',#734,#735);
#734 = CARTESIAN_POINT('',(-0.1016,0.1094,0.3203));
#735 = VECTOR('',#736,1.);
#736 = DIRECTION('',(1.,0.,0.));
#737 = PCURVE('',#98,#738);
#738 = DEFINITIONAL_REPRESENTATION('',(#739),#743);
#739 = LINE('',#740,#741);
#740 = CARTESIAN_POINT('',(-0.16015,-0.16015));
#741 = VECTOR('',#742,1.);
#742 = DIRECTION('',(1.,0.));
#743 = ( GEOMETRIC_REPRESENTATION_CONTEXT(2) 
PARAMETRIC_REPRESENTATION_CONTEXT() REPRESENTATION_CONTEXT('2D SPACE',''
  ) );
#744 = PCURVE('',#745,#750);
#745 = PLANE('',#746);
#746 = AXIS2_PLACEMENT_3D('',#747,#748,#749);
#747 = CARTESIAN_POINT('',(-0.1016,0.1094,0.3203));
#748 = DIRECTION('',(0.,1.,0.));
#749 = DIRECTION('',(1.,0.,0.));
#750 = DEFINITIONAL_REPRESENTATION('',(#751),#755);
#751 = LINE('',#752,#753);
#752 = CARTESIAN_POINT('',(0.,0.));
#753 = VECTOR('',#754,1.);
#754 = DIRECTION('',(1.,0.));
#755 = ( GEOMETRIC_REPRESENTATION_CONTEXT(2) 
PARAMETRIC_REPRESENTATION_CONTEXT() REPRESENTATION_CONTEXT('2D SPACE',''
  ) );
#756 = ORIENTED_EDGE('',*,*,#757,.F.);
#757 = EDGE_CURVE('',#758,#730,#760,.T.);
#758 = VERTEX_POINT('',#759);
#759 = CARTESIAN_POINT('',(-0.1016,0.4297,0.3203));
#760 = SURFACE_CURVE('',#761,(#765,#772),.PCURVE_S1.);
#761 = LINE('',#762,#763);
#762 = CARTESIAN_POINT('',(-0.1016,0.4297,0.3203));
#763 = VECTOR('',#764,1.);
#764 = DIRECTION('',(0.,-1.,0.));
#765 = PCURVE('',#98,#766);
#766 = DEFINITIONAL_REPRESENTATION('',(#767),#771);
#767 = LINE('',#768,#769);
#768 = CARTESIAN_POINT('',(-0.16015,0.16015));
#769 = VECTOR('',#770,1.);
#770 = DIRECTION('',(0.,-1.));
#771 = ( GEOMETRIC_REPRESENTATION_CONTEXT(2) 
PARAMETRIC_REPRESENTATION_CONTEXT() REPRESENTATION_CONTEXT('2D SPACE',''
  ) );
#772 = PCURVE('',#773,#778);
#773 = PLANE('',#774);
#774 = AXIS2_PLACEMENT_3D('',#775,#776,#777);
#775 = CARTESIAN_POINT('',(-0.1016,0.4297,0.3203));
#776 = DIRECTION('',(1.,0.,-0.));
#777 = DIRECTION('',(0.,-1.,0.));
#778 = DEFINITIONAL_REPRESENTATION('',(#779),#783);
#779 = LINE('',#780,#781);
#780 = CARTESIAN_POINT('',(0.,0.));
#781 = VECTOR('',#782,1.);
#782 = DIRECTION('',(1.,0.));
#783 = ( GEOMETRIC_REPRESENTATION_CONTEXT(2) 
PARAMETRIC_REPRESENTATION_CONTEXT() REPRESENTATION_CONTEXT('2D SPACE',''
  ) );
#784 = ORIENTED_EDGE('',*,*,#785,.F.);
#785 = EDGE_CURVE('',#702,#758,#786,.T.);
#786 = SURFACE_CURVE('',#787,(#791,#798),.PCURVE_S1.);
#787 = LINE('',#788,#789);
#788 = CARTESIAN_POINT('',(0.2187,0.4297,0.3203));
#789 = VECTOR('',#790,1.);
#790 = DIRECTION('',(-1.,0.,0.));
#791 = PCURVE('',#98,#792);
#792 = DEFINITIONAL_REPRESENTATION('',(#793),#797);
#793 = LINE('',#794,#795);
#794 = CARTESIAN_POINT('',(0.16015,0.16015));
#795 = VECTOR('',#796,1.);
#796 = DIRECTION('',(-1.,0.));
#797 = ( GEOMETRIC_REPRESENTATION_CONTEXT(2) 
PARAMETRIC_REPRESENTATION_CONTEXT() REPRESENTATION_CONTEXT('2D SPACE',''
  ) );
#798 = PCURVE('',#799,#804);
#799 = PLANE('',#800);
#800 = AXIS2_PLACEMENT_3D('',#801,#802,#803);
#801 = CARTESIAN_POINT('',(0.2187,0.4297,0.3203));
#802 = DIRECTION('',(0.,-1.,0.));
#803 = DIRECTION('',(-1.,0.,0.));
#804 = DEFINITIONAL_REPRESENTATION('',(#805),#809);
#805 = LINE('',#806,#807);
#806 = CARTESIAN_POINT('',(0.,-0.));
#807 = VECTOR('',#808,1.);
#808 = DIRECTION('',(1.,0.));
#809 = ( GEOMETRIC_REPRESENTATION_CONTEXT(2) 
PARAMETRIC_REPRESENTATION_CONTEXT() REPRESENTATION_CONTEXT('2D SPACE',''
  ) );
#810 = ADVANCED_FACE('',(#811),#185,.F.);
#811 = FACE_BOUND('',#812,.F.);
#812 = EDGE_LOOP('',(#813,#814,#815,#816,#817,#818,#839,#865,#889,#890,
    #911,#937));
#813 = ORIENTED_EDGE('',*,*,#340,.F.);
#814 = ORIENTED_EDGE('',*,*,#267,.T.);
#815 = ORIENTED_EDGE('',*,*,#675,.T.);
#816 = ORIENTED_EDGE('',*,*,#167,.F.);
#817 = ORIENTED_EDGE('',*,*,#314,.F.);
#818 = ORIENTED_EDGE('',*,*,#819,.T.);
#819 = EDGE_CURVE('',#315,#820,#822,.T.);
#820 = VERTEX_POINT('',#821);
#821 = CARTESIAN_POINT('',(-0.4219,3.165897908887E-02,3.823146944083E-04
    ));
#822 = SURFACE_CURVE('',#823,(#827,#833),.PCURVE_S1.);
#823 = LINE('',#824,#825);
#824 = CARTESIAN_POINT('',(-0.4219,3.165900781245E-02,4.301530486772E-04
    ));
#825 = VECTOR('',#826,1.);
#826 = DIRECTION('',(3.468680128248E-20,6.004297625441E-04,
    0.999999819742));
#827 = PCURVE('',#185,#828);
#828 = DEFINITIONAL_REPRESENTATION('',(#829),#832);
#829 = B_SPLINE_CURVE_WITH_KNOTS('',1,(#830,#831),.UNSPECIFIED.,.F.,.F.,
  (2,2),(-4.301531262157E-04,-4.783836289211E-05),
  .PIECEWISE_BEZIER_KNOTS.);
#830 = CARTESIAN_POINT('',(0.718341250464,-1.948671955551E-20));
#831 = CARTESIAN_POINT('',(0.718341020911,-3.823146944083E-04));
#832 = ( GEOMETRIC_REPRESENTATION_CONTEXT(2) 
PARAMETRIC_REPRESENTATION_CONTEXT() REPRESENTATION_CONTEXT('2D SPACE',''
  ) );
#833 = PCURVE('',#477,#834);
#834 = DEFINITIONAL_REPRESENTATION('',(#835),#838);
#835 = B_SPLINE_CURVE_WITH_KNOTS('',1,(#836,#837),.UNSPECIFIED.,.F.,.F.,
  (2,2),(-4.301531262157E-04,-4.783836289211E-05),
  .PIECEWISE_BEZIER_KNOTS.);
#836 = CARTESIAN_POINT('',(1.914023711805E-03,-3.82199935026E-04));
#837 = CARTESIAN_POINT('',(1.904654190937E-03,-6.971944066346E-21));
#838 = ( GEOMETRIC_REPRESENTATION_CONTEXT(2) 
PARAMETRIC_REPRESENTATION_CONTEXT() REPRESENTATION_CONTEXT('2D SPACE',''
  ) );
#839 = ORIENTED_EDGE('',*,*,#840,.T.);
#840 = EDGE_CURVE('',#820,#841,#843,.T.);
#841 = VERTEX_POINT('',#842);
#842 = CARTESIAN_POINT('',(-0.4219,0.109399999901,3.823146944083E-04));
#843 = SURFACE_CURVE('',#844,(#848,#854),.PCURVE_S1.);
#844 = LINE('',#845,#846);
#845 = CARTESIAN_POINT('',(-0.4219,0.410276410774,3.823146944083E-04));
#846 = VECTOR('',#847,1.);
#847 = DIRECTION('',(5.776995653165E-17,1.,1.415788671627E-18));
#848 = PCURVE('',#185,#849);
#849 = DEFINITIONAL_REPRESENTATION('',(#850),#853);
#850 = B_SPLINE_CURVE_WITH_KNOTS('',1,(#851,#852),.UNSPECIFIED.,.F.,.F.,
  (2,2),(-0.378952967513,-0.300494210938),.PIECEWISE_BEZIER_KNOTS.);
#851 = CARTESIAN_POINT('',(0.718676556739,-3.823146944083E-04));
#852 = CARTESIAN_POINT('',(0.640217800164,-3.823146944083E-04));
#853 = ( GEOMETRIC_REPRESENTATION_CONTEXT(2) 
PARAMETRIC_REPRESENTATION_CONTEXT() REPRESENTATION_CONTEXT('2D SPACE',''
  ) );
#854 = PCURVE('',#855,#860);
#855 = PLANE('',#856);
#856 = AXIS2_PLACEMENT_3D('',#857,#858,#859);
#857 = CARTESIAN_POINT('',(-0.428748244539,7.055282154824E-02,
    2.144823535121E-04));
#858 = DIRECTION('',(2.4499995835E-02,-0.,-0.999699830051));
#859 = DIRECTION('',(-0.999699830051,0.,-2.4499995835E-02));
#860 = DEFINITIONAL_REPRESENTATION('',(#861),#864);
#861 = B_SPLINE_CURVE_WITH_KNOTS('',1,(#862,#863),.UNSPECIFIED.,.F.,.F.,
  (2,2),(-0.378952967513,-0.300494210938),.PIECEWISE_BEZIER_KNOTS.);
#862 = CARTESIAN_POINT('',(-6.850300792967E-03,-3.922937828742E-02));
#863 = CARTESIAN_POINT('',(-6.850300792967E-03,3.922937828742E-02));
#864 = ( GEOMETRIC_REPRESENTATION_CONTEXT(2) 
PARAMETRIC_REPRESENTATION_CONTEXT() REPRESENTATION_CONTEXT('2D SPACE',''
  ) );
#865 = ORIENTED_EDGE('',*,*,#866,.T.);
#866 = EDGE_CURVE('',#841,#416,#867,.T.);
#867 = SURFACE_CURVE('',#868,(#872,#878),.PCURVE_S1.);
#868 = LINE('',#869,#870);
#869 = CARTESIAN_POINT('',(-0.4219,0.269693119516,-0.159958892837));
#870 = VECTOR('',#871,1.);
#871 = DIRECTION('',(4.084340104544E-17,0.707000723171,-0.707212823297)
  );
#872 = PCURVE('',#185,#873);
#873 = DEFINITIONAL_REPRESENTATION('',(#874),#877);
#874 = B_SPLINE_CURVE_WITH_KNOTS('',1,(#875,#876),.UNSPECIFIED.,.F.,.F.,
  (2,2),(-0.226722709556,-0.226182116142),.PIECEWISE_BEZIER_KNOTS.);
#875 = CARTESIAN_POINT('',(0.640600000099,-3.823146944083E-04));
#876 = CARTESIAN_POINT('',(0.640217800164,-9.93433998534E-11));
#877 = ( GEOMETRIC_REPRESENTATION_CONTEXT(2) 
PARAMETRIC_REPRESENTATION_CONTEXT() REPRESENTATION_CONTEXT('2D SPACE',''
  ) );
#878 = PCURVE('',#879,#884);
#879 = PLANE('',#880);
#880 = AXIS2_PLACEMENT_3D('',#881,#882,#883);
#881 = CARTESIAN_POINT('',(-0.421909363894,0.109782199836,
    3.820852101507E-04));
#882 = DIRECTION('',(-0.99939975036,-2.449998946567E-02,
    -2.449264167633E-02));
#883 = DIRECTION('',(2.449263530508E-02,-0.999699830207,
    6.002496398664E-04));
#884 = DEFINITIONAL_REPRESENTATION('',(#885),#888);
#885 = B_SPLINE_CURVE_WITH_KNOTS('',1,(#886,#887),.UNSPECIFIED.,.F.,.F.,
  (2,2),(-0.226722709556,-0.226182116142),.PIECEWISE_BEZIER_KNOTS.);
#886 = CARTESIAN_POINT('',(3.823146944563E-04,-2.860591132598E-18));
#887 = CARTESIAN_POINT('',(1.25854226114E-17,-3.821998357124E-04));
#888 = ( GEOMETRIC_REPRESENTATION_CONTEXT(2) 
PARAMETRIC_REPRESENTATION_CONTEXT() REPRESENTATION_CONTEXT('2D SPACE',''
  ) );
#889 = ORIENTED_EDGE('',*,*,#415,.F.);
#890 = ORIENTED_EDGE('',*,*,#891,.T.);
#891 = EDGE_CURVE('',#390,#892,#894,.T.);
#892 = VERTEX_POINT('',#893);
#893 = CARTESIAN_POINT('',(-0.4219,0.430058979089,3.823146944083E-04));
#894 = SURFACE_CURVE('',#895,(#899,#905),.PCURVE_S1.);
#895 = LINE('',#896,#897);
#896 = CARTESIAN_POINT('',(-0.4219,0.430058935998,3.105474615383E-04));
#897 = VECTOR('',#898,1.);
#898 = DIRECTION('',(3.468680128248E-20,6.004297625442E-04,
    0.999999819742));
#899 = PCURVE('',#185,#900);
#900 = DEFINITIONAL_REPRESENTATION('',(#901),#904);
#901 = B_SPLINE_CURVE_WITH_KNOTS('',1,(#902,#903),.UNSPECIFIED.,.F.,.F.,
  (2,2),(-3.105475175169E-04,7.176724580667E-05),
  .PIECEWISE_BEZIER_KNOTS.);
#902 = CARTESIAN_POINT('',(0.319941250464,3.644629863709E-20));
#903 = CARTESIAN_POINT('',(0.319941020911,-3.823146944083E-04));
#904 = ( GEOMETRIC_REPRESENTATION_CONTEXT(2) 
PARAMETRIC_REPRESENTATION_CONTEXT() REPRESENTATION_CONTEXT('2D SPACE',''
  ) );
#905 = PCURVE('',#404,#906);
#906 = DEFINITIONAL_REPRESENTATION('',(#907),#910);
#907 = B_SPLINE_CURVE_WITH_KNOTS('',1,(#908,#909),.UNSPECIFIED.,.F.,.F.,
  (2,2),(-3.105475175169E-04,7.176724580667E-05),
  .PIECEWISE_BEZIER_KNOTS.);
#908 = CARTESIAN_POINT('',(1.914023711805E-03,-3.82199935026E-04));
#909 = CARTESIAN_POINT('',(1.904654190937E-03,1.285579026144E-20));
#910 = ( GEOMETRIC_REPRESENTATION_CONTEXT(2) 
PARAMETRIC_REPRESENTATION_CONTEXT() REPRESENTATION_CONTEXT('2D SPACE',''
  ) );
#911 = ORIENTED_EDGE('',*,*,#912,.T.);
#912 = EDGE_CURVE('',#892,#913,#915,.T.);
#913 = VERTEX_POINT('',#914);
#914 = CARTESIAN_POINT('',(-0.4219,0.507799999901,3.823146944083E-04));
#915 = SURFACE_CURVE('',#916,(#920,#926),.PCURVE_S1.);
#916 = LINE('',#917,#918);
#917 = CARTESIAN_POINT('',(-0.4219,0.609476410774,3.823146944083E-04));
#918 = VECTOR('',#919,1.);
#919 = DIRECTION('',(5.776995653165E-17,1.,1.415788671627E-18));
#920 = PCURVE('',#185,#921);
#921 = DEFINITIONAL_REPRESENTATION('',(#922),#925);
#922 = B_SPLINE_CURVE_WITH_KNOTS('',1,(#923,#924),.UNSPECIFIED.,.F.,.F.,
  (2,2),(-0.179752967513,-0.101294210938),.PIECEWISE_BEZIER_KNOTS.);
#923 = CARTESIAN_POINT('',(0.320276556739,-3.823146944083E-04));
#924 = CARTESIAN_POINT('',(0.241817800164,-3.823146944083E-04));
#925 = ( GEOMETRIC_REPRESENTATION_CONTEXT(2) 
PARAMETRIC_REPRESENTATION_CONTEXT() REPRESENTATION_CONTEXT('2D SPACE',''
  ) );
#926 = PCURVE('',#927,#932);
#927 = PLANE('',#928);
#928 = AXIS2_PLACEMENT_3D('',#929,#930,#931);
#929 = CARTESIAN_POINT('',(-0.428748244539,0.468952821548,
    2.144823535121E-04));
#930 = DIRECTION('',(2.4499995835E-02,-0.,-0.999699830051));
#931 = DIRECTION('',(-0.999699830051,0.,-2.4499995835E-02));
#932 = DEFINITIONAL_REPRESENTATION('',(#933),#936);
#933 = B_SPLINE_CURVE_WITH_KNOTS('',1,(#934,#935),.UNSPECIFIED.,.F.,.F.,
  (2,2),(-0.179752967513,-0.101294210938),.PIECEWISE_BEZIER_KNOTS.);
#934 = CARTESIAN_POINT('',(-6.850300792967E-03,-3.922937828742E-02));
#935 = CARTESIAN_POINT('',(-6.850300792967E-03,3.922937828742E-02));
#936 = ( GEOMETRIC_REPRESENTATION_CONTEXT(2) 
PARAMETRIC_REPRESENTATION_CONTEXT() REPRESENTATION_CONTEXT('2D SPACE',''
  ) );
#937 = ORIENTED_EDGE('',*,*,#938,.T.);
#938 = EDGE_CURVE('',#913,#341,#939,.T.);
#939 = SURFACE_CURVE('',#940,(#944,#950),.PCURVE_S1.);
#940 = LINE('',#941,#942);
#941 = CARTESIAN_POINT('',(-0.4219,0.568522995021,-6.035889731716E-02));
#942 = VECTOR('',#943,1.);
#943 = DIRECTION('',(4.084340104544E-17,0.707000723171,-0.707212823297)
  );
#944 = PCURVE('',#185,#945);
#945 = DEFINITIONAL_REPRESENTATION('',(#946),#949);
#946 = B_SPLINE_CURVE_WITH_KNOTS('',1,(#947,#948),.UNSPECIFIED.,.F.,.F.,
  (2,2),(-8.588816550075E-02,-8.534757208609E-02),
  .PIECEWISE_BEZIER_KNOTS.);
#947 = CARTESIAN_POINT('',(0.242200000099,-3.823146944083E-04));
#948 = CARTESIAN_POINT('',(0.241817800164,-9.937045185364E-11));
#949 = ( GEOMETRIC_REPRESENTATION_CONTEXT(2) 
PARAMETRIC_REPRESENTATION_CONTEXT() REPRESENTATION_CONTEXT('2D SPACE',''
  ) );
#950 = PCURVE('',#951,#956);
#951 = PLANE('',#952);
#952 = AXIS2_PLACEMENT_3D('',#953,#954,#955);
#953 = CARTESIAN_POINT('',(-0.421909363894,0.508182199836,
    3.820852101507E-04));
#954 = DIRECTION('',(-0.99939975036,-2.449998946567E-02,
    -2.449264167633E-02));
#955 = DIRECTION('',(2.449263530508E-02,-0.999699830207,
    6.002496398664E-04));
#956 = DEFINITIONAL_REPRESENTATION('',(#957),#960);
#957 = B_SPLINE_CURVE_WITH_KNOTS('',1,(#958,#959),.UNSPECIFIED.,.F.,.F.,
  (2,2),(-8.588816550075E-02,-8.534757208609E-02),
  .PIECEWISE_BEZIER_KNOTS.);
#958 = CARTESIAN_POINT('',(3.823146944292E-04,-5.553918563853E-19));
#959 = CARTESIAN_POINT('',(-1.069437018706E-16,-3.821998356854E-04));
#960 = ( GEOMETRIC_REPRESENTATION_CONTEXT(2) 
PARAMETRIC_REPRESENTATION_CONTEXT() REPRESENTATION_CONTEXT('2D SPACE',''
  ) );
#961 = ADVANCED_FACE('',(#962),#477,.F.);
#962 = FACE_BOUND('',#963,.F.);
#963 = EDGE_LOOP('',(#964,#965,#988,#1016,#1044,#1065));
#964 = ORIENTED_EDGE('',*,*,#464,.F.);
#965 = ORIENTED_EDGE('',*,*,#966,.T.);
#966 = EDGE_CURVE('',#439,#967,#969,.T.);
#967 = VERTEX_POINT('',#968);
#968 = CARTESIAN_POINT('',(-0.412149140411,3.170564309649E-02,
    -0.319774890858));
#969 = SURFACE_CURVE('',#970,(#974,#981),.PCURVE_S1.);
#970 = LINE('',#971,#972);
#971 = CARTESIAN_POINT('',(-0.419996489077,3.170564309649E-02,
    4.289647070243E-04));
#972 = VECTOR('',#973,1.);
#973 = DIRECTION('',(2.4499995835E-02,0.,-0.999699830051));
#974 = PCURVE('',#477,#975);
#975 = DEFINITIONAL_REPRESENTATION('',(#976),#980);
#976 = LINE('',#977,#978);
#977 = CARTESIAN_POINT('',(-0.,0.));
#978 = VECTOR('',#979,1.);
#979 = DIRECTION('',(-6.671700234336E-17,-1.));
#980 = ( GEOMETRIC_REPRESENTATION_CONTEXT(2) 
PARAMETRIC_REPRESENTATION_CONTEXT() REPRESENTATION_CONTEXT('2D SPACE',''
  ) );
#981 = PCURVE('',#453,#982);
#982 = DEFINITIONAL_REPRESENTATION('',(#983),#987);
#983 = LINE('',#984,#985);
#984 = CARTESIAN_POINT('',(7.81E-02,1.325185125228E-20));
#985 = VECTOR('',#986,1.);
#986 = DIRECTION('',(1.221890973508E-17,-1.));
#987 = ( GEOMETRIC_REPRESENTATION_CONTEXT(2) 
PARAMETRIC_REPRESENTATION_CONTEXT() REPRESENTATION_CONTEXT('2D SPACE',''
  ) );
#988 = ORIENTED_EDGE('',*,*,#989,.T.);
#989 = EDGE_CURVE('',#967,#990,#992,.T.);
#990 = VERTEX_POINT('',#991);
#991 = CARTESIAN_POINT('',(-0.427739776517,3.132344326082E-02,
    -0.320156976068));
#992 = SURFACE_CURVE('',#993,(#997,#1004),.PCURVE_S1.);
#993 = LINE('',#994,#995);
#994 = CARTESIAN_POINT('',(-0.412149140411,3.170564309649E-02,
    -0.319774890858));
#995 = VECTOR('',#996,1.);
#996 = DIRECTION('',(-0.99939975036,-2.449998946567E-02,
    -2.449264167633E-02));
#997 = PCURVE('',#477,#998);
#998 = DEFINITIONAL_REPRESENTATION('',(#999),#1003);
#999 = LINE('',#1000,#1001);
#1000 = CARTESIAN_POINT('',(-6.090368129511E-18,-0.3203));
#1001 = VECTOR('',#1002,1.);
#1002 = DIRECTION('',(1.,-6.138259376525E-18));
#1003 = ( GEOMETRIC_REPRESENTATION_CONTEXT(2) 
PARAMETRIC_REPRESENTATION_CONTEXT() REPRESENTATION_CONTEXT('2D SPACE',''
  ) );
#1004 = PCURVE('',#1005,#1010);
#1005 = PLANE('',#1006);
#1006 = AXIS2_PLACEMENT_3D('',#1007,#1008,#1009);
#1007 = CARTESIAN_POINT('',(-0.420900895873,7.055282154824E-02,
    -0.319989373212));
#1008 = DIRECTION('',(2.4499995835E-02,-0.,-0.999699830051));
#1009 = DIRECTION('',(-0.999699830051,0.,-2.4499995835E-02));
#1010 = DEFINITIONAL_REPRESENTATION('',(#1011),#1015);
#1011 = LINE('',#1012,#1013);
#1012 = CARTESIAN_POINT('',(-8.75438326425E-03,-3.884717845176E-02));
#1013 = VECTOR('',#1014,1.);
#1014 = DIRECTION('',(0.999699830207,-2.449998946567E-02));
#1015 = ( GEOMETRIC_REPRESENTATION_CONTEXT(2) 
PARAMETRIC_REPRESENTATION_CONTEXT() REPRESENTATION_CONTEXT('2D SPACE',''
  ) );
#1016 = ORIENTED_EDGE('',*,*,#1017,.F.);
#1017 = EDGE_CURVE('',#1018,#990,#1020,.T.);
#1018 = VERTEX_POINT('',#1019);
#1019 = CARTESIAN_POINT('',(-0.435587125183,3.132344326082E-02,
    4.687949687357E-05));
#1020 = SURFACE_CURVE('',#1021,(#1025,#1032),.PCURVE_S1.);
#1021 = LINE('',#1022,#1023);
#1022 = CARTESIAN_POINT('',(-0.435587125183,3.132344326082E-02,
    4.687949687357E-05));
#1023 = VECTOR('',#1024,1.);
#1024 = DIRECTION('',(2.4499995835E-02,0.,-0.999699830051));
#1025 = PCURVE('',#477,#1026);
#1026 = DEFINITIONAL_REPRESENTATION('',(#1027),#1031);
#1027 = LINE('',#1028,#1029);
#1028 = CARTESIAN_POINT('',(1.56E-02,-9.508704861313E-20));
#1029 = VECTOR('',#1030,1.);
#1030 = DIRECTION('',(-6.671700234336E-17,-1.));
#1031 = ( GEOMETRIC_REPRESENTATION_CONTEXT(2) 
PARAMETRIC_REPRESENTATION_CONTEXT() REPRESENTATION_CONTEXT('2D SPACE',''
  ) );
#1032 = PCURVE('',#1033,#1038);
#1033 = PLANE('',#1034);
#1034 = AXIS2_PLACEMENT_3D('',#1035,#1036,#1037);
#1035 = CARTESIAN_POINT('',(-0.435587125183,3.132344326082E-02,
    4.687949687357E-05));
#1036 = DIRECTION('',(0.99939975036,2.449998946567E-02,
    2.449264167633E-02));
#1037 = DIRECTION('',(-2.449263530508E-02,0.999699830207,
    -6.002496398664E-04));
#1038 = DEFINITIONAL_REPRESENTATION('',(#1039),#1043);
#1039 = LINE('',#1040,#1041);
#1040 = CARTESIAN_POINT('',(0.,0.));
#1041 = VECTOR('',#1042,1.);
#1042 = DIRECTION('',(5.128325024691E-18,-1.));
#1043 = ( GEOMETRIC_REPRESENTATION_CONTEXT(2) 
PARAMETRIC_REPRESENTATION_CONTEXT() REPRESENTATION_CONTEXT('2D SPACE',''
  ) );
#1044 = ORIENTED_EDGE('',*,*,#1045,.F.);
#1045 = EDGE_CURVE('',#820,#1018,#1046,.T.);
#1046 = SURFACE_CURVE('',#1047,(#1051,#1058),.PCURVE_S1.);
#1047 = LINE('',#1048,#1049);
#1048 = CARTESIAN_POINT('',(-0.419996489077,3.170564309649E-02,
    4.289647070243E-04));
#1049 = VECTOR('',#1050,1.);
#1050 = DIRECTION('',(-0.99939975036,-2.449998946567E-02,
    -2.449264167633E-02));
#1051 = PCURVE('',#477,#1052);
#1052 = DEFINITIONAL_REPRESENTATION('',(#1053),#1057);
#1053 = LINE('',#1054,#1055);
#1054 = CARTESIAN_POINT('',(-0.,0.));
#1055 = VECTOR('',#1056,1.);
#1056 = DIRECTION('',(1.,-6.138259376525E-18));
#1057 = ( GEOMETRIC_REPRESENTATION_CONTEXT(2) 
PARAMETRIC_REPRESENTATION_CONTEXT() REPRESENTATION_CONTEXT('2D SPACE',''
  ) );
#1058 = PCURVE('',#855,#1059);
#1059 = DEFINITIONAL_REPRESENTATION('',(#1060),#1064);
#1060 = LINE('',#1061,#1062);
#1061 = CARTESIAN_POINT('',(-8.75438326425E-03,-3.884717845176E-02));
#1062 = VECTOR('',#1063,1.);
#1063 = DIRECTION('',(0.999699830207,-2.449998946567E-02));
#1064 = ( GEOMETRIC_REPRESENTATION_CONTEXT(2) 
PARAMETRIC_REPRESENTATION_CONTEXT() REPRESENTATION_CONTEXT('2D SPACE',''
  ) );
#1065 = ORIENTED_EDGE('',*,*,#819,.F.);
#1066 = ADVANCED_FACE('',(#1067),#453,.F.);
#1067 = FACE_BOUND('',#1068,.F.);
#1068 = EDGE_LOOP('',(#1069,#1070,#1098,#1119));
#1069 = ORIENTED_EDGE('',*,*,#438,.F.);
#1070 = ORIENTED_EDGE('',*,*,#1071,.T.);
#1071 = EDGE_CURVE('',#416,#1072,#1074,.T.);
#1072 = VERTEX_POINT('',#1073);
#1073 = CARTESIAN_POINT('',(-0.414062015228,0.109782199836,
    -0.319821770355));
#1074 = SURFACE_CURVE('',#1075,(#1079,#1086),.PCURVE_S1.);
#1075 = LINE('',#1076,#1077);
#1076 = CARTESIAN_POINT('',(-0.421909363894,0.109782199836,
    3.820852101507E-04));
#1077 = VECTOR('',#1078,1.);
#1078 = DIRECTION('',(2.4499995835E-02,0.,-0.999699830051));
#1079 = PCURVE('',#453,#1080);
#1080 = DEFINITIONAL_REPRESENTATION('',(#1081),#1085);
#1081 = LINE('',#1082,#1083);
#1082 = CARTESIAN_POINT('',(1.387368719432E-17,1.083876727575E-19));
#1083 = VECTOR('',#1084,1.);
#1084 = DIRECTION('',(1.221890973508E-17,-1.));
#1085 = ( GEOMETRIC_REPRESENTATION_CONTEXT(2) 
PARAMETRIC_REPRESENTATION_CONTEXT() REPRESENTATION_CONTEXT('2D SPACE',''
  ) );
#1086 = PCURVE('',#1087,#1092);
#1087 = PLANE('',#1088);
#1088 = AXIS2_PLACEMENT_3D('',#1089,#1090,#1091);
#1089 = CARTESIAN_POINT('',(-0.4375,0.1094,0.));
#1090 = DIRECTION('',(2.449263530508E-02,-0.999699830207,
    6.002496398664E-04));
#1091 = DIRECTION('',(0.99939975036,2.449998946567E-02,
    2.449264167633E-02));
#1092 = DEFINITIONAL_REPRESENTATION('',(#1093),#1097);
#1093 = LINE('',#1094,#1095);
#1094 = CARTESIAN_POINT('',(1.56E-02,8.326437526558E-20));
#1095 = VECTOR('',#1096,1.);
#1096 = DIRECTION('',(-3.039731102362E-17,-1.));
#1097 = ( GEOMETRIC_REPRESENTATION_CONTEXT(2) 
PARAMETRIC_REPRESENTATION_CONTEXT() REPRESENTATION_CONTEXT('2D SPACE',''
  ) );
#1098 = ORIENTED_EDGE('',*,*,#1099,.T.);
#1099 = EDGE_CURVE('',#1072,#967,#1100,.T.);
#1100 = SURFACE_CURVE('',#1101,(#1105,#1112),.PCURVE_S1.);
#1101 = LINE('',#1102,#1103);
#1102 = CARTESIAN_POINT('',(-0.414062015228,0.109782199836,
    -0.319821770355));
#1103 = VECTOR('',#1104,1.);
#1104 = DIRECTION('',(2.449263530508E-02,-0.999699830207,
    6.002496398664E-04));
#1105 = PCURVE('',#453,#1106);
#1106 = DEFINITIONAL_REPRESENTATION('',(#1107),#1111);
#1107 = LINE('',#1108,#1109);
#1108 = CARTESIAN_POINT('',(3.556083992558E-18,-0.3203));
#1109 = VECTOR('',#1110,1.);
#1110 = DIRECTION('',(1.,1.409950312573E-19));
#1111 = ( GEOMETRIC_REPRESENTATION_CONTEXT(2) 
PARAMETRIC_REPRESENTATION_CONTEXT() REPRESENTATION_CONTEXT('2D SPACE',''
  ) );
#1112 = PCURVE('',#1005,#1113);
#1113 = DEFINITIONAL_REPRESENTATION('',(#1114),#1118);
#1114 = LINE('',#1115,#1116);
#1115 = CARTESIAN_POINT('',(-6.840934086981E-03,3.922937828742E-02));
#1116 = VECTOR('',#1117,1.);
#1117 = DIRECTION('',(-2.449998946567E-02,-0.999699830207));
#1118 = ( GEOMETRIC_REPRESENTATION_CONTEXT(2) 
PARAMETRIC_REPRESENTATION_CONTEXT() REPRESENTATION_CONTEXT('2D SPACE',''
  ) );
#1119 = ORIENTED_EDGE('',*,*,#966,.F.);
#1120 = ADVANCED_FACE('',(#1121),#404,.F.);
#1121 = FACE_BOUND('',#1122,.F.);
#1122 = EDGE_LOOP('',(#1123,#1124,#1147,#1175,#1203,#1224));
#1123 = ORIENTED_EDGE('',*,*,#389,.F.);
#1124 = ORIENTED_EDGE('',*,*,#1125,.T.);
#1125 = EDGE_CURVE('',#364,#1126,#1128,.T.);
#1126 = VERTEX_POINT('',#1127);
#1127 = CARTESIAN_POINT('',(-0.412149140411,0.430105643096,
    -0.319774890858));
#1128 = SURFACE_CURVE('',#1129,(#1133,#1140),.PCURVE_S1.);
#1129 = LINE('',#1130,#1131);
#1130 = CARTESIAN_POINT('',(-0.419996489077,0.430105643096,
    4.289647070243E-04));
#1131 = VECTOR('',#1132,1.);
#1132 = DIRECTION('',(2.4499995835E-02,0.,-0.999699830051));
#1133 = PCURVE('',#404,#1134);
#1134 = DEFINITIONAL_REPRESENTATION('',(#1135),#1139);
#1135 = LINE('',#1136,#1137);
#1136 = CARTESIAN_POINT('',(-0.,0.));
#1137 = VECTOR('',#1138,1.);
#1138 = DIRECTION('',(-6.671700234336E-17,-1.));
#1139 = ( GEOMETRIC_REPRESENTATION_CONTEXT(2) 
PARAMETRIC_REPRESENTATION_CONTEXT() REPRESENTATION_CONTEXT('2D SPACE',''
  ) );
#1140 = PCURVE('',#378,#1141);
#1141 = DEFINITIONAL_REPRESENTATION('',(#1142),#1146);
#1142 = LINE('',#1143,#1144);
#1143 = CARTESIAN_POINT('',(7.81E-02,2.002811483031E-20));
#1144 = VECTOR('',#1145,1.);
#1145 = DIRECTION('',(1.232729740783E-17,-1.));
#1146 = ( GEOMETRIC_REPRESENTATION_CONTEXT(2) 
PARAMETRIC_REPRESENTATION_CONTEXT() REPRESENTATION_CONTEXT('2D SPACE',''
  ) );
#1147 = ORIENTED_EDGE('',*,*,#1148,.T.);
#1148 = EDGE_CURVE('',#1126,#1149,#1151,.T.);
#1149 = VERTEX_POINT('',#1150);
#1150 = CARTESIAN_POINT('',(-0.427739776517,0.429723443261,
    -0.320156976068));
#1151 = SURFACE_CURVE('',#1152,(#1156,#1163),.PCURVE_S1.);
#1152 = LINE('',#1153,#1154);
#1153 = CARTESIAN_POINT('',(-0.412149140411,0.430105643096,
    -0.319774890858));
#1154 = VECTOR('',#1155,1.);
#1155 = DIRECTION('',(-0.99939975036,-2.449998946567E-02,
    -2.449264167633E-02));
#1156 = PCURVE('',#404,#1157);
#1157 = DEFINITIONAL_REPRESENTATION('',(#1158),#1162);
#1158 = LINE('',#1159,#1160);
#1159 = CARTESIAN_POINT('',(-6.090368129511E-18,-0.3203));
#1160 = VECTOR('',#1161,1.);
#1161 = DIRECTION('',(1.,-6.139300800239E-18));
#1162 = ( GEOMETRIC_REPRESENTATION_CONTEXT(2) 
PARAMETRIC_REPRESENTATION_CONTEXT() REPRESENTATION_CONTEXT('2D SPACE',''
  ) );
#1163 = PCURVE('',#1164,#1169);
#1164 = PLANE('',#1165);
#1165 = AXIS2_PLACEMENT_3D('',#1166,#1167,#1168);
#1166 = CARTESIAN_POINT('',(-0.420900895873,0.468952821548,
    -0.319989373212));
#1167 = DIRECTION('',(2.4499995835E-02,-0.,-0.999699830051));
#1168 = DIRECTION('',(-0.999699830051,0.,-2.4499995835E-02));
#1169 = DEFINITIONAL_REPRESENTATION('',(#1170),#1174);
#1170 = LINE('',#1171,#1172);
#1171 = CARTESIAN_POINT('',(-8.75438326425E-03,-3.884717845176E-02));
#1172 = VECTOR('',#1173,1.);
#1173 = DIRECTION('',(0.999699830207,-2.449998946567E-02));
#1174 = ( GEOMETRIC_REPRESENTATION_CONTEXT(2) 
PARAMETRIC_REPRESENTATION_CONTEXT() REPRESENTATION_CONTEXT('2D SPACE',''
  ) );
#1175 = ORIENTED_EDGE('',*,*,#1176,.F.);
#1176 = EDGE_CURVE('',#1177,#1149,#1179,.T.);
#1177 = VERTEX_POINT('',#1178);
#1178 = CARTESIAN_POINT('',(-0.435587125183,0.429723443261,
    4.687949687357E-05));
#1179 = SURFACE_CURVE('',#1180,(#1184,#1191),.PCURVE_S1.);
#1180 = LINE('',#1181,#1182);
#1181 = CARTESIAN_POINT('',(-0.435587125183,0.429723443261,
    4.687949687357E-05));
#1182 = VECTOR('',#1183,1.);
#1183 = DIRECTION('',(2.4499995835E-02,0.,-0.999699830051));
#1184 = PCURVE('',#404,#1185);
#1185 = DEFINITIONAL_REPRESENTATION('',(#1186),#1190);
#1186 = LINE('',#1187,#1188);
#1187 = CARTESIAN_POINT('',(1.56E-02,-9.508704861313E-20));
#1188 = VECTOR('',#1189,1.);
#1189 = DIRECTION('',(-6.671700234336E-17,-1.));
#1190 = ( GEOMETRIC_REPRESENTATION_CONTEXT(2) 
PARAMETRIC_REPRESENTATION_CONTEXT() REPRESENTATION_CONTEXT('2D SPACE',''
  ) );
#1191 = PCURVE('',#1192,#1197);
#1192 = PLANE('',#1193);
#1193 = AXIS2_PLACEMENT_3D('',#1194,#1195,#1196);
#1194 = CARTESIAN_POINT('',(-0.435587125183,0.429723443261,
    4.687949687357E-05));
#1195 = DIRECTION('',(0.99939975036,2.449998946567E-02,
    2.449264167633E-02));
#1196 = DIRECTION('',(-2.449263530508E-02,0.999699830207,
    -6.002496398664E-04));
#1197 = DEFINITIONAL_REPRESENTATION('',(#1198),#1202);
#1198 = LINE('',#1199,#1200);
#1199 = CARTESIAN_POINT('',(0.,0.));
#1200 = VECTOR('',#1201,1.);
#1201 = DIRECTION('',(5.345132914697E-18,-1.));
#1202 = ( GEOMETRIC_REPRESENTATION_CONTEXT(2) 
PARAMETRIC_REPRESENTATION_CONTEXT() REPRESENTATION_CONTEXT('2D SPACE',''
  ) );
#1203 = ORIENTED_EDGE('',*,*,#1204,.F.);
#1204 = EDGE_CURVE('',#892,#1177,#1205,.T.);
#1205 = SURFACE_CURVE('',#1206,(#1210,#1217),.PCURVE_S1.);
#1206 = LINE('',#1207,#1208);
#1207 = CARTESIAN_POINT('',(-0.419996489077,0.430105643096,
    4.289647070243E-04));
#1208 = VECTOR('',#1209,1.);
#1209 = DIRECTION('',(-0.99939975036,-2.449998946567E-02,
    -2.449264167633E-02));
#1210 = PCURVE('',#404,#1211);
#1211 = DEFINITIONAL_REPRESENTATION('',(#1212),#1216);
#1212 = LINE('',#1213,#1214);
#1213 = CARTESIAN_POINT('',(-0.,0.));
#1214 = VECTOR('',#1215,1.);
#1215 = DIRECTION('',(1.,-6.139300800239E-18));
#1216 = ( GEOMETRIC_REPRESENTATION_CONTEXT(2) 
PARAMETRIC_REPRESENTATION_CONTEXT() REPRESENTATION_CONTEXT('2D SPACE',''
  ) );
#1217 = PCURVE('',#927,#1218);
#1218 = DEFINITIONAL_REPRESENTATION('',(#1219),#1223);
#1219 = LINE('',#1220,#1221);
#1220 = CARTESIAN_POINT('',(-8.75438326425E-03,-3.884717845176E-02));
#1221 = VECTOR('',#1222,1.);
#1222 = DIRECTION('',(0.999699830207,-2.449998946567E-02));
#1223 = ( GEOMETRIC_REPRESENTATION_CONTEXT(2) 
PARAMETRIC_REPRESENTATION_CONTEXT() REPRESENTATION_CONTEXT('2D SPACE',''
  ) );
#1224 = ORIENTED_EDGE('',*,*,#891,.F.);
#1225 = ADVANCED_FACE('',(#1226),#378,.F.);
#1226 = FACE_BOUND('',#1227,.F.);
#1227 = EDGE_LOOP('',(#1228,#1229,#1257,#1278));
#1228 = ORIENTED_EDGE('',*,*,#363,.F.);
#1229 = ORIENTED_EDGE('',*,*,#1230,.T.);
#1230 = EDGE_CURVE('',#341,#1231,#1233,.T.);
#1231 = VERTEX_POINT('',#1232);
#1232 = CARTESIAN_POINT('',(-0.414062015228,0.508182199836,
    -0.319821770355));
#1233 = SURFACE_CURVE('',#1234,(#1238,#1245),.PCURVE_S1.);
#1234 = LINE('',#1235,#1236);
#1235 = CARTESIAN_POINT('',(-0.421909363894,0.508182199836,
    3.820852101507E-04));
#1236 = VECTOR('',#1237,1.);
#1237 = DIRECTION('',(2.4499995835E-02,0.,-0.999699830051));
#1238 = PCURVE('',#378,#1239);
#1239 = DEFINITIONAL_REPRESENTATION('',(#1240),#1244);
#1240 = LINE('',#1241,#1242);
#1241 = CARTESIAN_POINT('',(-1.109890094606E-16,-5.419383637874E-20));
#1242 = VECTOR('',#1243,1.);
#1243 = DIRECTION('',(1.232729740783E-17,-1.));
#1244 = ( GEOMETRIC_REPRESENTATION_CONTEXT(2) 
PARAMETRIC_REPRESENTATION_CONTEXT() REPRESENTATION_CONTEXT('2D SPACE',''
  ) );
#1245 = PCURVE('',#1246,#1251);
#1246 = PLANE('',#1247);
#1247 = AXIS2_PLACEMENT_3D('',#1248,#1249,#1250);
#1248 = CARTESIAN_POINT('',(-0.4375,0.5078,0.));
#1249 = DIRECTION('',(2.449263530509E-02,-0.999699830207,
    6.002496398667E-04));
#1250 = DIRECTION('',(0.99939975036,2.449998946568E-02,
    2.449264167633E-02));
#1251 = DEFINITIONAL_REPRESENTATION('',(#1252),#1256);
#1252 = LINE('',#1253,#1254);
#1253 = CARTESIAN_POINT('',(1.56E-02,4.087693998885E-20));
#1254 = VECTOR('',#1255,1.);
#1255 = DIRECTION('',(-2.693202976653E-17,-1.));
#1256 = ( GEOMETRIC_REPRESENTATION_CONTEXT(2) 
PARAMETRIC_REPRESENTATION_CONTEXT() REPRESENTATION_CONTEXT('2D SPACE',''
  ) );
#1257 = ORIENTED_EDGE('',*,*,#1258,.T.);
#1258 = EDGE_CURVE('',#1231,#1126,#1259,.T.);
#1259 = SURFACE_CURVE('',#1260,(#1264,#1271),.PCURVE_S1.);
#1260 = LINE('',#1261,#1262);
#1261 = CARTESIAN_POINT('',(-0.414062015228,0.508182199836,
    -0.319821770355));
#1262 = VECTOR('',#1263,1.);
#1263 = DIRECTION('',(2.449263530508E-02,-0.999699830207,
    6.002496398664E-04));
#1264 = PCURVE('',#378,#1265);
#1265 = DEFINITIONAL_REPRESENTATION('',(#1266),#1270);
#1266 = LINE('',#1267,#1268);
#1267 = CARTESIAN_POINT('',(3.590800564142E-18,-0.3203));
#1268 = VECTOR('',#1269,1.);
#1269 = DIRECTION('',(1.,1.410275757484E-19));
#1270 = ( GEOMETRIC_REPRESENTATION_CONTEXT(2) 
PARAMETRIC_REPRESENTATION_CONTEXT() REPRESENTATION_CONTEXT('2D SPACE',''
  ) );
#1271 = PCURVE('',#1164,#1272);
#1272 = DEFINITIONAL_REPRESENTATION('',(#1273),#1277);
#1273 = LINE('',#1274,#1275);
#1274 = CARTESIAN_POINT('',(-6.840934086981E-03,3.922937828742E-02));
#1275 = VECTOR('',#1276,1.);
#1276 = DIRECTION('',(-2.449998946567E-02,-0.999699830207));
#1277 = ( GEOMETRIC_REPRESENTATION_CONTEXT(2) 
PARAMETRIC_REPRESENTATION_CONTEXT() REPRESENTATION_CONTEXT('2D SPACE',''
  ) );
#1278 = ORIENTED_EDGE('',*,*,#1125,.F.);
#1279 = ADVANCED_FACE('',(#1280),#509,.T.);
#1280 = FACE_BOUND('',#1281,.F.);
#1281 = EDGE_LOOP('',(#1282,#1283,#1306,#1333,#1334,#1335));
#1282 = ORIENTED_EDGE('',*,*,#490,.T.);
#1283 = ORIENTED_EDGE('',*,*,#1284,.T.);
#1284 = EDGE_CURVE('',#493,#1285,#1287,.T.);
#1285 = VERTEX_POINT('',#1286);
#1286 = CARTESIAN_POINT('',(0.121964729825,-7.519920124726E-02,
    -0.145455526005));
#1287 = SEAM_CURVE('',#1288,(#1292,#1299),.PCURVE_S1.);
#1288 = LINE('',#1289,#1290);
#1289 = CARTESIAN_POINT('',(0.118328930443,-7.519920124726E-02,
    2.899928774477E-03));
#1290 = VECTOR('',#1291,1.);
#1291 = DIRECTION('',(2.4499995835E-02,0.,-0.999699830051));
#1292 = PCURVE('',#509,#1293);
#1293 = DEFINITIONAL_REPRESENTATION('',(#1294),#1298);
#1294 = LINE('',#1295,#1296);
#1295 = CARTESIAN_POINT('',(-6.28318530718,0.));
#1296 = VECTOR('',#1297,1.);
#1297 = DIRECTION('',(-0.,-1.));
#1298 = ( GEOMETRIC_REPRESENTATION_CONTEXT(2) 
PARAMETRIC_REPRESENTATION_CONTEXT() REPRESENTATION_CONTEXT('2D SPACE',''
  ) );
#1299 = PCURVE('',#509,#1300);
#1300 = DEFINITIONAL_REPRESENTATION('',(#1301),#1305);
#1301 = LINE('',#1302,#1303);
#1302 = CARTESIAN_POINT('',(-0.,0.));
#1303 = VECTOR('',#1304,1.);
#1304 = DIRECTION('',(-0.,-1.));
#1305 = ( GEOMETRIC_REPRESENTATION_CONTEXT(2) 
PARAMETRIC_REPRESENTATION_CONTEXT() REPRESENTATION_CONTEXT('2D SPACE',''
  ) );
#1306 = ORIENTED_EDGE('',*,*,#1307,.T.);
#1307 = EDGE_CURVE('',#1285,#1285,#1308,.T.);
#1308 = SURFACE_CURVE('',#1309,(#1314,#1321),.PCURVE_S1.);
#1309 = CIRCLE('',#1310,5.92E-02);
#1310 = AXIS2_PLACEMENT_3D('',#1311,#1312,#1313);
#1311 = CARTESIAN_POINT('',(6.280026460323E-02,-7.664960062363E-02,
    -0.146905490392));
#1312 = DIRECTION('',(2.4499995835E-02,-1.362764378966E-20,
    -0.999699830051));
#1313 = DIRECTION('',(0.99939975036,2.449998946567E-02,
    2.449264167633E-02));
#1314 = PCURVE('',#509,#1315);
#1315 = DEFINITIONAL_REPRESENTATION('',(#1316),#1320);
#1316 = LINE('',#1317,#1318);
#1317 = CARTESIAN_POINT('',(-0.,-0.1484));
#1318 = VECTOR('',#1319,1.);
#1319 = DIRECTION('',(-1.,0.));
#1320 = ( GEOMETRIC_REPRESENTATION_CONTEXT(2) 
PARAMETRIC_REPRESENTATION_CONTEXT() REPRESENTATION_CONTEXT('2D SPACE',''
  ) );
#1321 = PCURVE('',#1322,#1327);
#1322 = PLANE('',#1323);
#1323 = AXIS2_PLACEMENT_3D('',#1324,#1325,#1326);
#1324 = CARTESIAN_POINT('',(6.280026460323E-02,-7.664960062363E-02,
    -0.146905490392));
#1325 = DIRECTION('',(2.4499995835E-02,-0.,-0.999699830051));
#1326 = DIRECTION('',(-0.999699830051,0.,-2.4499995835E-02));
#1327 = DEFINITIONAL_REPRESENTATION('',(#1328),#1332);
#1328 = CIRCLE('',#1329,5.92E-02);
#1329 = AXIS2_PLACEMENT_2D('',#1330,#1331);
#1330 = CARTESIAN_POINT('',(-1.388424729244E-17,-1.387778780781E-17));
#1331 = DIRECTION('',(-0.999699830207,2.449998946567E-02));
#1332 = ( GEOMETRIC_REPRESENTATION_CONTEXT(2) 
PARAMETRIC_REPRESENTATION_CONTEXT() REPRESENTATION_CONTEXT('2D SPACE',''
  ) );
#1333 = ORIENTED_EDGE('',*,*,#1284,.F.);
#1334 = ORIENTED_EDGE('',*,*,#554,.T.);
#1335 = ORIENTED_EDGE('',*,*,#524,.F.);
#1336 = ADVANCED_FACE('',(#1337),#600,.T.);
#1337 = FACE_BOUND('',#1338,.F.);
#1338 = EDGE_LOOP('',(#1339,#1340,#1363,#1390,#1391,#1392));
#1339 = ORIENTED_EDGE('',*,*,#581,.T.);
#1340 = ORIENTED_EDGE('',*,*,#1341,.T.);
#1341 = EDGE_CURVE('',#584,#1342,#1344,.T.);
#1342 = VERTEX_POINT('',#1343);
#1343 = CARTESIAN_POINT('',(0.121964729825,0.620100798753,
    -0.145455526005));
#1344 = SEAM_CURVE('',#1345,(#1349,#1356),.PCURVE_S1.);
#1345 = LINE('',#1346,#1347);
#1346 = CARTESIAN_POINT('',(0.118328930443,0.620100798753,
    2.899928774477E-03));
#1347 = VECTOR('',#1348,1.);
#1348 = DIRECTION('',(2.4499995835E-02,0.,-0.999699830051));
#1349 = PCURVE('',#600,#1350);
#1350 = DEFINITIONAL_REPRESENTATION('',(#1351),#1355);
#1351 = LINE('',#1352,#1353);
#1352 = CARTESIAN_POINT('',(-6.28318530718,0.));
#1353 = VECTOR('',#1354,1.);
#1354 = DIRECTION('',(-0.,-1.));
#1355 = ( GEOMETRIC_REPRESENTATION_CONTEXT(2) 
PARAMETRIC_REPRESENTATION_CONTEXT() REPRESENTATION_CONTEXT('2D SPACE',''
  ) );
#1356 = PCURVE('',#600,#1357);
#1357 = DEFINITIONAL_REPRESENTATION('',(#1358),#1362);
#1358 = LINE('',#1359,#1360);
#1359 = CARTESIAN_POINT('',(-0.,0.));
#1360 = VECTOR('',#1361,1.);
#1361 = DIRECTION('',(-0.,-1.));
#1362 = ( GEOMETRIC_REPRESENTATION_CONTEXT(2) 
PARAMETRIC_REPRESENTATION_CONTEXT() REPRESENTATION_CONTEXT('2D SPACE',''
  ) );
#1363 = ORIENTED_EDGE('',*,*,#1364,.T.);
#1364 = EDGE_CURVE('',#1342,#1342,#1365,.T.);
#1365 = SURFACE_CURVE('',#1366,(#1371,#1378),.PCURVE_S1.);
#1366 = CIRCLE('',#1367,5.92E-02);
#1367 = AXIS2_PLACEMENT_3D('',#1368,#1369,#1370);
#1368 = CARTESIAN_POINT('',(6.280026460323E-02,0.618650399376,
    -0.146905490392));
#1369 = DIRECTION('',(2.4499995835E-02,-1.362764378966E-20,
    -0.999699830051));
#1370 = DIRECTION('',(0.99939975036,2.449998946567E-02,
    2.449264167633E-02));
#1371 = PCURVE('',#600,#1372);
#1372 = DEFINITIONAL_REPRESENTATION('',(#1373),#1377);
#1373 = LINE('',#1374,#1375);
#1374 = CARTESIAN_POINT('',(-0.,-0.1484));
#1375 = VECTOR('',#1376,1.);
#1376 = DIRECTION('',(-1.,0.));
#1377 = ( GEOMETRIC_REPRESENTATION_CONTEXT(2) 
PARAMETRIC_REPRESENTATION_CONTEXT() REPRESENTATION_CONTEXT('2D SPACE',''
  ) );
#1378 = PCURVE('',#1379,#1384);
#1379 = PLANE('',#1380);
#1380 = AXIS2_PLACEMENT_3D('',#1381,#1382,#1383);
#1381 = CARTESIAN_POINT('',(6.280026460323E-02,0.618650399376,
    -0.146905490392));
#1382 = DIRECTION('',(2.4499995835E-02,-0.,-0.999699830051));
#1383 = DIRECTION('',(-0.999699830051,0.,-2.4499995835E-02));
#1384 = DEFINITIONAL_REPRESENTATION('',(#1385),#1389);
#1385 = CIRCLE('',#1386,5.92E-02);
#1386 = AXIS2_PLACEMENT_2D('',#1387,#1388);
#1387 = CARTESIAN_POINT('',(-6.94212364622E-18,-1.110223024625E-16));
#1388 = DIRECTION('',(-0.999699830207,2.449998946567E-02));
#1389 = ( GEOMETRIC_REPRESENTATION_CONTEXT(2) 
PARAMETRIC_REPRESENTATION_CONTEXT() REPRESENTATION_CONTEXT('2D SPACE',''
  ) );
#1390 = ORIENTED_EDGE('',*,*,#1341,.F.);
#1391 = ORIENTED_EDGE('',*,*,#645,.T.);
#1392 = ORIENTED_EDGE('',*,*,#615,.F.);
#1393 = ADVANCED_FACE('',(#1394),#717,.F.);
#1394 = FACE_BOUND('',#1395,.F.);
#1395 = EDGE_LOOP('',(#1396,#1419,#1447,#1468));
#1396 = ORIENTED_EDGE('',*,*,#1397,.T.);
#1397 = EDGE_CURVE('',#700,#1398,#1400,.T.);
#1398 = VERTEX_POINT('',#1399);
#1399 = CARTESIAN_POINT('',(0.2187,0.1094,0.6406));
#1400 = SURFACE_CURVE('',#1401,(#1405,#1412),.PCURVE_S1.);
#1401 = LINE('',#1402,#1403);
#1402 = CARTESIAN_POINT('',(0.2187,0.1094,0.3203));
#1403 = VECTOR('',#1404,1.);
#1404 = DIRECTION('',(0.,0.,1.));
#1405 = PCURVE('',#717,#1406);
#1406 = DEFINITIONAL_REPRESENTATION('',(#1407),#1411);
#1407 = LINE('',#1408,#1409);
#1408 = CARTESIAN_POINT('',(0.,0.));
#1409 = VECTOR('',#1410,1.);
#1410 = DIRECTION('',(0.,-1.));
#1411 = ( GEOMETRIC_REPRESENTATION_CONTEXT(2) 
PARAMETRIC_REPRESENTATION_CONTEXT() REPRESENTATION_CONTEXT('2D SPACE',''
  ) );
#1412 = PCURVE('',#745,#1413);
#1413 = DEFINITIONAL_REPRESENTATION('',(#1414),#1418);
#1414 = LINE('',#1415,#1416);
#1415 = CARTESIAN_POINT('',(0.3203,0.));
#1416 = VECTOR('',#1417,1.);
#1417 = DIRECTION('',(0.,-1.));
#1418 = ( GEOMETRIC_REPRESENTATION_CONTEXT(2) 
PARAMETRIC_REPRESENTATION_CONTEXT() REPRESENTATION_CONTEXT('2D SPACE',''
  ) );
#1419 = ORIENTED_EDGE('',*,*,#1420,.T.);
#1420 = EDGE_CURVE('',#1398,#1421,#1423,.T.);
#1421 = VERTEX_POINT('',#1422);
#1422 = CARTESIAN_POINT('',(0.2187,0.4297,0.6406));
#1423 = SURFACE_CURVE('',#1424,(#1428,#1435),.PCURVE_S1.);
#1424 = LINE('',#1425,#1426);
#1425 = CARTESIAN_POINT('',(0.2187,0.1094,0.6406));
#1426 = VECTOR('',#1427,1.);
#1427 = DIRECTION('',(0.,1.,0.));
#1428 = PCURVE('',#717,#1429);
#1429 = DEFINITIONAL_REPRESENTATION('',(#1430),#1434);
#1430 = LINE('',#1431,#1432);
#1431 = CARTESIAN_POINT('',(0.,-0.3203));
#1432 = VECTOR('',#1433,1.);
#1433 = DIRECTION('',(1.,0.));
#1434 = ( GEOMETRIC_REPRESENTATION_CONTEXT(2) 
PARAMETRIC_REPRESENTATION_CONTEXT() REPRESENTATION_CONTEXT('2D SPACE',''
  ) );
#1435 = PCURVE('',#1436,#1441);
#1436 = PLANE('',#1437);
#1437 = AXIS2_PLACEMENT_3D('',#1438,#1439,#1440);
#1438 = CARTESIAN_POINT('',(5.855E-02,0.26955,0.6406));
#1439 = DIRECTION('',(0.,0.,1.));
#1440 = DIRECTION('',(1.,0.,-0.));
#1441 = DEFINITIONAL_REPRESENTATION('',(#1442),#1446);
#1442 = LINE('',#1443,#1444);
#1443 = CARTESIAN_POINT('',(0.16015,-0.16015));
#1444 = VECTOR('',#1445,1.);
#1445 = DIRECTION('',(0.,1.));
#1446 = ( GEOMETRIC_REPRESENTATION_CONTEXT(2) 
PARAMETRIC_REPRESENTATION_CONTEXT() REPRESENTATION_CONTEXT('2D SPACE',''
  ) );
#1447 = ORIENTED_EDGE('',*,*,#1448,.F.);
#1448 = EDGE_CURVE('',#702,#1421,#1449,.T.);
#1449 = SURFACE_CURVE('',#1450,(#1454,#1461),.PCURVE_S1.);
#1450 = LINE('',#1451,#1452);
#1451 = CARTESIAN_POINT('',(0.2187,0.4297,0.3203));
#1452 = VECTOR('',#1453,1.);
#1453 = DIRECTION('',(0.,0.,1.));
#1454 = PCURVE('',#717,#1455);
#1455 = DEFINITIONAL_REPRESENTATION('',(#1456),#1460);
#1456 = LINE('',#1457,#1458);
#1457 = CARTESIAN_POINT('',(0.3203,0.));
#1458 = VECTOR('',#1459,1.);
#1459 = DIRECTION('',(0.,-1.));
#1460 = ( GEOMETRIC_REPRESENTATION_CONTEXT(2) 
PARAMETRIC_REPRESENTATION_CONTEXT() REPRESENTATION_CONTEXT('2D SPACE',''
  ) );
#1461 = PCURVE('',#799,#1462);
#1462 = DEFINITIONAL_REPRESENTATION('',(#1463),#1467);
#1463 = LINE('',#1464,#1465);
#1464 = CARTESIAN_POINT('',(0.,-0.));
#1465 = VECTOR('',#1466,1.);
#1466 = DIRECTION('',(0.,-1.));
#1467 = ( GEOMETRIC_REPRESENTATION_CONTEXT(2) 
PARAMETRIC_REPRESENTATION_CONTEXT() REPRESENTATION_CONTEXT('2D SPACE',''
  ) );
#1468 = ORIENTED_EDGE('',*,*,#699,.F.);
#1469 = ADVANCED_FACE('',(#1470),#799,.F.);
#1470 = FACE_BOUND('',#1471,.F.);
#1471 = EDGE_LOOP('',(#1472,#1473,#1496,#1517));
#1472 = ORIENTED_EDGE('',*,*,#1448,.T.);
#1473 = ORIENTED_EDGE('',*,*,#1474,.T.);
#1474 = EDGE_CURVE('',#1421,#1475,#1477,.T.);
#1475 = VERTEX_POINT('',#1476);
#1476 = CARTESIAN_POINT('',(-0.1016,0.4297,0.6406));
#1477 = SURFACE_CURVE('',#1478,(#1482,#1489),.PCURVE_S1.);
#1478 = LINE('',#1479,#1480);
#1479 = CARTESIAN_POINT('',(0.2187,0.4297,0.6406));
#1480 = VECTOR('',#1481,1.);
#1481 = DIRECTION('',(-1.,0.,0.));
#1482 = PCURVE('',#799,#1483);
#1483 = DEFINITIONAL_REPRESENTATION('',(#1484),#1488);
#1484 = LINE('',#1485,#1486);
#1485 = CARTESIAN_POINT('',(0.,-0.3203));
#1486 = VECTOR('',#1487,1.);
#1487 = DIRECTION('',(1.,0.));
#1488 = ( GEOMETRIC_REPRESENTATION_CONTEXT(2) 
PARAMETRIC_REPRESENTATION_CONTEXT() REPRESENTATION_CONTEXT('2D SPACE',''
  ) );
#1489 = PCURVE('',#1436,#1490);
#1490 = DEFINITIONAL_REPRESENTATION('',(#1491),#1495);
#1491 = LINE('',#1492,#1493);
#1492 = CARTESIAN_POINT('',(0.16015,0.16015));
#1493 = VECTOR('',#1494,1.);
#1494 = DIRECTION('',(-1.,0.));
#1495 = ( GEOMETRIC_REPRESENTATION_CONTEXT(2) 
PARAMETRIC_REPRESENTATION_CONTEXT() REPRESENTATION_CONTEXT('2D SPACE',''
  ) );
#1496 = ORIENTED_EDGE('',*,*,#1497,.F.);
#1497 = EDGE_CURVE('',#758,#1475,#1498,.T.);
#1498 = SURFACE_CURVE('',#1499,(#1503,#1510),.PCURVE_S1.);
#1499 = LINE('',#1500,#1501);
#1500 = CARTESIAN_POINT('',(-0.1016,0.4297,0.3203));
#1501 = VECTOR('',#1502,1.);
#1502 = DIRECTION('',(0.,0.,1.));
#1503 = PCURVE('',#799,#1504);
#1504 = DEFINITIONAL_REPRESENTATION('',(#1505),#1509);
#1505 = LINE('',#1506,#1507);
#1506 = CARTESIAN_POINT('',(0.3203,0.));
#1507 = VECTOR('',#1508,1.);
#1508 = DIRECTION('',(0.,-1.));
#1509 = ( GEOMETRIC_REPRESENTATION_CONTEXT(2) 
PARAMETRIC_REPRESENTATION_CONTEXT() REPRESENTATION_CONTEXT('2D SPACE',''
  ) );
#1510 = PCURVE('',#773,#1511);
#1511 = DEFINITIONAL_REPRESENTATION('',(#1512),#1516);
#1512 = LINE('',#1513,#1514);
#1513 = CARTESIAN_POINT('',(0.,0.));
#1514 = VECTOR('',#1515,1.);
#1515 = DIRECTION('',(0.,-1.));
#1516 = ( GEOMETRIC_REPRESENTATION_CONTEXT(2) 
PARAMETRIC_REPRESENTATION_CONTEXT() REPRESENTATION_CONTEXT('2D SPACE',''
  ) );
#1517 = ORIENTED_EDGE('',*,*,#785,.F.);
#1518 = ADVANCED_FACE('',(#1519),#773,.F.);
#1519 = FACE_BOUND('',#1520,.F.);
#1520 = EDGE_LOOP('',(#1521,#1522,#1545,#1566));
#1521 = ORIENTED_EDGE('',*,*,#1497,.T.);
#1522 = ORIENTED_EDGE('',*,*,#1523,.T.);
#1523 = EDGE_CURVE('',#1475,#1524,#1526,.T.);
#1524 = VERTEX_POINT('',#1525);
#1525 = CARTESIAN_POINT('',(-0.1016,0.1094,0.6406));
#1526 = SURFACE_CURVE('',#1527,(#1531,#1538),.PCURVE_S1.);
#1527 = LINE('',#1528,#1529);
#1528 = CARTESIAN_POINT('',(-0.1016,0.4297,0.6406));
#1529 = VECTOR('',#1530,1.);
#1530 = DIRECTION('',(0.,-1.,0.));
#1531 = PCURVE('',#773,#1532);
#1532 = DEFINITIONAL_REPRESENTATION('',(#1533),#1537);
#1533 = LINE('',#1534,#1535);
#1534 = CARTESIAN_POINT('',(0.,-0.3203));
#1535 = VECTOR('',#1536,1.);
#1536 = DIRECTION('',(1.,0.));
#1537 = ( GEOMETRIC_REPRESENTATION_CONTEXT(2) 
PARAMETRIC_REPRESENTATION_CONTEXT() REPRESENTATION_CONTEXT('2D SPACE',''
  ) );
#1538 = PCURVE('',#1436,#1539);
#1539 = DEFINITIONAL_REPRESENTATION('',(#1540),#1544);
#1540 = LINE('',#1541,#1542);
#1541 = CARTESIAN_POINT('',(-0.16015,0.16015));
#1542 = VECTOR('',#1543,1.);
#1543 = DIRECTION('',(0.,-1.));
#1544 = ( GEOMETRIC_REPRESENTATION_CONTEXT(2) 
PARAMETRIC_REPRESENTATION_CONTEXT() REPRESENTATION_CONTEXT('2D SPACE',''
  ) );
#1545 = ORIENTED_EDGE('',*,*,#1546,.F.);
#1546 = EDGE_CURVE('',#730,#1524,#1547,.T.);
#1547 = SURFACE_CURVE('',#1548,(#1552,#1559),.PCURVE_S1.);
#1548 = LINE('',#1549,#1550);
#1549 = CARTESIAN_POINT('',(-0.1016,0.1094,0.3203));
#1550 = VECTOR('',#1551,1.);
#1551 = DIRECTION('',(0.,0.,1.));
#1552 = PCURVE('',#773,#1553);
#1553 = DEFINITIONAL_REPRESENTATION('',(#1554),#1558);
#1554 = LINE('',#1555,#1556);
#1555 = CARTESIAN_POINT('',(0.3203,0.));
#1556 = VECTOR('',#1557,1.);
#1557 = DIRECTION('',(0.,-1.));
#1558 = ( GEOMETRIC_REPRESENTATION_CONTEXT(2) 
PARAMETRIC_REPRESENTATION_CONTEXT() REPRESENTATION_CONTEXT('2D SPACE',''
  ) );
#1559 = PCURVE('',#745,#1560);
#1560 = DEFINITIONAL_REPRESENTATION('',(#1561),#1565);
#1561 = LINE('',#1562,#1563);
#1562 = CARTESIAN_POINT('',(0.,0.));
#1563 = VECTOR('',#1564,1.);
#1564 = DIRECTION('',(0.,-1.));
#1565 = ( GEOMETRIC_REPRESENTATION_CONTEXT(2) 
PARAMETRIC_REPRESENTATION_CONTEXT() REPRESENTATION_CONTEXT('2D SPACE',''
  ) );
#1566 = ORIENTED_EDGE('',*,*,#757,.F.);
#1567 = ADVANCED_FACE('',(#1568),#745,.F.);
#1568 = FACE_BOUND('',#1569,.F.);
#1569 = EDGE_LOOP('',(#1570,#1571,#1592,#1593));
#1570 = ORIENTED_EDGE('',*,*,#1546,.T.);
#1571 = ORIENTED_EDGE('',*,*,#1572,.T.);
#1572 = EDGE_CURVE('',#1524,#1398,#1573,.T.);
#1573 = SURFACE_CURVE('',#1574,(#1578,#1585),.PCURVE_S1.);
#1574 = LINE('',#1575,#1576);
#1575 = CARTESIAN_POINT('',(-0.1016,0.1094,0.6406));
#1576 = VECTOR('',#1577,1.);
#1577 = DIRECTION('',(1.,0.,0.));
#1578 = PCURVE('',#745,#1579);
#1579 = DEFINITIONAL_REPRESENTATION('',(#1580),#1584);
#1580 = LINE('',#1581,#1582);
#1581 = CARTESIAN_POINT('',(0.,-0.3203));
#1582 = VECTOR('',#1583,1.);
#1583 = DIRECTION('',(1.,0.));
#1584 = ( GEOMETRIC_REPRESENTATION_CONTEXT(2) 
PARAMETRIC_REPRESENTATION_CONTEXT() REPRESENTATION_CONTEXT('2D SPACE',''
  ) );
#1585 = PCURVE('',#1436,#1586);
#1586 = DEFINITIONAL_REPRESENTATION('',(#1587),#1591);
#1587 = LINE('',#1588,#1589);
#1588 = CARTESIAN_POINT('',(-0.16015,-0.16015));
#1589 = VECTOR('',#1590,1.);
#1590 = DIRECTION('',(1.,0.));
#1591 = ( GEOMETRIC_REPRESENTATION_CONTEXT(2) 
PARAMETRIC_REPRESENTATION_CONTEXT() REPRESENTATION_CONTEXT('2D SPACE',''
  ) );
#1592 = ORIENTED_EDGE('',*,*,#1397,.F.);
#1593 = ORIENTED_EDGE('',*,*,#729,.F.);
#1594 = ADVANCED_FACE('',(#1595),#951,.F.);
#1595 = FACE_BOUND('',#1596,.F.);
#1596 = EDGE_LOOP('',(#1597,#1620,#1641));
#1597 = ORIENTED_EDGE('',*,*,#1598,.F.);
#1598 = EDGE_CURVE('',#1599,#913,#1601,.T.);
#1599 = VERTEX_POINT('',#1600);
#1600 = CARTESIAN_POINT('',(-0.421909363894,0.508182199836,
    3.820852101507E-04));
#1601 = SURFACE_CURVE('',#1602,(#1606,#1613),.PCURVE_S1.);
#1602 = LINE('',#1603,#1604);
#1603 = CARTESIAN_POINT('',(-0.421909363894,0.508182199836,
    3.820852101507E-04));
#1604 = VECTOR('',#1605,1.);
#1605 = DIRECTION('',(2.449263530508E-02,-0.999699830207,
    6.002496398664E-04));
#1606 = PCURVE('',#951,#1607);
#1607 = DEFINITIONAL_REPRESENTATION('',(#1608),#1612);
#1608 = LINE('',#1609,#1610);
#1609 = CARTESIAN_POINT('',(0.,0.));
#1610 = VECTOR('',#1611,1.);
#1611 = DIRECTION('',(1.,1.410275757484E-19));
#1612 = ( GEOMETRIC_REPRESENTATION_CONTEXT(2) 
PARAMETRIC_REPRESENTATION_CONTEXT() REPRESENTATION_CONTEXT('2D SPACE',''
  ) );
#1613 = PCURVE('',#927,#1614);
#1614 = DEFINITIONAL_REPRESENTATION('',(#1615),#1619);
#1615 = LINE('',#1616,#1617);
#1616 = CARTESIAN_POINT('',(-6.840934086981E-03,3.922937828742E-02));
#1617 = VECTOR('',#1618,1.);
#1618 = DIRECTION('',(-2.449998946567E-02,-0.999699830207));
#1619 = ( GEOMETRIC_REPRESENTATION_CONTEXT(2) 
PARAMETRIC_REPRESENTATION_CONTEXT() REPRESENTATION_CONTEXT('2D SPACE',''
  ) );
#1620 = ORIENTED_EDGE('',*,*,#1621,.T.);
#1621 = EDGE_CURVE('',#1599,#341,#1622,.T.);
#1622 = SURFACE_CURVE('',#1623,(#1627,#1634),.PCURVE_S1.);
#1623 = LINE('',#1624,#1625);
#1624 = CARTESIAN_POINT('',(-0.421909363894,0.508182199836,
    3.820852101507E-04));
#1625 = VECTOR('',#1626,1.);
#1626 = DIRECTION('',(2.4499995835E-02,0.,-0.999699830051));
#1627 = PCURVE('',#951,#1628);
#1628 = DEFINITIONAL_REPRESENTATION('',(#1629),#1633);
#1629 = LINE('',#1630,#1631);
#1630 = CARTESIAN_POINT('',(-1.109890094606E-16,-5.419383637874E-20));
#1631 = VECTOR('',#1632,1.);
#1632 = DIRECTION('',(1.232729740783E-17,-1.));
#1633 = ( GEOMETRIC_REPRESENTATION_CONTEXT(2) 
PARAMETRIC_REPRESENTATION_CONTEXT() REPRESENTATION_CONTEXT('2D SPACE',''
  ) );
#1634 = PCURVE('',#1246,#1635);
#1635 = DEFINITIONAL_REPRESENTATION('',(#1636),#1640);
#1636 = LINE('',#1637,#1638);
#1637 = CARTESIAN_POINT('',(1.56E-02,4.087693998885E-20));
#1638 = VECTOR('',#1639,1.);
#1639 = DIRECTION('',(-2.693202976653E-17,-1.));
#1640 = ( GEOMETRIC_REPRESENTATION_CONTEXT(2) 
PARAMETRIC_REPRESENTATION_CONTEXT() REPRESENTATION_CONTEXT('2D SPACE',''
  ) );
#1641 = ORIENTED_EDGE('',*,*,#938,.F.);
#1642 = ADVANCED_FACE('',(#1643),#927,.F.);
#1643 = FACE_BOUND('',#1644,.F.);
#1644 = EDGE_LOOP('',(#1645,#1668,#1669,#1670,#1671));
#1645 = ORIENTED_EDGE('',*,*,#1646,.T.);
#1646 = EDGE_CURVE('',#1647,#1599,#1649,.T.);
#1647 = VERTEX_POINT('',#1648);
#1648 = CARTESIAN_POINT('',(-0.4375,0.5078,0.));
#1649 = SURFACE_CURVE('',#1650,(#1654,#1661),.PCURVE_S1.);
#1650 = LINE('',#1651,#1652);
#1651 = CARTESIAN_POINT('',(-0.4375,0.5078,0.));
#1652 = VECTOR('',#1653,1.);
#1653 = DIRECTION('',(0.99939975036,2.449998946568E-02,
    2.449264167633E-02));
#1654 = PCURVE('',#927,#1655);
#1655 = DEFINITIONAL_REPRESENTATION('',(#1656),#1660);
#1656 = LINE('',#1657,#1658);
#1657 = CARTESIAN_POINT('',(8.75438326425E-03,3.884717845176E-02));
#1658 = VECTOR('',#1659,1.);
#1659 = DIRECTION('',(-0.999699830207,2.449998946568E-02));
#1660 = ( GEOMETRIC_REPRESENTATION_CONTEXT(2) 
PARAMETRIC_REPRESENTATION_CONTEXT() REPRESENTATION_CONTEXT('2D SPACE',''
  ) );
#1661 = PCURVE('',#1246,#1662);
#1662 = DEFINITIONAL_REPRESENTATION('',(#1663),#1667);
#1663 = LINE('',#1664,#1665);
#1664 = CARTESIAN_POINT('',(0.,0.));
#1665 = VECTOR('',#1666,1.);
#1666 = DIRECTION('',(1.,-8.245872728153E-19));
#1667 = ( GEOMETRIC_REPRESENTATION_CONTEXT(2) 
PARAMETRIC_REPRESENTATION_CONTEXT() REPRESENTATION_CONTEXT('2D SPACE',''
  ) );
#1668 = ORIENTED_EDGE('',*,*,#1598,.T.);
#1669 = ORIENTED_EDGE('',*,*,#912,.F.);
#1670 = ORIENTED_EDGE('',*,*,#1204,.T.);
#1671 = ORIENTED_EDGE('',*,*,#1672,.T.);
#1672 = EDGE_CURVE('',#1177,#1647,#1673,.T.);
#1673 = SURFACE_CURVE('',#1674,(#1678,#1685),.PCURVE_S1.);
#1674 = LINE('',#1675,#1676);
#1675 = CARTESIAN_POINT('',(-0.435587125183,0.429723443261,
    4.687949687357E-05));
#1676 = VECTOR('',#1677,1.);
#1677 = DIRECTION('',(-2.449263530508E-02,0.999699830207,
    -6.002496398664E-04));
#1678 = PCURVE('',#927,#1679);
#1679 = DEFINITIONAL_REPRESENTATION('',(#1680),#1684);
#1680 = LINE('',#1681,#1682);
#1681 = CARTESIAN_POINT('',(6.840934086981E-03,-3.922937828742E-02));
#1682 = VECTOR('',#1683,1.);
#1683 = DIRECTION('',(2.449998946567E-02,0.999699830207));
#1684 = ( GEOMETRIC_REPRESENTATION_CONTEXT(2) 
PARAMETRIC_REPRESENTATION_CONTEXT() REPRESENTATION_CONTEXT('2D SPACE',''
  ) );
#1685 = PCURVE('',#1192,#1686);
#1686 = DEFINITIONAL_REPRESENTATION('',(#1687),#1691);
#1687 = LINE('',#1688,#1689);
#1688 = CARTESIAN_POINT('',(0.,0.));
#1689 = VECTOR('',#1690,1.);
#1690 = DIRECTION('',(1.,-1.409950312573E-19));
#1691 = ( GEOMETRIC_REPRESENTATION_CONTEXT(2) 
PARAMETRIC_REPRESENTATION_CONTEXT() REPRESENTATION_CONTEXT('2D SPACE',''
  ) );
#1692 = ADVANCED_FACE('',(#1693),#879,.F.);
#1693 = FACE_BOUND('',#1694,.F.);
#1694 = EDGE_LOOP('',(#1695,#1718,#1739));
#1695 = ORIENTED_EDGE('',*,*,#1696,.F.);
#1696 = EDGE_CURVE('',#1697,#841,#1699,.T.);
#1697 = VERTEX_POINT('',#1698);
#1698 = CARTESIAN_POINT('',(-0.421909363894,0.109782199836,
    3.820852101507E-04));
#1699 = SURFACE_CURVE('',#1700,(#1704,#1711),.PCURVE_S1.);
#1700 = LINE('',#1701,#1702);
#1701 = CARTESIAN_POINT('',(-0.421909363894,0.109782199836,
    3.820852101507E-04));
#1702 = VECTOR('',#1703,1.);
#1703 = DIRECTION('',(2.449263530508E-02,-0.999699830207,
    6.002496398664E-04));
#1704 = PCURVE('',#879,#1705);
#1705 = DEFINITIONAL_REPRESENTATION('',(#1706),#1710);
#1706 = LINE('',#1707,#1708);
#1707 = CARTESIAN_POINT('',(0.,0.));
#1708 = VECTOR('',#1709,1.);
#1709 = DIRECTION('',(1.,1.409950312573E-19));
#1710 = ( GEOMETRIC_REPRESENTATION_CONTEXT(2) 
PARAMETRIC_REPRESENTATION_CONTEXT() REPRESENTATION_CONTEXT('2D SPACE',''
  ) );
#1711 = PCURVE('',#855,#1712);
#1712 = DEFINITIONAL_REPRESENTATION('',(#1713),#1717);
#1713 = LINE('',#1714,#1715);
#1714 = CARTESIAN_POINT('',(-6.840934086981E-03,3.922937828742E-02));
#1715 = VECTOR('',#1716,1.);
#1716 = DIRECTION('',(-2.449998946567E-02,-0.999699830207));
#1717 = ( GEOMETRIC_REPRESENTATION_CONTEXT(2) 
PARAMETRIC_REPRESENTATION_CONTEXT() REPRESENTATION_CONTEXT('2D SPACE',''
  ) );
#1718 = ORIENTED_EDGE('',*,*,#1719,.T.);
#1719 = EDGE_CURVE('',#1697,#416,#1720,.T.);
#1720 = SURFACE_CURVE('',#1721,(#1725,#1732),.PCURVE_S1.);
#1721 = LINE('',#1722,#1723);
#1722 = CARTESIAN_POINT('',(-0.421909363894,0.109782199836,
    3.820852101507E-04));
#1723 = VECTOR('',#1724,1.);
#1724 = DIRECTION('',(2.4499995835E-02,0.,-0.999699830051));
#1725 = PCURVE('',#879,#1726);
#1726 = DEFINITIONAL_REPRESENTATION('',(#1727),#1731);
#1727 = LINE('',#1728,#1729);
#1728 = CARTESIAN_POINT('',(1.387368719432E-17,1.083876727575E-19));
#1729 = VECTOR('',#1730,1.);
#1730 = DIRECTION('',(1.221890973508E-17,-1.));
#1731 = ( GEOMETRIC_REPRESENTATION_CONTEXT(2) 
PARAMETRIC_REPRESENTATION_CONTEXT() REPRESENTATION_CONTEXT('2D SPACE',''
  ) );
#1732 = PCURVE('',#1087,#1733);
#1733 = DEFINITIONAL_REPRESENTATION('',(#1734),#1738);
#1734 = LINE('',#1735,#1736);
#1735 = CARTESIAN_POINT('',(1.56E-02,8.326437526558E-20));
#1736 = VECTOR('',#1737,1.);
#1737 = DIRECTION('',(-3.039731102362E-17,-1.));
#1738 = ( GEOMETRIC_REPRESENTATION_CONTEXT(2) 
PARAMETRIC_REPRESENTATION_CONTEXT() REPRESENTATION_CONTEXT('2D SPACE',''
  ) );
#1739 = ORIENTED_EDGE('',*,*,#866,.F.);
#1740 = ADVANCED_FACE('',(#1741),#855,.F.);
#1741 = FACE_BOUND('',#1742,.F.);
#1742 = EDGE_LOOP('',(#1743,#1766,#1767,#1768,#1769));
#1743 = ORIENTED_EDGE('',*,*,#1744,.T.);
#1744 = EDGE_CURVE('',#1745,#1697,#1747,.T.);
#1745 = VERTEX_POINT('',#1746);
#1746 = CARTESIAN_POINT('',(-0.4375,0.1094,0.));
#1747 = SURFACE_CURVE('',#1748,(#1752,#1759),.PCURVE_S1.);
#1748 = LINE('',#1749,#1750);
#1749 = CARTESIAN_POINT('',(-0.4375,0.1094,0.));
#1750 = VECTOR('',#1751,1.);
#1751 = DIRECTION('',(0.99939975036,2.449998946567E-02,
    2.449264167633E-02));
#1752 = PCURVE('',#855,#1753);
#1753 = DEFINITIONAL_REPRESENTATION('',(#1754),#1758);
#1754 = LINE('',#1755,#1756);
#1755 = CARTESIAN_POINT('',(8.75438326425E-03,3.884717845176E-02));
#1756 = VECTOR('',#1757,1.);
#1757 = DIRECTION('',(-0.999699830207,2.449998946567E-02));
#1758 = ( GEOMETRIC_REPRESENTATION_CONTEXT(2) 
PARAMETRIC_REPRESENTATION_CONTEXT() REPRESENTATION_CONTEXT('2D SPACE',''
  ) );
#1759 = PCURVE('',#1087,#1760);
#1760 = DEFINITIONAL_REPRESENTATION('',(#1761),#1765);
#1761 = LINE('',#1762,#1763);
#1762 = CARTESIAN_POINT('',(0.,0.));
#1763 = VECTOR('',#1764,1.);
#1764 = DIRECTION('',(1.,1.890476504622E-18));
#1765 = ( GEOMETRIC_REPRESENTATION_CONTEXT(2) 
PARAMETRIC_REPRESENTATION_CONTEXT() REPRESENTATION_CONTEXT('2D SPACE',''
  ) );
#1766 = ORIENTED_EDGE('',*,*,#1696,.T.);
#1767 = ORIENTED_EDGE('',*,*,#840,.F.);
#1768 = ORIENTED_EDGE('',*,*,#1045,.T.);
#1769 = ORIENTED_EDGE('',*,*,#1770,.T.);
#1770 = EDGE_CURVE('',#1018,#1745,#1771,.T.);
#1771 = SURFACE_CURVE('',#1772,(#1776,#1783),.PCURVE_S1.);
#1772 = LINE('',#1773,#1774);
#1773 = CARTESIAN_POINT('',(-0.435587125183,3.132344326082E-02,
    4.687949687357E-05));
#1774 = VECTOR('',#1775,1.);
#1775 = DIRECTION('',(-2.449263530508E-02,0.999699830207,
    -6.002496398664E-04));
#1776 = PCURVE('',#855,#1777);
#1777 = DEFINITIONAL_REPRESENTATION('',(#1778),#1782);
#1778 = LINE('',#1779,#1780);
#1779 = CARTESIAN_POINT('',(6.840934086981E-03,-3.922937828742E-02));
#1780 = VECTOR('',#1781,1.);
#1781 = DIRECTION('',(2.449998946567E-02,0.999699830207));
#1782 = ( GEOMETRIC_REPRESENTATION_CONTEXT(2) 
PARAMETRIC_REPRESENTATION_CONTEXT() REPRESENTATION_CONTEXT('2D SPACE',''
  ) );
#1783 = PCURVE('',#1033,#1784);
#1784 = DEFINITIONAL_REPRESENTATION('',(#1785),#1789);
#1785 = LINE('',#1786,#1787);
#1786 = CARTESIAN_POINT('',(0.,0.));
#1787 = VECTOR('',#1788,1.);
#1788 = DIRECTION('',(1.,-2.494152485058E-19));
#1789 = ( GEOMETRIC_REPRESENTATION_CONTEXT(2) 
PARAMETRIC_REPRESENTATION_CONTEXT() REPRESENTATION_CONTEXT('2D SPACE',''
  ) );
#1790 = ADVANCED_FACE('',(#1791),#1033,.F.);
#1791 = FACE_BOUND('',#1792,.F.);
#1792 = EDGE_LOOP('',(#1793,#1794,#1817,#1838));
#1793 = ORIENTED_EDGE('',*,*,#1017,.T.);
#1794 = ORIENTED_EDGE('',*,*,#1795,.T.);
#1795 = EDGE_CURVE('',#990,#1796,#1798,.T.);
#1796 = VERTEX_POINT('',#1797);
#1797 = CARTESIAN_POINT('',(-0.429652651334,0.1094,-0.320203855565));
#1798 = SURFACE_CURVE('',#1799,(#1803,#1810),.PCURVE_S1.);
#1799 = LINE('',#1800,#1801);
#1800 = CARTESIAN_POINT('',(-0.427739776517,3.132344326082E-02,
    -0.320156976068));
#1801 = VECTOR('',#1802,1.);
#1802 = DIRECTION('',(-2.449263530508E-02,0.999699830207,
    -6.002496398664E-04));
#1803 = PCURVE('',#1033,#1804);
#1804 = DEFINITIONAL_REPRESENTATION('',(#1805),#1809);
#1805 = LINE('',#1806,#1807);
#1806 = CARTESIAN_POINT('',(2.00045214143E-18,-0.3203));
#1807 = VECTOR('',#1808,1.);
#1808 = DIRECTION('',(1.,-2.494152485058E-19));
#1809 = ( GEOMETRIC_REPRESENTATION_CONTEXT(2) 
PARAMETRIC_REPRESENTATION_CONTEXT() REPRESENTATION_CONTEXT('2D SPACE',''
  ) );
#1810 = PCURVE('',#1005,#1811);
#1811 = DEFINITIONAL_REPRESENTATION('',(#1812),#1816);
#1812 = LINE('',#1813,#1814);
#1813 = CARTESIAN_POINT('',(6.840934086981E-03,-3.922937828742E-02));
#1814 = VECTOR('',#1815,1.);
#1815 = DIRECTION('',(2.449998946567E-02,0.999699830207));
#1816 = ( GEOMETRIC_REPRESENTATION_CONTEXT(2) 
PARAMETRIC_REPRESENTATION_CONTEXT() REPRESENTATION_CONTEXT('2D SPACE',''
  ) );
#1817 = ORIENTED_EDGE('',*,*,#1818,.F.);
#1818 = EDGE_CURVE('',#1745,#1796,#1819,.T.);
#1819 = SURFACE_CURVE('',#1820,(#1824,#1831),.PCURVE_S1.);
#1820 = LINE('',#1821,#1822);
#1821 = CARTESIAN_POINT('',(-0.4375,0.1094,0.));
#1822 = VECTOR('',#1823,1.);
#1823 = DIRECTION('',(2.4499995835E-02,0.,-0.999699830051));
#1824 = PCURVE('',#1033,#1825);
#1825 = DEFINITIONAL_REPRESENTATION('',(#1826),#1830);
#1826 = LINE('',#1827,#1828);
#1827 = CARTESIAN_POINT('',(7.81E-02,-2.680437840835E-20));
#1828 = VECTOR('',#1829,1.);
#1829 = DIRECTION('',(5.128325024691E-18,-1.));
#1830 = ( GEOMETRIC_REPRESENTATION_CONTEXT(2) 
PARAMETRIC_REPRESENTATION_CONTEXT() REPRESENTATION_CONTEXT('2D SPACE',''
  ) );
#1831 = PCURVE('',#1087,#1832);
#1832 = DEFINITIONAL_REPRESENTATION('',(#1833),#1837);
#1833 = LINE('',#1834,#1835);
#1834 = CARTESIAN_POINT('',(0.,0.));
#1835 = VECTOR('',#1836,1.);
#1836 = DIRECTION('',(-3.039731102362E-17,-1.));
#1837 = ( GEOMETRIC_REPRESENTATION_CONTEXT(2) 
PARAMETRIC_REPRESENTATION_CONTEXT() REPRESENTATION_CONTEXT('2D SPACE',''
  ) );
#1838 = ORIENTED_EDGE('',*,*,#1770,.F.);
#1839 = ADVANCED_FACE('',(#1840),#1005,.T.);
#1840 = FACE_BOUND('',#1841,.T.);
#1841 = EDGE_LOOP('',(#1842,#1843,#1844,#1845));
#1842 = ORIENTED_EDGE('',*,*,#1099,.T.);
#1843 = ORIENTED_EDGE('',*,*,#989,.T.);
#1844 = ORIENTED_EDGE('',*,*,#1795,.T.);
#1845 = ORIENTED_EDGE('',*,*,#1846,.T.);
#1846 = EDGE_CURVE('',#1796,#1072,#1847,.T.);
#1847 = SURFACE_CURVE('',#1848,(#1852,#1859),.PCURVE_S1.);
#1848 = LINE('',#1849,#1850);
#1849 = CARTESIAN_POINT('',(-0.429652651334,0.1094,-0.320203855565));
#1850 = VECTOR('',#1851,1.);
#1851 = DIRECTION('',(0.99939975036,2.449998946567E-02,
    2.449264167633E-02));
#1852 = PCURVE('',#1005,#1853);
#1853 = DEFINITIONAL_REPRESENTATION('',(#1854),#1858);
#1854 = LINE('',#1855,#1856);
#1855 = CARTESIAN_POINT('',(8.75438326425E-03,3.884717845176E-02));
#1856 = VECTOR('',#1857,1.);
#1857 = DIRECTION('',(-0.999699830207,2.449998946567E-02));
#1858 = ( GEOMETRIC_REPRESENTATION_CONTEXT(2) 
PARAMETRIC_REPRESENTATION_CONTEXT() REPRESENTATION_CONTEXT('2D SPACE',''
  ) );
#1859 = PCURVE('',#1087,#1860);
#1860 = DEFINITIONAL_REPRESENTATION('',(#1861),#1865);
#1861 = LINE('',#1862,#1863);
#1862 = CARTESIAN_POINT('',(-2.439188682467E-17,-0.3203));
#1863 = VECTOR('',#1864,1.);
#1864 = DIRECTION('',(1.,1.890476504622E-18));
#1865 = ( GEOMETRIC_REPRESENTATION_CONTEXT(2) 
PARAMETRIC_REPRESENTATION_CONTEXT() REPRESENTATION_CONTEXT('2D SPACE',''
  ) );
#1866 = ADVANCED_FACE('',(#1867),#1087,.F.);
#1867 = FACE_BOUND('',#1868,.F.);
#1868 = EDGE_LOOP('',(#1869,#1870,#1871,#1872,#1873));
#1869 = ORIENTED_EDGE('',*,*,#1818,.T.);
#1870 = ORIENTED_EDGE('',*,*,#1846,.T.);
#1871 = ORIENTED_EDGE('',*,*,#1071,.F.);
#1872 = ORIENTED_EDGE('',*,*,#1719,.F.);
#1873 = ORIENTED_EDGE('',*,*,#1744,.F.);
#1874 = ADVANCED_FACE('',(#1875),#1192,.F.);
#1875 = FACE_BOUND('',#1876,.F.);
#1876 = EDGE_LOOP('',(#1877,#1878,#1901,#1922));
#1877 = ORIENTED_EDGE('',*,*,#1176,.T.);
#1878 = ORIENTED_EDGE('',*,*,#1879,.T.);
#1879 = EDGE_CURVE('',#1149,#1880,#1882,.T.);
#1880 = VERTEX_POINT('',#1881);
#1881 = CARTESIAN_POINT('',(-0.429652651334,0.5078,-0.320203855565));
#1882 = SURFACE_CURVE('',#1883,(#1887,#1894),.PCURVE_S1.);
#1883 = LINE('',#1884,#1885);
#1884 = CARTESIAN_POINT('',(-0.427739776517,0.429723443261,
    -0.320156976068));
#1885 = VECTOR('',#1886,1.);
#1886 = DIRECTION('',(-2.449263530508E-02,0.999699830207,
    -6.002496398664E-04));
#1887 = PCURVE('',#1192,#1888);
#1888 = DEFINITIONAL_REPRESENTATION('',(#1889),#1893);
#1889 = LINE('',#1890,#1891);
#1890 = CARTESIAN_POINT('',(2.062273767327E-18,-0.3203));
#1891 = VECTOR('',#1892,1.);
#1892 = DIRECTION('',(1.,-1.409950312573E-19));
#1893 = ( GEOMETRIC_REPRESENTATION_CONTEXT(2) 
PARAMETRIC_REPRESENTATION_CONTEXT() REPRESENTATION_CONTEXT('2D SPACE',''
  ) );
#1894 = PCURVE('',#1164,#1895);
#1895 = DEFINITIONAL_REPRESENTATION('',(#1896),#1900);
#1896 = LINE('',#1897,#1898);
#1897 = CARTESIAN_POINT('',(6.840934086981E-03,-3.922937828742E-02));
#1898 = VECTOR('',#1899,1.);
#1899 = DIRECTION('',(2.449998946567E-02,0.999699830207));
#1900 = ( GEOMETRIC_REPRESENTATION_CONTEXT(2) 
PARAMETRIC_REPRESENTATION_CONTEXT() REPRESENTATION_CONTEXT('2D SPACE',''
  ) );
#1901 = ORIENTED_EDGE('',*,*,#1902,.F.);
#1902 = EDGE_CURVE('',#1647,#1880,#1903,.T.);
#1903 = SURFACE_CURVE('',#1904,(#1908,#1915),.PCURVE_S1.);
#1904 = LINE('',#1905,#1906);
#1905 = CARTESIAN_POINT('',(-0.4375,0.5078,0.));
#1906 = VECTOR('',#1907,1.);
#1907 = DIRECTION('',(2.4499995835E-02,0.,-0.999699830051));
#1908 = PCURVE('',#1192,#1909);
#1909 = DEFINITIONAL_REPRESENTATION('',(#1910),#1914);
#1910 = LINE('',#1911,#1912);
#1911 = CARTESIAN_POINT('',(7.81E-02,-1.324981722159E-20));
#1912 = VECTOR('',#1913,1.);
#1913 = DIRECTION('',(5.345132914697E-18,-1.));
#1914 = ( GEOMETRIC_REPRESENTATION_CONTEXT(2) 
PARAMETRIC_REPRESENTATION_CONTEXT() REPRESENTATION_CONTEXT('2D SPACE',''
  ) );
#1915 = PCURVE('',#1246,#1916);
#1916 = DEFINITIONAL_REPRESENTATION('',(#1917),#1921);
#1917 = LINE('',#1918,#1919);
#1918 = CARTESIAN_POINT('',(0.,0.));
#1919 = VECTOR('',#1920,1.);
#1920 = DIRECTION('',(-2.693202976653E-17,-1.));
#1921 = ( GEOMETRIC_REPRESENTATION_CONTEXT(2) 
PARAMETRIC_REPRESENTATION_CONTEXT() REPRESENTATION_CONTEXT('2D SPACE',''
  ) );
#1922 = ORIENTED_EDGE('',*,*,#1672,.F.);
#1923 = ADVANCED_FACE('',(#1924),#1164,.T.);
#1924 = FACE_BOUND('',#1925,.T.);
#1925 = EDGE_LOOP('',(#1926,#1927,#1928,#1929));
#1926 = ORIENTED_EDGE('',*,*,#1258,.T.);
#1927 = ORIENTED_EDGE('',*,*,#1148,.T.);
#1928 = ORIENTED_EDGE('',*,*,#1879,.T.);
#1929 = ORIENTED_EDGE('',*,*,#1930,.T.);
#1930 = EDGE_CURVE('',#1880,#1231,#1931,.T.);
#1931 = SURFACE_CURVE('',#1932,(#1936,#1943),.PCURVE_S1.);
#1932 = LINE('',#1933,#1934);
#1933 = CARTESIAN_POINT('',(-0.429652651334,0.5078,-0.320203855565));
#1934 = VECTOR('',#1935,1.);
#1935 = DIRECTION('',(0.99939975036,2.449998946568E-02,
    2.449264167633E-02));
#1936 = PCURVE('',#1164,#1937);
#1937 = DEFINITIONAL_REPRESENTATION('',(#1938),#1942);
#1938 = LINE('',#1939,#1940);
#1939 = CARTESIAN_POINT('',(8.75438326425E-03,3.884717845176E-02));
#1940 = VECTOR('',#1941,1.);
#1941 = DIRECTION('',(-0.999699830207,2.449998946568E-02));
#1942 = ( GEOMETRIC_REPRESENTATION_CONTEXT(2) 
PARAMETRIC_REPRESENTATION_CONTEXT() REPRESENTATION_CONTEXT('2D SPACE',''
  ) );
#1943 = PCURVE('',#1246,#1944);
#1944 = DEFINITIONAL_REPRESENTATION('',(#1945),#1949);
#1945 = LINE('',#1946,#1947);
#1946 = CARTESIAN_POINT('',(-2.341761261384E-17,-0.3203));
#1947 = VECTOR('',#1948,1.);
#1948 = DIRECTION('',(1.,-8.245872728153E-19));
#1949 = ( GEOMETRIC_REPRESENTATION_CONTEXT(2) 
PARAMETRIC_REPRESENTATION_CONTEXT() REPRESENTATION_CONTEXT('2D SPACE',''
  ) );
#1950 = ADVANCED_FACE('',(#1951),#1246,.F.);
#1951 = FACE_BOUND('',#1952,.F.);
#1952 = EDGE_LOOP('',(#1953,#1954,#1955,#1956,#1957));
#1953 = ORIENTED_EDGE('',*,*,#1902,.T.);
#1954 = ORIENTED_EDGE('',*,*,#1930,.T.);
#1955 = ORIENTED_EDGE('',*,*,#1230,.F.);
#1956 = ORIENTED_EDGE('',*,*,#1621,.F.);
#1957 = ORIENTED_EDGE('',*,*,#1646,.F.);
#1958 = ADVANCED_FACE('',(#1959),#1322,.T.);
#1959 = FACE_BOUND('',#1960,.T.);
#1960 = EDGE_LOOP('',(#1961));
#1961 = ORIENTED_EDGE('',*,*,#1307,.T.);
#1962 = ADVANCED_FACE('',(#1963),#1379,.T.);
#1963 = FACE_BOUND('',#1964,.T.);
#1964 = EDGE_LOOP('',(#1965));
#1965 = ORIENTED_EDGE('',*,*,#1364,.T.);
#1966 = ADVANCED_FACE('',(#1967),#1436,.T.);
#1967 = FACE_BOUND('',#1968,.T.);
#1968 = EDGE_LOOP('',(#1969,#1970,#1971,#1972));
#1969 = ORIENTED_EDGE('',*,*,#1420,.T.);
#1970 = ORIENTED_EDGE('',*,*,#1474,.T.);
#1971 = ORIENTED_EDGE('',*,*,#1523,.T.);
#1972 = ORIENTED_EDGE('',*,*,#1572,.T.);
#1973 = ( GEOMETRIC_REPRESENTATION_CONTEXT(3) 
GLOBAL_UNCERTAINTY_ASSIGNED_CONTEXT((#1977)) 
GLOBAL_UNIT_ASSIGNED_CONTEXT((#1974,#1975,#1976)) REPRESENTATION_CONTEXT
('Context #1','3D Context with UNIT and UNCERTAINTY') );
#1974 = ( LENGTH_UNIT() NAMED_UNIT(*) SI_UNIT(.MILLI.,.METRE.) );
#1975 = ( NAMED_UNIT(*) PLANE_ANGLE_UNIT() SI_UNIT($,.RADIAN.) );
#1976 = ( NAMED_UNIT(*) SI_UNIT($,.STERADIAN.) SOLID_ANGLE_UNIT() );
#1977 = UNCERTAINTY_MEASURE_WITH_UNIT(LENGTH_MEASURE(2.E-06),#1974,
  'distance_accuracy_value','confusion accuracy');
#1978 = CONTEXT_DEPENDENT_SHAPE_REPRESENTATION(#1979,#1981);
#1979 = ( REPRESENTATION_RELATIONSHIP('','',#40,#10) 
REPRESENTATION_RELATIONSHIP_WITH_TRANSFORMATION(#1980) 
SHAPE_REPRESENTATION_RELATIONSHIP() );
#1980 = ITEM_DEFINED_TRANSFORMATION('','',#11,#15);
#1981 = PRODUCT_DEFINITION_SHAPE('Placement','Placement of an item',
  #1982);
#1982 = NEXT_ASSEMBLY_USAGE_OCCURRENCE('1','','',#5,#35,$);
#1983 = PRODUCT_RELATED_PRODUCT_CATEGORY('part',$,(#37));
#1984 = SHAPE_DEFINITION_REPRESENTATION(#1985,#1991);
#1985 = PRODUCT_DEFINITION_SHAPE('','',#1986);
#1986 = PRODUCT_DEFINITION('design','',#1987,#1990);
#1987 = PRODUCT_DEFINITION_FORMATION('','',#1988);
#1988 = PRODUCT('Open CASCADE STEP translator 7.7 1.2',
  'Open CASCADE STEP translator 7.7 1.2','',(#1989));
#1989 = PRODUCT_CONTEXT('',#2,'mechanical');
#1990 = PRODUCT_DEFINITION_CONTEXT('part definition',#2,'design');
#1991 = ADVANCED_BREP_SHAPE_REPRESENTATION('',(#11,#1992),#2322);
#1992 = MANIFOLD_SOLID_BREP('',#1993);
#1993 = CLOSED_SHELL('',(#1994,#2114,#2190,#2261,#2308,#2315));
#1994 = ADVANCED_FACE('',(#1995),#2009,.F.);
#1995 = FACE_BOUND('',#1996,.F.);
#1996 = EDGE_LOOP('',(#1997,#2032,#2060,#2088));
#1997 = ORIENTED_EDGE('',*,*,#1998,.T.);
#1998 = EDGE_CURVE('',#1999,#2001,#2003,.T.);
#1999 = VERTEX_POINT('',#2000);
#2000 = CARTESIAN_POINT('',(0.562490636106,0.109782199836,
    3.820852101507E-04));
#2001 = VERTEX_POINT('',#2002);
#2002 = CARTESIAN_POINT('',(0.570337984772,0.109782199836,
    -0.319821770355));
#2003 = SURFACE_CURVE('',#2004,(#2008,#2020),.PCURVE_S1.);
#2004 = LINE('',#2005,#2006);
#2005 = CARTESIAN_POINT('',(0.562490636106,0.109782199836,
    3.820852101507E-04));
#2006 = VECTOR('',#2007,1.);
#2007 = DIRECTION('',(2.4499995835E-02,0.,-0.999699830051));
#2008 = PCURVE('',#2009,#2014);
#2009 = PLANE('',#2010);
#2010 = AXIS2_PLACEMENT_3D('',#2011,#2012,#2013);
#2011 = CARTESIAN_POINT('',(0.562490636106,0.109782199836,
    3.820852101507E-04));
#2012 = DIRECTION('',(-0.99939975036,-2.449998946567E-02,
    -2.449264167633E-02));
#2013 = DIRECTION('',(2.449263530508E-02,-0.999699830207,
    6.002496398664E-04));
#2014 = DEFINITIONAL_REPRESENTATION('',(#2015),#2019);
#2015 = LINE('',#2016,#2017);
#2016 = CARTESIAN_POINT('',(1.387391497151E-17,4.877445274086E-19));
#2017 = VECTOR('',#2018,1.);
#2018 = DIRECTION('',(-5.128325024691E-18,-1.));
#2019 = ( GEOMETRIC_REPRESENTATION_CONTEXT(2) 
PARAMETRIC_REPRESENTATION_CONTEXT() REPRESENTATION_CONTEXT('2D SPACE',''
  ) );
#2020 = PCURVE('',#2021,#2026);
#2021 = PLANE('',#2022);
#2022 = AXIS2_PLACEMENT_3D('',#2023,#2024,#2025);
#2023 = CARTESIAN_POINT('',(0.5469,0.1094,0.));
#2024 = DIRECTION('',(2.449263530508E-02,-0.999699830207,
    6.002496398664E-04));
#2025 = DIRECTION('',(0.99939975036,2.449998946567E-02,
    2.449264167633E-02));
#2026 = DEFINITIONAL_REPRESENTATION('',(#2027),#2031);
#2027 = LINE('',#2028,#2029);
#2028 = CARTESIAN_POINT('',(1.56E-02,8.315046954681E-20));
#2029 = VECTOR('',#2030,1.);
#2030 = DIRECTION('',(-5.46761497213E-17,-1.));
#2031 = ( GEOMETRIC_REPRESENTATION_CONTEXT(2) 
PARAMETRIC_REPRESENTATION_CONTEXT() REPRESENTATION_CONTEXT('2D SPACE',''
  ) );
#2032 = ORIENTED_EDGE('',*,*,#2033,.T.);
#2033 = EDGE_CURVE('',#2001,#2034,#2036,.T.);
#2034 = VERTEX_POINT('',#2035);
#2035 = CARTESIAN_POINT('',(0.572250859589,3.170564309649E-02,
    -0.319774890858));
#2036 = SURFACE_CURVE('',#2037,(#2041,#2048),.PCURVE_S1.);
#2037 = LINE('',#2038,#2039);
#2038 = CARTESIAN_POINT('',(0.570337984772,0.109782199836,
    -0.319821770355));
#2039 = VECTOR('',#2040,1.);
#2040 = DIRECTION('',(2.449263530508E-02,-0.999699830207,
    6.002496398664E-04));
#2041 = PCURVE('',#2009,#2042);
#2042 = DEFINITIONAL_REPRESENTATION('',(#2043),#2047);
#2043 = LINE('',#2044,#2045);
#2044 = CARTESIAN_POINT('',(-2.00045214143E-18,-0.3203));
#2045 = VECTOR('',#2046,1.);
#2046 = DIRECTION('',(1.,2.494152485058E-19));
#2047 = ( GEOMETRIC_REPRESENTATION_CONTEXT(2) 
PARAMETRIC_REPRESENTATION_CONTEXT() REPRESENTATION_CONTEXT('2D SPACE',''
  ) );
#2048 = PCURVE('',#2049,#2054);
#2049 = PLANE('',#2050);
#2050 = AXIS2_PLACEMENT_3D('',#2051,#2052,#2053);
#2051 = CARTESIAN_POINT('',(0.563499104127,7.055282154824E-02,
    -0.319989373212));
#2052 = DIRECTION('',(2.4499995835E-02,-0.,-0.999699830051));
#2053 = DIRECTION('',(-0.999699830051,0.,-2.4499995835E-02));
#2054 = DEFINITIONAL_REPRESENTATION('',(#2055),#2059);
#2055 = LINE('',#2056,#2057);
#2056 = CARTESIAN_POINT('',(-6.840934086982E-03,3.922937828742E-02));
#2057 = VECTOR('',#2058,1.);
#2058 = DIRECTION('',(-2.449998946567E-02,-0.999699830207));
#2059 = ( GEOMETRIC_REPRESENTATION_CONTEXT(2) 
PARAMETRIC_REPRESENTATION_CONTEXT() REPRESENTATION_CONTEXT('2D SPACE',''
  ) );
#2060 = ORIENTED_EDGE('',*,*,#2061,.F.);
#2061 = EDGE_CURVE('',#2062,#2034,#2064,.T.);
#2062 = VERTEX_POINT('',#2063);
#2063 = CARTESIAN_POINT('',(0.564403510923,3.170564309649E-02,
    4.289647070243E-04));
#2064 = SURFACE_CURVE('',#2065,(#2069,#2076),.PCURVE_S1.);
#2065 = LINE('',#2066,#2067);
#2066 = CARTESIAN_POINT('',(0.564403510923,3.170564309649E-02,
    4.289647070243E-04));
#2067 = VECTOR('',#2068,1.);
#2068 = DIRECTION('',(2.4499995835E-02,0.,-0.999699830051));
#2069 = PCURVE('',#2009,#2070);
#2070 = DEFINITIONAL_REPRESENTATION('',(#2071),#2075);
#2071 = LINE('',#2072,#2073);
#2072 = CARTESIAN_POINT('',(7.81E-02,2.680437840835E-20));
#2073 = VECTOR('',#2074,1.);
#2074 = DIRECTION('',(-5.128325024691E-18,-1.));
#2075 = ( GEOMETRIC_REPRESENTATION_CONTEXT(2) 
PARAMETRIC_REPRESENTATION_CONTEXT() REPRESENTATION_CONTEXT('2D SPACE',''
  ) );
#2076 = PCURVE('',#2077,#2082);
#2077 = PLANE('',#2078);
#2078 = AXIS2_PLACEMENT_3D('',#2079,#2080,#2081);
#2079 = CARTESIAN_POINT('',(0.564403510923,3.170564309649E-02,
    4.289647070243E-04));
#2080 = DIRECTION('',(-2.449263530508E-02,0.999699830207,
    -6.002496398664E-04));
#2081 = DIRECTION('',(-0.99939975036,-2.449998946567E-02,
    -2.449264167633E-02));
#2082 = DEFINITIONAL_REPRESENTATION('',(#2083),#2087);
#2083 = LINE('',#2084,#2085);
#2084 = CARTESIAN_POINT('',(-0.,0.));
#2085 = VECTOR('',#2086,1.);
#2086 = DIRECTION('',(1.999313586262E-17,-1.));
#2087 = ( GEOMETRIC_REPRESENTATION_CONTEXT(2) 
PARAMETRIC_REPRESENTATION_CONTEXT() REPRESENTATION_CONTEXT('2D SPACE',''
  ) );
#2088 = ORIENTED_EDGE('',*,*,#2089,.F.);
#2089 = EDGE_CURVE('',#1999,#2062,#2090,.T.);
#2090 = SURFACE_CURVE('',#2091,(#2095,#2102),.PCURVE_S1.);
#2091 = LINE('',#2092,#2093);
#2092 = CARTESIAN_POINT('',(0.562490636106,0.109782199836,
    3.820852101507E-04));
#2093 = VECTOR('',#2094,1.);
#2094 = DIRECTION('',(2.449263530508E-02,-0.999699830207,
    6.002496398664E-04));
#2095 = PCURVE('',#2009,#2096);
#2096 = DEFINITIONAL_REPRESENTATION('',(#2097),#2101);
#2097 = LINE('',#2098,#2099);
#2098 = CARTESIAN_POINT('',(0.,0.));
#2099 = VECTOR('',#2100,1.);
#2100 = DIRECTION('',(1.,2.494152485058E-19));
#2101 = ( GEOMETRIC_REPRESENTATION_CONTEXT(2) 
PARAMETRIC_REPRESENTATION_CONTEXT() REPRESENTATION_CONTEXT('2D SPACE',''
  ) );
#2102 = PCURVE('',#2103,#2108);
#2103 = PLANE('',#2104);
#2104 = AXIS2_PLACEMENT_3D('',#2105,#2106,#2107);
#2105 = CARTESIAN_POINT('',(0.555651755461,7.055282154824E-02,
    2.144823535121E-04));
#2106 = DIRECTION('',(2.4499995835E-02,-0.,-0.999699830051));
#2107 = DIRECTION('',(-0.999699830051,0.,-2.4499995835E-02));
#2108 = DEFINITIONAL_REPRESENTATION('',(#2109),#2113);
#2109 = LINE('',#2110,#2111);
#2110 = CARTESIAN_POINT('',(-6.840934086982E-03,3.922937828742E-02));
#2111 = VECTOR('',#2112,1.);
#2112 = DIRECTION('',(-2.449998946567E-02,-0.999699830207));
#2113 = ( GEOMETRIC_REPRESENTATION_CONTEXT(2) 
PARAMETRIC_REPRESENTATION_CONTEXT() REPRESENTATION_CONTEXT('2D SPACE',''
  ) );
#2114 = ADVANCED_FACE('',(#2115),#2077,.F.);
#2115 = FACE_BOUND('',#2116,.F.);
#2116 = EDGE_LOOP('',(#2117,#2118,#2141,#2169));
#2117 = ORIENTED_EDGE('',*,*,#2061,.T.);
#2118 = ORIENTED_EDGE('',*,*,#2119,.T.);
#2119 = EDGE_CURVE('',#2034,#2120,#2122,.T.);
#2120 = VERTEX_POINT('',#2121);
#2121 = CARTESIAN_POINT('',(0.556660223483,3.132344326082E-02,
    -0.320156976068));
#2122 = SURFACE_CURVE('',#2123,(#2127,#2134),.PCURVE_S1.);
#2123 = LINE('',#2124,#2125);
#2124 = CARTESIAN_POINT('',(0.572250859589,3.170564309649E-02,
    -0.319774890858));
#2125 = VECTOR('',#2126,1.);
#2126 = DIRECTION('',(-0.99939975036,-2.449998946567E-02,
    -2.449264167633E-02));
#2127 = PCURVE('',#2077,#2128);
#2128 = DEFINITIONAL_REPRESENTATION('',(#2129),#2133);
#2129 = LINE('',#2130,#2131);
#2130 = CARTESIAN_POINT('',(2.168288913786E-17,-0.3203));
#2131 = VECTOR('',#2132,1.);
#2132 = DIRECTION('',(1.,-6.112223783663E-18));
#2133 = ( GEOMETRIC_REPRESENTATION_CONTEXT(2) 
PARAMETRIC_REPRESENTATION_CONTEXT() REPRESENTATION_CONTEXT('2D SPACE',''
  ) );
#2134 = PCURVE('',#2049,#2135);
#2135 = DEFINITIONAL_REPRESENTATION('',(#2136),#2140);
#2136 = LINE('',#2137,#2138);
#2137 = CARTESIAN_POINT('',(-8.75438326425E-03,-3.884717845176E-02));
#2138 = VECTOR('',#2139,1.);
#2139 = DIRECTION('',(0.999699830207,-2.449998946567E-02));
#2140 = ( GEOMETRIC_REPRESENTATION_CONTEXT(2) 
PARAMETRIC_REPRESENTATION_CONTEXT() REPRESENTATION_CONTEXT('2D SPACE',''
  ) );
#2141 = ORIENTED_EDGE('',*,*,#2142,.F.);
#2142 = EDGE_CURVE('',#2143,#2120,#2145,.T.);
#2143 = VERTEX_POINT('',#2144);
#2144 = CARTESIAN_POINT('',(0.548812874817,3.132344326082E-02,
    4.687949687357E-05));
#2145 = SURFACE_CURVE('',#2146,(#2150,#2157),.PCURVE_S1.);
#2146 = LINE('',#2147,#2148);
#2147 = CARTESIAN_POINT('',(0.548812874817,3.132344326082E-02,
    4.687949687357E-05));
#2148 = VECTOR('',#2149,1.);
#2149 = DIRECTION('',(2.4499995835E-02,0.,-0.999699830051));
#2150 = PCURVE('',#2077,#2151);
#2151 = DEFINITIONAL_REPRESENTATION('',(#2152),#2156);
#2152 = LINE('',#2153,#2154);
#2153 = CARTESIAN_POINT('',(1.56E-02,-1.492971572374E-19));
#2154 = VECTOR('',#2155,1.);
#2155 = DIRECTION('',(1.999313586262E-17,-1.));
#2156 = ( GEOMETRIC_REPRESENTATION_CONTEXT(2) 
PARAMETRIC_REPRESENTATION_CONTEXT() REPRESENTATION_CONTEXT('2D SPACE',''
  ) );
#2157 = PCURVE('',#2158,#2163);
#2158 = PLANE('',#2159);
#2159 = AXIS2_PLACEMENT_3D('',#2160,#2161,#2162);
#2160 = CARTESIAN_POINT('',(0.548812874817,3.132344326082E-02,
    4.687949687357E-05));
#2161 = DIRECTION('',(0.99939975036,2.449998946567E-02,
    2.449264167633E-02));
#2162 = DIRECTION('',(-2.449263530508E-02,0.999699830207,
    -6.002496398664E-04));
#2163 = DEFINITIONAL_REPRESENTATION('',(#2164),#2168);
#2164 = LINE('',#2165,#2166);
#2165 = CARTESIAN_POINT('',(0.,0.));
#2166 = VECTOR('',#2167,1.);
#2167 = DIRECTION('',(5.236712697448E-18,-1.));
#2168 = ( GEOMETRIC_REPRESENTATION_CONTEXT(2) 
PARAMETRIC_REPRESENTATION_CONTEXT() REPRESENTATION_CONTEXT('2D SPACE',''
  ) );
#2169 = ORIENTED_EDGE('',*,*,#2170,.F.);
#2170 = EDGE_CURVE('',#2062,#2143,#2171,.T.);
#2171 = SURFACE_CURVE('',#2172,(#2176,#2183),.PCURVE_S1.);
#2172 = LINE('',#2173,#2174);
#2173 = CARTESIAN_POINT('',(0.564403510923,3.170564309649E-02,
    4.289647070243E-04));
#2174 = VECTOR('',#2175,1.);
#2175 = DIRECTION('',(-0.99939975036,-2.449998946567E-02,
    -2.449264167633E-02));
#2176 = PCURVE('',#2077,#2177);
#2177 = DEFINITIONAL_REPRESENTATION('',(#2178),#2182);
#2178 = LINE('',#2179,#2180);
#2179 = CARTESIAN_POINT('',(-0.,0.));
#2180 = VECTOR('',#2181,1.);
#2181 = DIRECTION('',(1.,-6.112223783663E-18));
#2182 = ( GEOMETRIC_REPRESENTATION_CONTEXT(2) 
PARAMETRIC_REPRESENTATION_CONTEXT() REPRESENTATION_CONTEXT('2D SPACE',''
  ) );
#2183 = PCURVE('',#2103,#2184);
#2184 = DEFINITIONAL_REPRESENTATION('',(#2185),#2189);
#2185 = LINE('',#2186,#2187);
#2186 = CARTESIAN_POINT('',(-8.75438326425E-03,-3.884717845176E-02));
#2187 = VECTOR('',#2188,1.);
#2188 = DIRECTION('',(0.999699830207,-2.449998946567E-02));
#2189 = ( GEOMETRIC_REPRESENTATION_CONTEXT(2) 
PARAMETRIC_REPRESENTATION_CONTEXT() REPRESENTATION_CONTEXT('2D SPACE',''
  ) );
#2190 = ADVANCED_FACE('',(#2191),#2158,.F.);
#2191 = FACE_BOUND('',#2192,.F.);
#2192 = EDGE_LOOP('',(#2193,#2194,#2217,#2240));
#2193 = ORIENTED_EDGE('',*,*,#2142,.T.);
#2194 = ORIENTED_EDGE('',*,*,#2195,.T.);
#2195 = EDGE_CURVE('',#2120,#2196,#2198,.T.);
#2196 = VERTEX_POINT('',#2197);
#2197 = CARTESIAN_POINT('',(0.554747348666,0.1094,-0.320203855565));
#2198 = SURFACE_CURVE('',#2199,(#2203,#2210),.PCURVE_S1.);
#2199 = LINE('',#2200,#2201);
#2200 = CARTESIAN_POINT('',(0.556660223483,3.132344326082E-02,
    -0.320156976068));
#2201 = VECTOR('',#2202,1.);
#2202 = DIRECTION('',(-2.449263530508E-02,0.999699830207,
    -6.002496398664E-04));
#2203 = PCURVE('',#2158,#2204);
#2204 = DEFINITIONAL_REPRESENTATION('',(#2205),#2209);
#2205 = LINE('',#2206,#2207);
#2206 = CARTESIAN_POINT('',(2.035168713015E-18,-0.3203));
#2207 = VECTOR('',#2208,1.);
#2208 = DIRECTION('',(1.,-2.493827040147E-19));
#2209 = ( GEOMETRIC_REPRESENTATION_CONTEXT(2) 
PARAMETRIC_REPRESENTATION_CONTEXT() REPRESENTATION_CONTEXT('2D SPACE',''
  ) );
#2210 = PCURVE('',#2049,#2211);
#2211 = DEFINITIONAL_REPRESENTATION('',(#2212),#2216);
#2212 = LINE('',#2213,#2214);
#2213 = CARTESIAN_POINT('',(6.840934086981E-03,-3.922937828742E-02));
#2214 = VECTOR('',#2215,1.);
#2215 = DIRECTION('',(2.449998946567E-02,0.999699830207));
#2216 = ( GEOMETRIC_REPRESENTATION_CONTEXT(2) 
PARAMETRIC_REPRESENTATION_CONTEXT() REPRESENTATION_CONTEXT('2D SPACE',''
  ) );
#2217 = ORIENTED_EDGE('',*,*,#2218,.F.);
#2218 = EDGE_CURVE('',#2219,#2196,#2221,.T.);
#2219 = VERTEX_POINT('',#2220);
#2220 = CARTESIAN_POINT('',(0.5469,0.1094,0.));
#2221 = SURFACE_CURVE('',#2222,(#2226,#2233),.PCURVE_S1.);
#2222 = LINE('',#2223,#2224);
#2223 = CARTESIAN_POINT('',(0.5469,0.1094,0.));
#2224 = VECTOR('',#2225,1.);
#2225 = DIRECTION('',(2.4499995835E-02,0.,-0.999699830051));
#2226 = PCURVE('',#2158,#2227);
#2227 = DEFINITIONAL_REPRESENTATION('',(#2228),#2232);
#2228 = LINE('',#2229,#2230);
#2229 = CARTESIAN_POINT('',(7.81E-02,-2.002608079962E-20));
#2230 = VECTOR('',#2231,1.);
#2231 = DIRECTION('',(5.236712697448E-18,-1.));
#2232 = ( GEOMETRIC_REPRESENTATION_CONTEXT(2) 
PARAMETRIC_REPRESENTATION_CONTEXT() REPRESENTATION_CONTEXT('2D SPACE',''
  ) );
#2233 = PCURVE('',#2021,#2234);
#2234 = DEFINITIONAL_REPRESENTATION('',(#2235),#2239);
#2235 = LINE('',#2236,#2237);
#2236 = CARTESIAN_POINT('',(0.,0.));
#2237 = VECTOR('',#2238,1.);
#2238 = DIRECTION('',(-5.46761497213E-17,-1.));
#2239 = ( GEOMETRIC_REPRESENTATION_CONTEXT(2) 
PARAMETRIC_REPRESENTATION_CONTEXT() REPRESENTATION_CONTEXT('2D SPACE',''
  ) );
#2240 = ORIENTED_EDGE('',*,*,#2241,.F.);
#2241 = EDGE_CURVE('',#2143,#2219,#2242,.T.);
#2242 = SURFACE_CURVE('',#2243,(#2247,#2254),.PCURVE_S1.);
#2243 = LINE('',#2244,#2245);
#2244 = CARTESIAN_POINT('',(0.548812874817,3.132344326082E-02,
    4.687949687357E-05));
#2245 = VECTOR('',#2246,1.);
#2246 = DIRECTION('',(-2.449263530508E-02,0.999699830207,
    -6.002496398664E-04));
#2247 = PCURVE('',#2158,#2248);
#2248 = DEFINITIONAL_REPRESENTATION('',(#2249),#2253);
#2249 = LINE('',#2250,#2251);
#2250 = CARTESIAN_POINT('',(0.,0.));
#2251 = VECTOR('',#2252,1.);
#2252 = DIRECTION('',(1.,-2.493827040147E-19));
#2253 = ( GEOMETRIC_REPRESENTATION_CONTEXT(2) 
PARAMETRIC_REPRESENTATION_CONTEXT() REPRESENTATION_CONTEXT('2D SPACE',''
  ) );
#2254 = PCURVE('',#2103,#2255);
#2255 = DEFINITIONAL_REPRESENTATION('',(#2256),#2260);
#2256 = LINE('',#2257,#2258);
#2257 = CARTESIAN_POINT('',(6.840934086981E-03,-3.922937828742E-02));
#2258 = VECTOR('',#2259,1.);
#2259 = DIRECTION('',(2.449998946567E-02,0.999699830207));
#2260 = ( GEOMETRIC_REPRESENTATION_CONTEXT(2) 
PARAMETRIC_REPRESENTATION_CONTEXT() REPRESENTATION_CONTEXT('2D SPACE',''
  ) );
#2261 = ADVANCED_FACE('',(#2262),#2021,.F.);
#2262 = FACE_BOUND('',#2263,.F.);
#2263 = EDGE_LOOP('',(#2264,#2265,#2286,#2287));
#2264 = ORIENTED_EDGE('',*,*,#2218,.T.);
#2265 = ORIENTED_EDGE('',*,*,#2266,.T.);
#2266 = EDGE_CURVE('',#2196,#2001,#2267,.T.);
#2267 = SURFACE_CURVE('',#2268,(#2272,#2279),.PCURVE_S1.);
#2268 = LINE('',#2269,#2270);
#2269 = CARTESIAN_POINT('',(0.554747348666,0.1094,-0.320203855565));
#2270 = VECTOR('',#2271,1.);
#2271 = DIRECTION('',(0.99939975036,2.449998946567E-02,
    2.449264167633E-02));
#2272 = PCURVE('',#2021,#2273);
#2273 = DEFINITIONAL_REPRESENTATION('',(#2274),#2278);
#2274 = LINE('',#2275,#2276);
#2275 = CARTESIAN_POINT('',(-3.216839885953E-17,-0.3203));
#2276 = VECTOR('',#2277,1.);
#2277 = DIRECTION('',(1.,1.883186538621E-18));
#2278 = ( GEOMETRIC_REPRESENTATION_CONTEXT(2) 
PARAMETRIC_REPRESENTATION_CONTEXT() REPRESENTATION_CONTEXT('2D SPACE',''
  ) );
#2279 = PCURVE('',#2049,#2280);
#2280 = DEFINITIONAL_REPRESENTATION('',(#2281),#2285);
#2281 = LINE('',#2282,#2283);
#2282 = CARTESIAN_POINT('',(8.75438326425E-03,3.884717845176E-02));
#2283 = VECTOR('',#2284,1.);
#2284 = DIRECTION('',(-0.999699830207,2.449998946567E-02));
#2285 = ( GEOMETRIC_REPRESENTATION_CONTEXT(2) 
PARAMETRIC_REPRESENTATION_CONTEXT() REPRESENTATION_CONTEXT('2D SPACE',''
  ) );
#2286 = ORIENTED_EDGE('',*,*,#1998,.F.);
#2287 = ORIENTED_EDGE('',*,*,#2288,.F.);
#2288 = EDGE_CURVE('',#2219,#1999,#2289,.T.);
#2289 = SURFACE_CURVE('',#2290,(#2294,#2301),.PCURVE_S1.);
#2290 = LINE('',#2291,#2292);
#2291 = CARTESIAN_POINT('',(0.5469,0.1094,0.));
#2292 = VECTOR('',#2293,1.);
#2293 = DIRECTION('',(0.99939975036,2.449998946567E-02,
    2.449264167633E-02));
#2294 = PCURVE('',#2021,#2295);
#2295 = DEFINITIONAL_REPRESENTATION('',(#2296),#2300);
#2296 = LINE('',#2297,#2298);
#2297 = CARTESIAN_POINT('',(0.,0.));
#2298 = VECTOR('',#2299,1.);
#2299 = DIRECTION('',(1.,1.883186538621E-18));
#2300 = ( GEOMETRIC_REPRESENTATION_CONTEXT(2) 
PARAMETRIC_REPRESENTATION_CONTEXT() REPRESENTATION_CONTEXT('2D SPACE',''
  ) );
#2301 = PCURVE('',#2103,#2302);
#2302 = DEFINITIONAL_REPRESENTATION('',(#2303),#2307);
#2303 = LINE('',#2304,#2305);
#2304 = CARTESIAN_POINT('',(8.75438326425E-03,3.884717845176E-02));
#2305 = VECTOR('',#2306,1.);
#2306 = DIRECTION('',(-0.999699830207,2.449998946567E-02));
#2307 = ( GEOMETRIC_REPRESENTATION_CONTEXT(2) 
PARAMETRIC_REPRESENTATION_CONTEXT() REPRESENTATION_CONTEXT('2D SPACE',''
  ) );
#2308 = ADVANCED_FACE('',(#2309),#2103,.F.);
#2309 = FACE_BOUND('',#2310,.F.);
#2310 = EDGE_LOOP('',(#2311,#2312,#2313,#2314));
#2311 = ORIENTED_EDGE('',*,*,#2089,.T.);
#2312 = ORIENTED_EDGE('',*,*,#2170,.T.);
#2313 = ORIENTED_EDGE('',*,*,#2241,.T.);
#2314 = ORIENTED_EDGE('',*,*,#2288,.T.);
#2315 = ADVANCED_FACE('',(#2316),#2049,.T.);
#2316 = FACE_BOUND('',#2317,.T.);
#2317 = EDGE_LOOP('',(#2318,#2319,#2320,#2321));
#2318 = ORIENTED_EDGE('',*,*,#2033,.T.);
#2319 = ORIENTED_EDGE('',*,*,#2119,.T.);
#2320 = ORIENTED_EDGE('',*,*,#2195,.T.);
#2321 = ORIENTED_EDGE('',*,*,#2266,.T.);
#2322 = ( GEOMETRIC_REPRESENTATION_CONTEXT(3) 
GLOBAL_UNCERTAINTY_ASSIGNED_CONTEXT((#2326)) 
GLOBAL_UNIT_ASSIGNED_CONTEXT((#2323,#2324,#2325)) REPRESENTATION_CONTEXT
('Context #1','3D Context with UNIT and UNCERTAINTY') );
#2323 = ( LENGTH_UNIT() NAMED_UNIT(*) SI_UNIT(.MILLI.,.METRE.) );
#2324 = ( NAMED_UNIT(*) PLANE_ANGLE_UNIT() SI_UNIT($,.RADIAN.) );
#2325 = ( NAMED_UNIT(*) SI_UNIT($,.STERADIAN.) SOLID_ANGLE_UNIT() );
#2326 = UNCERTAINTY_MEASURE_WITH_UNIT(LENGTH_MEASURE(1.E-07),#2323,
  'distance_accuracy_value','confusion accuracy');
#2327 = CONTEXT_DEPENDENT_SHAPE_REPRESENTATION(#2328,#2330);
#2328 = ( REPRESENTATION_RELATIONSHIP('','',#1991,#10) 
REPRESENTATION_RELATIONSHIP_WITH_TRANSFORMATION(#2329) 
SHAPE_REPRESENTATION_RELATIONSHIP() );
#2329 = ITEM_DEFINED_TRANSFORMATION('','',#11,#19);
#2330 = PRODUCT_DEFINITION_SHAPE('Placement','Placement of an item',
  #2331);
#2331 = NEXT_ASSEMBLY_USAGE_OCCURRENCE('2','','',#5,#1986,$);
#2332 = PRODUCT_RELATED_PRODUCT_CATEGORY('part',$,(#1988));
#2333 = SHAPE_DEFINITION_REPRESENTATION(#2334,#2340);
#2334 = PRODUCT_DEFINITION_SHAPE('','',#2335);
#2335 = PRODUCT_DEFINITION('design','',#2336,#2339);
#2336 = PRODUCT_DEFINITION_FORMATION('','',#2337);
#2337 = PRODUCT('Open CASCADE STEP translator 7.7 1.3',
  'Open CASCADE STEP translator 7.7 1.3','',(#2338));
#2338 = PRODUCT_CONTEXT('',#2,'mechanical');
#2339 = PRODUCT_DEFINITION_CONTEXT('part definition',#2,'design');
#2340 = ADVANCED_BREP_SHAPE_REPRESENTATION('',(#11,#2341),#2671);
#2341 = MANIFOLD_SOLID_BREP('',#2342);
#2342 = CLOSED_SHELL('',(#2343,#2463,#2539,#2610,#2657,#2664));
#2343 = ADVANCED_FACE('',(#2344),#2358,.F.);
#2344 = FACE_BOUND('',#2345,.F.);
#2345 = EDGE_LOOP('',(#2346,#2381,#2409,#2437));
#2346 = ORIENTED_EDGE('',*,*,#2347,.T.);
#2347 = EDGE_CURVE('',#2348,#2350,#2352,.T.);
#2348 = VERTEX_POINT('',#2349);
#2349 = CARTESIAN_POINT('',(0.562490636106,0.508182199836,
    3.820852101507E-04));
#2350 = VERTEX_POINT('',#2351);
#2351 = CARTESIAN_POINT('',(0.570337984772,0.508182199836,
    -0.319821770355));
#2352 = SURFACE_CURVE('',#2353,(#2357,#2369),.PCURVE_S1.);
#2353 = LINE('',#2354,#2355);
#2354 = CARTESIAN_POINT('',(0.562490636106,0.508182199836,
    3.820852101507E-04));
#2355 = VECTOR('',#2356,1.);
#2356 = DIRECTION('',(2.4499995835E-02,0.,-0.999699830051));
#2357 = PCURVE('',#2358,#2363);
#2358 = PLANE('',#2359);
#2359 = AXIS2_PLACEMENT_3D('',#2360,#2361,#2362);
#2360 = CARTESIAN_POINT('',(0.562490636106,0.508182199836,
    3.820852101507E-04));
#2361 = DIRECTION('',(-0.99939975036,-2.449998946567E-02,
    -2.449264167633E-02));
#2362 = DIRECTION('',(2.449263530508E-02,-0.999699830207,
    6.002496398664E-04));
#2363 = DEFINITIONAL_REPRESENTATION('',(#2364),#2368);
#2364 = LINE('',#2365,#2366);
#2365 = CARTESIAN_POINT('',(0.,0.));
#2366 = VECTOR('',#2367,1.);
#2367 = DIRECTION('',(-5.236745241939E-18,-1.));
#2368 = ( GEOMETRIC_REPRESENTATION_CONTEXT(2) 
PARAMETRIC_REPRESENTATION_CONTEXT() REPRESENTATION_CONTEXT('2D SPACE',''
  ) );
#2369 = PCURVE('',#2370,#2375);
#2370 = PLANE('',#2371);
#2371 = AXIS2_PLACEMENT_3D('',#2372,#2373,#2374);
#2372 = CARTESIAN_POINT('',(0.5469,0.5078,0.));
#2373 = DIRECTION('',(2.449263530509E-02,-0.999699830207,
    6.002496398667E-04));
#2374 = DIRECTION('',(0.99939975036,2.449998946568E-02,
    2.449264167633E-02));
#2375 = DEFINITIONAL_REPRESENTATION('',(#2376),#2380);
#2376 = LINE('',#2377,#2378);
#2377 = CARTESIAN_POINT('',(1.56E-02,-4.469977653841E-19));
#2378 = VECTOR('',#2379,1.);
#2379 = DIRECTION('',(-5.467927399244E-17,-1.));
#2380 = ( GEOMETRIC_REPRESENTATION_CONTEXT(2) 
PARAMETRIC_REPRESENTATION_CONTEXT() REPRESENTATION_CONTEXT('2D SPACE',''
  ) );
#2381 = ORIENTED_EDGE('',*,*,#2382,.T.);
#2382 = EDGE_CURVE('',#2350,#2383,#2385,.T.);
#2383 = VERTEX_POINT('',#2384);
#2384 = CARTESIAN_POINT('',(0.572250859589,0.430105643096,
    -0.319774890858));
#2385 = SURFACE_CURVE('',#2386,(#2390,#2397),.PCURVE_S1.);
#2386 = LINE('',#2387,#2388);
#2387 = CARTESIAN_POINT('',(0.570337984772,0.508182199836,
    -0.319821770355));
#2388 = VECTOR('',#2389,1.);
#2389 = DIRECTION('',(2.449263530508E-02,-0.999699830207,
    6.002496398664E-04));
#2390 = PCURVE('',#2358,#2391);
#2391 = DEFINITIONAL_REPRESENTATION('',(#2392),#2396);
#2392 = LINE('',#2393,#2394);
#2393 = CARTESIAN_POINT('',(-2.027557195743E-18,-0.3203));
#2394 = VECTOR('',#2395,1.);
#2395 = DIRECTION('',(1.,1.410275757484E-19));
#2396 = ( GEOMETRIC_REPRESENTATION_CONTEXT(2) 
PARAMETRIC_REPRESENTATION_CONTEXT() REPRESENTATION_CONTEXT('2D SPACE',''
  ) );
#2397 = PCURVE('',#2398,#2403);
#2398 = PLANE('',#2399);
#2399 = AXIS2_PLACEMENT_3D('',#2400,#2401,#2402);
#2400 = CARTESIAN_POINT('',(0.563499104127,0.468952821548,
    -0.319989373212));
#2401 = DIRECTION('',(2.4499995835E-02,-0.,-0.999699830051));
#2402 = DIRECTION('',(-0.999699830051,0.,-2.4499995835E-02));
#2403 = DEFINITIONAL_REPRESENTATION('',(#2404),#2408);
#2404 = LINE('',#2405,#2406);
#2405 = CARTESIAN_POINT('',(-6.840934086981E-03,3.922937828742E-02));
#2406 = VECTOR('',#2407,1.);
#2407 = DIRECTION('',(-2.449998946567E-02,-0.999699830207));
#2408 = ( GEOMETRIC_REPRESENTATION_CONTEXT(2) 
PARAMETRIC_REPRESENTATION_CONTEXT() REPRESENTATION_CONTEXT('2D SPACE',''
  ) );
#2409 = ORIENTED_EDGE('',*,*,#2410,.F.);
#2410 = EDGE_CURVE('',#2411,#2383,#2413,.T.);
#2411 = VERTEX_POINT('',#2412);
#2412 = CARTESIAN_POINT('',(0.564403510923,0.430105643096,
    4.289647070243E-04));
#2413 = SURFACE_CURVE('',#2414,(#2418,#2425),.PCURVE_S1.);
#2414 = LINE('',#2415,#2416);
#2415 = CARTESIAN_POINT('',(0.564403510923,0.430105643096,
    4.289647070243E-04));
#2416 = VECTOR('',#2417,1.);
#2417 = DIRECTION('',(2.4499995835E-02,0.,-0.999699830051));
#2418 = PCURVE('',#2358,#2419);
#2419 = DEFINITIONAL_REPRESENTATION('',(#2420),#2424);
#2420 = LINE('',#2421,#2422);
#2421 = CARTESIAN_POINT('',(7.81E-02,2.002811483031E-20));
#2422 = VECTOR('',#2423,1.);
#2423 = DIRECTION('',(-5.236745241939E-18,-1.));
#2424 = ( GEOMETRIC_REPRESENTATION_CONTEXT(2) 
PARAMETRIC_REPRESENTATION_CONTEXT() REPRESENTATION_CONTEXT('2D SPACE',''
  ) );
#2425 = PCURVE('',#2426,#2431);
#2426 = PLANE('',#2427);
#2427 = AXIS2_PLACEMENT_3D('',#2428,#2429,#2430);
#2428 = CARTESIAN_POINT('',(0.564403510923,0.430105643096,
    4.289647070243E-04));
#2429 = DIRECTION('',(-2.449263530508E-02,0.999699830207,
    -6.002496398665E-04));
#2430 = DIRECTION('',(-0.99939975036,-2.449998946567E-02,
    -2.449264167633E-02));
#2431 = DEFINITIONAL_REPRESENTATION('',(#2432),#2436);
#2432 = LINE('',#2433,#2434);
#2433 = CARTESIAN_POINT('',(-0.,0.));
#2434 = VECTOR('',#2435,1.);
#2435 = DIRECTION('',(1.999313586262E-17,-1.));
#2436 = ( GEOMETRIC_REPRESENTATION_CONTEXT(2) 
PARAMETRIC_REPRESENTATION_CONTEXT() REPRESENTATION_CONTEXT('2D SPACE',''
  ) );
#2437 = ORIENTED_EDGE('',*,*,#2438,.F.);
#2438 = EDGE_CURVE('',#2348,#2411,#2439,.T.);
#2439 = SURFACE_CURVE('',#2440,(#2444,#2451),.PCURVE_S1.);
#2440 = LINE('',#2441,#2442);
#2441 = CARTESIAN_POINT('',(0.562490636106,0.508182199836,
    3.820852101507E-04));
#2442 = VECTOR('',#2443,1.);
#2443 = DIRECTION('',(2.449263530508E-02,-0.999699830207,
    6.002496398664E-04));
#2444 = PCURVE('',#2358,#2445);
#2445 = DEFINITIONAL_REPRESENTATION('',(#2446),#2450);
#2446 = LINE('',#2447,#2448);
#2447 = CARTESIAN_POINT('',(0.,0.));
#2448 = VECTOR('',#2449,1.);
#2449 = DIRECTION('',(1.,1.410275757484E-19));
#2450 = ( GEOMETRIC_REPRESENTATION_CONTEXT(2) 
PARAMETRIC_REPRESENTATION_CONTEXT() REPRESENTATION_CONTEXT('2D SPACE',''
  ) );
#2451 = PCURVE('',#2452,#2457);
#2452 = PLANE('',#2453);
#2453 = AXIS2_PLACEMENT_3D('',#2454,#2455,#2456);
#2454 = CARTESIAN_POINT('',(0.555651755461,0.468952821548,
    2.144823535121E-04));
#2455 = DIRECTION('',(2.4499995835E-02,-0.,-0.999699830051));
#2456 = DIRECTION('',(-0.999699830051,0.,-2.4499995835E-02));
#2457 = DEFINITIONAL_REPRESENTATION('',(#2458),#2462);
#2458 = LINE('',#2459,#2460);
#2459 = CARTESIAN_POINT('',(-6.840934086981E-03,3.922937828742E-02));
#2460 = VECTOR('',#2461,1.);
#2461 = DIRECTION('',(-2.449998946567E-02,-0.999699830207));
#2462 = ( GEOMETRIC_REPRESENTATION_CONTEXT(2) 
PARAMETRIC_REPRESENTATION_CONTEXT() REPRESENTATION_CONTEXT('2D SPACE',''
  ) );
#2463 = ADVANCED_FACE('',(#2464),#2426,.F.);
#2464 = FACE_BOUND('',#2465,.F.);
#2465 = EDGE_LOOP('',(#2466,#2467,#2490,#2518));
#2466 = ORIENTED_EDGE('',*,*,#2410,.T.);
#2467 = ORIENTED_EDGE('',*,*,#2468,.T.);
#2468 = EDGE_CURVE('',#2383,#2469,#2471,.T.);
#2469 = VERTEX_POINT('',#2470);
#2470 = CARTESIAN_POINT('',(0.556660223483,0.429723443261,
    -0.320156976068));
#2471 = SURFACE_CURVE('',#2472,(#2476,#2483),.PCURVE_S1.);
#2472 = LINE('',#2473,#2474);
#2473 = CARTESIAN_POINT('',(0.572250859589,0.430105643096,
    -0.319774890858));
#2474 = VECTOR('',#2475,1.);
#2475 = DIRECTION('',(-0.99939975036,-2.449998946567E-02,
    -2.449264167633E-02));
#2476 = PCURVE('',#2426,#2477);
#2477 = DEFINITIONAL_REPRESENTATION('',(#2478),#2482);
#2478 = LINE('',#2479,#2480);
#2479 = CARTESIAN_POINT('',(2.168288913786E-17,-0.3203));
#2480 = VECTOR('',#2481,1.);
#2481 = DIRECTION('',(1.,-6.113265207377E-18));
#2482 = ( GEOMETRIC_REPRESENTATION_CONTEXT(2) 
PARAMETRIC_REPRESENTATION_CONTEXT() REPRESENTATION_CONTEXT('2D SPACE',''
  ) );
#2483 = PCURVE('',#2398,#2484);
#2484 = DEFINITIONAL_REPRESENTATION('',(#2485),#2489);
#2485 = LINE('',#2486,#2487);
#2486 = CARTESIAN_POINT('',(-8.75438326425E-03,-3.884717845176E-02));
#2487 = VECTOR('',#2488,1.);
#2488 = DIRECTION('',(0.999699830207,-2.449998946567E-02));
#2489 = ( GEOMETRIC_REPRESENTATION_CONTEXT(2) 
PARAMETRIC_REPRESENTATION_CONTEXT() REPRESENTATION_CONTEXT('2D SPACE',''
  ) );
#2490 = ORIENTED_EDGE('',*,*,#2491,.F.);
#2491 = EDGE_CURVE('',#2492,#2469,#2494,.T.);
#2492 = VERTEX_POINT('',#2493);
#2493 = CARTESIAN_POINT('',(0.548812874817,0.429723443261,
    4.687949687357E-05));
#2494 = SURFACE_CURVE('',#2495,(#2499,#2506),.PCURVE_S1.);
#2495 = LINE('',#2496,#2497);
#2496 = CARTESIAN_POINT('',(0.548812874817,0.429723443261,
    4.687949687357E-05));
#2497 = VECTOR('',#2498,1.);
#2498 = DIRECTION('',(2.4499995835E-02,0.,-0.999699830051));
#2499 = PCURVE('',#2426,#2500);
#2500 = DEFINITIONAL_REPRESENTATION('',(#2501),#2505);
#2501 = LINE('',#2502,#2503);
#2502 = CARTESIAN_POINT('',(1.56E-02,-1.492971572374E-19));
#2503 = VECTOR('',#2504,1.);
#2504 = DIRECTION('',(1.999313586262E-17,-1.));
#2505 = ( GEOMETRIC_REPRESENTATION_CONTEXT(2) 
PARAMETRIC_REPRESENTATION_CONTEXT() REPRESENTATION_CONTEXT('2D SPACE',''
  ) );
#2506 = PCURVE('',#2507,#2512);
#2507 = PLANE('',#2508);
#2508 = AXIS2_PLACEMENT_3D('',#2509,#2510,#2511);
#2509 = CARTESIAN_POINT('',(0.548812874817,0.429723443261,
    4.687949687357E-05));
#2510 = DIRECTION('',(0.99939975036,2.449998946567E-02,
    2.449264167633E-02));
#2511 = DIRECTION('',(-2.449263530508E-02,0.999699830207,
    -6.002496398664E-04));
#2512 = DEFINITIONAL_REPRESENTATION('',(#2513),#2517);
#2513 = LINE('',#2514,#2515);
#2514 = CARTESIAN_POINT('',(0.,0.));
#2515 = VECTOR('',#2516,1.);
#2516 = DIRECTION('',(5.453520587454E-18,-1.));
#2517 = ( GEOMETRIC_REPRESENTATION_CONTEXT(2) 
PARAMETRIC_REPRESENTATION_CONTEXT() REPRESENTATION_CONTEXT('2D SPACE',''
  ) );
#2518 = ORIENTED_EDGE('',*,*,#2519,.F.);
#2519 = EDGE_CURVE('',#2411,#2492,#2520,.T.);
#2520 = SURFACE_CURVE('',#2521,(#2525,#2532),.PCURVE_S1.);
#2521 = LINE('',#2522,#2523);
#2522 = CARTESIAN_POINT('',(0.564403510923,0.430105643096,
    4.289647070243E-04));
#2523 = VECTOR('',#2524,1.);
#2524 = DIRECTION('',(-0.99939975036,-2.449998946567E-02,
    -2.449264167633E-02));
#2525 = PCURVE('',#2426,#2526);
#2526 = DEFINITIONAL_REPRESENTATION('',(#2527),#2531);
#2527 = LINE('',#2528,#2529);
#2528 = CARTESIAN_POINT('',(-0.,0.));
#2529 = VECTOR('',#2530,1.);
#2530 = DIRECTION('',(1.,-6.113265207377E-18));
#2531 = ( GEOMETRIC_REPRESENTATION_CONTEXT(2) 
PARAMETRIC_REPRESENTATION_CONTEXT() REPRESENTATION_CONTEXT('2D SPACE',''
  ) );
#2532 = PCURVE('',#2452,#2533);
#2533 = DEFINITIONAL_REPRESENTATION('',(#2534),#2538);
#2534 = LINE('',#2535,#2536);
#2535 = CARTESIAN_POINT('',(-8.75438326425E-03,-3.884717845176E-02));
#2536 = VECTOR('',#2537,1.);
#2537 = DIRECTION('',(0.999699830207,-2.449998946567E-02));
#2538 = ( GEOMETRIC_REPRESENTATION_CONTEXT(2) 
PARAMETRIC_REPRESENTATION_CONTEXT() REPRESENTATION_CONTEXT('2D SPACE',''
  ) );
#2539 = ADVANCED_FACE('',(#2540),#2507,.F.);
#2540 = FACE_BOUND('',#2541,.F.);
#2541 = EDGE_LOOP('',(#2542,#2543,#2566,#2589));
#2542 = ORIENTED_EDGE('',*,*,#2491,.T.);
#2543 = ORIENTED_EDGE('',*,*,#2544,.T.);
#2544 = EDGE_CURVE('',#2469,#2545,#2547,.T.);
#2545 = VERTEX_POINT('',#2546);
#2546 = CARTESIAN_POINT('',(0.554747348666,0.5078,-0.320203855565));
#2547 = SURFACE_CURVE('',#2548,(#2552,#2559),.PCURVE_S1.);
#2548 = LINE('',#2549,#2550);
#2549 = CARTESIAN_POINT('',(0.556660223483,0.429723443261,
    -0.320156976068));
#2550 = VECTOR('',#2551,1.);
#2551 = DIRECTION('',(-2.449263530508E-02,0.999699830207,
    -6.002496398664E-04));
#2552 = PCURVE('',#2507,#2553);
#2553 = DEFINITIONAL_REPRESENTATION('',(#2554),#2558);
#2554 = LINE('',#2555,#2556);
#2555 = CARTESIAN_POINT('',(2.096990338911E-18,-0.3203));
#2556 = VECTOR('',#2557,1.);
#2557 = DIRECTION('',(1.,-1.409624867662E-19));
#2558 = ( GEOMETRIC_REPRESENTATION_CONTEXT(2) 
PARAMETRIC_REPRESENTATION_CONTEXT() REPRESENTATION_CONTEXT('2D SPACE',''
  ) );
#2559 = PCURVE('',#2398,#2560);
#2560 = DEFINITIONAL_REPRESENTATION('',(#2561),#2565);
#2561 = LINE('',#2562,#2563);
#2562 = CARTESIAN_POINT('',(6.840934086981E-03,-3.922937828742E-02));
#2563 = VECTOR('',#2564,1.);
#2564 = DIRECTION('',(2.449998946567E-02,0.999699830207));
#2565 = ( GEOMETRIC_REPRESENTATION_CONTEXT(2) 
PARAMETRIC_REPRESENTATION_CONTEXT() REPRESENTATION_CONTEXT('2D SPACE',''
  ) );
#2566 = ORIENTED_EDGE('',*,*,#2567,.F.);
#2567 = EDGE_CURVE('',#2568,#2545,#2570,.T.);
#2568 = VERTEX_POINT('',#2569);
#2569 = CARTESIAN_POINT('',(0.5469,0.5078,0.));
#2570 = SURFACE_CURVE('',#2571,(#2575,#2582),.PCURVE_S1.);
#2571 = LINE('',#2572,#2573);
#2572 = CARTESIAN_POINT('',(0.5469,0.5078,0.));
#2573 = VECTOR('',#2574,1.);
#2574 = DIRECTION('',(2.4499995835E-02,0.,-0.999699830051));
#2575 = PCURVE('',#2507,#2576);
#2576 = DEFINITIONAL_REPRESENTATION('',(#2577),#2581);
#2577 = LINE('',#2578,#2579);
#2578 = CARTESIAN_POINT('',(7.81E-02,-1.324778319089E-20));
#2579 = VECTOR('',#2580,1.);
#2580 = DIRECTION('',(5.453520587454E-18,-1.));
#2581 = ( GEOMETRIC_REPRESENTATION_CONTEXT(2) 
PARAMETRIC_REPRESENTATION_CONTEXT() REPRESENTATION_CONTEXT('2D SPACE',''
  ) );
#2582 = PCURVE('',#2370,#2583);
#2583 = DEFINITIONAL_REPRESENTATION('',(#2584),#2588);
#2584 = LINE('',#2585,#2586);
#2585 = CARTESIAN_POINT('',(0.,0.));
#2586 = VECTOR('',#2587,1.);
#2587 = DIRECTION('',(-5.467927399244E-17,-1.));
#2588 = ( GEOMETRIC_REPRESENTATION_CONTEXT(2) 
PARAMETRIC_REPRESENTATION_CONTEXT() REPRESENTATION_CONTEXT('2D SPACE',''
  ) );
#2589 = ORIENTED_EDGE('',*,*,#2590,.F.);
#2590 = EDGE_CURVE('',#2492,#2568,#2591,.T.);
#2591 = SURFACE_CURVE('',#2592,(#2596,#2603),.PCURVE_S1.);
#2592 = LINE('',#2593,#2594);
#2593 = CARTESIAN_POINT('',(0.548812874817,0.429723443261,
    4.687949687357E-05));
#2594 = VECTOR('',#2595,1.);
#2595 = DIRECTION('',(-2.449263530508E-02,0.999699830207,
    -6.002496398664E-04));
#2596 = PCURVE('',#2507,#2597);
#2597 = DEFINITIONAL_REPRESENTATION('',(#2598),#2602);
#2598 = LINE('',#2599,#2600);
#2599 = CARTESIAN_POINT('',(0.,0.));
#2600 = VECTOR('',#2601,1.);
#2601 = DIRECTION('',(1.,-1.409624867662E-19));
#2602 = ( GEOMETRIC_REPRESENTATION_CONTEXT(2) 
PARAMETRIC_REPRESENTATION_CONTEXT() REPRESENTATION_CONTEXT('2D SPACE',''
  ) );
#2603 = PCURVE('',#2452,#2604);
#2604 = DEFINITIONAL_REPRESENTATION('',(#2605),#2609);
#2605 = LINE('',#2606,#2607);
#2606 = CARTESIAN_POINT('',(6.840934086981E-03,-3.922937828742E-02));
#2607 = VECTOR('',#2608,1.);
#2608 = DIRECTION('',(2.449998946567E-02,0.999699830207));
#2609 = ( GEOMETRIC_REPRESENTATION_CONTEXT(2) 
PARAMETRIC_REPRESENTATION_CONTEXT() REPRESENTATION_CONTEXT('2D SPACE',''
  ) );
#2610 = ADVANCED_FACE('',(#2611),#2370,.F.);
#2611 = FACE_BOUND('',#2612,.F.);
#2612 = EDGE_LOOP('',(#2613,#2614,#2635,#2636));
#2613 = ORIENTED_EDGE('',*,*,#2567,.T.);
#2614 = ORIENTED_EDGE('',*,*,#2615,.T.);
#2615 = EDGE_CURVE('',#2545,#2350,#2616,.T.);
#2616 = SURFACE_CURVE('',#2617,(#2621,#2628),.PCURVE_S1.);
#2617 = LINE('',#2618,#2619);
#2618 = CARTESIAN_POINT('',(0.554747348666,0.5078,-0.320203855565));
#2619 = VECTOR('',#2620,1.);
#2620 = DIRECTION('',(0.99939975036,2.449998946568E-02,
    2.449264167633E-02));
#2621 = PCURVE('',#2370,#2622);
#2622 = DEFINITIONAL_REPRESENTATION('',(#2623),#2627);
#2623 = LINE('',#2624,#2625);
#2624 = CARTESIAN_POINT('',(-3.23050549394E-17,-0.3203));
#2625 = VECTOR('',#2626,1.);
#2626 = DIRECTION('',(1.,-8.329186625311E-19));
#2627 = ( GEOMETRIC_REPRESENTATION_CONTEXT(2) 
PARAMETRIC_REPRESENTATION_CONTEXT() REPRESENTATION_CONTEXT('2D SPACE',''
  ) );
#2628 = PCURVE('',#2398,#2629);
#2629 = DEFINITIONAL_REPRESENTATION('',(#2630),#2634);
#2630 = LINE('',#2631,#2632);
#2631 = CARTESIAN_POINT('',(8.75438326425E-03,3.884717845176E-02));
#2632 = VECTOR('',#2633,1.);
#2633 = DIRECTION('',(-0.999699830207,2.449998946568E-02));
#2634 = ( GEOMETRIC_REPRESENTATION_CONTEXT(2) 
PARAMETRIC_REPRESENTATION_CONTEXT() REPRESENTATION_CONTEXT('2D SPACE',''
  ) );
#2635 = ORIENTED_EDGE('',*,*,#2347,.F.);
#2636 = ORIENTED_EDGE('',*,*,#2637,.F.);
#2637 = EDGE_CURVE('',#2568,#2348,#2638,.T.);
#2638 = SURFACE_CURVE('',#2639,(#2643,#2650),.PCURVE_S1.);
#2639 = LINE('',#2640,#2641);
#2640 = CARTESIAN_POINT('',(0.5469,0.5078,0.));
#2641 = VECTOR('',#2642,1.);
#2642 = DIRECTION('',(0.99939975036,2.449998946568E-02,
    2.449264167633E-02));
#2643 = PCURVE('',#2370,#2644);
#2644 = DEFINITIONAL_REPRESENTATION('',(#2645),#2649);
#2645 = LINE('',#2646,#2647);
#2646 = CARTESIAN_POINT('',(0.,0.));
#2647 = VECTOR('',#2648,1.);
#2648 = DIRECTION('',(1.,-8.329186625311E-19));
#2649 = ( GEOMETRIC_REPRESENTATION_CONTEXT(2) 
PARAMETRIC_REPRESENTATION_CONTEXT() REPRESENTATION_CONTEXT('2D SPACE',''
  ) );
#2650 = PCURVE('',#2452,#2651);
#2651 = DEFINITIONAL_REPRESENTATION('',(#2652),#2656);
#2652 = LINE('',#2653,#2654);
#2653 = CARTESIAN_POINT('',(8.75438326425E-03,3.884717845176E-02));
#2654 = VECTOR('',#2655,1.);
#2655 = DIRECTION('',(-0.999699830207,2.449998946568E-02));
#2656 = ( GEOMETRIC_REPRESENTATION_CONTEXT(2) 
PARAMETRIC_REPRESENTATION_CONTEXT() REPRESENTATION_CONTEXT('2D SPACE',''
  ) );
#2657 = ADVANCED_FACE('',(#2658),#2452,.F.);
#2658 = FACE_BOUND('',#2659,.F.);
#2659 = EDGE_LOOP('',(#2660,#2661,#2662,#2663));
#2660 = ORIENTED_EDGE('',*,*,#2438,.T.);
#2661 = ORIENTED_EDGE('',*,*,#2519,.T.);
#2662 = ORIENTED_EDGE('',*,*,#2590,.T.);
#2663 = ORIENTED_EDGE('',*,*,#2637,.T.);
#2664 = ADVANCED_FACE('',(#2665),#2398,.T.);
#2665 = FACE_BOUND('',#2666,.T.);
#2666 = EDGE_LOOP('',(#2667,#2668,#2669,#2670));
#2667 = ORIENTED_EDGE('',*,*,#2382,.T.);
#2668 = ORIENTED_EDGE('',*,*,#2468,.T.);
#2669 = ORIENTED_EDGE('',*,*,#2544,.T.);
#2670 = ORIENTED_EDGE('',*,*,#2615,.T.);
#2671 = ( GEOMETRIC_REPRESENTATION_CONTEXT(3) 
GLOBAL_UNCERTAINTY_ASSIGNED_CONTEXT((#2675)) 
GLOBAL_UNIT_ASSIGNED_CONTEXT((#2672,#2673,#2674)) REPRESENTATION_CONTEXT
('Context #1','3D Context with UNIT and UNCERTAINTY') );
#2672 = ( LENGTH_UNIT() NAMED_UNIT(*) SI_UNIT(.MILLI.,.METRE.) );
#2673 = ( NAMED_UNIT(*) PLANE_ANGLE_UNIT() SI_UNIT($,.RADIAN.) );
#2674 = ( NAMED_UNIT(*) SI_UNIT($,.STERADIAN.) SOLID_ANGLE_UNIT() );
#2675 = UNCERTAINTY_MEASURE_WITH_UNIT(LENGTH_MEASURE(1.E-07),#2672,
  'distance_accuracy_value','confusion accuracy');
#2676 = CONTEXT_DEPENDENT_SHAPE_REPRESENTATION(#2677,#2679);
#2677 = ( REPRESENTATION_RELATIONSHIP('','',#2340,#10) 
REPRESENTATION_RELATIONSHIP_WITH_TRANSFORMATION(#2678) 
SHAPE_REPRESENTATION_RELATIONSHIP() );
#2678 = ITEM_DEFINED_TRANSFORMATION('','',#11,#23);
#2679 = PRODUCT_DEFINITION_SHAPE('Placement','Placement of an item',
  #2680);
#2680 = NEXT_ASSEMBLY_USAGE_OCCURRENCE('3','','',#5,#2335,$);
#2681 = PRODUCT_RELATED_PRODUCT_CATEGORY('part',$,(#2337));
ENDSEC;
END-ISO-10303-21;
