ISO-10303-21;
HEADER;
FILE_DESCRIPTION(('Open CASCADE Model'),'2;1');
FILE_NAME('Open CASCADE Shape Model','2025-07-21T09:32:42',('Author'),(
    'Open CASCADE'),'Open CASCADE STEP processor 7.7','Open CASCADE 7.7'
  ,'Unknown');
FILE_SCHEMA(('AUTOMOTIVE_DESIGN { 1 0 10303 214 1 1 1 1 }'));
ENDSEC;
DATA;
#1 = APPLICATION_PROTOCOL_DEFINITION('international standard',
  'automotive_design',2000,#2);
#2 = APPLICATION_CONTEXT(
  'core data for automotive mechanical design processes');
#3 = SHAPE_DEFINITION_REPRESENTATION(#4,#10);
#4 = PRODUCT_DEFINITION_SHAPE('','',#5);
#5 = PRODUCT_DEFINITION('design','',#6,#9);
#6 = PRODUCT_DEFINITION_FORMATION('','',#7);
#7 = PRODUCT('Open CASCADE STEP translator 7.7 1',
  'Open CASCADE STEP translator 7.7 1','',(#8));
#8 = PRODUCT_CONTEXT('',#2,'mechanical');
#9 = PRODUCT_DEFINITION_CONTEXT('part definition',#2,'design');
#10 = ADVANCED_BREP_SHAPE_REPRESENTATION('',(#11,#15),#1888);
#11 = AXIS2_PLACEMENT_3D('',#12,#13,#14);
#12 = CARTESIAN_POINT('',(0.,0.,0.));
#13 = DIRECTION('',(0.,0.,1.));
#14 = DIRECTION('',(1.,0.,-0.));
#15 = MANIFOLD_SOLID_BREP('',#16);
#16 = CLOSED_SHELL('',(#17,#137,#213,#284,#466,#623,#630,#657,#1040,
    #1414,#1441,#1468,#1526,#1554,#1590,#1620,#1648,#1653,#1711,#1739,
    #1775,#1824,#1829,#1834,#1861));
#17 = ADVANCED_FACE('',(#18),#32,.T.);
#18 = FACE_BOUND('',#19,.T.);
#19 = EDGE_LOOP('',(#20,#55,#83,#111));
#20 = ORIENTED_EDGE('',*,*,#21,.T.);
#21 = EDGE_CURVE('',#22,#24,#26,.T.);
#22 = VERTEX_POINT('',#23);
#23 = CARTESIAN_POINT('',(0.,-0.2656,0.));
#24 = VERTEX_POINT('',#25);
#25 = CARTESIAN_POINT('',(0.,-0.2656,-0.1953));
#26 = SURFACE_CURVE('',#27,(#31,#43),.PCURVE_S1.);
#27 = LINE('',#28,#29);
#28 = CARTESIAN_POINT('',(0.,-0.2656,0.));
#29 = VECTOR('',#30,1.);
#30 = DIRECTION('',(-0.,-0.,-1.));
#31 = PCURVE('',#32,#37);
#32 = PLANE('',#33);
#33 = AXIS2_PLACEMENT_3D('',#34,#35,#36);
#34 = CARTESIAN_POINT('',(0.,-0.2656,0.));
#35 = DIRECTION('',(1.,0.,0.));
#36 = DIRECTION('',(-0.,1.,0.));
#37 = DEFINITIONAL_REPRESENTATION('',(#38),#42);
#38 = LINE('',#39,#40);
#39 = CARTESIAN_POINT('',(0.,0.));
#40 = VECTOR('',#41,1.);
#41 = DIRECTION('',(0.,-1.));
#42 = ( GEOMETRIC_REPRESENTATION_CONTEXT(2) 
PARAMETRIC_REPRESENTATION_CONTEXT() REPRESENTATION_CONTEXT('2D SPACE',''
  ) );
#43 = PCURVE('',#44,#49);
#44 = PLANE('',#45);
#45 = AXIS2_PLACEMENT_3D('',#46,#47,#48);
#46 = CARTESIAN_POINT('',(-0.75,-0.2656,0.));
#47 = DIRECTION('',(0.,-1.,0.));
#48 = DIRECTION('',(1.,0.,0.));
#49 = DEFINITIONAL_REPRESENTATION('',(#50),#54);
#50 = LINE('',#51,#52);
#51 = CARTESIAN_POINT('',(0.75,0.));
#52 = VECTOR('',#53,1.);
#53 = DIRECTION('',(0.,-1.));
#54 = ( GEOMETRIC_REPRESENTATION_CONTEXT(2) 
PARAMETRIC_REPRESENTATION_CONTEXT() REPRESENTATION_CONTEXT('2D SPACE',''
  ) );
#55 = ORIENTED_EDGE('',*,*,#56,.T.);
#56 = EDGE_CURVE('',#24,#57,#59,.T.);
#57 = VERTEX_POINT('',#58);
#58 = CARTESIAN_POINT('',(0.,2.8E-03,-0.1953));
#59 = SURFACE_CURVE('',#60,(#64,#71),.PCURVE_S1.);
#60 = LINE('',#61,#62);
#61 = CARTESIAN_POINT('',(0.,-0.2656,-0.1953));
#62 = VECTOR('',#63,1.);
#63 = DIRECTION('',(0.,1.,0.));
#64 = PCURVE('',#32,#65);
#65 = DEFINITIONAL_REPRESENTATION('',(#66),#70);
#66 = LINE('',#67,#68);
#67 = CARTESIAN_POINT('',(0.,-0.1953));
#68 = VECTOR('',#69,1.);
#69 = DIRECTION('',(1.,0.));
#70 = ( GEOMETRIC_REPRESENTATION_CONTEXT(2) 
PARAMETRIC_REPRESENTATION_CONTEXT() REPRESENTATION_CONTEXT('2D SPACE',''
  ) );
#71 = PCURVE('',#72,#77);
#72 = PLANE('',#73);
#73 = AXIS2_PLACEMENT_3D('',#74,#75,#76);
#74 = CARTESIAN_POINT('',(-0.375,-0.1314,-0.1953));
#75 = DIRECTION('',(0.,0.,1.));
#76 = DIRECTION('',(1.,0.,-0.));
#77 = DEFINITIONAL_REPRESENTATION('',(#78),#82);
#78 = LINE('',#79,#80);
#79 = CARTESIAN_POINT('',(0.375,-0.1342));
#80 = VECTOR('',#81,1.);
#81 = DIRECTION('',(0.,1.));
#82 = ( GEOMETRIC_REPRESENTATION_CONTEXT(2) 
PARAMETRIC_REPRESENTATION_CONTEXT() REPRESENTATION_CONTEXT('2D SPACE',''
  ) );
#83 = ORIENTED_EDGE('',*,*,#84,.F.);
#84 = EDGE_CURVE('',#85,#57,#87,.T.);
#85 = VERTEX_POINT('',#86);
#86 = CARTESIAN_POINT('',(0.,2.8E-03,0.));
#87 = SURFACE_CURVE('',#88,(#92,#99),.PCURVE_S1.);
#88 = LINE('',#89,#90);
#89 = CARTESIAN_POINT('',(0.,2.8E-03,0.));
#90 = VECTOR('',#91,1.);
#91 = DIRECTION('',(-0.,-0.,-1.));
#92 = PCURVE('',#32,#93);
#93 = DEFINITIONAL_REPRESENTATION('',(#94),#98);
#94 = LINE('',#95,#96);
#95 = CARTESIAN_POINT('',(0.2684,0.));
#96 = VECTOR('',#97,1.);
#97 = DIRECTION('',(0.,-1.));
#98 = ( GEOMETRIC_REPRESENTATION_CONTEXT(2) 
PARAMETRIC_REPRESENTATION_CONTEXT() REPRESENTATION_CONTEXT('2D SPACE',''
  ) );
#99 = PCURVE('',#100,#105);
#100 = PLANE('',#101);
#101 = AXIS2_PLACEMENT_3D('',#102,#103,#104);
#102 = CARTESIAN_POINT('',(0.,2.8E-03,0.));
#103 = DIRECTION('',(0.,1.,-0.));
#104 = DIRECTION('',(-1.,0.,0.));
#105 = DEFINITIONAL_REPRESENTATION('',(#106),#110);
#106 = LINE('',#107,#108);
#107 = CARTESIAN_POINT('',(0.,0.));
#108 = VECTOR('',#109,1.);
#109 = DIRECTION('',(0.,-1.));
#110 = ( GEOMETRIC_REPRESENTATION_CONTEXT(2) 
PARAMETRIC_REPRESENTATION_CONTEXT() REPRESENTATION_CONTEXT('2D SPACE',''
  ) );
#111 = ORIENTED_EDGE('',*,*,#112,.F.);
#112 = EDGE_CURVE('',#22,#85,#113,.T.);
#113 = SURFACE_CURVE('',#114,(#118,#125),.PCURVE_S1.);
#114 = LINE('',#115,#116);
#115 = CARTESIAN_POINT('',(0.,-0.2656,0.));
#116 = VECTOR('',#117,1.);
#117 = DIRECTION('',(0.,1.,0.));
#118 = PCURVE('',#32,#119);
#119 = DEFINITIONAL_REPRESENTATION('',(#120),#124);
#120 = LINE('',#121,#122);
#121 = CARTESIAN_POINT('',(0.,0.));
#122 = VECTOR('',#123,1.);
#123 = DIRECTION('',(1.,0.));
#124 = ( GEOMETRIC_REPRESENTATION_CONTEXT(2) 
PARAMETRIC_REPRESENTATION_CONTEXT() REPRESENTATION_CONTEXT('2D SPACE',''
  ) );
#125 = PCURVE('',#126,#131);
#126 = PLANE('',#127);
#127 = AXIS2_PLACEMENT_3D('',#128,#129,#130);
#128 = CARTESIAN_POINT('',(-0.375,-0.1314,0.));
#129 = DIRECTION('',(0.,0.,1.));
#130 = DIRECTION('',(1.,0.,-0.));
#131 = DEFINITIONAL_REPRESENTATION('',(#132),#136);
#132 = LINE('',#133,#134);
#133 = CARTESIAN_POINT('',(0.375,-0.1342));
#134 = VECTOR('',#135,1.);
#135 = DIRECTION('',(0.,1.));
#136 = ( GEOMETRIC_REPRESENTATION_CONTEXT(2) 
PARAMETRIC_REPRESENTATION_CONTEXT() REPRESENTATION_CONTEXT('2D SPACE',''
  ) );
#137 = ADVANCED_FACE('',(#138),#44,.T.);
#138 = FACE_BOUND('',#139,.T.);
#139 = EDGE_LOOP('',(#140,#170,#191,#192));
#140 = ORIENTED_EDGE('',*,*,#141,.T.);
#141 = EDGE_CURVE('',#142,#144,#146,.T.);
#142 = VERTEX_POINT('',#143);
#143 = CARTESIAN_POINT('',(-0.75,-0.2656,0.));
#144 = VERTEX_POINT('',#145);
#145 = CARTESIAN_POINT('',(-0.75,-0.2656,-0.1953));
#146 = SURFACE_CURVE('',#147,(#151,#158),.PCURVE_S1.);
#147 = LINE('',#148,#149);
#148 = CARTESIAN_POINT('',(-0.75,-0.2656,0.));
#149 = VECTOR('',#150,1.);
#150 = DIRECTION('',(-0.,-0.,-1.));
#151 = PCURVE('',#44,#152);
#152 = DEFINITIONAL_REPRESENTATION('',(#153),#157);
#153 = LINE('',#154,#155);
#154 = CARTESIAN_POINT('',(0.,0.));
#155 = VECTOR('',#156,1.);
#156 = DIRECTION('',(0.,-1.));
#157 = ( GEOMETRIC_REPRESENTATION_CONTEXT(2) 
PARAMETRIC_REPRESENTATION_CONTEXT() REPRESENTATION_CONTEXT('2D SPACE',''
  ) );
#158 = PCURVE('',#159,#164);
#159 = PLANE('',#160);
#160 = AXIS2_PLACEMENT_3D('',#161,#162,#163);
#161 = CARTESIAN_POINT('',(-0.75,2.8E-03,0.));
#162 = DIRECTION('',(-1.,0.,0.));
#163 = DIRECTION('',(0.,-1.,0.));
#164 = DEFINITIONAL_REPRESENTATION('',(#165),#169);
#165 = LINE('',#166,#167);
#166 = CARTESIAN_POINT('',(0.2684,0.));
#167 = VECTOR('',#168,1.);
#168 = DIRECTION('',(0.,-1.));
#169 = ( GEOMETRIC_REPRESENTATION_CONTEXT(2) 
PARAMETRIC_REPRESENTATION_CONTEXT() REPRESENTATION_CONTEXT('2D SPACE',''
  ) );
#170 = ORIENTED_EDGE('',*,*,#171,.T.);
#171 = EDGE_CURVE('',#144,#24,#172,.T.);
#172 = SURFACE_CURVE('',#173,(#177,#184),.PCURVE_S1.);
#173 = LINE('',#174,#175);
#174 = CARTESIAN_POINT('',(-0.75,-0.2656,-0.1953));
#175 = VECTOR('',#176,1.);
#176 = DIRECTION('',(1.,0.,0.));
#177 = PCURVE('',#44,#178);
#178 = DEFINITIONAL_REPRESENTATION('',(#179),#183);
#179 = LINE('',#180,#181);
#180 = CARTESIAN_POINT('',(0.,-0.1953));
#181 = VECTOR('',#182,1.);
#182 = DIRECTION('',(1.,0.));
#183 = ( GEOMETRIC_REPRESENTATION_CONTEXT(2) 
PARAMETRIC_REPRESENTATION_CONTEXT() REPRESENTATION_CONTEXT('2D SPACE',''
  ) );
#184 = PCURVE('',#72,#185);
#185 = DEFINITIONAL_REPRESENTATION('',(#186),#190);
#186 = LINE('',#187,#188);
#187 = CARTESIAN_POINT('',(-0.375,-0.1342));
#188 = VECTOR('',#189,1.);
#189 = DIRECTION('',(1.,0.));
#190 = ( GEOMETRIC_REPRESENTATION_CONTEXT(2) 
PARAMETRIC_REPRESENTATION_CONTEXT() REPRESENTATION_CONTEXT('2D SPACE',''
  ) );
#191 = ORIENTED_EDGE('',*,*,#21,.F.);
#192 = ORIENTED_EDGE('',*,*,#193,.F.);
#193 = EDGE_CURVE('',#142,#22,#194,.T.);
#194 = SURFACE_CURVE('',#195,(#199,#206),.PCURVE_S1.);
#195 = LINE('',#196,#197);
#196 = CARTESIAN_POINT('',(-0.75,-0.2656,0.));
#197 = VECTOR('',#198,1.);
#198 = DIRECTION('',(1.,0.,0.));
#199 = PCURVE('',#44,#200);
#200 = DEFINITIONAL_REPRESENTATION('',(#201),#205);
#201 = LINE('',#202,#203);
#202 = CARTESIAN_POINT('',(0.,0.));
#203 = VECTOR('',#204,1.);
#204 = DIRECTION('',(1.,0.));
#205 = ( GEOMETRIC_REPRESENTATION_CONTEXT(2) 
PARAMETRIC_REPRESENTATION_CONTEXT() REPRESENTATION_CONTEXT('2D SPACE',''
  ) );
#206 = PCURVE('',#126,#207);
#207 = DEFINITIONAL_REPRESENTATION('',(#208),#212);
#208 = LINE('',#209,#210);
#209 = CARTESIAN_POINT('',(-0.375,-0.1342));
#210 = VECTOR('',#211,1.);
#211 = DIRECTION('',(1.,0.));
#212 = ( GEOMETRIC_REPRESENTATION_CONTEXT(2) 
PARAMETRIC_REPRESENTATION_CONTEXT() REPRESENTATION_CONTEXT('2D SPACE',''
  ) );
#213 = ADVANCED_FACE('',(#214),#100,.T.);
#214 = FACE_BOUND('',#215,.T.);
#215 = EDGE_LOOP('',(#216,#217,#240,#263));
#216 = ORIENTED_EDGE('',*,*,#84,.T.);
#217 = ORIENTED_EDGE('',*,*,#218,.T.);
#218 = EDGE_CURVE('',#57,#219,#221,.T.);
#219 = VERTEX_POINT('',#220);
#220 = CARTESIAN_POINT('',(-0.75,2.8E-03,-0.1953));
#221 = SURFACE_CURVE('',#222,(#226,#233),.PCURVE_S1.);
#222 = LINE('',#223,#224);
#223 = CARTESIAN_POINT('',(0.,2.8E-03,-0.1953));
#224 = VECTOR('',#225,1.);
#225 = DIRECTION('',(-1.,0.,0.));
#226 = PCURVE('',#100,#227);
#227 = DEFINITIONAL_REPRESENTATION('',(#228),#232);
#228 = LINE('',#229,#230);
#229 = CARTESIAN_POINT('',(0.,-0.1953));
#230 = VECTOR('',#231,1.);
#231 = DIRECTION('',(1.,0.));
#232 = ( GEOMETRIC_REPRESENTATION_CONTEXT(2) 
PARAMETRIC_REPRESENTATION_CONTEXT() REPRESENTATION_CONTEXT('2D SPACE',''
  ) );
#233 = PCURVE('',#72,#234);
#234 = DEFINITIONAL_REPRESENTATION('',(#235),#239);
#235 = LINE('',#236,#237);
#236 = CARTESIAN_POINT('',(0.375,0.1342));
#237 = VECTOR('',#238,1.);
#238 = DIRECTION('',(-1.,0.));
#239 = ( GEOMETRIC_REPRESENTATION_CONTEXT(2) 
PARAMETRIC_REPRESENTATION_CONTEXT() REPRESENTATION_CONTEXT('2D SPACE',''
  ) );
#240 = ORIENTED_EDGE('',*,*,#241,.F.);
#241 = EDGE_CURVE('',#242,#219,#244,.T.);
#242 = VERTEX_POINT('',#243);
#243 = CARTESIAN_POINT('',(-0.75,2.8E-03,0.));
#244 = SURFACE_CURVE('',#245,(#249,#256),.PCURVE_S1.);
#245 = LINE('',#246,#247);
#246 = CARTESIAN_POINT('',(-0.75,2.8E-03,0.));
#247 = VECTOR('',#248,1.);
#248 = DIRECTION('',(-0.,-0.,-1.));
#249 = PCURVE('',#100,#250);
#250 = DEFINITIONAL_REPRESENTATION('',(#251),#255);
#251 = LINE('',#252,#253);
#252 = CARTESIAN_POINT('',(0.75,0.));
#253 = VECTOR('',#254,1.);
#254 = DIRECTION('',(0.,-1.));
#255 = ( GEOMETRIC_REPRESENTATION_CONTEXT(2) 
PARAMETRIC_REPRESENTATION_CONTEXT() REPRESENTATION_CONTEXT('2D SPACE',''
  ) );
#256 = PCURVE('',#159,#257);
#257 = DEFINITIONAL_REPRESENTATION('',(#258),#262);
#258 = LINE('',#259,#260);
#259 = CARTESIAN_POINT('',(0.,0.));
#260 = VECTOR('',#261,1.);
#261 = DIRECTION('',(0.,-1.));
#262 = ( GEOMETRIC_REPRESENTATION_CONTEXT(2) 
PARAMETRIC_REPRESENTATION_CONTEXT() REPRESENTATION_CONTEXT('2D SPACE',''
  ) );
#263 = ORIENTED_EDGE('',*,*,#264,.F.);
#264 = EDGE_CURVE('',#85,#242,#265,.T.);
#265 = SURFACE_CURVE('',#266,(#270,#277),.PCURVE_S1.);
#266 = LINE('',#267,#268);
#267 = CARTESIAN_POINT('',(0.,2.8E-03,0.));
#268 = VECTOR('',#269,1.);
#269 = DIRECTION('',(-1.,0.,0.));
#270 = PCURVE('',#100,#271);
#271 = DEFINITIONAL_REPRESENTATION('',(#272),#276);
#272 = LINE('',#273,#274);
#273 = CARTESIAN_POINT('',(0.,0.));
#274 = VECTOR('',#275,1.);
#275 = DIRECTION('',(1.,0.));
#276 = ( GEOMETRIC_REPRESENTATION_CONTEXT(2) 
PARAMETRIC_REPRESENTATION_CONTEXT() REPRESENTATION_CONTEXT('2D SPACE',''
  ) );
#277 = PCURVE('',#126,#278);
#278 = DEFINITIONAL_REPRESENTATION('',(#279),#283);
#279 = LINE('',#280,#281);
#280 = CARTESIAN_POINT('',(0.375,0.1342));
#281 = VECTOR('',#282,1.);
#282 = DIRECTION('',(-1.,0.));
#283 = ( GEOMETRIC_REPRESENTATION_CONTEXT(2) 
PARAMETRIC_REPRESENTATION_CONTEXT() REPRESENTATION_CONTEXT('2D SPACE',''
  ) );
#284 = ADVANCED_FACE('',(#285,#311,#342,#373,#404,#435),#126,.T.);
#285 = FACE_BOUND('',#286,.T.);
#286 = EDGE_LOOP('',(#287,#288,#289,#310));
#287 = ORIENTED_EDGE('',*,*,#112,.T.);
#288 = ORIENTED_EDGE('',*,*,#264,.T.);
#289 = ORIENTED_EDGE('',*,*,#290,.T.);
#290 = EDGE_CURVE('',#242,#142,#291,.T.);
#291 = SURFACE_CURVE('',#292,(#296,#303),.PCURVE_S1.);
#292 = LINE('',#293,#294);
#293 = CARTESIAN_POINT('',(-0.75,2.8E-03,0.));
#294 = VECTOR('',#295,1.);
#295 = DIRECTION('',(0.,-1.,0.));
#296 = PCURVE('',#126,#297);
#297 = DEFINITIONAL_REPRESENTATION('',(#298),#302);
#298 = LINE('',#299,#300);
#299 = CARTESIAN_POINT('',(-0.375,0.1342));
#300 = VECTOR('',#301,1.);
#301 = DIRECTION('',(0.,-1.));
#302 = ( GEOMETRIC_REPRESENTATION_CONTEXT(2) 
PARAMETRIC_REPRESENTATION_CONTEXT() REPRESENTATION_CONTEXT('2D SPACE',''
  ) );
#303 = PCURVE('',#159,#304);
#304 = DEFINITIONAL_REPRESENTATION('',(#305),#309);
#305 = LINE('',#306,#307);
#306 = CARTESIAN_POINT('',(0.,0.));
#307 = VECTOR('',#308,1.);
#308 = DIRECTION('',(1.,0.));
#309 = ( GEOMETRIC_REPRESENTATION_CONTEXT(2) 
PARAMETRIC_REPRESENTATION_CONTEXT() REPRESENTATION_CONTEXT('2D SPACE',''
  ) );
#310 = ORIENTED_EDGE('',*,*,#193,.T.);
#311 = FACE_BOUND('',#312,.T.);
#312 = EDGE_LOOP('',(#313));
#313 = ORIENTED_EDGE('',*,*,#314,.F.);
#314 = EDGE_CURVE('',#315,#315,#317,.T.);
#315 = VERTEX_POINT('',#316);
#316 = CARTESIAN_POINT('',(-0.6631,-0.1314,0.));
#317 = SURFACE_CURVE('',#318,(#323,#330),.PCURVE_S1.);
#318 = CIRCLE('',#319,3.16E-02);
#319 = AXIS2_PLACEMENT_3D('',#320,#321,#322);
#320 = CARTESIAN_POINT('',(-0.6947,-0.1314,0.));
#321 = DIRECTION('',(0.,0.,1.));
#322 = DIRECTION('',(1.,0.,0.));
#323 = PCURVE('',#126,#324);
#324 = DEFINITIONAL_REPRESENTATION('',(#325),#329);
#325 = CIRCLE('',#326,3.16E-02);
#326 = AXIS2_PLACEMENT_2D('',#327,#328);
#327 = CARTESIAN_POINT('',(-0.3197,0.));
#328 = DIRECTION('',(1.,0.));
#329 = ( GEOMETRIC_REPRESENTATION_CONTEXT(2) 
PARAMETRIC_REPRESENTATION_CONTEXT() REPRESENTATION_CONTEXT('2D SPACE',''
  ) );
#330 = PCURVE('',#331,#336);
#331 = CYLINDRICAL_SURFACE('',#332,3.16E-02);
#332 = AXIS2_PLACEMENT_3D('',#333,#334,#335);
#333 = CARTESIAN_POINT('',(-0.6947,-0.1314,0.));
#334 = DIRECTION('',(0.,0.,1.));
#335 = DIRECTION('',(1.,0.,0.));
#336 = DEFINITIONAL_REPRESENTATION('',(#337),#341);
#337 = LINE('',#338,#339);
#338 = CARTESIAN_POINT('',(0.,0.));
#339 = VECTOR('',#340,1.);
#340 = DIRECTION('',(1.,0.));
#341 = ( GEOMETRIC_REPRESENTATION_CONTEXT(2) 
PARAMETRIC_REPRESENTATION_CONTEXT() REPRESENTATION_CONTEXT('2D SPACE',''
  ) );
#342 = FACE_BOUND('',#343,.T.);
#343 = EDGE_LOOP('',(#344));
#344 = ORIENTED_EDGE('',*,*,#345,.F.);
#345 = EDGE_CURVE('',#346,#346,#348,.T.);
#346 = VERTEX_POINT('',#347);
#347 = CARTESIAN_POINT('',(-0.3553,-0.2182,0.));
#348 = SURFACE_CURVE('',#349,(#354,#361),.PCURVE_S1.);
#349 = CIRCLE('',#350,1.58E-02);
#350 = AXIS2_PLACEMENT_3D('',#351,#352,#353);
#351 = CARTESIAN_POINT('',(-0.3711,-0.2182,0.));
#352 = DIRECTION('',(0.,0.,1.));
#353 = DIRECTION('',(1.,0.,0.));
#354 = PCURVE('',#126,#355);
#355 = DEFINITIONAL_REPRESENTATION('',(#356),#360);
#356 = CIRCLE('',#357,1.58E-02);
#357 = AXIS2_PLACEMENT_2D('',#358,#359);
#358 = CARTESIAN_POINT('',(3.9E-03,-8.68E-02));
#359 = DIRECTION('',(1.,0.));
#360 = ( GEOMETRIC_REPRESENTATION_CONTEXT(2) 
PARAMETRIC_REPRESENTATION_CONTEXT() REPRESENTATION_CONTEXT('2D SPACE',''
  ) );
#361 = PCURVE('',#362,#367);
#362 = CYLINDRICAL_SURFACE('',#363,1.58E-02);
#363 = AXIS2_PLACEMENT_3D('',#364,#365,#366);
#364 = CARTESIAN_POINT('',(-0.3711,-0.2182,0.));
#365 = DIRECTION('',(0.,0.,1.));
#366 = DIRECTION('',(1.,0.,0.));
#367 = DEFINITIONAL_REPRESENTATION('',(#368),#372);
#368 = LINE('',#369,#370);
#369 = CARTESIAN_POINT('',(0.,0.));
#370 = VECTOR('',#371,1.);
#371 = DIRECTION('',(1.,0.));
#372 = ( GEOMETRIC_REPRESENTATION_CONTEXT(2) 
PARAMETRIC_REPRESENTATION_CONTEXT() REPRESENTATION_CONTEXT('2D SPACE',''
  ) );
#373 = FACE_BOUND('',#374,.T.);
#374 = EDGE_LOOP('',(#375));
#375 = ORIENTED_EDGE('',*,*,#376,.F.);
#376 = EDGE_CURVE('',#377,#377,#379,.T.);
#377 = VERTEX_POINT('',#378);
#378 = CARTESIAN_POINT('',(-0.3553,-4.45E-02,0.));
#379 = SURFACE_CURVE('',#380,(#385,#392),.PCURVE_S1.);
#380 = CIRCLE('',#381,1.58E-02);
#381 = AXIS2_PLACEMENT_3D('',#382,#383,#384);
#382 = CARTESIAN_POINT('',(-0.3711,-4.45E-02,0.));
#383 = DIRECTION('',(0.,0.,1.));
#384 = DIRECTION('',(1.,0.,0.));
#385 = PCURVE('',#126,#386);
#386 = DEFINITIONAL_REPRESENTATION('',(#387),#391);
#387 = CIRCLE('',#388,1.58E-02);
#388 = AXIS2_PLACEMENT_2D('',#389,#390);
#389 = CARTESIAN_POINT('',(3.9E-03,8.69E-02));
#390 = DIRECTION('',(1.,0.));
#391 = ( GEOMETRIC_REPRESENTATION_CONTEXT(2) 
PARAMETRIC_REPRESENTATION_CONTEXT() REPRESENTATION_CONTEXT('2D SPACE',''
  ) );
#392 = PCURVE('',#393,#398);
#393 = CYLINDRICAL_SURFACE('',#394,1.58E-02);
#394 = AXIS2_PLACEMENT_3D('',#395,#396,#397);
#395 = CARTESIAN_POINT('',(-0.3711,-4.45E-02,0.));
#396 = DIRECTION('',(0.,0.,1.));
#397 = DIRECTION('',(1.,0.,0.));
#398 = DEFINITIONAL_REPRESENTATION('',(#399),#403);
#399 = LINE('',#400,#401);
#400 = CARTESIAN_POINT('',(0.,0.));
#401 = VECTOR('',#402,1.);
#402 = DIRECTION('',(1.,0.));
#403 = ( GEOMETRIC_REPRESENTATION_CONTEXT(2) 
PARAMETRIC_REPRESENTATION_CONTEXT() REPRESENTATION_CONTEXT('2D SPACE',''
  ) );
#404 = FACE_BOUND('',#405,.T.);
#405 = EDGE_LOOP('',(#406));
#406 = ORIENTED_EDGE('',*,*,#407,.F.);
#407 = EDGE_CURVE('',#408,#408,#410,.T.);
#408 = VERTEX_POINT('',#409);
#409 = CARTESIAN_POINT('',(-0.3632,-0.1314,0.));
#410 = SURFACE_CURVE('',#411,(#416,#423),.PCURVE_S1.);
#411 = CIRCLE('',#412,7.9E-03);
#412 = AXIS2_PLACEMENT_3D('',#413,#414,#415);
#413 = CARTESIAN_POINT('',(-0.3711,-0.1314,0.));
#414 = DIRECTION('',(0.,0.,1.));
#415 = DIRECTION('',(1.,0.,0.));
#416 = PCURVE('',#126,#417);
#417 = DEFINITIONAL_REPRESENTATION('',(#418),#422);
#418 = CIRCLE('',#419,7.9E-03);
#419 = AXIS2_PLACEMENT_2D('',#420,#421);
#420 = CARTESIAN_POINT('',(3.9E-03,0.));
#421 = DIRECTION('',(1.,0.));
#422 = ( GEOMETRIC_REPRESENTATION_CONTEXT(2) 
PARAMETRIC_REPRESENTATION_CONTEXT() REPRESENTATION_CONTEXT('2D SPACE',''
  ) );
#423 = PCURVE('',#424,#429);
#424 = CYLINDRICAL_SURFACE('',#425,7.9E-03);
#425 = AXIS2_PLACEMENT_3D('',#426,#427,#428);
#426 = CARTESIAN_POINT('',(-0.3711,-0.1314,0.));
#427 = DIRECTION('',(0.,0.,1.));
#428 = DIRECTION('',(1.,0.,0.));
#429 = DEFINITIONAL_REPRESENTATION('',(#430),#434);
#430 = LINE('',#431,#432);
#431 = CARTESIAN_POINT('',(0.,0.));
#432 = VECTOR('',#433,1.);
#433 = DIRECTION('',(1.,0.));
#434 = ( GEOMETRIC_REPRESENTATION_CONTEXT(2) 
PARAMETRIC_REPRESENTATION_CONTEXT() REPRESENTATION_CONTEXT('2D SPACE',''
  ) );
#435 = FACE_BOUND('',#436,.T.);
#436 = EDGE_LOOP('',(#437));
#437 = ORIENTED_EDGE('',*,*,#438,.F.);
#438 = EDGE_CURVE('',#439,#439,#441,.T.);
#439 = VERTEX_POINT('',#440);
#440 = CARTESIAN_POINT('',(-2.37E-02,-0.1314,0.));
#441 = SURFACE_CURVE('',#442,(#447,#454),.PCURVE_S1.);
#442 = CIRCLE('',#443,3.16E-02);
#443 = AXIS2_PLACEMENT_3D('',#444,#445,#446);
#444 = CARTESIAN_POINT('',(-5.53E-02,-0.1314,0.));
#445 = DIRECTION('',(0.,0.,1.));
#446 = DIRECTION('',(1.,0.,0.));
#447 = PCURVE('',#126,#448);
#448 = DEFINITIONAL_REPRESENTATION('',(#449),#453);
#449 = CIRCLE('',#450,3.16E-02);
#450 = AXIS2_PLACEMENT_2D('',#451,#452);
#451 = CARTESIAN_POINT('',(0.3197,0.));
#452 = DIRECTION('',(1.,0.));
#453 = ( GEOMETRIC_REPRESENTATION_CONTEXT(2) 
PARAMETRIC_REPRESENTATION_CONTEXT() REPRESENTATION_CONTEXT('2D SPACE',''
  ) );
#454 = PCURVE('',#455,#460);
#455 = CYLINDRICAL_SURFACE('',#456,3.16E-02);
#456 = AXIS2_PLACEMENT_3D('',#457,#458,#459);
#457 = CARTESIAN_POINT('',(-5.53E-02,-0.1314,0.));
#458 = DIRECTION('',(0.,0.,1.));
#459 = DIRECTION('',(1.,0.,0.));
#460 = DEFINITIONAL_REPRESENTATION('',(#461),#465);
#461 = LINE('',#462,#463);
#462 = CARTESIAN_POINT('',(0.,0.));
#463 = VECTOR('',#464,1.);
#464 = DIRECTION('',(1.,0.));
#465 = ( GEOMETRIC_REPRESENTATION_CONTEXT(2) 
PARAMETRIC_REPRESENTATION_CONTEXT() REPRESENTATION_CONTEXT('2D SPACE',''
  ) );
#466 = ADVANCED_FACE('',(#467,#493,#519,#545,#571,#597),#72,.F.);
#467 = FACE_BOUND('',#468,.F.);
#468 = EDGE_LOOP('',(#469,#470,#471,#492));
#469 = ORIENTED_EDGE('',*,*,#56,.T.);
#470 = ORIENTED_EDGE('',*,*,#218,.T.);
#471 = ORIENTED_EDGE('',*,*,#472,.T.);
#472 = EDGE_CURVE('',#219,#144,#473,.T.);
#473 = SURFACE_CURVE('',#474,(#478,#485),.PCURVE_S1.);
#474 = LINE('',#475,#476);
#475 = CARTESIAN_POINT('',(-0.75,2.8E-03,-0.1953));
#476 = VECTOR('',#477,1.);
#477 = DIRECTION('',(0.,-1.,0.));
#478 = PCURVE('',#72,#479);
#479 = DEFINITIONAL_REPRESENTATION('',(#480),#484);
#480 = LINE('',#481,#482);
#481 = CARTESIAN_POINT('',(-0.375,0.1342));
#482 = VECTOR('',#483,1.);
#483 = DIRECTION('',(0.,-1.));
#484 = ( GEOMETRIC_REPRESENTATION_CONTEXT(2) 
PARAMETRIC_REPRESENTATION_CONTEXT() REPRESENTATION_CONTEXT('2D SPACE',''
  ) );
#485 = PCURVE('',#159,#486);
#486 = DEFINITIONAL_REPRESENTATION('',(#487),#491);
#487 = LINE('',#488,#489);
#488 = CARTESIAN_POINT('',(0.,-0.1953));
#489 = VECTOR('',#490,1.);
#490 = DIRECTION('',(1.,0.));
#491 = ( GEOMETRIC_REPRESENTATION_CONTEXT(2) 
PARAMETRIC_REPRESENTATION_CONTEXT() REPRESENTATION_CONTEXT('2D SPACE',''
  ) );
#492 = ORIENTED_EDGE('',*,*,#171,.T.);
#493 = FACE_BOUND('',#494,.F.);
#494 = EDGE_LOOP('',(#495));
#495 = ORIENTED_EDGE('',*,*,#496,.F.);
#496 = EDGE_CURVE('',#497,#497,#499,.T.);
#497 = VERTEX_POINT('',#498);
#498 = CARTESIAN_POINT('',(-0.6631,-0.1314,-0.1953));
#499 = SURFACE_CURVE('',#500,(#505,#512),.PCURVE_S1.);
#500 = CIRCLE('',#501,3.16E-02);
#501 = AXIS2_PLACEMENT_3D('',#502,#503,#504);
#502 = CARTESIAN_POINT('',(-0.6947,-0.1314,-0.1953));
#503 = DIRECTION('',(0.,0.,1.));
#504 = DIRECTION('',(1.,0.,0.));
#505 = PCURVE('',#72,#506);
#506 = DEFINITIONAL_REPRESENTATION('',(#507),#511);
#507 = CIRCLE('',#508,3.16E-02);
#508 = AXIS2_PLACEMENT_2D('',#509,#510);
#509 = CARTESIAN_POINT('',(-0.3197,0.));
#510 = DIRECTION('',(1.,0.));
#511 = ( GEOMETRIC_REPRESENTATION_CONTEXT(2) 
PARAMETRIC_REPRESENTATION_CONTEXT() REPRESENTATION_CONTEXT('2D SPACE',''
  ) );
#512 = PCURVE('',#331,#513);
#513 = DEFINITIONAL_REPRESENTATION('',(#514),#518);
#514 = LINE('',#515,#516);
#515 = CARTESIAN_POINT('',(0.,-0.1953));
#516 = VECTOR('',#517,1.);
#517 = DIRECTION('',(1.,0.));
#518 = ( GEOMETRIC_REPRESENTATION_CONTEXT(2) 
PARAMETRIC_REPRESENTATION_CONTEXT() REPRESENTATION_CONTEXT('2D SPACE',''
  ) );
#519 = FACE_BOUND('',#520,.F.);
#520 = EDGE_LOOP('',(#521));
#521 = ORIENTED_EDGE('',*,*,#522,.F.);
#522 = EDGE_CURVE('',#523,#523,#525,.T.);
#523 = VERTEX_POINT('',#524);
#524 = CARTESIAN_POINT('',(-0.3553,-0.2182,-0.1953));
#525 = SURFACE_CURVE('',#526,(#531,#538),.PCURVE_S1.);
#526 = CIRCLE('',#527,1.58E-02);
#527 = AXIS2_PLACEMENT_3D('',#528,#529,#530);
#528 = CARTESIAN_POINT('',(-0.3711,-0.2182,-0.1953));
#529 = DIRECTION('',(0.,0.,1.));
#530 = DIRECTION('',(1.,0.,0.));
#531 = PCURVE('',#72,#532);
#532 = DEFINITIONAL_REPRESENTATION('',(#533),#537);
#533 = CIRCLE('',#534,1.58E-02);
#534 = AXIS2_PLACEMENT_2D('',#535,#536);
#535 = CARTESIAN_POINT('',(3.9E-03,-8.68E-02));
#536 = DIRECTION('',(1.,0.));
#537 = ( GEOMETRIC_REPRESENTATION_CONTEXT(2) 
PARAMETRIC_REPRESENTATION_CONTEXT() REPRESENTATION_CONTEXT('2D SPACE',''
  ) );
#538 = PCURVE('',#362,#539);
#539 = DEFINITIONAL_REPRESENTATION('',(#540),#544);
#540 = LINE('',#541,#542);
#541 = CARTESIAN_POINT('',(0.,-0.1953));
#542 = VECTOR('',#543,1.);
#543 = DIRECTION('',(1.,0.));
#544 = ( GEOMETRIC_REPRESENTATION_CONTEXT(2) 
PARAMETRIC_REPRESENTATION_CONTEXT() REPRESENTATION_CONTEXT('2D SPACE',''
  ) );
#545 = FACE_BOUND('',#546,.F.);
#546 = EDGE_LOOP('',(#547));
#547 = ORIENTED_EDGE('',*,*,#548,.F.);
#548 = EDGE_CURVE('',#549,#549,#551,.T.);
#549 = VERTEX_POINT('',#550);
#550 = CARTESIAN_POINT('',(-0.3553,-4.45E-02,-0.1953));
#551 = SURFACE_CURVE('',#552,(#557,#564),.PCURVE_S1.);
#552 = CIRCLE('',#553,1.58E-02);
#553 = AXIS2_PLACEMENT_3D('',#554,#555,#556);
#554 = CARTESIAN_POINT('',(-0.3711,-4.45E-02,-0.1953));
#555 = DIRECTION('',(0.,0.,1.));
#556 = DIRECTION('',(1.,0.,0.));
#557 = PCURVE('',#72,#558);
#558 = DEFINITIONAL_REPRESENTATION('',(#559),#563);
#559 = CIRCLE('',#560,1.58E-02);
#560 = AXIS2_PLACEMENT_2D('',#561,#562);
#561 = CARTESIAN_POINT('',(3.9E-03,8.69E-02));
#562 = DIRECTION('',(1.,0.));
#563 = ( GEOMETRIC_REPRESENTATION_CONTEXT(2) 
PARAMETRIC_REPRESENTATION_CONTEXT() REPRESENTATION_CONTEXT('2D SPACE',''
  ) );
#564 = PCURVE('',#393,#565);
#565 = DEFINITIONAL_REPRESENTATION('',(#566),#570);
#566 = LINE('',#567,#568);
#567 = CARTESIAN_POINT('',(0.,-0.1953));
#568 = VECTOR('',#569,1.);
#569 = DIRECTION('',(1.,0.));
#570 = ( GEOMETRIC_REPRESENTATION_CONTEXT(2) 
PARAMETRIC_REPRESENTATION_CONTEXT() REPRESENTATION_CONTEXT('2D SPACE',''
  ) );
#571 = FACE_BOUND('',#572,.F.);
#572 = EDGE_LOOP('',(#573));
#573 = ORIENTED_EDGE('',*,*,#574,.F.);
#574 = EDGE_CURVE('',#575,#575,#577,.T.);
#575 = VERTEX_POINT('',#576);
#576 = CARTESIAN_POINT('',(-0.3632,-0.1314,-0.1953));
#577 = SURFACE_CURVE('',#578,(#583,#590),.PCURVE_S1.);
#578 = CIRCLE('',#579,7.9E-03);
#579 = AXIS2_PLACEMENT_3D('',#580,#581,#582);
#580 = CARTESIAN_POINT('',(-0.3711,-0.1314,-0.1953));
#581 = DIRECTION('',(0.,0.,1.));
#582 = DIRECTION('',(1.,0.,0.));
#583 = PCURVE('',#72,#584);
#584 = DEFINITIONAL_REPRESENTATION('',(#585),#589);
#585 = CIRCLE('',#586,7.9E-03);
#586 = AXIS2_PLACEMENT_2D('',#587,#588);
#587 = CARTESIAN_POINT('',(3.9E-03,0.));
#588 = DIRECTION('',(1.,0.));
#589 = ( GEOMETRIC_REPRESENTATION_CONTEXT(2) 
PARAMETRIC_REPRESENTATION_CONTEXT() REPRESENTATION_CONTEXT('2D SPACE',''
  ) );
#590 = PCURVE('',#424,#591);
#591 = DEFINITIONAL_REPRESENTATION('',(#592),#596);
#592 = LINE('',#593,#594);
#593 = CARTESIAN_POINT('',(0.,-0.1953));
#594 = VECTOR('',#595,1.);
#595 = DIRECTION('',(1.,0.));
#596 = ( GEOMETRIC_REPRESENTATION_CONTEXT(2) 
PARAMETRIC_REPRESENTATION_CONTEXT() REPRESENTATION_CONTEXT('2D SPACE',''
  ) );
#597 = FACE_BOUND('',#598,.F.);
#598 = EDGE_LOOP('',(#599));
#599 = ORIENTED_EDGE('',*,*,#600,.F.);
#600 = EDGE_CURVE('',#601,#601,#603,.T.);
#601 = VERTEX_POINT('',#602);
#602 = CARTESIAN_POINT('',(-2.37E-02,-0.1314,-0.1953));
#603 = SURFACE_CURVE('',#604,(#609,#616),.PCURVE_S1.);
#604 = CIRCLE('',#605,3.16E-02);
#605 = AXIS2_PLACEMENT_3D('',#606,#607,#608);
#606 = CARTESIAN_POINT('',(-5.53E-02,-0.1314,-0.1953));
#607 = DIRECTION('',(0.,0.,1.));
#608 = DIRECTION('',(1.,0.,0.));
#609 = PCURVE('',#72,#610);
#610 = DEFINITIONAL_REPRESENTATION('',(#611),#615);
#611 = CIRCLE('',#612,3.16E-02);
#612 = AXIS2_PLACEMENT_2D('',#613,#614);
#613 = CARTESIAN_POINT('',(0.3197,0.));
#614 = DIRECTION('',(1.,0.));
#615 = ( GEOMETRIC_REPRESENTATION_CONTEXT(2) 
PARAMETRIC_REPRESENTATION_CONTEXT() REPRESENTATION_CONTEXT('2D SPACE',''
  ) );
#616 = PCURVE('',#455,#617);
#617 = DEFINITIONAL_REPRESENTATION('',(#618),#622);
#618 = LINE('',#619,#620);
#619 = CARTESIAN_POINT('',(0.,-0.1953));
#620 = VECTOR('',#621,1.);
#621 = DIRECTION('',(1.,0.));
#622 = ( GEOMETRIC_REPRESENTATION_CONTEXT(2) 
PARAMETRIC_REPRESENTATION_CONTEXT() REPRESENTATION_CONTEXT('2D SPACE',''
  ) );
#623 = ADVANCED_FACE('',(#624),#159,.T.);
#624 = FACE_BOUND('',#625,.T.);
#625 = EDGE_LOOP('',(#626,#627,#628,#629));
#626 = ORIENTED_EDGE('',*,*,#241,.T.);
#627 = ORIENTED_EDGE('',*,*,#472,.T.);
#628 = ORIENTED_EDGE('',*,*,#141,.F.);
#629 = ORIENTED_EDGE('',*,*,#290,.F.);
#630 = ADVANCED_FACE('',(#631),#331,.F.);
#631 = FACE_BOUND('',#632,.F.);
#632 = EDGE_LOOP('',(#633,#654,#655,#656));
#633 = ORIENTED_EDGE('',*,*,#634,.T.);
#634 = EDGE_CURVE('',#315,#497,#635,.T.);
#635 = SEAM_CURVE('',#636,(#640,#647),.PCURVE_S1.);
#636 = LINE('',#637,#638);
#637 = CARTESIAN_POINT('',(-0.6631,-0.1314,0.));
#638 = VECTOR('',#639,1.);
#639 = DIRECTION('',(-0.,-0.,-1.));
#640 = PCURVE('',#331,#641);
#641 = DEFINITIONAL_REPRESENTATION('',(#642),#646);
#642 = LINE('',#643,#644);
#643 = CARTESIAN_POINT('',(0.,0.));
#644 = VECTOR('',#645,1.);
#645 = DIRECTION('',(0.,-1.));
#646 = ( GEOMETRIC_REPRESENTATION_CONTEXT(2) 
PARAMETRIC_REPRESENTATION_CONTEXT() REPRESENTATION_CONTEXT('2D SPACE',''
  ) );
#647 = PCURVE('',#331,#648);
#648 = DEFINITIONAL_REPRESENTATION('',(#649),#653);
#649 = LINE('',#650,#651);
#650 = CARTESIAN_POINT('',(6.28318530718,0.));
#651 = VECTOR('',#652,1.);
#652 = DIRECTION('',(0.,-1.));
#653 = ( GEOMETRIC_REPRESENTATION_CONTEXT(2) 
PARAMETRIC_REPRESENTATION_CONTEXT() REPRESENTATION_CONTEXT('2D SPACE',''
  ) );
#654 = ORIENTED_EDGE('',*,*,#496,.T.);
#655 = ORIENTED_EDGE('',*,*,#634,.F.);
#656 = ORIENTED_EDGE('',*,*,#314,.F.);
#657 = ADVANCED_FACE('',(#658,#909),#362,.F.);
#658 = FACE_BOUND('',#659,.F.);
#659 = EDGE_LOOP('',(#660,#683,#684,#685,#718,#761,#794,#815,#816,#817,
    #845,#883));
#660 = ORIENTED_EDGE('',*,*,#661,.F.);
#661 = EDGE_CURVE('',#346,#662,#664,.T.);
#662 = VERTEX_POINT('',#663);
#663 = CARTESIAN_POINT('',(-0.3553,-0.2182,-0.147329650922));
#664 = SEAM_CURVE('',#665,(#669,#676),.PCURVE_S1.);
#665 = LINE('',#666,#667);
#666 = CARTESIAN_POINT('',(-0.3553,-0.2182,0.));
#667 = VECTOR('',#668,1.);
#668 = DIRECTION('',(-0.,-0.,-1.));
#669 = PCURVE('',#362,#670);
#670 = DEFINITIONAL_REPRESENTATION('',(#671),#675);
#671 = LINE('',#672,#673);
#672 = CARTESIAN_POINT('',(6.28318530718,0.));
#673 = VECTOR('',#674,1.);
#674 = DIRECTION('',(0.,-1.));
#675 = ( GEOMETRIC_REPRESENTATION_CONTEXT(2) 
PARAMETRIC_REPRESENTATION_CONTEXT() REPRESENTATION_CONTEXT('2D SPACE',''
  ) );
#676 = PCURVE('',#362,#677);
#677 = DEFINITIONAL_REPRESENTATION('',(#678),#682);
#678 = LINE('',#679,#680);
#679 = CARTESIAN_POINT('',(0.,0.));
#680 = VECTOR('',#681,1.);
#681 = DIRECTION('',(0.,-1.));
#682 = ( GEOMETRIC_REPRESENTATION_CONTEXT(2) 
PARAMETRIC_REPRESENTATION_CONTEXT() REPRESENTATION_CONTEXT('2D SPACE',''
  ) );
#683 = ORIENTED_EDGE('',*,*,#345,.F.);
#684 = ORIENTED_EDGE('',*,*,#661,.T.);
#685 = ORIENTED_EDGE('',*,*,#686,.F.);
#686 = EDGE_CURVE('',#687,#662,#689,.T.);
#687 = VERTEX_POINT('',#688);
#688 = CARTESIAN_POINT('',(-0.371862032527,-0.202418387078,
    -0.147735542487));
#689 = SURFACE_CURVE('',#690,(#695,#706),.PCURVE_S1.);
#690 = ELLIPSE('',#691,1.580474410923E-02,1.58E-02);
#691 = AXIS2_PLACEMENT_3D('',#692,#693,#694);
#692 = CARTESIAN_POINT('',(-0.3711,-0.2182,-0.147716867087));
#693 = DIRECTION('',(2.4499995835E-02,0.,-0.999699830051));
#694 = DIRECTION('',(0.999699830051,0.,2.4499995835E-02));
#695 = PCURVE('',#362,#696);
#696 = DEFINITIONAL_REPRESENTATION('',(#697),#705);
#697 = B_SPLINE_CURVE_WITH_KNOTS('',6,(#698,#699,#700,#701,#702,#703,
    #704),.UNSPECIFIED.,.F.,.F.,(7,7),(0.,6.28318530718),
  .PIECEWISE_BEZIER_KNOTS.);
#698 = CARTESIAN_POINT('',(6.28318530718,-0.147329650922));
#699 = CARTESIAN_POINT('',(5.235987755983,-0.147329650922));
#700 = CARTESIAN_POINT('',(4.188790204786,-0.147805836538));
#701 = CARTESIAN_POINT('',(3.14159265359,-0.149087691093));
#702 = CARTESIAN_POINT('',(2.094395102393,-0.147805836538));
#703 = CARTESIAN_POINT('',(1.047197551197,-0.147329650922));
#704 = CARTESIAN_POINT('',(3.19744231092E-14,-0.147329650922));
#705 = ( GEOMETRIC_REPRESENTATION_CONTEXT(2) 
PARAMETRIC_REPRESENTATION_CONTEXT() REPRESENTATION_CONTEXT('2D SPACE',''
  ) );
#706 = PCURVE('',#707,#712);
#707 = PLANE('',#708);
#708 = AXIS2_PLACEMENT_3D('',#709,#710,#711);
#709 = CARTESIAN_POINT('',(-0.375863275721,-0.21821935025,
    -0.147833602363));
#710 = DIRECTION('',(2.4499995835E-02,-0.,-0.999699830051));
#711 = DIRECTION('',(-0.999699830051,0.,-2.4499995835E-02));
#712 = DEFINITIONAL_REPRESENTATION('',(#713),#717);
#713 = ELLIPSE('',#714,1.580474410923E-02,1.58E-02);
#714 = AXIS2_PLACEMENT_2D('',#715,#716);
#715 = CARTESIAN_POINT('',(-4.764705942666E-03,1.935024966371E-05));
#716 = DIRECTION('',(-1.,0.));
#717 = ( GEOMETRIC_REPRESENTATION_CONTEXT(2) 
PARAMETRIC_REPRESENTATION_CONTEXT() REPRESENTATION_CONTEXT('2D SPACE',''
  ) );
#718 = ORIENTED_EDGE('',*,*,#719,.F.);
#719 = EDGE_CURVE('',#720,#687,#722,.T.);
#720 = VERTEX_POINT('',#721);
#721 = CARTESIAN_POINT('',(-0.370772636844,-0.202403391713,
    -0.194622926481));
#722 = SURFACE_CURVE('',#723,(#732,#744),.PCURVE_S1.);
#723 = B_SPLINE_CURVE_WITH_KNOTS('',4,(#724,#725,#726,#727,#728,#729,
    #730,#731),.UNSPECIFIED.,.F.,.F.,(5,3,5),(0.,0.25642052701,1.),
  .UNSPECIFIED.);
#724 = CARTESIAN_POINT('',(-0.370772620811,-0.202403392046,
    -0.194623526268));
#725 = CARTESIAN_POINT('',(-0.370848107046,-0.20240182762,
    -0.191799522847));
#726 = CARTESIAN_POINT('',(-0.370922609576,-0.202400764787,
    -0.188934106356));
#727 = CARTESIAN_POINT('',(-0.370996114741,-0.202400175097,
    -0.186031688619));
#728 = CARTESIAN_POINT('',(-0.371278930039,-0.202399613661,
    -0.174583929512));
#729 = CARTESIAN_POINT('',(-0.371480618363,-0.202402941253,
    -0.165806732815));
#730 = CARTESIAN_POINT('',(-0.371674844022,-0.202409348328,
    -0.156830063367));
#731 = CARTESIAN_POINT('',(-0.371862044874,-0.202418387674,
    -0.147734942609));
#732 = PCURVE('',#362,#733);
#733 = DEFINITIONAL_REPRESENTATION('',(#734),#743);
#734 = B_SPLINE_CURVE_WITH_KNOTS('',4,(#735,#736,#737,#738,#739,#740,
    #741,#742),.UNSPECIFIED.,.F.,.F.,(5,3,5),(0.,0.25642052701,1.),
  .UNSPECIFIED.);
#735 = CARTESIAN_POINT('',(1.550074642064,-0.194623526268));
#736 = CARTESIAN_POINT('',(1.554853277783,-0.191799522847));
#737 = CARTESIAN_POINT('',(1.559569009356,-0.188934106356));
#738 = CARTESIAN_POINT('',(1.564221300069,-0.186031688619));
#739 = CARTESIAN_POINT('',(1.582121037739,-0.174583929512));
#740 = CARTESIAN_POINT('',(1.594885715921,-0.165806732815));
#741 = CARTESIAN_POINT('',(1.607183773761,-0.156830063367));
#742 = CARTESIAN_POINT('',(1.619045733645,-0.147734942609));
#743 = ( GEOMETRIC_REPRESENTATION_CONTEXT(2) 
PARAMETRIC_REPRESENTATION_CONTEXT() REPRESENTATION_CONTEXT('2D SPACE',''
  ) );
#744 = PCURVE('',#745,#750);
#745 = CYLINDRICAL_SURFACE('',#746,1.63E-02);
#746 = AXIS2_PLACEMENT_3D('',#747,#748,#749);
#747 = CARTESIAN_POINT('',(-0.374714225916,-0.21821935025,
    -0.194719524392));
#748 = DIRECTION('',(2.4499995835E-02,-1.362764378966E-20,
    -0.999699830051));
#749 = DIRECTION('',(0.99939975036,2.449998946567E-02,2.449264167633E-02
    ));
#750 = DEFINITIONAL_REPRESENTATION('',(#751),#760);
#751 = B_SPLINE_CURVE_WITH_KNOTS('',4,(#752,#753,#754,#755,#756,#757,
    #758,#759),.UNSPECIFIED.,.F.,.F.,(5,3,5),(0.,0.25642052701,1.),
  .UNSPECIFIED.);
#752 = CARTESIAN_POINT('',(4.981202552554,6.000000000034E-07));
#753 = CARTESIAN_POINT('',(4.980805769497,-2.824405152453E-03));
#754 = CARTESIAN_POINT('',(4.980535368416,-5.690786843261E-03));
#755 = CARTESIAN_POINT('',(4.980385305539,-8.594134237655E-03));
#756 = CARTESIAN_POINT('',(4.980242419819,-2.004538604541E-02));
#757 = CARTESIAN_POINT('',(4.981090280964,-2.882488945493E-02));
#758 = CARTESIAN_POINT('',(4.982718847547,-3.780362290359E-02));
#759 = CARTESIAN_POINT('',(4.984977302389,-4.69006E-02));
#760 = ( GEOMETRIC_REPRESENTATION_CONTEXT(2) 
PARAMETRIC_REPRESENTATION_CONTEXT() REPRESENTATION_CONTEXT('2D SPACE',''
  ) );
#761 = ORIENTED_EDGE('',*,*,#762,.T.);
#762 = EDGE_CURVE('',#720,#763,#765,.T.);
#763 = VERTEX_POINT('',#764);
#764 = CARTESIAN_POINT('',(-0.3553,-0.2182,-0.19424373312));
#765 = SURFACE_CURVE('',#766,(#771,#782),.PCURVE_S1.);
#766 = ELLIPSE('',#767,1.580474410923E-02,1.58E-02);
#767 = AXIS2_PLACEMENT_3D('',#768,#769,#770);
#768 = CARTESIAN_POINT('',(-0.3711,-0.2182,-0.194630949285));
#769 = DIRECTION('',(2.4499995835E-02,0.,-0.999699830051));
#770 = DIRECTION('',(0.999699830051,0.,2.4499995835E-02));
#771 = PCURVE('',#362,#772);
#772 = DEFINITIONAL_REPRESENTATION('',(#773),#781);
#773 = B_SPLINE_CURVE_WITH_KNOTS('',6,(#774,#775,#776,#777,#778,#779,
    #780),.UNSPECIFIED.,.F.,.F.,(7,7),(0.,6.28318530718),
  .PIECEWISE_BEZIER_KNOTS.);
#774 = CARTESIAN_POINT('',(6.28318530718,-0.19424373312));
#775 = CARTESIAN_POINT('',(5.235987755983,-0.19424373312));
#776 = CARTESIAN_POINT('',(4.188790204786,-0.194719918735));
#777 = CARTESIAN_POINT('',(3.14159265359,-0.196001773291));
#778 = CARTESIAN_POINT('',(2.094395102393,-0.194719918735));
#779 = CARTESIAN_POINT('',(1.047197551197,-0.19424373312));
#780 = CARTESIAN_POINT('',(3.19744231092E-14,-0.19424373312));
#781 = ( GEOMETRIC_REPRESENTATION_CONTEXT(2) 
PARAMETRIC_REPRESENTATION_CONTEXT() REPRESENTATION_CONTEXT('2D SPACE',''
  ) );
#782 = PCURVE('',#783,#788);
#783 = PLANE('',#784);
#784 = AXIS2_PLACEMENT_3D('',#785,#786,#787);
#785 = CARTESIAN_POINT('',(-0.374714225916,-0.21821935025,
    -0.194719524392));
#786 = DIRECTION('',(2.4499995835E-02,-0.,-0.999699830051));
#787 = DIRECTION('',(-0.999699830051,0.,-2.4499995835E-02));
#788 = DEFINITIONAL_REPRESENTATION('',(#789),#793);
#789 = ELLIPSE('',#790,1.580474410923E-02,1.58E-02);
#790 = AXIS2_PLACEMENT_2D('',#791,#792);
#791 = CARTESIAN_POINT('',(-3.61531112422E-03,1.935024966371E-05));
#792 = DIRECTION('',(-1.,0.));
#793 = ( GEOMETRIC_REPRESENTATION_CONTEXT(2) 
PARAMETRIC_REPRESENTATION_CONTEXT() REPRESENTATION_CONTEXT('2D SPACE',''
  ) );
#794 = ORIENTED_EDGE('',*,*,#795,.T.);
#795 = EDGE_CURVE('',#763,#523,#796,.T.);
#796 = SEAM_CURVE('',#797,(#801,#808),.PCURVE_S1.);
#797 = LINE('',#798,#799);
#798 = CARTESIAN_POINT('',(-0.3553,-0.2182,0.));
#799 = VECTOR('',#800,1.);
#800 = DIRECTION('',(-0.,-0.,-1.));
#801 = PCURVE('',#362,#802);
#802 = DEFINITIONAL_REPRESENTATION('',(#803),#807);
#803 = LINE('',#804,#805);
#804 = CARTESIAN_POINT('',(6.28318530718,0.));
#805 = VECTOR('',#806,1.);
#806 = DIRECTION('',(0.,-1.));
#807 = ( GEOMETRIC_REPRESENTATION_CONTEXT(2) 
PARAMETRIC_REPRESENTATION_CONTEXT() REPRESENTATION_CONTEXT('2D SPACE',''
  ) );
#808 = PCURVE('',#362,#809);
#809 = DEFINITIONAL_REPRESENTATION('',(#810),#814);
#810 = LINE('',#811,#812);
#811 = CARTESIAN_POINT('',(0.,0.));
#812 = VECTOR('',#813,1.);
#813 = DIRECTION('',(0.,-1.));
#814 = ( GEOMETRIC_REPRESENTATION_CONTEXT(2) 
PARAMETRIC_REPRESENTATION_CONTEXT() REPRESENTATION_CONTEXT('2D SPACE',''
  ) );
#815 = ORIENTED_EDGE('',*,*,#522,.T.);
#816 = ORIENTED_EDGE('',*,*,#795,.F.);
#817 = ORIENTED_EDGE('',*,*,#818,.T.);
#818 = EDGE_CURVE('',#763,#819,#821,.T.);
#819 = VERTEX_POINT('',#820);
#820 = CARTESIAN_POINT('',(-0.370603626197,-0.23399220102,
    -0.194618784477));
#821 = SURFACE_CURVE('',#822,(#827,#838),.PCURVE_S1.);
#822 = ELLIPSE('',#823,1.580474410923E-02,1.58E-02);
#823 = AXIS2_PLACEMENT_3D('',#824,#825,#826);
#824 = CARTESIAN_POINT('',(-0.3711,-0.2182,-0.194630949285));
#825 = DIRECTION('',(2.4499995835E-02,0.,-0.999699830051));
#826 = DIRECTION('',(0.999699830051,0.,2.4499995835E-02));
#827 = PCURVE('',#362,#828);
#828 = DEFINITIONAL_REPRESENTATION('',(#829),#837);
#829 = B_SPLINE_CURVE_WITH_KNOTS('',6,(#830,#831,#832,#833,#834,#835,
    #836),.UNSPECIFIED.,.F.,.F.,(7,7),(0.,6.28318530718),
  .PIECEWISE_BEZIER_KNOTS.);
#830 = CARTESIAN_POINT('',(6.28318530718,-0.19424373312));
#831 = CARTESIAN_POINT('',(5.235987755983,-0.19424373312));
#832 = CARTESIAN_POINT('',(4.188790204786,-0.194719918735));
#833 = CARTESIAN_POINT('',(3.14159265359,-0.196001773291));
#834 = CARTESIAN_POINT('',(2.094395102393,-0.194719918735));
#835 = CARTESIAN_POINT('',(1.047197551197,-0.19424373312));
#836 = CARTESIAN_POINT('',(3.19744231092E-14,-0.19424373312));
#837 = ( GEOMETRIC_REPRESENTATION_CONTEXT(2) 
PARAMETRIC_REPRESENTATION_CONTEXT() REPRESENTATION_CONTEXT('2D SPACE',''
  ) );
#838 = PCURVE('',#783,#839);
#839 = DEFINITIONAL_REPRESENTATION('',(#840),#844);
#840 = ELLIPSE('',#841,1.580474410923E-02,1.58E-02);
#841 = AXIS2_PLACEMENT_2D('',#842,#843);
#842 = CARTESIAN_POINT('',(-3.61531112422E-03,1.935024966371E-05));
#843 = DIRECTION('',(-1.,0.));
#844 = ( GEOMETRIC_REPRESENTATION_CONTEXT(2) 
PARAMETRIC_REPRESENTATION_CONTEXT() REPRESENTATION_CONTEXT('2D SPACE',''
  ) );
#845 = ORIENTED_EDGE('',*,*,#846,.F.);
#846 = EDGE_CURVE('',#847,#819,#849,.T.);
#847 = VERTEX_POINT('',#848);
#848 = CARTESIAN_POINT('',(-0.3717338533,-0.23398728064,-0.147732401153)
  );
#849 = SURFACE_CURVE('',#850,(#859,#871),.PCURVE_S1.);
#850 = B_SPLINE_CURVE_WITH_KNOTS('',4,(#851,#852,#853,#854,#855,#856,
    #857,#858),.UNSPECIFIED.,.F.,.F.,(5,3,5),(0.,0.616161087016,1.),
  .UNSPECIFIED.);
#851 = CARTESIAN_POINT('',(-0.371733866047,-0.233987280128,
    -0.147731801285));
#852 = CARTESIAN_POINT('',(-0.371572763518,-0.233993748463,
    -0.15531325817));
#853 = CARTESIAN_POINT('',(-0.371406650057,-0.233998220964,
    -0.162797045729));
#854 = CARTESIAN_POINT('',(-0.37123530507,-0.234000413695,
    -0.170134850806));
#855 = CARTESIAN_POINT('',(-0.370947807974,-0.233999652381,
    -0.181745777083));
#856 = CARTESIAN_POINT('',(-0.370835268381,-0.233998327004,
    -0.186128764589));
#857 = CARTESIAN_POINT('',(-0.370720504798,-0.233995874822,
    -0.190424867582));
#858 = CARTESIAN_POINT('',(-0.370603609482,-0.233992200494,
    -0.194619384248));
#859 = PCURVE('',#362,#860);
#860 = DEFINITIONAL_REPRESENTATION('',(#861),#870);
#861 = B_SPLINE_CURVE_WITH_KNOTS('',4,(#862,#863,#864,#865,#866,#867,
    #868,#869),.UNSPECIFIED.,.F.,.F.,(5,3,5),(0.,0.616161087016,1.),
  .UNSPECIFIED.);
#862 = CARTESIAN_POINT('',(4.672260106921,-0.147731801285));
#863 = CARTESIAN_POINT('',(4.682464684784,-0.15531325817));
#864 = CARTESIAN_POINT('',(4.692981103219,-0.162797045729));
#865 = CARTESIAN_POINT('',(4.703825332169,-0.170134850806));
#866 = CARTESIAN_POINT('',(4.722021414677,-0.181745777083));
#867 = CARTESIAN_POINT('',(4.729144371469,-0.186128764589));
#868 = CARTESIAN_POINT('',(4.736409180706,-0.190424867582));
#869 = CARTESIAN_POINT('',(4.743811272367,-0.194619384248));
#870 = ( GEOMETRIC_REPRESENTATION_CONTEXT(2) 
PARAMETRIC_REPRESENTATION_CONTEXT() REPRESENTATION_CONTEXT('2D SPACE',''
  ) );
#871 = PCURVE('',#745,#872);
#872 = DEFINITIONAL_REPRESENTATION('',(#873),#882);
#873 = B_SPLINE_CURVE_WITH_KNOTS('',4,(#874,#875,#876,#877,#878,#879,
    #880,#881),.UNSPECIFIED.,.F.,.F.,(5,3,5),(0.,0.616161087016,1.),
  .UNSPECIFIED.);
#874 = CARTESIAN_POINT('',(1.339089915449,-4.69006E-02));
#875 = CARTESIAN_POINT('',(1.340655846495,-3.931747182991E-02));
#876 = CARTESIAN_POINT('',(1.341751443432,-3.183186089946E-02));
#877 = CARTESIAN_POINT('',(1.342288957603,-2.44920604602E-02));
#878 = CARTESIAN_POINT('',(1.342102453082,-1.287757575583E-02));
#879 = CARTESIAN_POINT('',(1.341777832256,-8.493146672301E-03));
#880 = CARTESIAN_POINT('',(1.341177414688,-4.195521532863E-03));
#881 = CARTESIAN_POINT('',(1.340283816761,6.000000000034E-07));
#882 = ( GEOMETRIC_REPRESENTATION_CONTEXT(2) 
PARAMETRIC_REPRESENTATION_CONTEXT() REPRESENTATION_CONTEXT('2D SPACE',''
  ) );
#883 = ORIENTED_EDGE('',*,*,#884,.F.);
#884 = EDGE_CURVE('',#662,#847,#885,.T.);
#885 = SURFACE_CURVE('',#886,(#891,#902),.PCURVE_S1.);
#886 = ELLIPSE('',#887,1.580474410923E-02,1.58E-02);
#887 = AXIS2_PLACEMENT_3D('',#888,#889,#890);
#888 = CARTESIAN_POINT('',(-0.3711,-0.2182,-0.147716867087));
#889 = DIRECTION('',(2.4499995835E-02,0.,-0.999699830051));
#890 = DIRECTION('',(0.999699830051,0.,2.4499995835E-02));
#891 = PCURVE('',#362,#892);
#892 = DEFINITIONAL_REPRESENTATION('',(#893),#901);
#893 = B_SPLINE_CURVE_WITH_KNOTS('',6,(#894,#895,#896,#897,#898,#899,
    #900),.UNSPECIFIED.,.F.,.F.,(7,7),(0.,6.28318530718),
  .PIECEWISE_BEZIER_KNOTS.);
#894 = CARTESIAN_POINT('',(6.28318530718,-0.147329650922));
#895 = CARTESIAN_POINT('',(5.235987755983,-0.147329650922));
#896 = CARTESIAN_POINT('',(4.188790204786,-0.147805836538));
#897 = CARTESIAN_POINT('',(3.14159265359,-0.149087691093));
#898 = CARTESIAN_POINT('',(2.094395102393,-0.147805836538));
#899 = CARTESIAN_POINT('',(1.047197551197,-0.147329650922));
#900 = CARTESIAN_POINT('',(3.19744231092E-14,-0.147329650922));
#901 = ( GEOMETRIC_REPRESENTATION_CONTEXT(2) 
PARAMETRIC_REPRESENTATION_CONTEXT() REPRESENTATION_CONTEXT('2D SPACE',''
  ) );
#902 = PCURVE('',#707,#903);
#903 = DEFINITIONAL_REPRESENTATION('',(#904),#908);
#904 = ELLIPSE('',#905,1.580474410923E-02,1.58E-02);
#905 = AXIS2_PLACEMENT_2D('',#906,#907);
#906 = CARTESIAN_POINT('',(-4.764705942666E-03,1.935024966371E-05));
#907 = DIRECTION('',(-1.,0.));
#908 = ( GEOMETRIC_REPRESENTATION_CONTEXT(2) 
PARAMETRIC_REPRESENTATION_CONTEXT() REPRESENTATION_CONTEXT('2D SPACE',''
  ) );
#909 = FACE_BOUND('',#910,.F.);
#910 = EDGE_LOOP('',(#911,#946,#980,#1013));
#911 = ORIENTED_EDGE('',*,*,#912,.T.);
#912 = EDGE_CURVE('',#913,#915,#917,.T.);
#913 = VERTEX_POINT('',#914);
#914 = CARTESIAN_POINT('',(-0.372056310822,-0.233971032611,
    -0.194845543278));
#915 = VERTEX_POINT('',#916);
#916 = CARTESIAN_POINT('',(-0.373853862095,-0.202641843182,-0.1948895965
    ));
#917 = SURFACE_CURVE('',#918,(#923,#934),.PCURVE_S1.);
#918 = ELLIPSE('',#919,1.580474410923E-02,1.58E-02);
#919 = AXIS2_PLACEMENT_3D('',#920,#921,#922);
#920 = CARTESIAN_POINT('',(-0.3711,-0.2182,-0.194822106632));
#921 = DIRECTION('',(2.4499995835E-02,2.2264494552E-16,-0.999699830051)
  );
#922 = DIRECTION('',(0.999699830051,9.084822532096E-15,2.4499995835E-02)
  );
#923 = PCURVE('',#362,#924);
#924 = DEFINITIONAL_REPRESENTATION('',(#925),#933);
#925 = B_SPLINE_CURVE_WITH_KNOTS('',6,(#926,#927,#928,#929,#930,#931,
    #932),.UNSPECIFIED.,.F.,.F.,(7,7),(0.265877396227,6.017307910953),
  .PIECEWISE_BEZIER_KNOTS.);
#926 = CARTESIAN_POINT('',(6.017307910953,-0.19444849634));
#927 = CARTESIAN_POINT('',(5.058736158499,-0.194546024638));
#928 = CARTESIAN_POINT('',(4.100164406044,-0.195037967351));
#929 = CARTESIAN_POINT('',(3.14159265359,-0.195937378072));
#930 = CARTESIAN_POINT('',(2.183020901135,-0.195037967351));
#931 = CARTESIAN_POINT('',(1.224449148681,-0.194546024638));
#932 = CARTESIAN_POINT('',(0.265877396227,-0.19444849634));
#933 = ( GEOMETRIC_REPRESENTATION_CONTEXT(2) 
PARAMETRIC_REPRESENTATION_CONTEXT() REPRESENTATION_CONTEXT('2D SPACE',''
  ) );
#934 = PCURVE('',#935,#940);
#935 = PLANE('',#936);
#936 = AXIS2_PLACEMENT_3D('',#937,#938,#939);
#937 = CARTESIAN_POINT('',(-0.374809483944,-0.218412900166,
    -0.194913016262));
#938 = DIRECTION('',(2.4499995835E-02,2.2264494552E-16,-0.999699830051)
  );
#939 = DIRECTION('',(-0.999699830051,6.04026317744E-34,-2.4499995835E-02
    ));
#940 = DEFINITIONAL_REPRESENTATION('',(#941),#945);
#941 = ELLIPSE('',#942,1.580474410923E-02,1.58E-02);
#942 = AXIS2_PLACEMENT_2D('',#943,#944);
#943 = CARTESIAN_POINT('',(-3.710597754248E-03,2.129001664425E-04));
#944 = DIRECTION('',(-1.,9.084822532096E-15));
#945 = ( GEOMETRIC_REPRESENTATION_CONTEXT(2) 
PARAMETRIC_REPRESENTATION_CONTEXT() REPRESENTATION_CONTEXT('2D SPACE',''
  ) );
#946 = ORIENTED_EDGE('',*,*,#947,.T.);
#947 = EDGE_CURVE('',#915,#948,#950,.T.);
#948 = VERTEX_POINT('',#949);
#949 = CARTESIAN_POINT('',(-0.374212902924,-0.202709685756,
    -0.147984313443));
#950 = SURFACE_CURVE('',#951,(#957,#966),.PCURVE_S1.);
#951 = B_SPLINE_CURVE_WITH_KNOTS('',4,(#952,#953,#954,#955,#956),
  .UNSPECIFIED.,.F.,.F.,(5,5),(0.,1.),.PIECEWISE_BEZIER_KNOTS.);
#952 = CARTESIAN_POINT('',(-0.373853858344,-0.202641842518,
    -0.194890196589));
#953 = CARTESIAN_POINT('',(-0.373926194416,-0.202654646303,
    -0.183316318231));
#954 = CARTESIAN_POINT('',(-0.37401368839,-0.202670599458,
    -0.171556490495));
#955 = CARTESIAN_POINT('',(-0.37410965754,-0.202688937731,
    -0.159812922094));
#956 = CARTESIAN_POINT('',(-0.374212908162,-0.202709686808,
    -0.147983713391));
#957 = PCURVE('',#362,#958);
#958 = DEFINITIONAL_REPRESENTATION('',(#959),#965);
#959 = B_SPLINE_CURVE_WITH_KNOTS('',4,(#960,#961,#962,#963,#964),
  .UNSPECIFIED.,.F.,.F.,(5,5),(0.,1.),.PIECEWISE_BEZIER_KNOTS.);
#960 = CARTESIAN_POINT('',(1.745985919993,-0.194890196589));
#961 = CARTESIAN_POINT('',(1.750635318358,-0.183316318231));
#962 = CARTESIAN_POINT('',(1.756264131558,-0.171556490495));
#963 = CARTESIAN_POINT('',(1.762447734582,-0.159812922094));
#964 = CARTESIAN_POINT('',(1.769113230654,-0.147983713391));
#965 = ( GEOMETRIC_REPRESENTATION_CONTEXT(2) 
PARAMETRIC_REPRESENTATION_CONTEXT() REPRESENTATION_CONTEXT('2D SPACE',''
  ) );
#966 = PCURVE('',#967,#972);
#967 = CYLINDRICAL_SURFACE('',#968,1.58E-02);
#968 = AXIS2_PLACEMENT_3D('',#969,#970,#971);
#969 = CARTESIAN_POINT('',(-0.374809483944,-0.218412900166,
    -0.194913016262));
#970 = DIRECTION('',(2.4499995835E-02,-1.362764378966E-20,
    -0.999699830051));
#971 = DIRECTION('',(0.99939975036,2.449998946567E-02,2.449264167633E-02
    ));
#972 = DEFINITIONAL_REPRESENTATION('',(#973),#979);
#973 = B_SPLINE_CURVE_WITH_KNOTS('',4,(#974,#975,#976,#977,#978),
  .UNSPECIFIED.,.F.,.F.,(5,5),(0.,1.),.PIECEWISE_BEZIER_KNOTS.);
#974 = CARTESIAN_POINT('',(4.797428252496,6.000000000034E-07));
#975 = CARTESIAN_POINT('',(4.810822763976,-1.157157646005E-02));
#976 = CARTESIAN_POINT('',(4.823559920567,-2.333001785154E-02));
#977 = CARTESIAN_POINT('',(4.83575171836,-3.507241243027E-02));
#978 = CARTESIAN_POINT('',(4.847634377705,-4.69006E-02));
#979 = ( GEOMETRIC_REPRESENTATION_CONTEXT(2) 
PARAMETRIC_REPRESENTATION_CONTEXT() REPRESENTATION_CONTEXT('2D SPACE',''
  ) );
#980 = ORIENTED_EDGE('',*,*,#981,.F.);
#981 = EDGE_CURVE('',#982,#948,#984,.T.);
#982 = VERTEX_POINT('',#983);
#983 = CARTESIAN_POINT('',(-0.372846419105,-0.233903185037,
    -0.147950824542));
#984 = SURFACE_CURVE('',#985,(#990,#1001),.PCURVE_S1.);
#985 = ELLIPSE('',#986,1.580474410923E-02,1.58E-02);
#986 = AXIS2_PLACEMENT_3D('',#987,#988,#989);
#987 = CARTESIAN_POINT('',(-0.3711,-0.2182,-0.147908024434));
#988 = DIRECTION('',(2.4499995835E-02,2.2264494552E-16,-0.999699830051)
  );
#989 = DIRECTION('',(0.999699830051,9.084822532096E-15,2.4499995835E-02)
  );
#990 = PCURVE('',#362,#991);
#991 = DEFINITIONAL_REPRESENTATION('',(#992),#1000);
#992 = B_SPLINE_CURVE_WITH_KNOTS('',6,(#993,#994,#995,#996,#997,#998,
    #999),.UNSPECIFIED.,.F.,.F.,(7,7),(0.468741232918,5.814444074262),
  .PIECEWISE_BEZIER_KNOTS.);
#993 = CARTESIAN_POINT('',(5.814444074262,-0.147562574311));
#994 = CARTESIAN_POINT('',(4.923493600705,-0.147718428445));
#995 = CARTESIAN_POINT('',(4.032543127147,-0.148193124014));
#996 = CARTESIAN_POINT('',(3.14159265359,-0.148866016024));
#997 = CARTESIAN_POINT('',(2.250642180032,-0.148193124014));
#998 = CARTESIAN_POINT('',(1.359691706475,-0.147718428445));
#999 = CARTESIAN_POINT('',(0.468741232918,-0.147562574311));
#1000 = ( GEOMETRIC_REPRESENTATION_CONTEXT(2) 
PARAMETRIC_REPRESENTATION_CONTEXT() REPRESENTATION_CONTEXT('2D SPACE',''
  ) );
#1001 = PCURVE('',#1002,#1007);
#1002 = PLANE('',#1003);
#1003 = AXIS2_PLACEMENT_3D('',#1004,#1005,#1006);
#1004 = CARTESIAN_POINT('',(-0.375958533749,-0.218412900166,
    -0.148027094232));
#1005 = DIRECTION('',(2.4499995835E-02,2.2264494552E-16,-0.999699830051)
  );
#1006 = DIRECTION('',(-0.999699830051,6.04026317744E-34,
    -2.4499995835E-02));
#1007 = DEFINITIONAL_REPRESENTATION('',(#1008),#1012);
#1008 = ELLIPSE('',#1009,1.580474410923E-02,1.58E-02);
#1009 = AXIS2_PLACEMENT_2D('',#1010,#1011);
#1010 = CARTESIAN_POINT('',(-4.859992572694E-03,2.129001664425E-04));
#1011 = DIRECTION('',(-1.,9.084822532096E-15));
#1012 = ( GEOMETRIC_REPRESENTATION_CONTEXT(2) 
PARAMETRIC_REPRESENTATION_CONTEXT() REPRESENTATION_CONTEXT('2D SPACE',''
  ) );
#1013 = ORIENTED_EDGE('',*,*,#1014,.T.);
#1014 = EDGE_CURVE('',#982,#913,#1015,.T.);
#1015 = SURFACE_CURVE('',#1016,(#1022,#1031),.PCURVE_S1.);
#1016 = B_SPLINE_CURVE_WITH_KNOTS('',4,(#1017,#1018,#1019,#1020,#1021),
  .UNSPECIFIED.,.F.,.F.,(5,5),(0.,1.),.PIECEWISE_BEZIER_KNOTS.);
#1017 = CARTESIAN_POINT('',(-0.372846428569,-0.233903183985,
    -0.147950224594));
#1018 = CARTESIAN_POINT('',(-0.372659888452,-0.233923930031,
    -0.159775313252));
#1019 = CARTESIAN_POINT('',(-0.372468113014,-0.233942272599,
    -0.171518389976));
#1020 = CARTESIAN_POINT('',(-0.372267476393,-0.233958228275,
    -0.183276657963));
#1021 = CARTESIAN_POINT('',(-0.372056299872,-0.233971033275,
    -0.19484614319));
#1022 = PCURVE('',#362,#1023);
#1023 = DEFINITIONAL_REPRESENTATION('',(#1024),#1030);
#1024 = B_SPLINE_CURVE_WITH_KNOTS('',4,(#1025,#1026,#1027,#1028,#1029),
  .UNSPECIFIED.,.F.,.F.,(5,5),(0.,1.),.PIECEWISE_BEZIER_KNOTS.);
#1025 = CARTESIAN_POINT('',(4.601629203722,-0.147950224594));
#1026 = CARTESIAN_POINT('',(4.613508330739,-0.159775313252));
#1027 = CARTESIAN_POINT('',(4.625700045239,-0.171518389976));
#1028 = CARTESIAN_POINT('',(4.63843650589,-0.183276657963));
#1029 = CARTESIAN_POINT('',(4.651826657112,-0.19484614319));
#1030 = ( GEOMETRIC_REPRESENTATION_CONTEXT(2) 
PARAMETRIC_REPRESENTATION_CONTEXT() REPRESENTATION_CONTEXT('2D SPACE',''
  ) );
#1031 = PCURVE('',#967,#1032);
#1032 = DEFINITIONAL_REPRESENTATION('',(#1033),#1039);
#1033 = B_SPLINE_CURVE_WITH_KNOTS('',4,(#1034,#1035,#1036,#1037,#1038),
  .UNSPECIFIED.,.F.,.F.,(5,5),(0.,1.),.PIECEWISE_BEZIER_KNOTS.);
#1034 = CARTESIAN_POINT('',(1.396972428253,-4.69006E-02));
#1035 = CARTESIAN_POINT('',(1.403636637941,-3.507449064589E-02));
#1036 = CARTESIAN_POINT('',(1.409821431012,-2.333024034387E-02));
#1037 = CARTESIAN_POINT('',(1.415450717179,-1.157058623857E-02));
#1038 = CARTESIAN_POINT('',(1.420100324412,6.000000000034E-07));
#1039 = ( GEOMETRIC_REPRESENTATION_CONTEXT(2) 
PARAMETRIC_REPRESENTATION_CONTEXT() REPRESENTATION_CONTEXT('2D SPACE',''
  ) );
#1040 = ADVANCED_FACE('',(#1041,#1283),#393,.F.);
#1041 = FACE_BOUND('',#1042,.F.);
#1042 = EDGE_LOOP('',(#1043,#1066,#1067,#1068,#1101,#1144,#1177,#1198,
    #1199,#1200,#1228,#1257));
#1043 = ORIENTED_EDGE('',*,*,#1044,.F.);
#1044 = EDGE_CURVE('',#377,#1045,#1047,.T.);
#1045 = VERTEX_POINT('',#1046);
#1046 = CARTESIAN_POINT('',(-0.3553,-4.45E-02,-0.147329650922));
#1047 = SEAM_CURVE('',#1048,(#1052,#1059),.PCURVE_S1.);
#1048 = LINE('',#1049,#1050);
#1049 = CARTESIAN_POINT('',(-0.3553,-4.45E-02,0.));
#1050 = VECTOR('',#1051,1.);
#1051 = DIRECTION('',(-0.,-0.,-1.));
#1052 = PCURVE('',#393,#1053);
#1053 = DEFINITIONAL_REPRESENTATION('',(#1054),#1058);
#1054 = LINE('',#1055,#1056);
#1055 = CARTESIAN_POINT('',(6.28318530718,0.));
#1056 = VECTOR('',#1057,1.);
#1057 = DIRECTION('',(0.,-1.));
#1058 = ( GEOMETRIC_REPRESENTATION_CONTEXT(2) 
PARAMETRIC_REPRESENTATION_CONTEXT() REPRESENTATION_CONTEXT('2D SPACE',''
  ) );
#1059 = PCURVE('',#393,#1060);
#1060 = DEFINITIONAL_REPRESENTATION('',(#1061),#1065);
#1061 = LINE('',#1062,#1063);
#1062 = CARTESIAN_POINT('',(0.,0.));
#1063 = VECTOR('',#1064,1.);
#1064 = DIRECTION('',(0.,-1.));
#1065 = ( GEOMETRIC_REPRESENTATION_CONTEXT(2) 
PARAMETRIC_REPRESENTATION_CONTEXT() REPRESENTATION_CONTEXT('2D SPACE',''
  ) );
#1066 = ORIENTED_EDGE('',*,*,#376,.F.);
#1067 = ORIENTED_EDGE('',*,*,#1044,.T.);
#1068 = ORIENTED_EDGE('',*,*,#1069,.F.);
#1069 = EDGE_CURVE('',#1070,#1045,#1072,.T.);
#1070 = VERTEX_POINT('',#1071);
#1071 = CARTESIAN_POINT('',(-0.377638409496,-3.011635646769E-02,
    -0.147877106192));
#1072 = SURFACE_CURVE('',#1073,(#1078,#1089),.PCURVE_S1.);
#1073 = ELLIPSE('',#1074,1.580474410923E-02,1.58E-02);
#1074 = AXIS2_PLACEMENT_3D('',#1075,#1076,#1077);
#1075 = CARTESIAN_POINT('',(-0.3711,-4.45E-02,-0.147716867087));
#1076 = DIRECTION('',(2.4499995835E-02,0.,-0.999699830051));
#1077 = DIRECTION('',(0.999699830051,0.,2.4499995835E-02));
#1078 = PCURVE('',#393,#1079);
#1079 = DEFINITIONAL_REPRESENTATION('',(#1080),#1088);
#1080 = B_SPLINE_CURVE_WITH_KNOTS('',6,(#1081,#1082,#1083,#1084,#1085,
    #1086,#1087),.UNSPECIFIED.,.F.,.F.,(7,7),(0.,6.28318530718),
  .PIECEWISE_BEZIER_KNOTS.);
#1081 = CARTESIAN_POINT('',(6.28318530718,-0.147329650922));
#1082 = CARTESIAN_POINT('',(5.235987755983,-0.147329650922));
#1083 = CARTESIAN_POINT('',(4.188790204786,-0.147805836538));
#1084 = CARTESIAN_POINT('',(3.14159265359,-0.149087691093));
#1085 = CARTESIAN_POINT('',(2.094395102393,-0.147805836538));
#1086 = CARTESIAN_POINT('',(1.047197551197,-0.147329650922));
#1087 = CARTESIAN_POINT('',(0.,-0.147329650922));
#1088 = ( GEOMETRIC_REPRESENTATION_CONTEXT(2) 
PARAMETRIC_REPRESENTATION_CONTEXT() REPRESENTATION_CONTEXT('2D SPACE',''
  ) );
#1089 = PCURVE('',#1090,#1095);
#1090 = PLANE('',#1091);
#1091 = AXIS2_PLACEMENT_3D('',#1092,#1093,#1094);
#1092 = CARTESIAN_POINT('',(-0.375863275721,-4.631935024966E-02,
    -0.147833602363));
#1093 = DIRECTION('',(2.4499995835E-02,-0.,-0.999699830051));
#1094 = DIRECTION('',(-0.999699830051,0.,-2.4499995835E-02));
#1095 = DEFINITIONAL_REPRESENTATION('',(#1096),#1100);
#1096 = ELLIPSE('',#1097,1.580474410923E-02,1.58E-02);
#1097 = AXIS2_PLACEMENT_2D('',#1098,#1099);
#1098 = CARTESIAN_POINT('',(-4.764705942666E-03,1.819350249664E-03));
#1099 = DIRECTION('',(-1.,0.));
#1100 = ( GEOMETRIC_REPRESENTATION_CONTEXT(2) 
PARAMETRIC_REPRESENTATION_CONTEXT() REPRESENTATION_CONTEXT('2D SPACE',''
  ) );
#1101 = ORIENTED_EDGE('',*,*,#1102,.T.);
#1102 = EDGE_CURVE('',#1070,#1103,#1105,.T.);
#1103 = VERTEX_POINT('',#1104);
#1104 = CARTESIAN_POINT('',(-0.378240590531,-3.040560512575E-02,
    -0.194805946252));
#1105 = SURFACE_CURVE('',#1106,(#1115,#1127),.PCURVE_S1.);
#1106 = B_SPLINE_CURVE_WITH_KNOTS('',4,(#1107,#1108,#1109,#1110,#1111,
    #1112,#1113,#1114),.UNSPECIFIED.,.F.,.F.,(5,3,5),(0.,0.176093745549,
    1.),.UNSPECIFIED.);
#1107 = CARTESIAN_POINT('',(-0.377638404824,-3.011635434417E-02,
    -0.147876505897));
#1108 = CARTESIAN_POINT('',(-0.377656555659,-3.012460520801E-02,
    -0.15020894459));
#1109 = CARTESIAN_POINT('',(-0.377675743621,-3.01333643672E-02,
    -0.152512559657));
#1110 = CARTESIAN_POINT('',(-0.37769596485,-3.014263969467E-02,
    -0.154786416034));
#1111 = CARTESIAN_POINT('',(-0.377816598153,-3.019827671183E-02,
    -0.167525967087));
#1112 = CARTESIAN_POINT('',(-0.377938238452,-3.025547231585E-02,
    -0.17734223741));
#1113 = CARTESIAN_POINT('',(-0.378081056652,-3.032478091113E-02,
    -0.186432702178));
#1114 = CARTESIAN_POINT('',(-0.378240601971,-3.040561092177E-02,
    -0.194806546712));
#1115 = PCURVE('',#393,#1116);
#1116 = DEFINITIONAL_REPRESENTATION('',(#1117),#1126);
#1117 = B_SPLINE_CURVE_WITH_KNOTS('',4,(#1118,#1119,#1120,#1121,#1122,
    #1123,#1124,#1125),.UNSPECIFIED.,.F.,.F.,(5,3,5),(0.,0.176093745549,
    1.),.UNSPECIFIED.);
#1118 = CARTESIAN_POINT('',(1.997445949417,-0.147876505897));
#1119 = CARTESIAN_POINT('',(1.998707857186,-0.15020894459));
#1120 = CARTESIAN_POINT('',(2.000042834735,-0.152512559657));
#1121 = CARTESIAN_POINT('',(2.001450870847,-0.154786416034));
#1122 = CARTESIAN_POINT('',(2.009858800648,-0.167525967087));
#1123 = CARTESIAN_POINT('',(2.018365993727,-0.17734223741));
#1124 = CARTESIAN_POINT('',(2.028411915853,-0.186432702178));
#1125 = CARTESIAN_POINT('',(2.039731691267,-0.194806546712));
#1126 = ( GEOMETRIC_REPRESENTATION_CONTEXT(2) 
PARAMETRIC_REPRESENTATION_CONTEXT() REPRESENTATION_CONTEXT('2D SPACE',''
  ) );
#1127 = PCURVE('',#1128,#1133);
#1128 = CYLINDRICAL_SURFACE('',#1129,1.63E-02);
#1129 = AXIS2_PLACEMENT_3D('',#1130,#1131,#1132);
#1130 = CARTESIAN_POINT('',(-0.374714225916,-4.631935024966E-02,
    -0.194719524392));
#1131 = DIRECTION('',(2.4499995835E-02,-1.362764378966E-20,
    -0.999699830051));
#1132 = DIRECTION('',(0.99939975036,2.449998946567E-02,
    2.449264167633E-02));
#1133 = DEFINITIONAL_REPRESENTATION('',(#1134),#1143);
#1134 = B_SPLINE_CURVE_WITH_KNOTS('',4,(#1135,#1136,#1137,#1138,#1139,
    #1140,#1141,#1142),.UNSPECIFIED.,.F.,.F.,(5,3,5),(0.,0.176093745549,
    1.),.UNSPECIFIED.);
#1135 = CARTESIAN_POINT('',(4.627739384741,-4.69006E-02));
#1136 = CARTESIAN_POINT('',(4.623092705537,-4.456930613062E-02));
#1137 = CARTESIAN_POINT('',(4.618422465535,-4.226685264379E-02));
#1138 = CARTESIAN_POINT('',(4.613729976717,-3.999417423027E-02));
#1139 = CARTESIAN_POINT('',(4.586964444327,-2.726140272334E-02));
#1140 = CARTESIAN_POINT('',(4.564483718308,-1.745105913658E-02));
#1141 = CARTESIAN_POINT('',(4.541672273077,-8.366822098701E-03));
#1142 = CARTESIAN_POINT('',(4.518757697379,6.000000000034E-07));
#1143 = ( GEOMETRIC_REPRESENTATION_CONTEXT(2) 
PARAMETRIC_REPRESENTATION_CONTEXT() REPRESENTATION_CONTEXT('2D SPACE',''
  ) );
#1144 = ORIENTED_EDGE('',*,*,#1145,.T.);
#1145 = EDGE_CURVE('',#1103,#1146,#1148,.T.);
#1146 = VERTEX_POINT('',#1147);
#1147 = CARTESIAN_POINT('',(-0.3553,-4.45E-02,-0.19424373312));
#1148 = SURFACE_CURVE('',#1149,(#1154,#1165),.PCURVE_S1.);
#1149 = ELLIPSE('',#1150,1.580474410923E-02,1.58E-02);
#1150 = AXIS2_PLACEMENT_3D('',#1151,#1152,#1153);
#1151 = CARTESIAN_POINT('',(-0.3711,-4.45E-02,-0.194630949285));
#1152 = DIRECTION('',(2.4499995835E-02,0.,-0.999699830051));
#1153 = DIRECTION('',(0.999699830051,0.,2.4499995835E-02));
#1154 = PCURVE('',#393,#1155);
#1155 = DEFINITIONAL_REPRESENTATION('',(#1156),#1164);
#1156 = B_SPLINE_CURVE_WITH_KNOTS('',6,(#1157,#1158,#1159,#1160,#1161,
    #1162,#1163),.UNSPECIFIED.,.F.,.F.,(7,7),(0.,6.28318530718),
  .PIECEWISE_BEZIER_KNOTS.);
#1157 = CARTESIAN_POINT('',(6.28318530718,-0.19424373312));
#1158 = CARTESIAN_POINT('',(5.235987755983,-0.19424373312));
#1159 = CARTESIAN_POINT('',(4.188790204786,-0.194719918735));
#1160 = CARTESIAN_POINT('',(3.14159265359,-0.196001773291));
#1161 = CARTESIAN_POINT('',(2.094395102393,-0.194719918735));
#1162 = CARTESIAN_POINT('',(1.047197551197,-0.19424373312));
#1163 = CARTESIAN_POINT('',(0.,-0.19424373312));
#1164 = ( GEOMETRIC_REPRESENTATION_CONTEXT(2) 
PARAMETRIC_REPRESENTATION_CONTEXT() REPRESENTATION_CONTEXT('2D SPACE',''
  ) );
#1165 = PCURVE('',#1166,#1171);
#1166 = PLANE('',#1167);
#1167 = AXIS2_PLACEMENT_3D('',#1168,#1169,#1170);
#1168 = CARTESIAN_POINT('',(-0.374714225916,-4.631935024966E-02,
    -0.194719524392));
#1169 = DIRECTION('',(2.4499995835E-02,-0.,-0.999699830051));
#1170 = DIRECTION('',(-0.999699830051,0.,-2.4499995835E-02));
#1171 = DEFINITIONAL_REPRESENTATION('',(#1172),#1176);
#1172 = ELLIPSE('',#1173,1.580474410923E-02,1.58E-02);
#1173 = AXIS2_PLACEMENT_2D('',#1174,#1175);
#1174 = CARTESIAN_POINT('',(-3.61531112422E-03,1.819350249664E-03));
#1175 = DIRECTION('',(-1.,0.));
#1176 = ( GEOMETRIC_REPRESENTATION_CONTEXT(2) 
PARAMETRIC_REPRESENTATION_CONTEXT() REPRESENTATION_CONTEXT('2D SPACE',''
  ) );
#1177 = ORIENTED_EDGE('',*,*,#1178,.T.);
#1178 = EDGE_CURVE('',#1146,#549,#1179,.T.);
#1179 = SEAM_CURVE('',#1180,(#1184,#1191),.PCURVE_S1.);
#1180 = LINE('',#1181,#1182);
#1181 = CARTESIAN_POINT('',(-0.3553,-4.45E-02,0.));
#1182 = VECTOR('',#1183,1.);
#1183 = DIRECTION('',(-0.,-0.,-1.));
#1184 = PCURVE('',#393,#1185);
#1185 = DEFINITIONAL_REPRESENTATION('',(#1186),#1190);
#1186 = LINE('',#1187,#1188);
#1187 = CARTESIAN_POINT('',(6.28318530718,0.));
#1188 = VECTOR('',#1189,1.);
#1189 = DIRECTION('',(0.,-1.));
#1190 = ( GEOMETRIC_REPRESENTATION_CONTEXT(2) 
PARAMETRIC_REPRESENTATION_CONTEXT() REPRESENTATION_CONTEXT('2D SPACE',''
  ) );
#1191 = PCURVE('',#393,#1192);
#1192 = DEFINITIONAL_REPRESENTATION('',(#1193),#1197);
#1193 = LINE('',#1194,#1195);
#1194 = CARTESIAN_POINT('',(0.,0.));
#1195 = VECTOR('',#1196,1.);
#1196 = DIRECTION('',(0.,-1.));
#1197 = ( GEOMETRIC_REPRESENTATION_CONTEXT(2) 
PARAMETRIC_REPRESENTATION_CONTEXT() REPRESENTATION_CONTEXT('2D SPACE',''
  ) );
#1198 = ORIENTED_EDGE('',*,*,#548,.T.);
#1199 = ORIENTED_EDGE('',*,*,#1178,.F.);
#1200 = ORIENTED_EDGE('',*,*,#1201,.T.);
#1201 = EDGE_CURVE('',#1146,#1202,#1204,.T.);
#1202 = VERTEX_POINT('',#1203);
#1203 = CARTESIAN_POINT('',(-0.364039025328,-5.863444858093E-02,
    -0.194457903492));
#1204 = SURFACE_CURVE('',#1205,(#1210,#1221),.PCURVE_S1.);
#1205 = ELLIPSE('',#1206,1.580474410923E-02,1.58E-02);
#1206 = AXIS2_PLACEMENT_3D('',#1207,#1208,#1209);
#1207 = CARTESIAN_POINT('',(-0.3711,-4.45E-02,-0.194630949285));
#1208 = DIRECTION('',(2.4499995835E-02,0.,-0.999699830051));
#1209 = DIRECTION('',(0.999699830051,0.,2.4499995835E-02));
#1210 = PCURVE('',#393,#1211);
#1211 = DEFINITIONAL_REPRESENTATION('',(#1212),#1220);
#1212 = B_SPLINE_CURVE_WITH_KNOTS('',6,(#1213,#1214,#1215,#1216,#1217,
    #1218,#1219),.UNSPECIFIED.,.F.,.F.,(7,7),(0.,6.28318530718),
  .PIECEWISE_BEZIER_KNOTS.);
#1213 = CARTESIAN_POINT('',(6.28318530718,-0.19424373312));
#1214 = CARTESIAN_POINT('',(5.235987755983,-0.19424373312));
#1215 = CARTESIAN_POINT('',(4.188790204786,-0.194719918735));
#1216 = CARTESIAN_POINT('',(3.14159265359,-0.196001773291));
#1217 = CARTESIAN_POINT('',(2.094395102393,-0.194719918735));
#1218 = CARTESIAN_POINT('',(1.047197551197,-0.19424373312));
#1219 = CARTESIAN_POINT('',(0.,-0.19424373312));
#1220 = ( GEOMETRIC_REPRESENTATION_CONTEXT(2) 
PARAMETRIC_REPRESENTATION_CONTEXT() REPRESENTATION_CONTEXT('2D SPACE',''
  ) );
#1221 = PCURVE('',#1166,#1222);
#1222 = DEFINITIONAL_REPRESENTATION('',(#1223),#1227);
#1223 = ELLIPSE('',#1224,1.580474410923E-02,1.58E-02);
#1224 = AXIS2_PLACEMENT_2D('',#1225,#1226);
#1225 = CARTESIAN_POINT('',(-3.61531112422E-03,1.819350249664E-03));
#1226 = DIRECTION('',(-1.,0.));
#1227 = ( GEOMETRIC_REPRESENTATION_CONTEXT(2) 
PARAMETRIC_REPRESENTATION_CONTEXT() REPRESENTATION_CONTEXT('2D SPACE',''
  ) );
#1228 = ORIENTED_EDGE('',*,*,#1229,.F.);
#1229 = EDGE_CURVE('',#1230,#1202,#1232,.T.);
#1230 = VERTEX_POINT('',#1231);
#1231 = CARTESIAN_POINT('',(-0.366389551594,-5.958150111272E-02,
    -0.147601426469));
#1232 = SURFACE_CURVE('',#1233,(#1239,#1248),.PCURVE_S1.);
#1233 = B_SPLINE_CURVE_WITH_KNOTS('',4,(#1234,#1235,#1236,#1237,#1238),
  .UNSPECIFIED.,.F.,.F.,(5,5),(0.,1.),.PIECEWISE_BEZIER_KNOTS.);
#1234 = CARTESIAN_POINT('',(-0.366389577702,-5.958150926727E-02,
    -0.147600826929));
#1235 = CARTESIAN_POINT('',(-0.36578448544,-5.939252021884E-02,
    -0.161495772184));
#1236 = CARTESIAN_POINT('',(-0.365187796749,-5.917069975324E-02,
    -0.173774160141));
#1237 = CARTESIAN_POINT('',(-0.364603494272,-5.891643519964E-02,
    -0.184698982745));
#1238 = CARTESIAN_POINT('',(-0.364038990662,-5.86344312632E-02,
    -0.194458502822));
#1239 = PCURVE('',#393,#1240);
#1240 = DEFINITIONAL_REPRESENTATION('',(#1241),#1247);
#1241 = B_SPLINE_CURVE_WITH_KNOTS('',4,(#1242,#1243,#1244,#1245,#1246),
  .UNSPECIFIED.,.F.,.F.,(5,5),(0.,1.),.PIECEWISE_BEZIER_KNOTS.);
#1242 = CARTESIAN_POINT('',(5.015119842298,-0.147600826929));
#1243 = CARTESIAN_POINT('',(5.055241308377,-0.161495772184));
#1244 = CARTESIAN_POINT('',(5.095473283493,-0.173774160141));
#1245 = CARTESIAN_POINT('',(5.135747064766,-0.184698982745));
#1246 = CARTESIAN_POINT('',(5.175685255322,-0.194458502822));
#1247 = ( GEOMETRIC_REPRESENTATION_CONTEXT(2) 
PARAMETRIC_REPRESENTATION_CONTEXT() REPRESENTATION_CONTEXT('2D SPACE',''
  ) );
#1248 = PCURVE('',#1128,#1249);
#1249 = DEFINITIONAL_REPRESENTATION('',(#1250),#1256);
#1250 = B_SPLINE_CURVE_WITH_KNOTS('',4,(#1251,#1252,#1253,#1254,#1255),
  .UNSPECIFIED.,.F.,.F.,(5,5),(0.,1.),.PIECEWISE_BEZIER_KNOTS.);
#1251 = CARTESIAN_POINT('',(0.974870232161,-4.69006E-02));
#1252 = CARTESIAN_POINT('',(0.954927436216,-3.299500083154E-02));
#1253 = CARTESIAN_POINT('',(0.932256340093,-2.070567960698E-02));
#1254 = CARTESIAN_POINT('',(0.907368528141,-9.769820898467E-03));
#1255 = CARTESIAN_POINT('',(0.880959772846,6.000000000034E-07));
#1256 = ( GEOMETRIC_REPRESENTATION_CONTEXT(2) 
PARAMETRIC_REPRESENTATION_CONTEXT() REPRESENTATION_CONTEXT('2D SPACE',''
  ) );
#1257 = ORIENTED_EDGE('',*,*,#1258,.F.);
#1258 = EDGE_CURVE('',#1045,#1230,#1259,.T.);
#1259 = SURFACE_CURVE('',#1260,(#1265,#1276),.PCURVE_S1.);
#1260 = ELLIPSE('',#1261,1.580474410923E-02,1.58E-02);
#1261 = AXIS2_PLACEMENT_3D('',#1262,#1263,#1264);
#1262 = CARTESIAN_POINT('',(-0.3711,-4.45E-02,-0.147716867087));
#1263 = DIRECTION('',(2.4499995835E-02,0.,-0.999699830051));
#1264 = DIRECTION('',(0.999699830051,0.,2.4499995835E-02));
#1265 = PCURVE('',#393,#1266);
#1266 = DEFINITIONAL_REPRESENTATION('',(#1267),#1275);
#1267 = B_SPLINE_CURVE_WITH_KNOTS('',6,(#1268,#1269,#1270,#1271,#1272,
    #1273,#1274),.UNSPECIFIED.,.F.,.F.,(7,7),(0.,6.28318530718),
  .PIECEWISE_BEZIER_KNOTS.);
#1268 = CARTESIAN_POINT('',(6.28318530718,-0.147329650922));
#1269 = CARTESIAN_POINT('',(5.235987755983,-0.147329650922));
#1270 = CARTESIAN_POINT('',(4.188790204786,-0.147805836538));
#1271 = CARTESIAN_POINT('',(3.14159265359,-0.149087691093));
#1272 = CARTESIAN_POINT('',(2.094395102393,-0.147805836538));
#1273 = CARTESIAN_POINT('',(1.047197551197,-0.147329650922));
#1274 = CARTESIAN_POINT('',(0.,-0.147329650922));
#1275 = ( GEOMETRIC_REPRESENTATION_CONTEXT(2) 
PARAMETRIC_REPRESENTATION_CONTEXT() REPRESENTATION_CONTEXT('2D SPACE',''
  ) );
#1276 = PCURVE('',#1090,#1277);
#1277 = DEFINITIONAL_REPRESENTATION('',(#1278),#1282);
#1278 = ELLIPSE('',#1279,1.580474410923E-02,1.58E-02);
#1279 = AXIS2_PLACEMENT_2D('',#1280,#1281);
#1280 = CARTESIAN_POINT('',(-4.764705942666E-03,1.819350249664E-03));
#1281 = DIRECTION('',(-1.,0.));
#1282 = ( GEOMETRIC_REPRESENTATION_CONTEXT(2) 
PARAMETRIC_REPRESENTATION_CONTEXT() REPRESENTATION_CONTEXT('2D SPACE',''
  ) );
#1283 = FACE_BOUND('',#1284,.F.);
#1284 = EDGE_LOOP('',(#1285,#1321,#1354,#1383));
#1285 = ORIENTED_EDGE('',*,*,#1286,.F.);
#1286 = EDGE_CURVE('',#1287,#1289,#1291,.T.);
#1287 = VERTEX_POINT('',#1288);
#1288 = CARTESIAN_POINT('',(-0.379493042823,-3.111355789703E-02,
    -0.148113715691));
#1289 = VERTEX_POINT('',#1290);
#1290 = CARTESIAN_POINT('',(-0.380424738678,-3.174503043599E-02,
    -0.195050631287));
#1291 = SURFACE_CURVE('',#1292,(#1298,#1307),.PCURVE_S1.);
#1292 = B_SPLINE_CURVE_WITH_KNOTS('',4,(#1293,#1294,#1295,#1296,#1297),
  .UNSPECIFIED.,.F.,.F.,(5,5),(0.,1.),.PIECEWISE_BEZIER_KNOTS.);
#1293 = CARTESIAN_POINT('',(-0.379493034326,-3.111355256961E-02,
    -0.148113115302));
#1294 = CARTESIAN_POINT('',(-0.379685521455,-3.123423814309E-02,
    -0.161714176802));
#1295 = CARTESIAN_POINT('',(-0.379909812882,-3.137992718726E-02,
    -0.173996986511));
#1296 = CARTESIAN_POINT('',(-0.38015972367,-3.155128617203E-02,
    -0.185073193247));
#1297 = CARTESIAN_POINT('',(-0.38042475463,-3.174504209796E-02,
    -0.195051231858));
#1298 = PCURVE('',#393,#1299);
#1299 = DEFINITIONAL_REPRESENTATION('',(#1300),#1306);
#1300 = B_SPLINE_CURVE_WITH_KNOTS('',4,(#1301,#1302,#1303,#1304,#1305),
  .UNSPECIFIED.,.F.,.F.,(5,5),(0.,1.),.PIECEWISE_BEZIER_KNOTS.);
#1301 = CARTESIAN_POINT('',(2.130818169528,-0.148113115302));
#1302 = CARTESIAN_POINT('',(2.145197423658,-0.161714176802));
#1303 = CARTESIAN_POINT('',(2.162122781692,-0.173996986511));
#1304 = CARTESIAN_POINT('',(2.18129245386,-0.185073193247));
#1305 = CARTESIAN_POINT('',(2.202071115993,-0.195051231858));
#1306 = ( GEOMETRIC_REPRESENTATION_CONTEXT(2) 
PARAMETRIC_REPRESENTATION_CONTEXT() REPRESENTATION_CONTEXT('2D SPACE',''
  ) );
#1307 = PCURVE('',#1308,#1313);
#1308 = CYLINDRICAL_SURFACE('',#1309,1.58E-02);
#1309 = AXIS2_PLACEMENT_3D('',#1310,#1311,#1312);
#1310 = CARTESIAN_POINT('',(-0.374809483944,-4.651290016644E-02,
    -0.194913016262));
#1311 = DIRECTION('',(2.4499995835E-02,-1.362764378966E-20,
    -0.999699830051));
#1312 = DIRECTION('',(0.99939975036,2.449998946567E-02,
    2.449264167633E-02));
#1313 = DEFINITIONAL_REPRESENTATION('',(#1314),#1320);
#1314 = B_SPLINE_CURVE_WITH_KNOTS('',4,(#1315,#1316,#1317,#1318,#1319),
  .UNSPECIFIED.,.F.,.F.,(5,5),(0.,1.),.PIECEWISE_BEZIER_KNOTS.);
#1315 = CARTESIAN_POINT('',(4.511211795051,-4.69006E-02));
#1316 = CARTESIAN_POINT('',(4.477076887879,-3.330833706448E-02));
#1317 = CARTESIAN_POINT('',(4.442619917151,-2.103470942439E-02));
#1318 = CARTESIAN_POINT('',(4.407932359389,-9.967950246251E-03));
#1319 = CARTESIAN_POINT('',(4.37343762708,6.000000000034E-07));
#1320 = ( GEOMETRIC_REPRESENTATION_CONTEXT(2) 
PARAMETRIC_REPRESENTATION_CONTEXT() REPRESENTATION_CONTEXT('2D SPACE',''
  ) );
#1321 = ORIENTED_EDGE('',*,*,#1322,.F.);
#1322 = EDGE_CURVE('',#1323,#1287,#1325,.T.);
#1323 = VERTEX_POINT('',#1324);
#1324 = CARTESIAN_POINT('',(-0.367570075812,-5.990063749413E-02,
    -0.147821515339));
#1325 = SURFACE_CURVE('',#1326,(#1331,#1342),.PCURVE_S1.);
#1326 = ELLIPSE('',#1327,1.580474410923E-02,1.58E-02);
#1327 = AXIS2_PLACEMENT_3D('',#1328,#1329,#1330);
#1328 = CARTESIAN_POINT('',(-0.3711,-4.45E-02,-0.147908024434));
#1329 = DIRECTION('',(2.4499995835E-02,2.215233412858E-16,
    -0.999699830051));
#1330 = DIRECTION('',(0.999699830051,9.039056501364E-15,2.4499995835E-02
    ));
#1331 = PCURVE('',#393,#1332);
#1332 = DEFINITIONAL_REPRESENTATION('',(#1333),#1341);
#1333 = B_SPLINE_CURVE_WITH_KNOTS('',6,(#1334,#1335,#1336,#1337,#1338,
    #1339,#1340),.UNSPECIFIED.,.F.,.F.,(7,7),(0.468741232918,
    5.814444074262),.PIECEWISE_BEZIER_KNOTS.);
#1334 = CARTESIAN_POINT('',(5.814444074262,-0.147562574311));
#1335 = CARTESIAN_POINT('',(4.923493600705,-0.147718428445));
#1336 = CARTESIAN_POINT('',(4.032543127147,-0.148193124014));
#1337 = CARTESIAN_POINT('',(3.14159265359,-0.148866016024));
#1338 = CARTESIAN_POINT('',(2.250642180032,-0.148193124014));
#1339 = CARTESIAN_POINT('',(1.359691706475,-0.147718428445));
#1340 = CARTESIAN_POINT('',(0.468741232918,-0.147562574311));
#1341 = ( GEOMETRIC_REPRESENTATION_CONTEXT(2) 
PARAMETRIC_REPRESENTATION_CONTEXT() REPRESENTATION_CONTEXT('2D SPACE',''
  ) );
#1342 = PCURVE('',#1343,#1348);
#1343 = PLANE('',#1344);
#1344 = AXIS2_PLACEMENT_3D('',#1345,#1346,#1347);
#1345 = CARTESIAN_POINT('',(-0.375958533749,-4.651290016644E-02,
    -0.148027094232));
#1346 = DIRECTION('',(2.4499995835E-02,2.215233412858E-16,
    -0.999699830051));
#1347 = DIRECTION('',(-0.999699830051,2.457987764078E-34,
    -2.4499995835E-02));
#1348 = DEFINITIONAL_REPRESENTATION('',(#1349),#1353);
#1349 = ELLIPSE('',#1350,1.580474410923E-02,1.58E-02);
#1350 = AXIS2_PLACEMENT_2D('',#1351,#1352);
#1351 = CARTESIAN_POINT('',(-4.859992572694E-03,2.012900166442E-03));
#1352 = DIRECTION('',(-1.,9.039056501364E-15));
#1353 = ( GEOMETRIC_REPRESENTATION_CONTEXT(2) 
PARAMETRIC_REPRESENTATION_CONTEXT() REPRESENTATION_CONTEXT('2D SPACE',''
  ) );
#1354 = ORIENTED_EDGE('',*,*,#1355,.T.);
#1355 = EDGE_CURVE('',#1323,#1356,#1358,.T.);
#1356 = VERTEX_POINT('',#1357);
#1357 = CARTESIAN_POINT('',(-0.365492399601,-5.927141894895E-02,
    -0.194684679194));
#1358 = SURFACE_CURVE('',#1359,(#1365,#1374),.PCURVE_S1.);
#1359 = B_SPLINE_CURVE_WITH_KNOTS('',4,(#1360,#1361,#1362,#1363,#1364),
  .UNSPECIFIED.,.F.,.F.,(5,5),(0.,1.),.PIECEWISE_BEZIER_KNOTS.);
#1360 = CARTESIAN_POINT('',(-0.367570098983,-5.990064280505E-02,
    -0.147820915727));
#1361 = CARTESIAN_POINT('',(-0.36704545479,-5.978039184589E-02,
    -0.161397529453));
#1362 = CARTESIAN_POINT('',(-0.366521258706,-5.963522759161E-02,
    -0.173660900204));
#1363 = CARTESIAN_POINT('',(-0.366000956334,-5.946448102028E-02,
    -0.184720960308));
#1364 = CARTESIAN_POINT('',(-0.365492369006,-5.927140733414E-02,
    -0.194685278624));
#1365 = PCURVE('',#393,#1366);
#1366 = DEFINITIONAL_REPRESENTATION('',(#1367),#1373);
#1367 = B_SPLINE_CURVE_WITH_KNOTS('',4,(#1368,#1369,#1370,#1371,#1372),
  .UNSPECIFIED.,.F.,.F.,(5,5),(0.,1.),.PIECEWISE_BEZIER_KNOTS.);
#1368 = CARTESIAN_POINT('',(4.937701975287,-0.147820915727));
#1369 = CARTESIAN_POINT('',(4.971768358048,-0.161397529453));
#1370 = CARTESIAN_POINT('',(5.006158315452,-0.173660900204));
#1371 = CARTESIAN_POINT('',(5.040779840346,-0.184720960308));
#1372 = CARTESIAN_POINT('',(5.075210366593,-0.194685278624));
#1373 = ( GEOMETRIC_REPRESENTATION_CONTEXT(2) 
PARAMETRIC_REPRESENTATION_CONTEXT() REPRESENTATION_CONTEXT('2D SPACE',''
  ) );
#1374 = PCURVE('',#1308,#1375);
#1375 = DEFINITIONAL_REPRESENTATION('',(#1376),#1382);
#1376 = B_SPLINE_CURVE_WITH_KNOTS('',4,(#1377,#1378,#1379,#1380,#1381),
  .UNSPECIFIED.,.F.,.F.,(5,5),(0.,1.),.PIECEWISE_BEZIER_KNOTS.);
#1377 = CARTESIAN_POINT('',(1.035431263627,-4.69006E-02));
#1378 = CARTESIAN_POINT('',(1.021100264326,-3.331520778448E-02));
#1379 = CARTESIAN_POINT('',(1.004230406101,-2.10426753269E-02));
#1380 = CARTESIAN_POINT('',(0.985120994137,-9.973187714992E-03));
#1381 = CARTESIAN_POINT('',(0.964404706207,6.000000000034E-07));
#1382 = ( GEOMETRIC_REPRESENTATION_CONTEXT(2) 
PARAMETRIC_REPRESENTATION_CONTEXT() REPRESENTATION_CONTEXT('2D SPACE',''
  ) );
#1383 = ORIENTED_EDGE('',*,*,#1384,.T.);
#1384 = EDGE_CURVE('',#1356,#1289,#1385,.T.);
#1385 = SURFACE_CURVE('',#1386,(#1391,#1402),.PCURVE_S1.);
#1386 = ELLIPSE('',#1387,1.580474410923E-02,1.58E-02);
#1387 = AXIS2_PLACEMENT_3D('',#1388,#1389,#1390);
#1388 = CARTESIAN_POINT('',(-0.3711,-4.45E-02,-0.194822106632));
#1389 = DIRECTION('',(2.4499995835E-02,2.215233412858E-16,
    -0.999699830051));
#1390 = DIRECTION('',(0.999699830051,9.039056501364E-15,2.4499995835E-02
    ));
#1391 = PCURVE('',#393,#1392);
#1392 = DEFINITIONAL_REPRESENTATION('',(#1393),#1401);
#1393 = B_SPLINE_CURVE_WITH_KNOTS('',6,(#1394,#1395,#1396,#1397,#1398,
    #1399,#1400),.UNSPECIFIED.,.F.,.F.,(7,7),(0.265877396226,
    6.017307910953),.PIECEWISE_BEZIER_KNOTS.);
#1394 = CARTESIAN_POINT('',(6.017307910953,-0.19444849634));
#1395 = CARTESIAN_POINT('',(5.058736158499,-0.194546024638));
#1396 = CARTESIAN_POINT('',(4.100164406044,-0.195037967351));
#1397 = CARTESIAN_POINT('',(3.14159265359,-0.195937378072));
#1398 = CARTESIAN_POINT('',(2.183020901135,-0.195037967351));
#1399 = CARTESIAN_POINT('',(1.224449148681,-0.194546024638));
#1400 = CARTESIAN_POINT('',(0.265877396226,-0.19444849634));
#1401 = ( GEOMETRIC_REPRESENTATION_CONTEXT(2) 
PARAMETRIC_REPRESENTATION_CONTEXT() REPRESENTATION_CONTEXT('2D SPACE',''
  ) );
#1402 = PCURVE('',#1403,#1408);
#1403 = PLANE('',#1404);
#1404 = AXIS2_PLACEMENT_3D('',#1405,#1406,#1407);
#1405 = CARTESIAN_POINT('',(-0.374809483944,-4.651290016644E-02,
    -0.194913016262));
#1406 = DIRECTION('',(2.4499995835E-02,2.215233412858E-16,
    -0.999699830051));
#1407 = DIRECTION('',(-0.999699830051,2.457987764078E-34,
    -2.4499995835E-02));
#1408 = DEFINITIONAL_REPRESENTATION('',(#1409),#1413);
#1409 = ELLIPSE('',#1410,1.580474410923E-02,1.58E-02);
#1410 = AXIS2_PLACEMENT_2D('',#1411,#1412);
#1411 = CARTESIAN_POINT('',(-3.710597754248E-03,2.012900166442E-03));
#1412 = DIRECTION('',(-1.,9.039056501364E-15));
#1413 = ( GEOMETRIC_REPRESENTATION_CONTEXT(2) 
PARAMETRIC_REPRESENTATION_CONTEXT() REPRESENTATION_CONTEXT('2D SPACE',''
  ) );
#1414 = ADVANCED_FACE('',(#1415),#424,.F.);
#1415 = FACE_BOUND('',#1416,.F.);
#1416 = EDGE_LOOP('',(#1417,#1438,#1439,#1440));
#1417 = ORIENTED_EDGE('',*,*,#1418,.T.);
#1418 = EDGE_CURVE('',#408,#575,#1419,.T.);
#1419 = SEAM_CURVE('',#1420,(#1424,#1431),.PCURVE_S1.);
#1420 = LINE('',#1421,#1422);
#1421 = CARTESIAN_POINT('',(-0.3632,-0.1314,0.));
#1422 = VECTOR('',#1423,1.);
#1423 = DIRECTION('',(-0.,-0.,-1.));
#1424 = PCURVE('',#424,#1425);
#1425 = DEFINITIONAL_REPRESENTATION('',(#1426),#1430);
#1426 = LINE('',#1427,#1428);
#1427 = CARTESIAN_POINT('',(0.,0.));
#1428 = VECTOR('',#1429,1.);
#1429 = DIRECTION('',(0.,-1.));
#1430 = ( GEOMETRIC_REPRESENTATION_CONTEXT(2) 
PARAMETRIC_REPRESENTATION_CONTEXT() REPRESENTATION_CONTEXT('2D SPACE',''
  ) );
#1431 = PCURVE('',#424,#1432);
#1432 = DEFINITIONAL_REPRESENTATION('',(#1433),#1437);
#1433 = LINE('',#1434,#1435);
#1434 = CARTESIAN_POINT('',(6.28318530718,0.));
#1435 = VECTOR('',#1436,1.);
#1436 = DIRECTION('',(0.,-1.));
#1437 = ( GEOMETRIC_REPRESENTATION_CONTEXT(2) 
PARAMETRIC_REPRESENTATION_CONTEXT() REPRESENTATION_CONTEXT('2D SPACE',''
  ) );
#1438 = ORIENTED_EDGE('',*,*,#574,.T.);
#1439 = ORIENTED_EDGE('',*,*,#1418,.F.);
#1440 = ORIENTED_EDGE('',*,*,#407,.F.);
#1441 = ADVANCED_FACE('',(#1442),#455,.F.);
#1442 = FACE_BOUND('',#1443,.F.);
#1443 = EDGE_LOOP('',(#1444,#1465,#1466,#1467));
#1444 = ORIENTED_EDGE('',*,*,#1445,.T.);
#1445 = EDGE_CURVE('',#439,#601,#1446,.T.);
#1446 = SEAM_CURVE('',#1447,(#1451,#1458),.PCURVE_S1.);
#1447 = LINE('',#1448,#1449);
#1448 = CARTESIAN_POINT('',(-2.37E-02,-0.1314,0.));
#1449 = VECTOR('',#1450,1.);
#1450 = DIRECTION('',(-0.,-0.,-1.));
#1451 = PCURVE('',#455,#1452);
#1452 = DEFINITIONAL_REPRESENTATION('',(#1453),#1457);
#1453 = LINE('',#1454,#1455);
#1454 = CARTESIAN_POINT('',(0.,0.));
#1455 = VECTOR('',#1456,1.);
#1456 = DIRECTION('',(0.,-1.));
#1457 = ( GEOMETRIC_REPRESENTATION_CONTEXT(2) 
PARAMETRIC_REPRESENTATION_CONTEXT() REPRESENTATION_CONTEXT('2D SPACE',''
  ) );
#1458 = PCURVE('',#455,#1459);
#1459 = DEFINITIONAL_REPRESENTATION('',(#1460),#1464);
#1460 = LINE('',#1461,#1462);
#1461 = CARTESIAN_POINT('',(6.28318530718,0.));
#1462 = VECTOR('',#1463,1.);
#1463 = DIRECTION('',(0.,-1.));
#1464 = ( GEOMETRIC_REPRESENTATION_CONTEXT(2) 
PARAMETRIC_REPRESENTATION_CONTEXT() REPRESENTATION_CONTEXT('2D SPACE',''
  ) );
#1465 = ORIENTED_EDGE('',*,*,#600,.T.);
#1466 = ORIENTED_EDGE('',*,*,#1445,.F.);
#1467 = ORIENTED_EDGE('',*,*,#438,.F.);
#1468 = ADVANCED_FACE('',(#1469,#1500),#707,.T.);
#1469 = FACE_BOUND('',#1470,.T.);
#1470 = EDGE_LOOP('',(#1471));
#1471 = ORIENTED_EDGE('',*,*,#1472,.T.);
#1472 = EDGE_CURVE('',#1473,#1473,#1475,.T.);
#1473 = VERTEX_POINT('',#1474);
#1474 = CARTESIAN_POINT('',(-0.352177501638,-0.217638700499,
    -0.147253126755));
#1475 = SURFACE_CURVE('',#1476,(#1481,#1488),.PCURVE_S1.);
#1476 = CIRCLE('',#1477,2.37E-02);
#1477 = AXIS2_PLACEMENT_3D('',#1478,#1479,#1480);
#1478 = CARTESIAN_POINT('',(-0.375863275721,-0.21821935025,
    -0.147833602363));
#1479 = DIRECTION('',(2.4499995835E-02,-1.362764378966E-20,
    -0.999699830051));
#1480 = DIRECTION('',(0.99939975036,2.449998946567E-02,
    2.449264167633E-02));
#1481 = PCURVE('',#707,#1482);
#1482 = DEFINITIONAL_REPRESENTATION('',(#1483),#1487);
#1483 = CIRCLE('',#1484,2.37E-02);
#1484 = AXIS2_PLACEMENT_2D('',#1485,#1486);
#1485 = CARTESIAN_POINT('',(5.549448845183E-17,0.));
#1486 = DIRECTION('',(-0.999699830207,2.449998946567E-02));
#1487 = ( GEOMETRIC_REPRESENTATION_CONTEXT(2) 
PARAMETRIC_REPRESENTATION_CONTEXT() REPRESENTATION_CONTEXT('2D SPACE',''
  ) );
#1488 = PCURVE('',#1489,#1494);
#1489 = CYLINDRICAL_SURFACE('',#1490,2.37E-02);
#1490 = AXIS2_PLACEMENT_3D('',#1491,#1492,#1493);
#1491 = CARTESIAN_POINT('',(-0.374714225916,-0.21821935025,
    -0.194719524392));
#1492 = DIRECTION('',(2.4499995835E-02,-1.362764378966E-20,
    -0.999699830051));
#1493 = DIRECTION('',(0.99939975036,2.449998946567E-02,
    2.449264167633E-02));
#1494 = DEFINITIONAL_REPRESENTATION('',(#1495),#1499);
#1495 = LINE('',#1496,#1497);
#1496 = CARTESIAN_POINT('',(0.,-4.69E-02));
#1497 = VECTOR('',#1498,1.);
#1498 = DIRECTION('',(1.,0.));
#1499 = ( GEOMETRIC_REPRESENTATION_CONTEXT(2) 
PARAMETRIC_REPRESENTATION_CONTEXT() REPRESENTATION_CONTEXT('2D SPACE',''
  ) );
#1500 = FACE_BOUND('',#1501,.T.);
#1501 = EDGE_LOOP('',(#1502,#1524,#1525));
#1502 = ORIENTED_EDGE('',*,*,#1503,.F.);
#1503 = EDGE_CURVE('',#847,#687,#1504,.T.);
#1504 = SURFACE_CURVE('',#1505,(#1510,#1517),.PCURVE_S1.);
#1505 = CIRCLE('',#1506,1.63E-02);
#1506 = AXIS2_PLACEMENT_3D('',#1507,#1508,#1509);
#1507 = CARTESIAN_POINT('',(-0.375863275721,-0.21821935025,
    -0.147833602363));
#1508 = DIRECTION('',(2.4499995835E-02,-1.362764378966E-20,
    -0.999699830051));
#1509 = DIRECTION('',(0.99939975036,2.449998946567E-02,
    2.449264167633E-02));
#1510 = PCURVE('',#707,#1511);
#1511 = DEFINITIONAL_REPRESENTATION('',(#1512),#1516);
#1512 = CIRCLE('',#1513,1.63E-02);
#1513 = AXIS2_PLACEMENT_2D('',#1514,#1515);
#1514 = CARTESIAN_POINT('',(5.549448845183E-17,0.));
#1515 = DIRECTION('',(-0.999699830207,2.449998946567E-02));
#1516 = ( GEOMETRIC_REPRESENTATION_CONTEXT(2) 
PARAMETRIC_REPRESENTATION_CONTEXT() REPRESENTATION_CONTEXT('2D SPACE',''
  ) );
#1517 = PCURVE('',#745,#1518);
#1518 = DEFINITIONAL_REPRESENTATION('',(#1519),#1523);
#1519 = LINE('',#1520,#1521);
#1520 = CARTESIAN_POINT('',(0.,-4.69E-02));
#1521 = VECTOR('',#1522,1.);
#1522 = DIRECTION('',(1.,0.));
#1523 = ( GEOMETRIC_REPRESENTATION_CONTEXT(2) 
PARAMETRIC_REPRESENTATION_CONTEXT() REPRESENTATION_CONTEXT('2D SPACE',''
  ) );
#1524 = ORIENTED_EDGE('',*,*,#884,.F.);
#1525 = ORIENTED_EDGE('',*,*,#686,.F.);
#1526 = ADVANCED_FACE('',(#1527),#745,.T.);
#1527 = FACE_BOUND('',#1528,.T.);
#1528 = EDGE_LOOP('',(#1529,#1551,#1552,#1553));
#1529 = ORIENTED_EDGE('',*,*,#1530,.F.);
#1530 = EDGE_CURVE('',#819,#720,#1531,.T.);
#1531 = SURFACE_CURVE('',#1532,(#1537,#1544),.PCURVE_S1.);
#1532 = CIRCLE('',#1533,1.63E-02);
#1533 = AXIS2_PLACEMENT_3D('',#1534,#1535,#1536);
#1534 = CARTESIAN_POINT('',(-0.374714225916,-0.21821935025,
    -0.194719524392));
#1535 = DIRECTION('',(2.4499995835E-02,-1.362764378966E-20,
    -0.999699830051));
#1536 = DIRECTION('',(0.99939975036,2.449998946567E-02,
    2.449264167633E-02));
#1537 = PCURVE('',#745,#1538);
#1538 = DEFINITIONAL_REPRESENTATION('',(#1539),#1543);
#1539 = LINE('',#1540,#1541);
#1540 = CARTESIAN_POINT('',(0.,0.));
#1541 = VECTOR('',#1542,1.);
#1542 = DIRECTION('',(1.,0.));
#1543 = ( GEOMETRIC_REPRESENTATION_CONTEXT(2) 
PARAMETRIC_REPRESENTATION_CONTEXT() REPRESENTATION_CONTEXT('2D SPACE',''
  ) );
#1544 = PCURVE('',#783,#1545);
#1545 = DEFINITIONAL_REPRESENTATION('',(#1546),#1550);
#1546 = CIRCLE('',#1547,1.63E-02);
#1547 = AXIS2_PLACEMENT_2D('',#1548,#1549);
#1548 = CARTESIAN_POINT('',(5.549448845183E-17,0.));
#1549 = DIRECTION('',(-0.999699830207,2.449998946567E-02));
#1550 = ( GEOMETRIC_REPRESENTATION_CONTEXT(2) 
PARAMETRIC_REPRESENTATION_CONTEXT() REPRESENTATION_CONTEXT('2D SPACE',''
  ) );
#1551 = ORIENTED_EDGE('',*,*,#846,.F.);
#1552 = ORIENTED_EDGE('',*,*,#1503,.T.);
#1553 = ORIENTED_EDGE('',*,*,#719,.F.);
#1554 = ADVANCED_FACE('',(#1555,#1585),#783,.F.);
#1555 = FACE_BOUND('',#1556,.F.);
#1556 = EDGE_LOOP('',(#1557));
#1557 = ORIENTED_EDGE('',*,*,#1558,.F.);
#1558 = EDGE_CURVE('',#1559,#1559,#1561,.T.);
#1559 = VERTEX_POINT('',#1560);
#1560 = CARTESIAN_POINT('',(-0.351028451833,-0.217638700499,
    -0.194139048785));
#1561 = SURFACE_CURVE('',#1562,(#1567,#1578),.PCURVE_S1.);
#1562 = CIRCLE('',#1563,2.37E-02);
#1563 = AXIS2_PLACEMENT_3D('',#1564,#1565,#1566);
#1564 = CARTESIAN_POINT('',(-0.374714225916,-0.21821935025,
    -0.194719524392));
#1565 = DIRECTION('',(-2.4499995835E-02,-4.292174367538E-18,
    0.999699830051));
#1566 = DIRECTION('',(0.99939975036,2.449998946567E-02,
    2.449264167633E-02));
#1567 = PCURVE('',#783,#1568);
#1568 = DEFINITIONAL_REPRESENTATION('',(#1569),#1577);
#1569 = ( BOUNDED_CURVE() B_SPLINE_CURVE(2,(#1570,#1571,#1572,#1573,
#1574,#1575,#1576),.UNSPECIFIED.,.T.,.F.) B_SPLINE_CURVE_WITH_KNOTS((1,2
    ,2,2,2,1),(-2.094395102393,0.,2.094395102393,4.188790204786,
6.28318530718,8.377580409573),.UNSPECIFIED.) CURVE() 
GEOMETRIC_REPRESENTATION_ITEM() RATIONAL_B_SPLINE_CURVE((1.,0.5,1.,0.5,
1.,0.5,1.)) REPRESENTATION_ITEM('') );
#1570 = CARTESIAN_POINT('',(-2.369288597591E-02,5.806497503363E-04));
#1571 = CARTESIAN_POINT('',(-2.268717110692E-02,4.161793203855E-02));
#1572 = CARTESIAN_POINT('',(1.234930042245E-02,2.022831626894E-02));
#1573 = CARTESIAN_POINT('',(4.738577195182E-02,-1.161299500673E-03));
#1574 = CARTESIAN_POINT('',(1.134358555346E-02,-2.080896601927E-02));
#1575 = CARTESIAN_POINT('',(-2.469860084489E-02,-4.045663253787E-02));
#1576 = CARTESIAN_POINT('',(-2.369288597591E-02,5.806497503363E-04));
#1577 = ( GEOMETRIC_REPRESENTATION_CONTEXT(2) 
PARAMETRIC_REPRESENTATION_CONTEXT() REPRESENTATION_CONTEXT('2D SPACE',''
  ) );
#1578 = PCURVE('',#1489,#1579);
#1579 = DEFINITIONAL_REPRESENTATION('',(#1580),#1584);
#1580 = LINE('',#1581,#1582);
#1581 = CARTESIAN_POINT('',(6.28318530718,0.));
#1582 = VECTOR('',#1583,1.);
#1583 = DIRECTION('',(-1.,-0.));
#1584 = ( GEOMETRIC_REPRESENTATION_CONTEXT(2) 
PARAMETRIC_REPRESENTATION_CONTEXT() REPRESENTATION_CONTEXT('2D SPACE',''
  ) );
#1585 = FACE_BOUND('',#1586,.F.);
#1586 = EDGE_LOOP('',(#1587,#1588,#1589));
#1587 = ORIENTED_EDGE('',*,*,#1530,.F.);
#1588 = ORIENTED_EDGE('',*,*,#818,.F.);
#1589 = ORIENTED_EDGE('',*,*,#762,.F.);
#1590 = ADVANCED_FACE('',(#1591),#935,.F.);
#1591 = FACE_BOUND('',#1592,.F.);
#1592 = EDGE_LOOP('',(#1593,#1594));
#1593 = ORIENTED_EDGE('',*,*,#912,.F.);
#1594 = ORIENTED_EDGE('',*,*,#1595,.F.);
#1595 = EDGE_CURVE('',#915,#913,#1596,.T.);
#1596 = SURFACE_CURVE('',#1597,(#1602,#1613),.PCURVE_S1.);
#1597 = CIRCLE('',#1598,1.58E-02);
#1598 = AXIS2_PLACEMENT_3D('',#1599,#1600,#1601);
#1599 = CARTESIAN_POINT('',(-0.374809483944,-0.218412900166,
    -0.194913016262));
#1600 = DIRECTION('',(-2.4499995835E-02,1.744876169676E-16,
    0.999699830051));
#1601 = DIRECTION('',(6.048239553712E-02,0.99816816355,1.48226336967E-03
    ));
#1602 = PCURVE('',#935,#1603);
#1603 = DEFINITIONAL_REPRESENTATION('',(#1604),#1612);
#1604 = ( BOUNDED_CURVE() B_SPLINE_CURVE(2,(#1605,#1606,#1607,#1608,
#1609,#1610,#1611),.UNSPECIFIED.,.T.,.F.) B_SPLINE_CURVE_WITH_KNOTS((1,2
    ,2,2,2,1),(-2.094395102393,0.,2.094395102393,4.188790204786,
6.28318530718,8.377580409573),.UNSPECIFIED.) CURVE() 
GEOMETRIC_REPRESENTATION_ITEM() RATIONAL_B_SPLINE_CURVE((1.,0.5,1.,0.5,
1.,0.5,1.)) REPRESENTATION_ITEM('') );
#1605 = CARTESIAN_POINT('',(-9.559087845776E-04,1.577105698409E-02));
#1606 = CARTESIAN_POINT('',(2.636036320094E-02,1.742673956638E-02));
#1607 = CARTESIAN_POINT('',(1.413609038505E-02,-7.057687200902E-03));
#1608 = CARTESIAN_POINT('',(1.911817569155E-03,-3.154211396819E-02));
#1609 = CARTESIAN_POINT('',(-1.318018160047E-02,-8.713369783192E-03));
#1610 = CARTESIAN_POINT('',(-2.827218077009E-02,1.411537440181E-02));
#1611 = CARTESIAN_POINT('',(-9.559087845776E-04,1.577105698409E-02));
#1612 = ( GEOMETRIC_REPRESENTATION_CONTEXT(2) 
PARAMETRIC_REPRESENTATION_CONTEXT() REPRESENTATION_CONTEXT('2D SPACE',''
  ) );
#1613 = PCURVE('',#967,#1614);
#1614 = DEFINITIONAL_REPRESENTATION('',(#1615),#1619);
#1615 = LINE('',#1616,#1617);
#1616 = CARTESIAN_POINT('',(4.797428946981,0.));
#1617 = VECTOR('',#1618,1.);
#1618 = DIRECTION('',(-1.,-0.));
#1619 = ( GEOMETRIC_REPRESENTATION_CONTEXT(2) 
PARAMETRIC_REPRESENTATION_CONTEXT() REPRESENTATION_CONTEXT('2D SPACE',''
  ) );
#1620 = ADVANCED_FACE('',(#1621),#967,.F.);
#1621 = FACE_BOUND('',#1622,.F.);
#1622 = EDGE_LOOP('',(#1623,#1624,#1625,#1647));
#1623 = ORIENTED_EDGE('',*,*,#1595,.T.);
#1624 = ORIENTED_EDGE('',*,*,#1014,.F.);
#1625 = ORIENTED_EDGE('',*,*,#1626,.T.);
#1626 = EDGE_CURVE('',#982,#948,#1627,.T.);
#1627 = SURFACE_CURVE('',#1628,(#1633,#1640),.PCURVE_S1.);
#1628 = CIRCLE('',#1629,1.58E-02);
#1629 = AXIS2_PLACEMENT_3D('',#1630,#1631,#1632);
#1630 = CARTESIAN_POINT('',(-0.375958533749,-0.218412900166,
    -0.148027094232));
#1631 = DIRECTION('',(2.4499995835E-02,-1.362764378966E-20,
    -0.999699830051));
#1632 = DIRECTION('',(0.99939975036,2.449998946567E-02,
    2.449264167633E-02));
#1633 = PCURVE('',#967,#1634);
#1634 = DEFINITIONAL_REPRESENTATION('',(#1635),#1639);
#1635 = LINE('',#1636,#1637);
#1636 = CARTESIAN_POINT('',(0.,-4.69E-02));
#1637 = VECTOR('',#1638,1.);
#1638 = DIRECTION('',(1.,0.));
#1639 = ( GEOMETRIC_REPRESENTATION_CONTEXT(2) 
PARAMETRIC_REPRESENTATION_CONTEXT() REPRESENTATION_CONTEXT('2D SPACE',''
  ) );
#1640 = PCURVE('',#1002,#1641);
#1641 = DEFINITIONAL_REPRESENTATION('',(#1642),#1646);
#1642 = CIRCLE('',#1643,1.58E-02);
#1643 = AXIS2_PLACEMENT_2D('',#1644,#1645);
#1644 = CARTESIAN_POINT('',(1.676509813597E-50,2.775557561563E-17));
#1645 = DIRECTION('',(-0.999699830207,2.449998946567E-02));
#1646 = ( GEOMETRIC_REPRESENTATION_CONTEXT(2) 
PARAMETRIC_REPRESENTATION_CONTEXT() REPRESENTATION_CONTEXT('2D SPACE',''
  ) );
#1647 = ORIENTED_EDGE('',*,*,#947,.F.);
#1648 = ADVANCED_FACE('',(#1649),#1002,.T.);
#1649 = FACE_BOUND('',#1650,.T.);
#1650 = EDGE_LOOP('',(#1651,#1652));
#1651 = ORIENTED_EDGE('',*,*,#981,.F.);
#1652 = ORIENTED_EDGE('',*,*,#1626,.T.);
#1653 = ADVANCED_FACE('',(#1654,#1685),#1090,.T.);
#1654 = FACE_BOUND('',#1655,.T.);
#1655 = EDGE_LOOP('',(#1656));
#1656 = ORIENTED_EDGE('',*,*,#1657,.T.);
#1657 = EDGE_CURVE('',#1658,#1658,#1660,.T.);
#1658 = VERTEX_POINT('',#1659);
#1659 = CARTESIAN_POINT('',(-0.352177501638,-4.573870049933E-02,
    -0.147253126755));
#1660 = SURFACE_CURVE('',#1661,(#1666,#1673),.PCURVE_S1.);
#1661 = CIRCLE('',#1662,2.37E-02);
#1662 = AXIS2_PLACEMENT_3D('',#1663,#1664,#1665);
#1663 = CARTESIAN_POINT('',(-0.375863275721,-4.631935024966E-02,
    -0.147833602363));
#1664 = DIRECTION('',(2.4499995835E-02,-1.362764378966E-20,
    -0.999699830051));
#1665 = DIRECTION('',(0.99939975036,2.449998946567E-02,
    2.449264167633E-02));
#1666 = PCURVE('',#1090,#1667);
#1667 = DEFINITIONAL_REPRESENTATION('',(#1668),#1672);
#1668 = CIRCLE('',#1669,2.37E-02);
#1669 = AXIS2_PLACEMENT_2D('',#1670,#1671);
#1670 = CARTESIAN_POINT('',(5.549448845183E-17,-6.938893903907E-18));
#1671 = DIRECTION('',(-0.999699830207,2.449998946567E-02));
#1672 = ( GEOMETRIC_REPRESENTATION_CONTEXT(2) 
PARAMETRIC_REPRESENTATION_CONTEXT() REPRESENTATION_CONTEXT('2D SPACE',''
  ) );
#1673 = PCURVE('',#1674,#1679);
#1674 = CYLINDRICAL_SURFACE('',#1675,2.37E-02);
#1675 = AXIS2_PLACEMENT_3D('',#1676,#1677,#1678);
#1676 = CARTESIAN_POINT('',(-0.374714225916,-4.631935024966E-02,
    -0.194719524392));
#1677 = DIRECTION('',(2.4499995835E-02,-1.362764378966E-20,
    -0.999699830051));
#1678 = DIRECTION('',(0.99939975036,2.449998946567E-02,
    2.449264167633E-02));
#1679 = DEFINITIONAL_REPRESENTATION('',(#1680),#1684);
#1680 = LINE('',#1681,#1682);
#1681 = CARTESIAN_POINT('',(0.,-4.69E-02));
#1682 = VECTOR('',#1683,1.);
#1683 = DIRECTION('',(1.,0.));
#1684 = ( GEOMETRIC_REPRESENTATION_CONTEXT(2) 
PARAMETRIC_REPRESENTATION_CONTEXT() REPRESENTATION_CONTEXT('2D SPACE',''
  ) );
#1685 = FACE_BOUND('',#1686,.T.);
#1686 = EDGE_LOOP('',(#1687,#1709,#1710));
#1687 = ORIENTED_EDGE('',*,*,#1688,.F.);
#1688 = EDGE_CURVE('',#1230,#1070,#1689,.T.);
#1689 = SURFACE_CURVE('',#1690,(#1695,#1702),.PCURVE_S1.);
#1690 = CIRCLE('',#1691,1.63E-02);
#1691 = AXIS2_PLACEMENT_3D('',#1692,#1693,#1694);
#1692 = CARTESIAN_POINT('',(-0.375863275721,-4.631935024966E-02,
    -0.147833602363));
#1693 = DIRECTION('',(2.4499995835E-02,-1.362764378966E-20,
    -0.999699830051));
#1694 = DIRECTION('',(0.99939975036,2.449998946567E-02,
    2.449264167633E-02));
#1695 = PCURVE('',#1090,#1696);
#1696 = DEFINITIONAL_REPRESENTATION('',(#1697),#1701);
#1697 = CIRCLE('',#1698,1.63E-02);
#1698 = AXIS2_PLACEMENT_2D('',#1699,#1700);
#1699 = CARTESIAN_POINT('',(5.549448845183E-17,-6.938893903907E-18));
#1700 = DIRECTION('',(-0.999699830207,2.449998946567E-02));
#1701 = ( GEOMETRIC_REPRESENTATION_CONTEXT(2) 
PARAMETRIC_REPRESENTATION_CONTEXT() REPRESENTATION_CONTEXT('2D SPACE',''
  ) );
#1702 = PCURVE('',#1128,#1703);
#1703 = DEFINITIONAL_REPRESENTATION('',(#1704),#1708);
#1704 = LINE('',#1705,#1706);
#1705 = CARTESIAN_POINT('',(0.,-4.69E-02));
#1706 = VECTOR('',#1707,1.);
#1707 = DIRECTION('',(1.,0.));
#1708 = ( GEOMETRIC_REPRESENTATION_CONTEXT(2) 
PARAMETRIC_REPRESENTATION_CONTEXT() REPRESENTATION_CONTEXT('2D SPACE',''
  ) );
#1709 = ORIENTED_EDGE('',*,*,#1258,.F.);
#1710 = ORIENTED_EDGE('',*,*,#1069,.F.);
#1711 = ADVANCED_FACE('',(#1712),#1128,.T.);
#1712 = FACE_BOUND('',#1713,.T.);
#1713 = EDGE_LOOP('',(#1714,#1736,#1737,#1738));
#1714 = ORIENTED_EDGE('',*,*,#1715,.F.);
#1715 = EDGE_CURVE('',#1202,#1103,#1716,.T.);
#1716 = SURFACE_CURVE('',#1717,(#1722,#1729),.PCURVE_S1.);
#1717 = CIRCLE('',#1718,1.63E-02);
#1718 = AXIS2_PLACEMENT_3D('',#1719,#1720,#1721);
#1719 = CARTESIAN_POINT('',(-0.374714225916,-4.631935024966E-02,
    -0.194719524392));
#1720 = DIRECTION('',(2.4499995835E-02,-1.362764378966E-20,
    -0.999699830051));
#1721 = DIRECTION('',(0.99939975036,2.449998946567E-02,
    2.449264167633E-02));
#1722 = PCURVE('',#1128,#1723);
#1723 = DEFINITIONAL_REPRESENTATION('',(#1724),#1728);
#1724 = LINE('',#1725,#1726);
#1725 = CARTESIAN_POINT('',(0.,0.));
#1726 = VECTOR('',#1727,1.);
#1727 = DIRECTION('',(1.,0.));
#1728 = ( GEOMETRIC_REPRESENTATION_CONTEXT(2) 
PARAMETRIC_REPRESENTATION_CONTEXT() REPRESENTATION_CONTEXT('2D SPACE',''
  ) );
#1729 = PCURVE('',#1166,#1730);
#1730 = DEFINITIONAL_REPRESENTATION('',(#1731),#1735);
#1731 = CIRCLE('',#1732,1.63E-02);
#1732 = AXIS2_PLACEMENT_2D('',#1733,#1734);
#1733 = CARTESIAN_POINT('',(5.549448845183E-17,-6.938893903907E-18));
#1734 = DIRECTION('',(-0.999699830207,2.449998946567E-02));
#1735 = ( GEOMETRIC_REPRESENTATION_CONTEXT(2) 
PARAMETRIC_REPRESENTATION_CONTEXT() REPRESENTATION_CONTEXT('2D SPACE',''
  ) );
#1736 = ORIENTED_EDGE('',*,*,#1229,.F.);
#1737 = ORIENTED_EDGE('',*,*,#1688,.T.);
#1738 = ORIENTED_EDGE('',*,*,#1102,.T.);
#1739 = ADVANCED_FACE('',(#1740,#1770),#1166,.F.);
#1740 = FACE_BOUND('',#1741,.F.);
#1741 = EDGE_LOOP('',(#1742));
#1742 = ORIENTED_EDGE('',*,*,#1743,.F.);
#1743 = EDGE_CURVE('',#1744,#1744,#1746,.T.);
#1744 = VERTEX_POINT('',#1745);
#1745 = CARTESIAN_POINT('',(-0.351028451833,-4.573870049933E-02,
    -0.194139048785));
#1746 = SURFACE_CURVE('',#1747,(#1752,#1763),.PCURVE_S1.);
#1747 = CIRCLE('',#1748,2.37E-02);
#1748 = AXIS2_PLACEMENT_3D('',#1749,#1750,#1751);
#1749 = CARTESIAN_POINT('',(-0.374714225916,-4.631935024966E-02,
    -0.194719524392));
#1750 = DIRECTION('',(-2.4499995835E-02,-5.34343595193E-18,
    0.999699830051));
#1751 = DIRECTION('',(0.99939975036,2.449998946567E-02,
    2.449264167633E-02));
#1752 = PCURVE('',#1166,#1753);
#1753 = DEFINITIONAL_REPRESENTATION('',(#1754),#1762);
#1754 = ( BOUNDED_CURVE() B_SPLINE_CURVE(2,(#1755,#1756,#1757,#1758,
#1759,#1760,#1761),.UNSPECIFIED.,.T.,.F.) B_SPLINE_CURVE_WITH_KNOTS((1,2
    ,2,2,2,1),(-2.094395102393,0.,2.094395102393,4.188790204786,
6.28318530718,8.377580409573),.UNSPECIFIED.) CURVE() 
GEOMETRIC_REPRESENTATION_ITEM() RATIONAL_B_SPLINE_CURVE((1.,0.5,1.,0.5,
1.,0.5,1.)) REPRESENTATION_ITEM('') );
#1755 = CARTESIAN_POINT('',(-2.369288597591E-02,5.806497503363E-04));
#1756 = CARTESIAN_POINT('',(-2.268717110692E-02,4.161793203855E-02));
#1757 = CARTESIAN_POINT('',(1.234930042245E-02,2.022831626894E-02));
#1758 = CARTESIAN_POINT('',(4.738577195182E-02,-1.161299500673E-03));
#1759 = CARTESIAN_POINT('',(1.134358555346E-02,-2.080896601927E-02));
#1760 = CARTESIAN_POINT('',(-2.469860084489E-02,-4.045663253787E-02));
#1761 = CARTESIAN_POINT('',(-2.369288597591E-02,5.806497503363E-04));
#1762 = ( GEOMETRIC_REPRESENTATION_CONTEXT(2) 
PARAMETRIC_REPRESENTATION_CONTEXT() REPRESENTATION_CONTEXT('2D SPACE',''
  ) );
#1763 = PCURVE('',#1674,#1764);
#1764 = DEFINITIONAL_REPRESENTATION('',(#1765),#1769);
#1765 = LINE('',#1766,#1767);
#1766 = CARTESIAN_POINT('',(6.28318530718,0.));
#1767 = VECTOR('',#1768,1.);
#1768 = DIRECTION('',(-1.,-0.));
#1769 = ( GEOMETRIC_REPRESENTATION_CONTEXT(2) 
PARAMETRIC_REPRESENTATION_CONTEXT() REPRESENTATION_CONTEXT('2D SPACE',''
  ) );
#1770 = FACE_BOUND('',#1771,.F.);
#1771 = EDGE_LOOP('',(#1772,#1773,#1774));
#1772 = ORIENTED_EDGE('',*,*,#1715,.F.);
#1773 = ORIENTED_EDGE('',*,*,#1201,.F.);
#1774 = ORIENTED_EDGE('',*,*,#1145,.F.);
#1775 = ADVANCED_FACE('',(#1776),#1308,.F.);
#1776 = FACE_BOUND('',#1777,.F.);
#1777 = EDGE_LOOP('',(#1778,#1800,#1801,#1823));
#1778 = ORIENTED_EDGE('',*,*,#1779,.F.);
#1779 = EDGE_CURVE('',#1356,#1289,#1780,.T.);
#1780 = SURFACE_CURVE('',#1781,(#1786,#1793),.PCURVE_S1.);
#1781 = CIRCLE('',#1782,1.58E-02);
#1782 = AXIS2_PLACEMENT_3D('',#1783,#1784,#1785);
#1783 = CARTESIAN_POINT('',(-0.374809483944,-4.651290016644E-02,
    -0.194913016262));
#1784 = DIRECTION('',(2.4499995835E-02,-1.488453134311E-15,
    -0.999699830051));
#1785 = DIRECTION('',(0.589688882487,-0.807501188766,1.445171313487E-02)
  );
#1786 = PCURVE('',#1308,#1787);
#1787 = DEFINITIONAL_REPRESENTATION('',(#1788),#1792);
#1788 = LINE('',#1789,#1790);
#1789 = CARTESIAN_POINT('',(0.964405952446,0.));
#1790 = VECTOR('',#1791,1.);
#1791 = DIRECTION('',(1.,0.));
#1792 = ( GEOMETRIC_REPRESENTATION_CONTEXT(2) 
PARAMETRIC_REPRESENTATION_CONTEXT() REPRESENTATION_CONTEXT('2D SPACE',''
  ) );
#1793 = PCURVE('',#1403,#1794);
#1794 = DEFINITIONAL_REPRESENTATION('',(#1795),#1799);
#1795 = CIRCLE('',#1796,1.58E-02);
#1796 = AXIS2_PLACEMENT_2D('',#1797,#1798);
#1797 = CARTESIAN_POINT('',(1.705571631204E-51,6.938893903907E-18));
#1798 = DIRECTION('',(-0.589865942517,-0.807501188766));
#1799 = ( GEOMETRIC_REPRESENTATION_CONTEXT(2) 
PARAMETRIC_REPRESENTATION_CONTEXT() REPRESENTATION_CONTEXT('2D SPACE',''
  ) );
#1800 = ORIENTED_EDGE('',*,*,#1355,.F.);
#1801 = ORIENTED_EDGE('',*,*,#1802,.T.);
#1802 = EDGE_CURVE('',#1323,#1287,#1803,.T.);
#1803 = SURFACE_CURVE('',#1804,(#1809,#1816),.PCURVE_S1.);
#1804 = CIRCLE('',#1805,1.58E-02);
#1805 = AXIS2_PLACEMENT_3D('',#1806,#1807,#1808);
#1806 = CARTESIAN_POINT('',(-0.375958533749,-4.651290016644E-02,
    -0.148027094232));
#1807 = DIRECTION('',(2.4499995835E-02,-1.362764378966E-20,
    -0.999699830051));
#1808 = DIRECTION('',(0.99939975036,2.449998946567E-02,
    2.449264167633E-02));
#1809 = PCURVE('',#1308,#1810);
#1810 = DEFINITIONAL_REPRESENTATION('',(#1811),#1815);
#1811 = LINE('',#1812,#1813);
#1812 = CARTESIAN_POINT('',(0.,-4.69E-02));
#1813 = VECTOR('',#1814,1.);
#1814 = DIRECTION('',(1.,0.));
#1815 = ( GEOMETRIC_REPRESENTATION_CONTEXT(2) 
PARAMETRIC_REPRESENTATION_CONTEXT() REPRESENTATION_CONTEXT('2D SPACE',''
  ) );
#1816 = PCURVE('',#1343,#1817);
#1817 = DEFINITIONAL_REPRESENTATION('',(#1818),#1822);
#1818 = CIRCLE('',#1819,1.58E-02);
#1819 = AXIS2_PLACEMENT_2D('',#1820,#1821);
#1820 = CARTESIAN_POINT('',(1.705571631204E-51,6.938893903907E-18));
#1821 = DIRECTION('',(-0.999699830207,2.449998946567E-02));
#1822 = ( GEOMETRIC_REPRESENTATION_CONTEXT(2) 
PARAMETRIC_REPRESENTATION_CONTEXT() REPRESENTATION_CONTEXT('2D SPACE',''
  ) );
#1823 = ORIENTED_EDGE('',*,*,#1286,.T.);
#1824 = ADVANCED_FACE('',(#1825),#1343,.T.);
#1825 = FACE_BOUND('',#1826,.T.);
#1826 = EDGE_LOOP('',(#1827,#1828));
#1827 = ORIENTED_EDGE('',*,*,#1322,.F.);
#1828 = ORIENTED_EDGE('',*,*,#1802,.T.);
#1829 = ADVANCED_FACE('',(#1830),#1403,.F.);
#1830 = FACE_BOUND('',#1831,.F.);
#1831 = EDGE_LOOP('',(#1832,#1833));
#1832 = ORIENTED_EDGE('',*,*,#1384,.F.);
#1833 = ORIENTED_EDGE('',*,*,#1779,.T.);
#1834 = ADVANCED_FACE('',(#1835),#1489,.F.);
#1835 = FACE_BOUND('',#1836,.F.);
#1836 = EDGE_LOOP('',(#1837,#1838,#1859,#1860));
#1837 = ORIENTED_EDGE('',*,*,#1558,.T.);
#1838 = ORIENTED_EDGE('',*,*,#1839,.T.);
#1839 = EDGE_CURVE('',#1559,#1473,#1840,.T.);
#1840 = SEAM_CURVE('',#1841,(#1845,#1852),.PCURVE_S1.);
#1841 = LINE('',#1842,#1843);
#1842 = CARTESIAN_POINT('',(-0.351028451833,-0.217638700499,
    -0.194139048785));
#1843 = VECTOR('',#1844,1.);
#1844 = DIRECTION('',(-2.4499995835E-02,-0.,0.999699830051));
#1845 = PCURVE('',#1489,#1846);
#1846 = DEFINITIONAL_REPRESENTATION('',(#1847),#1851);
#1847 = LINE('',#1848,#1849);
#1848 = CARTESIAN_POINT('',(0.,0.));
#1849 = VECTOR('',#1850,1.);
#1850 = DIRECTION('',(0.,-1.));
#1851 = ( GEOMETRIC_REPRESENTATION_CONTEXT(2) 
PARAMETRIC_REPRESENTATION_CONTEXT() REPRESENTATION_CONTEXT('2D SPACE',''
  ) );
#1852 = PCURVE('',#1489,#1853);
#1853 = DEFINITIONAL_REPRESENTATION('',(#1854),#1858);
#1854 = LINE('',#1855,#1856);
#1855 = CARTESIAN_POINT('',(6.28318530718,0.));
#1856 = VECTOR('',#1857,1.);
#1857 = DIRECTION('',(0.,-1.));
#1858 = ( GEOMETRIC_REPRESENTATION_CONTEXT(2) 
PARAMETRIC_REPRESENTATION_CONTEXT() REPRESENTATION_CONTEXT('2D SPACE',''
  ) );
#1859 = ORIENTED_EDGE('',*,*,#1472,.T.);
#1860 = ORIENTED_EDGE('',*,*,#1839,.F.);
#1861 = ADVANCED_FACE('',(#1862),#1674,.F.);
#1862 = FACE_BOUND('',#1863,.F.);
#1863 = EDGE_LOOP('',(#1864,#1865,#1886,#1887));
#1864 = ORIENTED_EDGE('',*,*,#1743,.T.);
#1865 = ORIENTED_EDGE('',*,*,#1866,.T.);
#1866 = EDGE_CURVE('',#1744,#1658,#1867,.T.);
#1867 = SEAM_CURVE('',#1868,(#1872,#1879),.PCURVE_S1.);
#1868 = LINE('',#1869,#1870);
#1869 = CARTESIAN_POINT('',(-0.351028451833,-4.573870049933E-02,
    -0.194139048785));
#1870 = VECTOR('',#1871,1.);
#1871 = DIRECTION('',(-2.4499995835E-02,-0.,0.999699830051));
#1872 = PCURVE('',#1674,#1873);
#1873 = DEFINITIONAL_REPRESENTATION('',(#1874),#1878);
#1874 = LINE('',#1875,#1876);
#1875 = CARTESIAN_POINT('',(0.,0.));
#1876 = VECTOR('',#1877,1.);
#1877 = DIRECTION('',(0.,-1.));
#1878 = ( GEOMETRIC_REPRESENTATION_CONTEXT(2) 
PARAMETRIC_REPRESENTATION_CONTEXT() REPRESENTATION_CONTEXT('2D SPACE',''
  ) );
#1879 = PCURVE('',#1674,#1880);
#1880 = DEFINITIONAL_REPRESENTATION('',(#1881),#1885);
#1881 = LINE('',#1882,#1883);
#1882 = CARTESIAN_POINT('',(6.28318530718,0.));
#1883 = VECTOR('',#1884,1.);
#1884 = DIRECTION('',(0.,-1.));
#1885 = ( GEOMETRIC_REPRESENTATION_CONTEXT(2) 
PARAMETRIC_REPRESENTATION_CONTEXT() REPRESENTATION_CONTEXT('2D SPACE',''
  ) );
#1886 = ORIENTED_EDGE('',*,*,#1657,.T.);
#1887 = ORIENTED_EDGE('',*,*,#1866,.F.);
#1888 = ( GEOMETRIC_REPRESENTATION_CONTEXT(3) 
GLOBAL_UNCERTAINTY_ASSIGNED_CONTEXT((#1892)) 
GLOBAL_UNIT_ASSIGNED_CONTEXT((#1889,#1890,#1891)) REPRESENTATION_CONTEXT
('Context #1','3D Context with UNIT and UNCERTAINTY') );
#1889 = ( LENGTH_UNIT() NAMED_UNIT(*) SI_UNIT(.MILLI.,.METRE.) );
#1890 = ( NAMED_UNIT(*) PLANE_ANGLE_UNIT() SI_UNIT($,.RADIAN.) );
#1891 = ( NAMED_UNIT(*) SI_UNIT($,.STERADIAN.) SOLID_ANGLE_UNIT() );
#1892 = UNCERTAINTY_MEASURE_WITH_UNIT(LENGTH_MEASURE(5.E-07),#1889,
  'distance_accuracy_value','confusion accuracy');
#1893 = PRODUCT_RELATED_PRODUCT_CATEGORY('part',$,(#7));
ENDSEC;
END-ISO-10303-21;
