ISO-10303-21;
HEADER;
FILE_DESCRIPTION(('Open CASCADE Model'),'2;1');
FILE_NAME('Open CASCADE Shape Model','2025-07-21T09:09:08',('Author'),(
    'Open CASCADE'),'Open CASCADE STEP processor 7.7','Open CASCADE 7.7'
  ,'Unknown');
FILE_SCHEMA(('AUTOMOTIVE_DESIGN { 1 0 10303 214 1 1 1 1 }'));
ENDSEC;
DATA;
#1 = APPLICATION_PROTOCOL_DEFINITION('international standard',
  'automotive_design',2000,#2);
#2 = APPLICATION_CONTEXT(
  'core data for automotive mechanical design processes');
#3 = SHAPE_DEFINITION_REPRESENTATION(#4,#10);
#4 = PRODUCT_DEFINITION_SHAPE('','',#5);
#5 = PRODUCT_DEFINITION('design','',#6,#9);
#6 = PRODUCT_DEFINITION_FORMATION('','',#7);
#7 = PRODUCT('Open CASCADE STEP translator 7.7 1',
  'Open CASCADE STEP translator 7.7 1','',(#8));
#8 = PRODUCT_CONTEXT('',#2,'mechanical');
#9 = PRODUCT_DEFINITION_CONTEXT('part definition',#2,'design');
#10 = ADVANCED_BREP_SHAPE_REPRESENTATION('',(#11,#15),#3064);
#11 = AXIS2_PLACEMENT_3D('',#12,#13,#14);
#12 = CARTESIAN_POINT('',(0.,0.,0.));
#13 = DIRECTION('',(0.,0.,1.));
#14 = DIRECTION('',(1.,0.,-0.));
#15 = MANIFOLD_SOLID_BREP('',#16);
#16 = CLOSED_SHELL('',(#17,#198,#274,#556,#652,#1464,#1513,#2220,#2247,
    #2274,#2301,#2328,#2375,#2402,#2429,#2456,#2483,#2510,#2557,#2584,
    #2611,#2638,#2665,#2692,#2719,#2726,#2753,#2780,#2807,#2834,#2861,
    #2888,#2915,#2942,#2949,#2976,#3003,#3010,#3037));
#17 = ADVANCED_FACE('',(#18),#32,.T.);
#18 = FACE_BOUND('',#19,.F.);
#19 = EDGE_LOOP('',(#20,#55,#84,#110,#143,#171));
#20 = ORIENTED_EDGE('',*,*,#21,.F.);
#21 = EDGE_CURVE('',#22,#24,#26,.T.);
#22 = VERTEX_POINT('',#23);
#23 = CARTESIAN_POINT('',(-0.1484,-0.75,0.1406));
#24 = VERTEX_POINT('',#25);
#25 = CARTESIAN_POINT('',(-0.1484,0.,0.1406));
#26 = SURFACE_CURVE('',#27,(#31,#43),.PCURVE_S1.);
#27 = LINE('',#28,#29);
#28 = CARTESIAN_POINT('',(-0.1484,-0.75,0.1406));
#29 = VECTOR('',#30,1.);
#30 = DIRECTION('',(0.,1.,0.));
#31 = PCURVE('',#32,#37);
#32 = CYLINDRICAL_SURFACE('',#33,4.782274809604E-03);
#33 = AXIS2_PLACEMENT_3D('',#34,#35,#36);
#34 = CARTESIAN_POINT('',(-0.143618421053,0.,0.140681578947));
#35 = DIRECTION('',(-0.,1.,-0.));
#36 = DIRECTION('',(-0.999854491374,-0.,-1.705860717261E-02));
#37 = DEFINITIONAL_REPRESENTATION('',(#38),#42);
#38 = LINE('',#39,#40);
#39 = CARTESIAN_POINT('',(-0.,-0.75));
#40 = VECTOR('',#41,1.);
#41 = DIRECTION('',(0.,1.));
#42 = ( GEOMETRIC_REPRESENTATION_CONTEXT(2) 
PARAMETRIC_REPRESENTATION_CONTEXT() REPRESENTATION_CONTEXT('2D SPACE',''
  ) );
#43 = PCURVE('',#44,#49);
#44 = PLANE('',#45);
#45 = AXIS2_PLACEMENT_3D('',#46,#47,#48);
#46 = CARTESIAN_POINT('',(-0.1484,0.,0.1469));
#47 = DIRECTION('',(1.,0.,0.));
#48 = DIRECTION('',(0.,0.,-1.));
#49 = DEFINITIONAL_REPRESENTATION('',(#50),#54);
#50 = LINE('',#51,#52);
#51 = CARTESIAN_POINT('',(6.3E-03,-0.75));
#52 = VECTOR('',#53,1.);
#53 = DIRECTION('',(0.,1.));
#54 = ( GEOMETRIC_REPRESENTATION_CONTEXT(2) 
PARAMETRIC_REPRESENTATION_CONTEXT() REPRESENTATION_CONTEXT('2D SPACE',''
  ) );
#55 = ORIENTED_EDGE('',*,*,#56,.T.);
#56 = EDGE_CURVE('',#22,#57,#59,.T.);
#57 = VERTEX_POINT('',#58);
#58 = CARTESIAN_POINT('',(-0.144594623344,-0.75,0.136));
#59 = SURFACE_CURVE('',#60,(#65,#72),.PCURVE_S1.);
#60 = CIRCLE('',#61,4.782274809604E-03);
#61 = AXIS2_PLACEMENT_3D('',#62,#63,#64);
#62 = CARTESIAN_POINT('',(-0.143618421053,-0.75,0.140681578947));
#63 = DIRECTION('',(0.,-1.,0.));
#64 = DIRECTION('',(-0.999854491374,-0.,-1.705860717261E-02));
#65 = PCURVE('',#32,#66);
#66 = DEFINITIONAL_REPRESENTATION('',(#67),#71);
#67 = LINE('',#68,#69);
#68 = CARTESIAN_POINT('',(-0.,-0.75));
#69 = VECTOR('',#70,1.);
#70 = DIRECTION('',(-1.,0.));
#71 = ( GEOMETRIC_REPRESENTATION_CONTEXT(2) 
PARAMETRIC_REPRESENTATION_CONTEXT() REPRESENTATION_CONTEXT('2D SPACE',''
  ) );
#72 = PCURVE('',#73,#78);
#73 = PLANE('',#74);
#74 = AXIS2_PLACEMENT_3D('',#75,#76,#77);
#75 = CARTESIAN_POINT('',(-4.383772163697E-02,-0.75,0.107387554387));
#76 = DIRECTION('',(-0.,-1.,-0.));
#77 = DIRECTION('',(0.,0.,-1.));
#78 = DEFINITIONAL_REPRESENTATION('',(#79),#83);
#79 = CIRCLE('',#80,4.782274809604E-03);
#80 = AXIS2_PLACEMENT_2D('',#81,#82);
#81 = CARTESIAN_POINT('',(-3.329402456034E-02,-9.978069941566E-02));
#82 = DIRECTION('',(1.705860717261E-02,-0.999854491374));
#83 = ( GEOMETRIC_REPRESENTATION_CONTEXT(2) 
PARAMETRIC_REPRESENTATION_CONTEXT() REPRESENTATION_CONTEXT('2D SPACE',''
  ) );
#84 = ORIENTED_EDGE('',*,*,#85,.T.);
#85 = EDGE_CURVE('',#57,#86,#88,.T.);
#86 = VERTEX_POINT('',#87);
#87 = CARTESIAN_POINT('',(-0.144594623344,-0.7422,0.136));
#88 = SURFACE_CURVE('',#89,(#93,#99),.PCURVE_S1.);
#89 = LINE('',#90,#91);
#90 = CARTESIAN_POINT('',(-0.144594623344,0.,0.136));
#91 = VECTOR('',#92,1.);
#92 = DIRECTION('',(-0.,1.,-0.));
#93 = PCURVE('',#32,#94);
#94 = DEFINITIONAL_REPRESENTATION('',(#95),#98);
#95 = B_SPLINE_CURVE_WITH_KNOTS('',1,(#96,#97),.UNSPECIFIED.,.F.,.F.,(2,
    2),(-0.7500006,-0.74142),.PIECEWISE_BEZIER_KNOTS.);
#96 = CARTESIAN_POINT('',(-1.348162720522,-0.7500006));
#97 = CARTESIAN_POINT('',(-1.348162720522,-0.74142));
#98 = ( GEOMETRIC_REPRESENTATION_CONTEXT(2) 
PARAMETRIC_REPRESENTATION_CONTEXT() REPRESENTATION_CONTEXT('2D SPACE',''
  ) );
#99 = PCURVE('',#100,#105);
#100 = PLANE('',#101);
#101 = AXIS2_PLACEMENT_3D('',#102,#103,#104);
#102 = CARTESIAN_POINT('',(-0.1485,-0.7422,0.136));
#103 = DIRECTION('',(-0.,0.,1.));
#104 = DIRECTION('',(1.,0.,0.));
#105 = DEFINITIONAL_REPRESENTATION('',(#106),#109);
#106 = B_SPLINE_CURVE_WITH_KNOTS('',1,(#107,#108),.UNSPECIFIED.,.F.,.F.,
  (2,2),(-0.7500006,-0.74142),.PIECEWISE_BEZIER_KNOTS.);
#107 = CARTESIAN_POINT('',(3.905376655767E-03,-7.8006E-03));
#108 = CARTESIAN_POINT('',(3.905376655767E-03,7.8E-04));
#109 = ( GEOMETRIC_REPRESENTATION_CONTEXT(2) 
PARAMETRIC_REPRESENTATION_CONTEXT() REPRESENTATION_CONTEXT('2D SPACE',''
  ) );
#110 = ORIENTED_EDGE('',*,*,#111,.F.);
#111 = EDGE_CURVE('',#112,#86,#114,.T.);
#112 = VERTEX_POINT('',#113);
#113 = CARTESIAN_POINT('',(-0.1437,-0.7422,0.1359));
#114 = SURFACE_CURVE('',#115,(#120,#127),.PCURVE_S1.);
#115 = CIRCLE('',#116,4.782274809604E-03);
#116 = AXIS2_PLACEMENT_3D('',#117,#118,#119);
#117 = CARTESIAN_POINT('',(-0.143618421053,-0.7422,0.140681578947));
#118 = DIRECTION('',(0.,1.,-0.));
#119 = DIRECTION('',(-0.999854491374,-0.,-1.705860717261E-02));
#120 = PCURVE('',#32,#121);
#121 = DEFINITIONAL_REPRESENTATION('',(#122),#126);
#122 = LINE('',#123,#124);
#123 = CARTESIAN_POINT('',(-6.28318530718,-0.7422));
#124 = VECTOR('',#125,1.);
#125 = DIRECTION('',(1.,-0.));
#126 = ( GEOMETRIC_REPRESENTATION_CONTEXT(2) 
PARAMETRIC_REPRESENTATION_CONTEXT() REPRESENTATION_CONTEXT('2D SPACE',''
  ) );
#127 = PCURVE('',#128,#133);
#128 = PLANE('',#129);
#129 = AXIS2_PLACEMENT_3D('',#130,#131,#132);
#130 = CARTESIAN_POINT('',(-7.815E-02,-0.7422,7.808124076383E-02));
#131 = DIRECTION('',(-0.,-1.,-0.));
#132 = DIRECTION('',(0.,0.,-1.));
#133 = DEFINITIONAL_REPRESENTATION('',(#134),#142);
#134 = ( BOUNDED_CURVE() B_SPLINE_CURVE(2,(#135,#136,#137,#138,#139,#140
,#141),.UNSPECIFIED.,.T.,.F.) B_SPLINE_CURVE_WITH_KNOTS((1,2,2,2,2,1),(
    -2.094395102393,0.,2.094395102393,4.188790204786,6.28318530718,
8.377580409573),.UNSPECIFIED.) CURVE() GEOMETRIC_REPRESENTATION_ITEM() 
RATIONAL_B_SPLINE_CURVE((1.,0.5,1.,0.5,1.,0.5,1.)) REPRESENTATION_ITEM(
  '') );
#135 = CARTESIAN_POINT('',(-6.251875923617E-02,-7.025E-02));
#136 = CARTESIAN_POINT('',(-7.080069691341E-02,-7.039129888167E-02));
#137 = CARTESIAN_POINT('',(-6.678209649585E-02,-6.314828101978E-02));
#138 = CARTESIAN_POINT('',(-6.276349607828E-02,-5.590526315789E-02));
#139 = CARTESIAN_POINT('',(-5.85001588186E-02,-6.300698213811E-02));
#140 = CARTESIAN_POINT('',(-5.423682155893E-02,-7.010870111833E-02));
#141 = CARTESIAN_POINT('',(-6.251875923617E-02,-7.025E-02));
#142 = ( GEOMETRIC_REPRESENTATION_CONTEXT(2) 
PARAMETRIC_REPRESENTATION_CONTEXT() REPRESENTATION_CONTEXT('2D SPACE',''
  ) );
#143 = ORIENTED_EDGE('',*,*,#144,.F.);
#144 = EDGE_CURVE('',#145,#112,#147,.T.);
#145 = VERTEX_POINT('',#146);
#146 = CARTESIAN_POINT('',(-0.1437,0.,0.1359));
#147 = SURFACE_CURVE('',#148,(#152,#159),.PCURVE_S1.);
#148 = LINE('',#149,#150);
#149 = CARTESIAN_POINT('',(-0.1437,0.,0.1359));
#150 = VECTOR('',#151,1.);
#151 = DIRECTION('',(0.,-1.,0.));
#152 = PCURVE('',#32,#153);
#153 = DEFINITIONAL_REPRESENTATION('',(#154),#158);
#154 = LINE('',#155,#156);
#155 = CARTESIAN_POINT('',(-1.53667745757,0.));
#156 = VECTOR('',#157,1.);
#157 = DIRECTION('',(-0.,-1.));
#158 = ( GEOMETRIC_REPRESENTATION_CONTEXT(2) 
PARAMETRIC_REPRESENTATION_CONTEXT() REPRESENTATION_CONTEXT('2D SPACE',''
  ) );
#159 = PCURVE('',#160,#165);
#160 = PLANE('',#161);
#161 = AXIS2_PLACEMENT_3D('',#162,#163,#164);
#162 = CARTESIAN_POINT('',(-0.1437,0.,0.1359));
#163 = DIRECTION('',(-0.,0.,1.));
#164 = DIRECTION('',(1.,0.,0.));
#165 = DEFINITIONAL_REPRESENTATION('',(#166),#170);
#166 = LINE('',#167,#168);
#167 = CARTESIAN_POINT('',(0.,0.));
#168 = VECTOR('',#169,1.);
#169 = DIRECTION('',(0.,-1.));
#170 = ( GEOMETRIC_REPRESENTATION_CONTEXT(2) 
PARAMETRIC_REPRESENTATION_CONTEXT() REPRESENTATION_CONTEXT('2D SPACE',''
  ) );
#171 = ORIENTED_EDGE('',*,*,#172,.F.);
#172 = EDGE_CURVE('',#24,#145,#173,.T.);
#173 = SURFACE_CURVE('',#174,(#179,#186),.PCURVE_S1.);
#174 = CIRCLE('',#175,4.782274809604E-03);
#175 = AXIS2_PLACEMENT_3D('',#176,#177,#178);
#176 = CARTESIAN_POINT('',(-0.143618421053,0.,0.140681578947));
#177 = DIRECTION('',(0.,-1.,0.));
#178 = DIRECTION('',(-0.999854491374,-0.,-1.705860717261E-02));
#179 = PCURVE('',#32,#180);
#180 = DEFINITIONAL_REPRESENTATION('',(#181),#185);
#181 = LINE('',#182,#183);
#182 = CARTESIAN_POINT('',(-0.,0.));
#183 = VECTOR('',#184,1.);
#184 = DIRECTION('',(-1.,0.));
#185 = ( GEOMETRIC_REPRESENTATION_CONTEXT(2) 
PARAMETRIC_REPRESENTATION_CONTEXT() REPRESENTATION_CONTEXT('2D SPACE',''
  ) );
#186 = PCURVE('',#187,#192);
#187 = PLANE('',#188);
#188 = AXIS2_PLACEMENT_3D('',#189,#190,#191);
#189 = CARTESIAN_POINT('',(-4.383772163697E-02,0.,0.107387554387));
#190 = DIRECTION('',(-0.,-1.,-0.));
#191 = DIRECTION('',(0.,0.,-1.));
#192 = DEFINITIONAL_REPRESENTATION('',(#193),#197);
#193 = CIRCLE('',#194,4.782274809604E-03);
#194 = AXIS2_PLACEMENT_2D('',#195,#196);
#195 = CARTESIAN_POINT('',(-3.329402456034E-02,-9.978069941566E-02));
#196 = DIRECTION('',(1.705860717261E-02,-0.999854491374));
#197 = ( GEOMETRIC_REPRESENTATION_CONTEXT(2) 
PARAMETRIC_REPRESENTATION_CONTEXT() REPRESENTATION_CONTEXT('2D SPACE',''
  ) );
#198 = ADVANCED_FACE('',(#199),#44,.F.);
#199 = FACE_BOUND('',#200,.F.);
#200 = EDGE_LOOP('',(#201,#231,#252,#253));
#201 = ORIENTED_EDGE('',*,*,#202,.F.);
#202 = EDGE_CURVE('',#203,#205,#207,.T.);
#203 = VERTEX_POINT('',#204);
#204 = CARTESIAN_POINT('',(-0.1484,-0.75,0.1469));
#205 = VERTEX_POINT('',#206);
#206 = CARTESIAN_POINT('',(-0.1484,0.,0.1469));
#207 = SURFACE_CURVE('',#208,(#212,#219),.PCURVE_S1.);
#208 = LINE('',#209,#210);
#209 = CARTESIAN_POINT('',(-0.1484,-0.75,0.1469));
#210 = VECTOR('',#211,1.);
#211 = DIRECTION('',(0.,1.,0.));
#212 = PCURVE('',#44,#213);
#213 = DEFINITIONAL_REPRESENTATION('',(#214),#218);
#214 = LINE('',#215,#216);
#215 = CARTESIAN_POINT('',(0.,-0.75));
#216 = VECTOR('',#217,1.);
#217 = DIRECTION('',(0.,1.));
#218 = ( GEOMETRIC_REPRESENTATION_CONTEXT(2) 
PARAMETRIC_REPRESENTATION_CONTEXT() REPRESENTATION_CONTEXT('2D SPACE',''
  ) );
#219 = PCURVE('',#220,#225);
#220 = CYLINDRICAL_SURFACE('',#221,4.609434601119E-03);
#221 = AXIS2_PLACEMENT_3D('',#222,#223,#224);
#222 = CARTESIAN_POINT('',(-0.143790573319,0.,0.146891455347));
#223 = DIRECTION('',(-0.,1.,-0.));
#224 = DIRECTION('',(1.964955064356E-02,0.,0.999806928942));
#225 = DEFINITIONAL_REPRESENTATION('',(#226),#230);
#226 = LINE('',#227,#228);
#227 = CARTESIAN_POINT('',(-1.588593409868,-0.75));
#228 = VECTOR('',#229,1.);
#229 = DIRECTION('',(0.,1.));
#230 = ( GEOMETRIC_REPRESENTATION_CONTEXT(2) 
PARAMETRIC_REPRESENTATION_CONTEXT() REPRESENTATION_CONTEXT('2D SPACE',''
  ) );
#231 = ORIENTED_EDGE('',*,*,#232,.T.);
#232 = EDGE_CURVE('',#203,#22,#233,.T.);
#233 = SURFACE_CURVE('',#234,(#238,#245),.PCURVE_S1.);
#234 = LINE('',#235,#236);
#235 = CARTESIAN_POINT('',(-0.1484,-0.75,0.1469));
#236 = VECTOR('',#237,1.);
#237 = DIRECTION('',(0.,0.,-1.));
#238 = PCURVE('',#44,#239);
#239 = DEFINITIONAL_REPRESENTATION('',(#240),#244);
#240 = LINE('',#241,#242);
#241 = CARTESIAN_POINT('',(0.,-0.75));
#242 = VECTOR('',#243,1.);
#243 = DIRECTION('',(1.,0.));
#244 = ( GEOMETRIC_REPRESENTATION_CONTEXT(2) 
PARAMETRIC_REPRESENTATION_CONTEXT() REPRESENTATION_CONTEXT('2D SPACE',''
  ) );
#245 = PCURVE('',#73,#246);
#246 = DEFINITIONAL_REPRESENTATION('',(#247),#251);
#247 = LINE('',#248,#249);
#248 = CARTESIAN_POINT('',(-3.951244561297E-02,-0.104562278363));
#249 = VECTOR('',#250,1.);
#250 = DIRECTION('',(1.,0.));
#251 = ( GEOMETRIC_REPRESENTATION_CONTEXT(2) 
PARAMETRIC_REPRESENTATION_CONTEXT() REPRESENTATION_CONTEXT('2D SPACE',''
  ) );
#252 = ORIENTED_EDGE('',*,*,#21,.T.);
#253 = ORIENTED_EDGE('',*,*,#254,.F.);
#254 = EDGE_CURVE('',#205,#24,#255,.T.);
#255 = SURFACE_CURVE('',#256,(#260,#267),.PCURVE_S1.);
#256 = LINE('',#257,#258);
#257 = CARTESIAN_POINT('',(-0.1484,0.,0.1469));
#258 = VECTOR('',#259,1.);
#259 = DIRECTION('',(0.,0.,-1.));
#260 = PCURVE('',#44,#261);
#261 = DEFINITIONAL_REPRESENTATION('',(#262),#266);
#262 = LINE('',#263,#264);
#263 = CARTESIAN_POINT('',(0.,0.));
#264 = VECTOR('',#265,1.);
#265 = DIRECTION('',(1.,0.));
#266 = ( GEOMETRIC_REPRESENTATION_CONTEXT(2) 
PARAMETRIC_REPRESENTATION_CONTEXT() REPRESENTATION_CONTEXT('2D SPACE',''
  ) );
#267 = PCURVE('',#187,#268);
#268 = DEFINITIONAL_REPRESENTATION('',(#269),#273);
#269 = LINE('',#270,#271);
#270 = CARTESIAN_POINT('',(-3.951244561297E-02,-0.104562278363));
#271 = VECTOR('',#272,1.);
#272 = DIRECTION('',(1.,0.));
#273 = ( GEOMETRIC_REPRESENTATION_CONTEXT(2) 
PARAMETRIC_REPRESENTATION_CONTEXT() REPRESENTATION_CONTEXT('2D SPACE',''
  ) );
#274 = ADVANCED_FACE('',(#275),#187,.F.);
#275 = FACE_BOUND('',#276,.F.);
#276 = EDGE_LOOP('',(#277,#278,#301,#334,#362,#391,#419,#448,#476,#505,
    #533,#555));
#277 = ORIENTED_EDGE('',*,*,#172,.T.);
#278 = ORIENTED_EDGE('',*,*,#279,.T.);
#279 = EDGE_CURVE('',#145,#280,#282,.T.);
#280 = VERTEX_POINT('',#281);
#281 = CARTESIAN_POINT('',(-1.87E-02,0.,0.1359));
#282 = SURFACE_CURVE('',#283,(#287,#294),.PCURVE_S1.);
#283 = LINE('',#284,#285);
#284 = CARTESIAN_POINT('',(-0.1437,0.,0.1359));
#285 = VECTOR('',#286,1.);
#286 = DIRECTION('',(1.,0.,0.));
#287 = PCURVE('',#187,#288);
#288 = DEFINITIONAL_REPRESENTATION('',(#289),#293);
#289 = LINE('',#290,#291);
#290 = CARTESIAN_POINT('',(-2.851244561297E-02,-9.986227836303E-02));
#291 = VECTOR('',#292,1.);
#292 = DIRECTION('',(0.,1.));
#293 = ( GEOMETRIC_REPRESENTATION_CONTEXT(2) 
PARAMETRIC_REPRESENTATION_CONTEXT() REPRESENTATION_CONTEXT('2D SPACE',''
  ) );
#294 = PCURVE('',#160,#295);
#295 = DEFINITIONAL_REPRESENTATION('',(#296),#300);
#296 = LINE('',#297,#298);
#297 = CARTESIAN_POINT('',(0.,0.));
#298 = VECTOR('',#299,1.);
#299 = DIRECTION('',(1.,0.));
#300 = ( GEOMETRIC_REPRESENTATION_CONTEXT(2) 
PARAMETRIC_REPRESENTATION_CONTEXT() REPRESENTATION_CONTEXT('2D SPACE',''
  ) );
#301 = ORIENTED_EDGE('',*,*,#302,.T.);
#302 = EDGE_CURVE('',#280,#303,#305,.T.);
#303 = VERTEX_POINT('',#304);
#304 = CARTESIAN_POINT('',(-1.4E-02,0.,0.1312));
#305 = SURFACE_CURVE('',#306,(#311,#322),.PCURVE_S1.);
#306 = CIRCLE('',#307,4.782274809604E-03);
#307 = AXIS2_PLACEMENT_3D('',#308,#309,#310);
#308 = CARTESIAN_POINT('',(-1.878157894737E-02,0.,0.131118421053));
#309 = DIRECTION('',(0.,1.,0.));
#310 = DIRECTION('',(1.705860717258E-02,-0.,0.999854491374));
#311 = PCURVE('',#187,#312);
#312 = DEFINITIONAL_REPRESENTATION('',(#313),#321);
#313 = ( BOUNDED_CURVE() B_SPLINE_CURVE(2,(#314,#315,#316,#317,#318,#319
,#320),.UNSPECIFIED.,.T.,.F.) B_SPLINE_CURVE_WITH_KNOTS((1,2,2,2,2,1),(
    -2.094395102393,0.,2.094395102393,4.188790204786,6.28318530718,
8.377580409573),.UNSPECIFIED.) CURVE() GEOMETRIC_REPRESENTATION_ITEM() 
RATIONAL_B_SPLINE_CURVE((1.,0.5,1.,0.5,1.,0.5,1.)) REPRESENTATION_ITEM(
  '') );
#314 = CARTESIAN_POINT('',(-2.851244561297E-02,2.513772163697E-02));
#315 = CARTESIAN_POINT('',(-2.83711467313E-02,3.341965931422E-02));
#316 = CARTESIAN_POINT('',(-2.126942775108E-02,2.915632205454E-02));
#317 = CARTESIAN_POINT('',(-1.416770877086E-02,2.489298479487E-02));
#318 = CARTESIAN_POINT('',(-2.141072663275E-02,2.08743843773E-02));
#319 = CARTESIAN_POINT('',(-2.865374449464E-02,1.685578395973E-02));
#320 = CARTESIAN_POINT('',(-2.851244561297E-02,2.513772163697E-02));
#321 = ( GEOMETRIC_REPRESENTATION_CONTEXT(2) 
PARAMETRIC_REPRESENTATION_CONTEXT() REPRESENTATION_CONTEXT('2D SPACE',''
  ) );
#322 = PCURVE('',#323,#328);
#323 = CYLINDRICAL_SURFACE('',#324,4.782274809604E-03);
#324 = AXIS2_PLACEMENT_3D('',#325,#326,#327);
#325 = CARTESIAN_POINT('',(-1.878157894737E-02,0.,0.131118421053));
#326 = DIRECTION('',(0.,1.,0.));
#327 = DIRECTION('',(1.705860717258E-02,-0.,0.999854491374));
#328 = DEFINITIONAL_REPRESENTATION('',(#329),#333);
#329 = LINE('',#330,#331);
#330 = CARTESIAN_POINT('',(0.,0.));
#331 = VECTOR('',#332,1.);
#332 = DIRECTION('',(1.,0.));
#333 = ( GEOMETRIC_REPRESENTATION_CONTEXT(2) 
PARAMETRIC_REPRESENTATION_CONTEXT() REPRESENTATION_CONTEXT('2D SPACE',''
  ) );
#334 = ORIENTED_EDGE('',*,*,#335,.T.);
#335 = EDGE_CURVE('',#303,#336,#338,.T.);
#336 = VERTEX_POINT('',#337);
#337 = CARTESIAN_POINT('',(-1.4E-02,0.,6.2E-03));
#338 = SURFACE_CURVE('',#339,(#343,#350),.PCURVE_S1.);
#339 = LINE('',#340,#341);
#340 = CARTESIAN_POINT('',(-1.4E-02,0.,0.1312));
#341 = VECTOR('',#342,1.);
#342 = DIRECTION('',(-2.775557561563E-17,0.,-1.));
#343 = PCURVE('',#187,#344);
#344 = DEFINITIONAL_REPRESENTATION('',(#345),#349);
#345 = LINE('',#346,#347);
#346 = CARTESIAN_POINT('',(-2.381244561297E-02,2.983772163697E-02));
#347 = VECTOR('',#348,1.);
#348 = DIRECTION('',(1.,-2.775557561563E-17));
#349 = ( GEOMETRIC_REPRESENTATION_CONTEXT(2) 
PARAMETRIC_REPRESENTATION_CONTEXT() REPRESENTATION_CONTEXT('2D SPACE',''
  ) );
#350 = PCURVE('',#351,#356);
#351 = PLANE('',#352);
#352 = AXIS2_PLACEMENT_3D('',#353,#354,#355);
#353 = CARTESIAN_POINT('',(-1.4E-02,0.,0.1312));
#354 = DIRECTION('',(1.,0.,-2.775557561563E-17));
#355 = DIRECTION('',(-2.775557561563E-17,0.,-1.));
#356 = DEFINITIONAL_REPRESENTATION('',(#357),#361);
#357 = LINE('',#358,#359);
#358 = CARTESIAN_POINT('',(0.,0.));
#359 = VECTOR('',#360,1.);
#360 = DIRECTION('',(1.,0.));
#361 = ( GEOMETRIC_REPRESENTATION_CONTEXT(2) 
PARAMETRIC_REPRESENTATION_CONTEXT() REPRESENTATION_CONTEXT('2D SPACE',''
  ) );
#362 = ORIENTED_EDGE('',*,*,#363,.T.);
#363 = EDGE_CURVE('',#336,#364,#366,.T.);
#364 = VERTEX_POINT('',#365);
#365 = CARTESIAN_POINT('',(-1.09E-02,0.,3.1E-03));
#366 = SURFACE_CURVE('',#367,(#372,#379),.PCURVE_S1.);
#367 = CIRCLE('',#368,3.073194856695E-03);
#368 = AXIS2_PLACEMENT_3D('',#369,#370,#371);
#369 = CARTESIAN_POINT('',(-1.092692307692E-02,0.,6.173076923077E-03));
#370 = DIRECTION('',(0.,-1.,0.));
#371 = DIRECTION('',(-0.999961625076,0.,8.760614988145E-03));
#372 = PCURVE('',#187,#373);
#373 = DEFINITIONAL_REPRESENTATION('',(#374),#378);
#374 = CIRCLE('',#375,3.073194856695E-03);
#375 = AXIS2_PLACEMENT_2D('',#376,#377);
#376 = CARTESIAN_POINT('',(0.101214477464,3.291079856005E-02));
#377 = DIRECTION('',(-8.760614988145E-03,-0.999961625076));
#378 = ( GEOMETRIC_REPRESENTATION_CONTEXT(2) 
PARAMETRIC_REPRESENTATION_CONTEXT() REPRESENTATION_CONTEXT('2D SPACE',''
  ) );
#379 = PCURVE('',#380,#385);
#380 = CYLINDRICAL_SURFACE('',#381,3.073194856695E-03);
#381 = AXIS2_PLACEMENT_3D('',#382,#383,#384);
#382 = CARTESIAN_POINT('',(-1.092692307692E-02,0.,6.173076923077E-03));
#383 = DIRECTION('',(-0.,1.,-0.));
#384 = DIRECTION('',(-0.999961625076,0.,8.760614988145E-03));
#385 = DEFINITIONAL_REPRESENTATION('',(#386),#390);
#386 = LINE('',#387,#388);
#387 = CARTESIAN_POINT('',(-0.,0.));
#388 = VECTOR('',#389,1.);
#389 = DIRECTION('',(-1.,0.));
#390 = ( GEOMETRIC_REPRESENTATION_CONTEXT(2) 
PARAMETRIC_REPRESENTATION_CONTEXT() REPRESENTATION_CONTEXT('2D SPACE',''
  ) );
#391 = ORIENTED_EDGE('',*,*,#392,.T.);
#392 = EDGE_CURVE('',#364,#393,#395,.T.);
#393 = VERTEX_POINT('',#394);
#394 = CARTESIAN_POINT('',(-4.6E-03,0.,3.1E-03));
#395 = SURFACE_CURVE('',#396,(#400,#407),.PCURVE_S1.);
#396 = LINE('',#397,#398);
#397 = CARTESIAN_POINT('',(-1.09E-02,0.,3.1E-03));
#398 = VECTOR('',#399,1.);
#399 = DIRECTION('',(1.,0.,-1.376764663474E-16));
#400 = PCURVE('',#187,#401);
#401 = DEFINITIONAL_REPRESENTATION('',(#402),#406);
#402 = LINE('',#403,#404);
#403 = CARTESIAN_POINT('',(0.104287554387,3.293772163697E-02));
#404 = VECTOR('',#405,1.);
#405 = DIRECTION('',(1.376764663474E-16,1.));
#406 = ( GEOMETRIC_REPRESENTATION_CONTEXT(2) 
PARAMETRIC_REPRESENTATION_CONTEXT() REPRESENTATION_CONTEXT('2D SPACE',''
  ) );
#407 = PCURVE('',#408,#413);
#408 = PLANE('',#409);
#409 = AXIS2_PLACEMENT_3D('',#410,#411,#412);
#410 = CARTESIAN_POINT('',(-1.09E-02,0.,3.1E-03));
#411 = DIRECTION('',(1.376764663474E-16,0.,1.));
#412 = DIRECTION('',(1.,0.,-1.376764663474E-16));
#413 = DEFINITIONAL_REPRESENTATION('',(#414),#418);
#414 = LINE('',#415,#416);
#415 = CARTESIAN_POINT('',(0.,0.));
#416 = VECTOR('',#417,1.);
#417 = DIRECTION('',(1.,0.));
#418 = ( GEOMETRIC_REPRESENTATION_CONTEXT(2) 
PARAMETRIC_REPRESENTATION_CONTEXT() REPRESENTATION_CONTEXT('2D SPACE',''
  ) );
#419 = ORIENTED_EDGE('',*,*,#420,.T.);
#420 = EDGE_CURVE('',#393,#421,#423,.T.);
#421 = VERTEX_POINT('',#422);
#422 = CARTESIAN_POINT('',(0.,0.,6.2E-03));
#423 = SURFACE_CURVE('',#424,(#429,#436),.PCURVE_S1.);
#424 = CIRCLE('',#425,3.985828428085E-03);
#425 = AXIS2_PLACEMENT_3D('',#426,#427,#428);
#426 = CARTESIAN_POINT('',(-3.899759229535E-03,0.,7.023836276084E-03));
#427 = DIRECTION('',(0.,-1.,0.));
#428 = DIRECTION('',(-0.175682617328,-0.,-0.984446858885));
#429 = PCURVE('',#187,#430);
#430 = DEFINITIONAL_REPRESENTATION('',(#431),#435);
#431 = CIRCLE('',#432,3.985828428085E-03);
#432 = AXIS2_PLACEMENT_2D('',#433,#434);
#433 = CARTESIAN_POINT('',(0.100363718111,3.993796240744E-02));
#434 = DIRECTION('',(0.984446858885,-0.175682617328));
#435 = ( GEOMETRIC_REPRESENTATION_CONTEXT(2) 
PARAMETRIC_REPRESENTATION_CONTEXT() REPRESENTATION_CONTEXT('2D SPACE',''
  ) );
#436 = PCURVE('',#437,#442);
#437 = CYLINDRICAL_SURFACE('',#438,3.985828428085E-03);
#438 = AXIS2_PLACEMENT_3D('',#439,#440,#441);
#439 = CARTESIAN_POINT('',(-3.899759229535E-03,0.,7.023836276084E-03));
#440 = DIRECTION('',(-0.,1.,-0.));
#441 = DIRECTION('',(-0.175682617328,-0.,-0.984446858885));
#442 = DEFINITIONAL_REPRESENTATION('',(#443),#447);
#443 = LINE('',#444,#445);
#444 = CARTESIAN_POINT('',(-0.,0.));
#445 = VECTOR('',#446,1.);
#446 = DIRECTION('',(-1.,0.));
#447 = ( GEOMETRIC_REPRESENTATION_CONTEXT(2) 
PARAMETRIC_REPRESENTATION_CONTEXT() REPRESENTATION_CONTEXT('2D SPACE',''
  ) );
#448 = ORIENTED_EDGE('',*,*,#449,.T.);
#449 = EDGE_CURVE('',#421,#450,#452,.T.);
#450 = VERTEX_POINT('',#451);
#451 = CARTESIAN_POINT('',(0.,0.,0.1469));
#452 = SURFACE_CURVE('',#453,(#457,#464),.PCURVE_S1.);
#453 = LINE('',#454,#455);
#454 = CARTESIAN_POINT('',(0.,0.,6.2E-03));
#455 = VECTOR('',#456,1.);
#456 = DIRECTION('',(0.,0.,1.));
#457 = PCURVE('',#187,#458);
#458 = DEFINITIONAL_REPRESENTATION('',(#459),#463);
#459 = LINE('',#460,#461);
#460 = CARTESIAN_POINT('',(0.101187554387,4.383772163697E-02));
#461 = VECTOR('',#462,1.);
#462 = DIRECTION('',(-1.,0.));
#463 = ( GEOMETRIC_REPRESENTATION_CONTEXT(2) 
PARAMETRIC_REPRESENTATION_CONTEXT() REPRESENTATION_CONTEXT('2D SPACE',''
  ) );
#464 = PCURVE('',#465,#470);
#465 = PLANE('',#466);
#466 = AXIS2_PLACEMENT_3D('',#467,#468,#469);
#467 = CARTESIAN_POINT('',(0.,0.,6.2E-03));
#468 = DIRECTION('',(-1.,0.,0.));
#469 = DIRECTION('',(0.,0.,1.));
#470 = DEFINITIONAL_REPRESENTATION('',(#471),#475);
#471 = LINE('',#472,#473);
#472 = CARTESIAN_POINT('',(0.,0.));
#473 = VECTOR('',#474,1.);
#474 = DIRECTION('',(1.,0.));
#475 = ( GEOMETRIC_REPRESENTATION_CONTEXT(2) 
PARAMETRIC_REPRESENTATION_CONTEXT() REPRESENTATION_CONTEXT('2D SPACE',''
  ) );
#476 = ORIENTED_EDGE('',*,*,#477,.T.);
#477 = EDGE_CURVE('',#450,#478,#480,.T.);
#478 = VERTEX_POINT('',#479);
#479 = CARTESIAN_POINT('',(-4.6E-03,0.,0.1515));
#480 = SURFACE_CURVE('',#481,(#486,#493),.PCURVE_S1.);
#481 = CIRCLE('',#482,4.447701653663E-03);
#482 = AXIS2_PLACEMENT_3D('',#483,#484,#485);
#483 = CARTESIAN_POINT('',(-4.445E-03,0.,0.147055));
#484 = DIRECTION('',(0.,-1.,0.));
#485 = DIRECTION('',(0.999392573092,0.,-3.484945980411E-02));
#486 = PCURVE('',#187,#487);
#487 = DEFINITIONAL_REPRESENTATION('',(#488),#492);
#488 = CIRCLE('',#489,4.447701653663E-03);
#489 = AXIS2_PLACEMENT_2D('',#490,#491);
#490 = CARTESIAN_POINT('',(-3.966744561297E-02,3.939272163697E-02));
#491 = DIRECTION('',(3.484945980411E-02,0.999392573092));
#492 = ( GEOMETRIC_REPRESENTATION_CONTEXT(2) 
PARAMETRIC_REPRESENTATION_CONTEXT() REPRESENTATION_CONTEXT('2D SPACE',''
  ) );
#493 = PCURVE('',#494,#499);
#494 = CYLINDRICAL_SURFACE('',#495,4.447701653663E-03);
#495 = AXIS2_PLACEMENT_3D('',#496,#497,#498);
#496 = CARTESIAN_POINT('',(-4.445E-03,0.,0.147055));
#497 = DIRECTION('',(-0.,1.,-0.));
#498 = DIRECTION('',(0.999392573092,0.,-3.484945980411E-02));
#499 = DEFINITIONAL_REPRESENTATION('',(#500),#504);
#500 = LINE('',#501,#502);
#501 = CARTESIAN_POINT('',(-0.,0.));
#502 = VECTOR('',#503,1.);
#503 = DIRECTION('',(-1.,0.));
#504 = ( GEOMETRIC_REPRESENTATION_CONTEXT(2) 
PARAMETRIC_REPRESENTATION_CONTEXT() REPRESENTATION_CONTEXT('2D SPACE',''
  ) );
#505 = ORIENTED_EDGE('',*,*,#506,.T.);
#506 = EDGE_CURVE('',#478,#507,#509,.T.);
#507 = VERTEX_POINT('',#508);
#508 = CARTESIAN_POINT('',(-0.1437,0.,0.1515));
#509 = SURFACE_CURVE('',#510,(#514,#521),.PCURVE_S1.);
#510 = LINE('',#511,#512);
#511 = CARTESIAN_POINT('',(-4.6E-03,0.,0.1515));
#512 = VECTOR('',#513,1.);
#513 = DIRECTION('',(-1.,0.,0.));
#514 = PCURVE('',#187,#515);
#515 = DEFINITIONAL_REPRESENTATION('',(#516),#520);
#516 = LINE('',#517,#518);
#517 = CARTESIAN_POINT('',(-4.411244561297E-02,3.923772163697E-02));
#518 = VECTOR('',#519,1.);
#519 = DIRECTION('',(0.,-1.));
#520 = ( GEOMETRIC_REPRESENTATION_CONTEXT(2) 
PARAMETRIC_REPRESENTATION_CONTEXT() REPRESENTATION_CONTEXT('2D SPACE',''
  ) );
#521 = PCURVE('',#522,#527);
#522 = PLANE('',#523);
#523 = AXIS2_PLACEMENT_3D('',#524,#525,#526);
#524 = CARTESIAN_POINT('',(-4.6E-03,0.,0.1515));
#525 = DIRECTION('',(-0.,-0.,-1.));
#526 = DIRECTION('',(-1.,0.,0.));
#527 = DEFINITIONAL_REPRESENTATION('',(#528),#532);
#528 = LINE('',#529,#530);
#529 = CARTESIAN_POINT('',(0.,0.));
#530 = VECTOR('',#531,1.);
#531 = DIRECTION('',(1.,0.));
#532 = ( GEOMETRIC_REPRESENTATION_CONTEXT(2) 
PARAMETRIC_REPRESENTATION_CONTEXT() REPRESENTATION_CONTEXT('2D SPACE',''
  ) );
#533 = ORIENTED_EDGE('',*,*,#534,.T.);
#534 = EDGE_CURVE('',#507,#205,#535,.T.);
#535 = SURFACE_CURVE('',#536,(#541,#548),.PCURVE_S1.);
#536 = CIRCLE('',#537,4.609434601119E-03);
#537 = AXIS2_PLACEMENT_3D('',#538,#539,#540);
#538 = CARTESIAN_POINT('',(-0.143790573319,0.,0.146891455347));
#539 = DIRECTION('',(0.,-1.,0.));
#540 = DIRECTION('',(1.964955064356E-02,0.,0.999806928942));
#541 = PCURVE('',#187,#542);
#542 = DEFINITIONAL_REPRESENTATION('',(#543),#547);
#543 = CIRCLE('',#544,4.609434601119E-03);
#544 = AXIS2_PLACEMENT_2D('',#545,#546);
#545 = CARTESIAN_POINT('',(-3.950390096027E-02,-9.995285168166E-02));
#546 = DIRECTION('',(-0.999806928942,1.964955064356E-02));
#547 = ( GEOMETRIC_REPRESENTATION_CONTEXT(2) 
PARAMETRIC_REPRESENTATION_CONTEXT() REPRESENTATION_CONTEXT('2D SPACE',''
  ) );
#548 = PCURVE('',#220,#549);
#549 = DEFINITIONAL_REPRESENTATION('',(#550),#554);
#550 = LINE('',#551,#552);
#551 = CARTESIAN_POINT('',(-0.,0.));
#552 = VECTOR('',#553,1.);
#553 = DIRECTION('',(-1.,0.));
#554 = ( GEOMETRIC_REPRESENTATION_CONTEXT(2) 
PARAMETRIC_REPRESENTATION_CONTEXT() REPRESENTATION_CONTEXT('2D SPACE',''
  ) );
#555 = ORIENTED_EDGE('',*,*,#254,.T.);
#556 = ADVANCED_FACE('',(#557),#160,.F.);
#557 = FACE_BOUND('',#558,.F.);
#558 = EDGE_LOOP('',(#559,#560,#561,#582,#608,#631));
#559 = ORIENTED_EDGE('',*,*,#279,.F.);
#560 = ORIENTED_EDGE('',*,*,#144,.T.);
#561 = ORIENTED_EDGE('',*,*,#562,.T.);
#562 = EDGE_CURVE('',#112,#563,#565,.T.);
#563 = VERTEX_POINT('',#564);
#564 = CARTESIAN_POINT('',(-2.287828297744E-02,-0.7422,0.1359));
#565 = SURFACE_CURVE('',#566,(#570,#576),.PCURVE_S1.);
#566 = LINE('',#567,#568);
#567 = CARTESIAN_POINT('',(-0.110925,-0.7422,0.1359));
#568 = VECTOR('',#569,1.);
#569 = DIRECTION('',(1.,-0.,0.));
#570 = PCURVE('',#160,#571);
#571 = DEFINITIONAL_REPRESENTATION('',(#572),#575);
#572 = B_SPLINE_CURVE_WITH_KNOTS('',1,(#573,#574),.UNSPECIFIED.,.F.,.F.,
  (2,2),(-3.2775E-02,9.2225E-02),.PIECEWISE_BEZIER_KNOTS.);
#573 = CARTESIAN_POINT('',(0.,-0.7422));
#574 = CARTESIAN_POINT('',(0.125,-0.7422));
#575 = ( GEOMETRIC_REPRESENTATION_CONTEXT(2) 
PARAMETRIC_REPRESENTATION_CONTEXT() REPRESENTATION_CONTEXT('2D SPACE',''
  ) );
#576 = PCURVE('',#128,#577);
#577 = DEFINITIONAL_REPRESENTATION('',(#578),#581);
#578 = B_SPLINE_CURVE_WITH_KNOTS('',1,(#579,#580),.UNSPECIFIED.,.F.,.F.,
  (2,2),(-3.2775E-02,9.2225E-02),.PIECEWISE_BEZIER_KNOTS.);
#579 = CARTESIAN_POINT('',(-5.781875923617E-02,-6.555E-02));
#580 = CARTESIAN_POINT('',(-5.781875923617E-02,5.945E-02));
#581 = ( GEOMETRIC_REPRESENTATION_CONTEXT(2) 
PARAMETRIC_REPRESENTATION_CONTEXT() REPRESENTATION_CONTEXT('2D SPACE',''
  ) );
#582 = ORIENTED_EDGE('',*,*,#583,.F.);
#583 = EDGE_CURVE('',#584,#563,#586,.T.);
#584 = VERTEX_POINT('',#585);
#585 = CARTESIAN_POINT('',(-2.287828297744E-02,-0.75,0.1359));
#586 = SURFACE_CURVE('',#587,(#591,#597),.PCURVE_S1.);
#587 = LINE('',#588,#589);
#588 = CARTESIAN_POINT('',(-2.287828297744E-02,-0.7422,0.1359));
#589 = VECTOR('',#590,1.);
#590 = DIRECTION('',(0.,1.,0.));
#591 = PCURVE('',#160,#592);
#592 = DEFINITIONAL_REPRESENTATION('',(#593),#596);
#593 = B_SPLINE_CURVE_WITH_KNOTS('',1,(#594,#595),.UNSPECIFIED.,.F.,.F.,
  (2,2),(-7.8006E-03,6.000000000173E-07),.PIECEWISE_BEZIER_KNOTS.);
#594 = CARTESIAN_POINT('',(0.120821717023,-0.7500006));
#595 = CARTESIAN_POINT('',(0.120821717023,-0.7421994));
#596 = ( GEOMETRIC_REPRESENTATION_CONTEXT(2) 
PARAMETRIC_REPRESENTATION_CONTEXT() REPRESENTATION_CONTEXT('2D SPACE',''
  ) );
#597 = PCURVE('',#598,#603);
#598 = CYLINDRICAL_SURFACE('',#599,3.441253001775E-03);
#599 = AXIS2_PLACEMENT_3D('',#600,#601,#602);
#600 = CARTESIAN_POINT('',(-2.373333333333E-02,-0.7422,0.132566666667));
#601 = DIRECTION('',(0.,1.,0.));
#602 = DIRECTION('',(6.78047598398E-02,-0.,0.997698609071));
#603 = DEFINITIONAL_REPRESENTATION('',(#604),#607);
#604 = B_SPLINE_CURVE_WITH_KNOTS('',1,(#605,#606),.UNSPECIFIED.,.F.,.F.,
  (2,2),(-7.8006E-03,6.000000000173E-07),.PIECEWISE_BEZIER_KNOTS.);
#605 = CARTESIAN_POINT('',(0.183244243411,-7.8006E-03));
#606 = CARTESIAN_POINT('',(0.183244243411,6.000000000173E-07));
#607 = ( GEOMETRIC_REPRESENTATION_CONTEXT(2) 
PARAMETRIC_REPRESENTATION_CONTEXT() REPRESENTATION_CONTEXT('2D SPACE',''
  ) );
#608 = ORIENTED_EDGE('',*,*,#609,.T.);
#609 = EDGE_CURVE('',#584,#610,#612,.T.);
#610 = VERTEX_POINT('',#611);
#611 = CARTESIAN_POINT('',(-1.87E-02,-0.75,0.1359));
#612 = SURFACE_CURVE('',#613,(#617,#624),.PCURVE_S1.);
#613 = LINE('',#614,#615);
#614 = CARTESIAN_POINT('',(-0.1437,-0.75,0.1359));
#615 = VECTOR('',#616,1.);
#616 = DIRECTION('',(1.,0.,0.));
#617 = PCURVE('',#160,#618);
#618 = DEFINITIONAL_REPRESENTATION('',(#619),#623);
#619 = LINE('',#620,#621);
#620 = CARTESIAN_POINT('',(0.,-0.75));
#621 = VECTOR('',#622,1.);
#622 = DIRECTION('',(1.,0.));
#623 = ( GEOMETRIC_REPRESENTATION_CONTEXT(2) 
PARAMETRIC_REPRESENTATION_CONTEXT() REPRESENTATION_CONTEXT('2D SPACE',''
  ) );
#624 = PCURVE('',#73,#625);
#625 = DEFINITIONAL_REPRESENTATION('',(#626),#630);
#626 = LINE('',#627,#628);
#627 = CARTESIAN_POINT('',(-2.851244561297E-02,-9.986227836303E-02));
#628 = VECTOR('',#629,1.);
#629 = DIRECTION('',(0.,1.));
#630 = ( GEOMETRIC_REPRESENTATION_CONTEXT(2) 
PARAMETRIC_REPRESENTATION_CONTEXT() REPRESENTATION_CONTEXT('2D SPACE',''
  ) );
#631 = ORIENTED_EDGE('',*,*,#632,.F.);
#632 = EDGE_CURVE('',#280,#610,#633,.T.);
#633 = SURFACE_CURVE('',#634,(#638,#645),.PCURVE_S1.);
#634 = LINE('',#635,#636);
#635 = CARTESIAN_POINT('',(-1.87E-02,0.,0.1359));
#636 = VECTOR('',#637,1.);
#637 = DIRECTION('',(0.,-1.,0.));
#638 = PCURVE('',#160,#639);
#639 = DEFINITIONAL_REPRESENTATION('',(#640),#644);
#640 = LINE('',#641,#642);
#641 = CARTESIAN_POINT('',(0.125,0.));
#642 = VECTOR('',#643,1.);
#643 = DIRECTION('',(0.,-1.));
#644 = ( GEOMETRIC_REPRESENTATION_CONTEXT(2) 
PARAMETRIC_REPRESENTATION_CONTEXT() REPRESENTATION_CONTEXT('2D SPACE',''
  ) );
#645 = PCURVE('',#323,#646);
#646 = DEFINITIONAL_REPRESENTATION('',(#647),#651);
#647 = LINE('',#648,#649);
#648 = CARTESIAN_POINT('',(0.,0.));
#649 = VECTOR('',#650,1.);
#650 = DIRECTION('',(0.,-1.));
#651 = ( GEOMETRIC_REPRESENTATION_CONTEXT(2) 
PARAMETRIC_REPRESENTATION_CONTEXT() REPRESENTATION_CONTEXT('2D SPACE',''
  ) );
#652 = ADVANCED_FACE('',(#653,#883,#914,#945,#1402,#1433),#128,.F.);
#653 = FACE_BOUND('',#654,.F.);
#654 = EDGE_LOOP('',(#655,#686,#714,#743,#771,#800,#828,#857));
#655 = ORIENTED_EDGE('',*,*,#656,.T.);
#656 = EDGE_CURVE('',#657,#659,#661,.T.);
#657 = VERTEX_POINT('',#658);
#658 = CARTESIAN_POINT('',(-0.2266,-0.7422,-7.8E-03));
#659 = VERTEX_POINT('',#660);
#660 = CARTESIAN_POINT('',(-0.2235,-0.7422,-1.09E-02));
#661 = SURFACE_CURVE('',#662,(#667,#674),.PCURVE_S1.);
#662 = CIRCLE('',#663,3.073194856695E-03);
#663 = AXIS2_PLACEMENT_3D('',#664,#665,#666);
#664 = CARTESIAN_POINT('',(-0.223526923077,-0.7422,-7.826923076923E-03)
  );
#665 = DIRECTION('',(0.,-1.,0.));
#666 = DIRECTION('',(-0.999961625076,0.,8.760614988146E-03));
#667 = PCURVE('',#128,#668);
#668 = DEFINITIONAL_REPRESENTATION('',(#669),#673);
#669 = CIRCLE('',#670,3.073194856695E-03);
#670 = AXIS2_PLACEMENT_2D('',#671,#672);
#671 = CARTESIAN_POINT('',(8.590816384075E-02,-0.145376923077));
#672 = DIRECTION('',(-8.760614988146E-03,-0.999961625076));
#673 = ( GEOMETRIC_REPRESENTATION_CONTEXT(2) 
PARAMETRIC_REPRESENTATION_CONTEXT() REPRESENTATION_CONTEXT('2D SPACE',''
  ) );
#674 = PCURVE('',#675,#680);
#675 = CYLINDRICAL_SURFACE('',#676,3.073194856695E-03);
#676 = AXIS2_PLACEMENT_3D('',#677,#678,#679);
#677 = CARTESIAN_POINT('',(-0.223526923077,-0.7422,-7.826923076923E-03)
  );
#678 = DIRECTION('',(-0.,1.,-0.));
#679 = DIRECTION('',(-0.999961625076,0.,8.760614988146E-03));
#680 = DEFINITIONAL_REPRESENTATION('',(#681),#685);
#681 = LINE('',#682,#683);
#682 = CARTESIAN_POINT('',(-0.,0.));
#683 = VECTOR('',#684,1.);
#684 = DIRECTION('',(-1.,0.));
#685 = ( GEOMETRIC_REPRESENTATION_CONTEXT(2) 
PARAMETRIC_REPRESENTATION_CONTEXT() REPRESENTATION_CONTEXT('2D SPACE',''
  ) );
#686 = ORIENTED_EDGE('',*,*,#687,.T.);
#687 = EDGE_CURVE('',#659,#688,#690,.T.);
#688 = VERTEX_POINT('',#689);
#689 = CARTESIAN_POINT('',(6.72E-02,-0.7422,-1.09E-02));
#690 = SURFACE_CURVE('',#691,(#695,#702),.PCURVE_S1.);
#691 = LINE('',#692,#693);
#692 = CARTESIAN_POINT('',(-0.2235,-0.7422,-1.09E-02));
#693 = VECTOR('',#694,1.);
#694 = DIRECTION('',(1.,0.,2.386960407261E-17));
#695 = PCURVE('',#128,#696);
#696 = DEFINITIONAL_REPRESENTATION('',(#697),#701);
#697 = LINE('',#698,#699);
#698 = CARTESIAN_POINT('',(8.898124076383E-02,-0.14535));
#699 = VECTOR('',#700,1.);
#700 = DIRECTION('',(-2.386960407261E-17,1.));
#701 = ( GEOMETRIC_REPRESENTATION_CONTEXT(2) 
PARAMETRIC_REPRESENTATION_CONTEXT() REPRESENTATION_CONTEXT('2D SPACE',''
  ) );
#702 = PCURVE('',#703,#708);
#703 = PLANE('',#704);
#704 = AXIS2_PLACEMENT_3D('',#705,#706,#707);
#705 = CARTESIAN_POINT('',(-0.2235,-0.7422,-1.09E-02));
#706 = DIRECTION('',(-2.386960407261E-17,0.,1.));
#707 = DIRECTION('',(1.,0.,2.386960407261E-17));
#708 = DEFINITIONAL_REPRESENTATION('',(#709),#713);
#709 = LINE('',#710,#711);
#710 = CARTESIAN_POINT('',(0.,0.));
#711 = VECTOR('',#712,1.);
#712 = DIRECTION('',(1.,0.));
#713 = ( GEOMETRIC_REPRESENTATION_CONTEXT(2) 
PARAMETRIC_REPRESENTATION_CONTEXT() REPRESENTATION_CONTEXT('2D SPACE',''
  ) );
#714 = ORIENTED_EDGE('',*,*,#715,.T.);
#715 = EDGE_CURVE('',#688,#716,#718,.T.);
#716 = VERTEX_POINT('',#717);
#717 = CARTESIAN_POINT('',(7.03E-02,-0.7422,-7.8E-03));
#718 = SURFACE_CURVE('',#719,(#724,#731),.PCURVE_S1.);
#719 = CIRCLE('',#720,3.073194856695E-03);
#720 = AXIS2_PLACEMENT_3D('',#721,#722,#723);
#721 = CARTESIAN_POINT('',(6.722692307692E-02,-0.7422,
    -7.826923076923E-03));
#722 = DIRECTION('',(0.,-1.,0.));
#723 = DIRECTION('',(-8.760614988143E-03,-0.,-0.999961625076));
#724 = PCURVE('',#128,#725);
#725 = DEFINITIONAL_REPRESENTATION('',(#726),#730);
#726 = CIRCLE('',#727,3.073194856695E-03);
#727 = AXIS2_PLACEMENT_2D('',#728,#729);
#728 = CARTESIAN_POINT('',(8.590816384075E-02,0.145376923077));
#729 = DIRECTION('',(0.999961625076,-8.760614988143E-03));
#730 = ( GEOMETRIC_REPRESENTATION_CONTEXT(2) 
PARAMETRIC_REPRESENTATION_CONTEXT() REPRESENTATION_CONTEXT('2D SPACE',''
  ) );
#731 = PCURVE('',#732,#737);
#732 = CYLINDRICAL_SURFACE('',#733,3.073194856695E-03);
#733 = AXIS2_PLACEMENT_3D('',#734,#735,#736);
#734 = CARTESIAN_POINT('',(6.722692307692E-02,-0.7422,
    -7.826923076923E-03));
#735 = DIRECTION('',(-0.,1.,-0.));
#736 = DIRECTION('',(-8.760614988143E-03,-0.,-0.999961625076));
#737 = DEFINITIONAL_REPRESENTATION('',(#738),#742);
#738 = LINE('',#739,#740);
#739 = CARTESIAN_POINT('',(-0.,0.));
#740 = VECTOR('',#741,1.);
#741 = DIRECTION('',(-1.,0.));
#742 = ( GEOMETRIC_REPRESENTATION_CONTEXT(2) 
PARAMETRIC_REPRESENTATION_CONTEXT() REPRESENTATION_CONTEXT('2D SPACE',''
  ) );
#743 = ORIENTED_EDGE('',*,*,#744,.T.);
#744 = EDGE_CURVE('',#716,#745,#747,.T.);
#745 = VERTEX_POINT('',#746);
#746 = CARTESIAN_POINT('',(7.03E-02,-0.7422,0.161));
#747 = SURFACE_CURVE('',#748,(#752,#759),.PCURVE_S1.);
#748 = LINE('',#749,#750);
#749 = CARTESIAN_POINT('',(7.03E-02,-0.7422,-7.8E-03));
#750 = VECTOR('',#751,1.);
#751 = DIRECTION('',(0.,0.,1.));
#752 = PCURVE('',#128,#753);
#753 = DEFINITIONAL_REPRESENTATION('',(#754),#758);
#754 = LINE('',#755,#756);
#755 = CARTESIAN_POINT('',(8.588124076383E-02,0.14845));
#756 = VECTOR('',#757,1.);
#757 = DIRECTION('',(-1.,0.));
#758 = ( GEOMETRIC_REPRESENTATION_CONTEXT(2) 
PARAMETRIC_REPRESENTATION_CONTEXT() REPRESENTATION_CONTEXT('2D SPACE',''
  ) );
#759 = PCURVE('',#760,#765);
#760 = PLANE('',#761);
#761 = AXIS2_PLACEMENT_3D('',#762,#763,#764);
#762 = CARTESIAN_POINT('',(7.03E-02,-0.7422,-7.8E-03));
#763 = DIRECTION('',(-1.,0.,0.));
#764 = DIRECTION('',(0.,0.,1.));
#765 = DEFINITIONAL_REPRESENTATION('',(#766),#770);
#766 = LINE('',#767,#768);
#767 = CARTESIAN_POINT('',(0.,0.));
#768 = VECTOR('',#769,1.);
#769 = DIRECTION('',(1.,0.));
#770 = ( GEOMETRIC_REPRESENTATION_CONTEXT(2) 
PARAMETRIC_REPRESENTATION_CONTEXT() REPRESENTATION_CONTEXT('2D SPACE',''
  ) );
#771 = ORIENTED_EDGE('',*,*,#772,.T.);
#772 = EDGE_CURVE('',#745,#773,#775,.T.);
#773 = VERTEX_POINT('',#774);
#774 = CARTESIAN_POINT('',(6.72E-02,-0.7422,0.1672));
#775 = SURFACE_CURVE('',#776,(#781,#788),.PCURVE_S1.);
#776 = CIRCLE('',#777,5.025432198579E-03);
#777 = AXIS2_PLACEMENT_3D('',#778,#779,#780);
#778 = CARTESIAN_POINT('',(6.549516129032E-02,-0.7422,0.162472580645));
#779 = DIRECTION('',(0.,-1.,0.));
#780 = DIRECTION('',(0.956104573659,0.,-0.293025671618));
#781 = PCURVE('',#128,#782);
#782 = DEFINITIONAL_REPRESENTATION('',(#783),#787);
#783 = CIRCLE('',#784,5.025432198579E-03);
#784 = AXIS2_PLACEMENT_2D('',#785,#786);
#785 = CARTESIAN_POINT('',(-8.439133988133E-02,0.14364516129));
#786 = DIRECTION('',(0.293025671618,0.956104573659));
#787 = ( GEOMETRIC_REPRESENTATION_CONTEXT(2) 
PARAMETRIC_REPRESENTATION_CONTEXT() REPRESENTATION_CONTEXT('2D SPACE',''
  ) );
#788 = PCURVE('',#789,#794);
#789 = CYLINDRICAL_SURFACE('',#790,5.025432198579E-03);
#790 = AXIS2_PLACEMENT_3D('',#791,#792,#793);
#791 = CARTESIAN_POINT('',(6.549516129032E-02,-0.7422,0.162472580645));
#792 = DIRECTION('',(-0.,1.,-0.));
#793 = DIRECTION('',(0.956104573659,0.,-0.293025671618));
#794 = DEFINITIONAL_REPRESENTATION('',(#795),#799);
#795 = LINE('',#796,#797);
#796 = CARTESIAN_POINT('',(-0.,0.));
#797 = VECTOR('',#798,1.);
#798 = DIRECTION('',(-1.,0.));
#799 = ( GEOMETRIC_REPRESENTATION_CONTEXT(2) 
PARAMETRIC_REPRESENTATION_CONTEXT() REPRESENTATION_CONTEXT('2D SPACE',''
  ) );
#800 = ORIENTED_EDGE('',*,*,#801,.T.);
#801 = EDGE_CURVE('',#773,#802,#804,.T.);
#802 = VERTEX_POINT('',#803);
#803 = CARTESIAN_POINT('',(-0.2235,-0.7422,0.1672));
#804 = SURFACE_CURVE('',#805,(#809,#816),.PCURVE_S1.);
#805 = LINE('',#806,#807);
#806 = CARTESIAN_POINT('',(6.72E-02,-0.7422,0.1672));
#807 = VECTOR('',#808,1.);
#808 = DIRECTION('',(-1.,0.,0.));
#809 = PCURVE('',#128,#810);
#810 = DEFINITIONAL_REPRESENTATION('',(#811),#815);
#811 = LINE('',#812,#813);
#812 = CARTESIAN_POINT('',(-8.911875923617E-02,0.14535));
#813 = VECTOR('',#814,1.);
#814 = DIRECTION('',(0.,-1.));
#815 = ( GEOMETRIC_REPRESENTATION_CONTEXT(2) 
PARAMETRIC_REPRESENTATION_CONTEXT() REPRESENTATION_CONTEXT('2D SPACE',''
  ) );
#816 = PCURVE('',#817,#822);
#817 = PLANE('',#818);
#818 = AXIS2_PLACEMENT_3D('',#819,#820,#821);
#819 = CARTESIAN_POINT('',(6.72E-02,-0.7422,0.1672));
#820 = DIRECTION('',(-0.,-0.,-1.));
#821 = DIRECTION('',(-1.,0.,0.));
#822 = DEFINITIONAL_REPRESENTATION('',(#823),#827);
#823 = LINE('',#824,#825);
#824 = CARTESIAN_POINT('',(0.,0.));
#825 = VECTOR('',#826,1.);
#826 = DIRECTION('',(1.,0.));
#827 = ( GEOMETRIC_REPRESENTATION_CONTEXT(2) 
PARAMETRIC_REPRESENTATION_CONTEXT() REPRESENTATION_CONTEXT('2D SPACE',''
  ) );
#828 = ORIENTED_EDGE('',*,*,#829,.T.);
#829 = EDGE_CURVE('',#802,#830,#832,.T.);
#830 = VERTEX_POINT('',#831);
#831 = CARTESIAN_POINT('',(-0.2266,-0.7422,0.161));
#832 = SURFACE_CURVE('',#833,(#838,#845),.PCURVE_S1.);
#833 = CIRCLE('',#834,5.025432198579E-03);
#834 = AXIS2_PLACEMENT_3D('',#835,#836,#837);
#835 = CARTESIAN_POINT('',(-0.22179516129,-0.7422,0.162472580645));
#836 = DIRECTION('',(0.,-1.,0.));
#837 = DIRECTION('',(-0.339242206901,0.,0.940699061899));
#838 = PCURVE('',#128,#839);
#839 = DEFINITIONAL_REPRESENTATION('',(#840),#844);
#840 = CIRCLE('',#841,5.025432198579E-03);
#841 = AXIS2_PLACEMENT_2D('',#842,#843);
#842 = CARTESIAN_POINT('',(-8.439133988133E-02,-0.14364516129));
#843 = DIRECTION('',(-0.940699061899,-0.339242206901));
#844 = ( GEOMETRIC_REPRESENTATION_CONTEXT(2) 
PARAMETRIC_REPRESENTATION_CONTEXT() REPRESENTATION_CONTEXT('2D SPACE',''
  ) );
#845 = PCURVE('',#846,#851);
#846 = CYLINDRICAL_SURFACE('',#847,5.025432198579E-03);
#847 = AXIS2_PLACEMENT_3D('',#848,#849,#850);
#848 = CARTESIAN_POINT('',(-0.22179516129,-0.7422,0.162472580645));
#849 = DIRECTION('',(-0.,1.,-0.));
#850 = DIRECTION('',(-0.339242206901,0.,0.940699061899));
#851 = DEFINITIONAL_REPRESENTATION('',(#852),#856);
#852 = LINE('',#853,#854);
#853 = CARTESIAN_POINT('',(-0.,0.));
#854 = VECTOR('',#855,1.);
#855 = DIRECTION('',(-1.,0.));
#856 = ( GEOMETRIC_REPRESENTATION_CONTEXT(2) 
PARAMETRIC_REPRESENTATION_CONTEXT() REPRESENTATION_CONTEXT('2D SPACE',''
  ) );
#857 = ORIENTED_EDGE('',*,*,#858,.T.);
#858 = EDGE_CURVE('',#830,#657,#859,.T.);
#859 = SURFACE_CURVE('',#860,(#864,#871),.PCURVE_S1.);
#860 = LINE('',#861,#862);
#861 = CARTESIAN_POINT('',(-0.2266,-0.7422,0.161));
#862 = VECTOR('',#863,1.);
#863 = DIRECTION('',(0.,0.,-1.));
#864 = PCURVE('',#128,#865);
#865 = DEFINITIONAL_REPRESENTATION('',(#866),#870);
#866 = LINE('',#867,#868);
#867 = CARTESIAN_POINT('',(-8.291875923617E-02,-0.14845));
#868 = VECTOR('',#869,1.);
#869 = DIRECTION('',(1.,0.));
#870 = ( GEOMETRIC_REPRESENTATION_CONTEXT(2) 
PARAMETRIC_REPRESENTATION_CONTEXT() REPRESENTATION_CONTEXT('2D SPACE',''
  ) );
#871 = PCURVE('',#872,#877);
#872 = PLANE('',#873);
#873 = AXIS2_PLACEMENT_3D('',#874,#875,#876);
#874 = CARTESIAN_POINT('',(-0.2266,-0.7422,0.161));
#875 = DIRECTION('',(1.,0.,0.));
#876 = DIRECTION('',(0.,0.,-1.));
#877 = DEFINITIONAL_REPRESENTATION('',(#878),#882);
#878 = LINE('',#879,#880);
#879 = CARTESIAN_POINT('',(0.,0.));
#880 = VECTOR('',#881,1.);
#881 = DIRECTION('',(1.,0.));
#882 = ( GEOMETRIC_REPRESENTATION_CONTEXT(2) 
PARAMETRIC_REPRESENTATION_CONTEXT() REPRESENTATION_CONTEXT('2D SPACE',''
  ) );
#883 = FACE_BOUND('',#884,.F.);
#884 = EDGE_LOOP('',(#885));
#885 = ORIENTED_EDGE('',*,*,#886,.F.);
#886 = EDGE_CURVE('',#887,#887,#889,.T.);
#887 = VERTEX_POINT('',#888);
#888 = CARTESIAN_POINT('',(-0.1766,-0.7422,0.1141));
#889 = SURFACE_CURVE('',#890,(#895,#902),.PCURVE_S1.);
#890 = CIRCLE('',#891,1.25E-02);
#891 = AXIS2_PLACEMENT_3D('',#892,#893,#894);
#892 = CARTESIAN_POINT('',(-0.1891,-0.7422,0.1141));
#893 = DIRECTION('',(0.,-1.,0.));
#894 = DIRECTION('',(1.,0.,0.));
#895 = PCURVE('',#128,#896);
#896 = DEFINITIONAL_REPRESENTATION('',(#897),#901);
#897 = CIRCLE('',#898,1.25E-02);
#898 = AXIS2_PLACEMENT_2D('',#899,#900);
#899 = CARTESIAN_POINT('',(-3.601875923617E-02,-0.11095));
#900 = DIRECTION('',(0.,1.));
#901 = ( GEOMETRIC_REPRESENTATION_CONTEXT(2) 
PARAMETRIC_REPRESENTATION_CONTEXT() REPRESENTATION_CONTEXT('2D SPACE',''
  ) );
#902 = PCURVE('',#903,#908);
#903 = CYLINDRICAL_SURFACE('',#904,1.25E-02);
#904 = AXIS2_PLACEMENT_3D('',#905,#906,#907);
#905 = CARTESIAN_POINT('',(-0.1891,-0.7422,0.1141));
#906 = DIRECTION('',(-0.,1.,-0.));
#907 = DIRECTION('',(1.,0.,0.));
#908 = DEFINITIONAL_REPRESENTATION('',(#909),#913);
#909 = LINE('',#910,#911);
#910 = CARTESIAN_POINT('',(-0.,0.));
#911 = VECTOR('',#912,1.);
#912 = DIRECTION('',(-1.,0.));
#913 = ( GEOMETRIC_REPRESENTATION_CONTEXT(2) 
PARAMETRIC_REPRESENTATION_CONTEXT() REPRESENTATION_CONTEXT('2D SPACE',''
  ) );
#914 = FACE_BOUND('',#915,.F.);
#915 = EDGE_LOOP('',(#916));
#916 = ORIENTED_EDGE('',*,*,#917,.F.);
#917 = EDGE_CURVE('',#918,#918,#920,.T.);
#918 = VERTEX_POINT('',#919);
#919 = CARTESIAN_POINT('',(-0.1766,-0.7422,3.91E-02));
#920 = SURFACE_CURVE('',#921,(#926,#933),.PCURVE_S1.);
#921 = CIRCLE('',#922,1.25E-02);
#922 = AXIS2_PLACEMENT_3D('',#923,#924,#925);
#923 = CARTESIAN_POINT('',(-0.1891,-0.7422,3.91E-02));
#924 = DIRECTION('',(0.,-1.,0.));
#925 = DIRECTION('',(1.,0.,0.));
#926 = PCURVE('',#128,#927);
#927 = DEFINITIONAL_REPRESENTATION('',(#928),#932);
#928 = CIRCLE('',#929,1.25E-02);
#929 = AXIS2_PLACEMENT_2D('',#930,#931);
#930 = CARTESIAN_POINT('',(3.898124076383E-02,-0.11095));
#931 = DIRECTION('',(0.,1.));
#932 = ( GEOMETRIC_REPRESENTATION_CONTEXT(2) 
PARAMETRIC_REPRESENTATION_CONTEXT() REPRESENTATION_CONTEXT('2D SPACE',''
  ) );
#933 = PCURVE('',#934,#939);
#934 = CYLINDRICAL_SURFACE('',#935,1.25E-02);
#935 = AXIS2_PLACEMENT_3D('',#936,#937,#938);
#936 = CARTESIAN_POINT('',(-0.1891,-0.7422,3.91E-02));
#937 = DIRECTION('',(-0.,1.,-0.));
#938 = DIRECTION('',(1.,0.,0.));
#939 = DEFINITIONAL_REPRESENTATION('',(#940),#944);
#940 = LINE('',#941,#942);
#941 = CARTESIAN_POINT('',(-0.,0.));
#942 = VECTOR('',#943,1.);
#943 = DIRECTION('',(-1.,0.));
#944 = ( GEOMETRIC_REPRESENTATION_CONTEXT(2) 
PARAMETRIC_REPRESENTATION_CONTEXT() REPRESENTATION_CONTEXT('2D SPACE',''
  ) );
#945 = FACE_BOUND('',#946,.F.);
#946 = EDGE_LOOP('',(#947,#978,#1006,#1035,#1063,#1089,#1090,#1091,#1114
    ,#1143,#1171,#1199,#1228,#1256,#1285,#1306,#1334,#1355,#1383));
#947 = ORIENTED_EDGE('',*,*,#948,.F.);
#948 = EDGE_CURVE('',#949,#951,#953,.T.);
#949 = VERTEX_POINT('',#950);
#950 = CARTESIAN_POINT('',(-7.8E-03,-0.7422,1.6E-03));
#951 = VERTEX_POINT('',#952);
#952 = CARTESIAN_POINT('',(-5.652731092991E-03,-0.7422,3.1E-03));
#953 = SURFACE_CURVE('',#954,(#959,#966),.PCURVE_S1.);
#954 = CIRCLE('',#955,5.025432198579E-03);
#955 = AXIS2_PLACEMENT_3D('',#956,#957,#958);
#956 = CARTESIAN_POINT('',(-9.504838709677E-03,-0.7422,
    6.327419354839E-03));
#957 = DIRECTION('',(0.,-1.,0.));
#958 = DIRECTION('',(0.339242206901,0.,-0.940699061899));
#959 = PCURVE('',#128,#960);
#960 = DEFINITIONAL_REPRESENTATION('',(#961),#965);
#961 = CIRCLE('',#962,5.025432198579E-03);
#962 = AXIS2_PLACEMENT_2D('',#963,#964);
#963 = CARTESIAN_POINT('',(7.175382140899E-02,6.864516129032E-02));
#964 = DIRECTION('',(0.940699061899,0.339242206901));
#965 = ( GEOMETRIC_REPRESENTATION_CONTEXT(2) 
PARAMETRIC_REPRESENTATION_CONTEXT() REPRESENTATION_CONTEXT('2D SPACE',''
  ) );
#966 = PCURVE('',#967,#972);
#967 = CYLINDRICAL_SURFACE('',#968,5.025432198579E-03);
#968 = AXIS2_PLACEMENT_3D('',#969,#970,#971);
#969 = CARTESIAN_POINT('',(-9.504838709677E-03,-0.7422,
    6.327419354839E-03));
#970 = DIRECTION('',(-0.,1.,-0.));
#971 = DIRECTION('',(0.339242206901,0.,-0.940699061899));
#972 = DEFINITIONAL_REPRESENTATION('',(#973),#977);
#973 = LINE('',#974,#975);
#974 = CARTESIAN_POINT('',(-0.,0.));
#975 = VECTOR('',#976,1.);
#976 = DIRECTION('',(-1.,0.));
#977 = ( GEOMETRIC_REPRESENTATION_CONTEXT(2) 
PARAMETRIC_REPRESENTATION_CONTEXT() REPRESENTATION_CONTEXT('2D SPACE',''
  ) );
#978 = ORIENTED_EDGE('',*,*,#979,.F.);
#979 = EDGE_CURVE('',#980,#949,#982,.T.);
#980 = VERTEX_POINT('',#981);
#981 = CARTESIAN_POINT('',(-1.41E-02,-0.7422,1.6E-03));
#982 = SURFACE_CURVE('',#983,(#987,#994),.PCURVE_S1.);
#983 = LINE('',#984,#985);
#984 = CARTESIAN_POINT('',(-1.41E-02,-0.7422,1.6E-03));
#985 = VECTOR('',#986,1.);
#986 = DIRECTION('',(1.,0.,0.));
#987 = PCURVE('',#128,#988);
#988 = DEFINITIONAL_REPRESENTATION('',(#989),#993);
#989 = LINE('',#990,#991);
#990 = CARTESIAN_POINT('',(7.648124076383E-02,6.405E-02));
#991 = VECTOR('',#992,1.);
#992 = DIRECTION('',(0.,1.));
#993 = ( GEOMETRIC_REPRESENTATION_CONTEXT(2) 
PARAMETRIC_REPRESENTATION_CONTEXT() REPRESENTATION_CONTEXT('2D SPACE',''
  ) );
#994 = PCURVE('',#995,#1000);
#995 = PLANE('',#996);
#996 = AXIS2_PLACEMENT_3D('',#997,#998,#999);
#997 = CARTESIAN_POINT('',(-1.41E-02,-0.7422,1.6E-03));
#998 = DIRECTION('',(-0.,0.,1.));
#999 = DIRECTION('',(1.,0.,0.));
#1000 = DEFINITIONAL_REPRESENTATION('',(#1001),#1005);
#1001 = LINE('',#1002,#1003);
#1002 = CARTESIAN_POINT('',(0.,0.));
#1003 = VECTOR('',#1004,1.);
#1004 = DIRECTION('',(1.,0.));
#1005 = ( GEOMETRIC_REPRESENTATION_CONTEXT(2) 
PARAMETRIC_REPRESENTATION_CONTEXT() REPRESENTATION_CONTEXT('2D SPACE',''
  ) );
#1006 = ORIENTED_EDGE('',*,*,#1007,.F.);
#1007 = EDGE_CURVE('',#1008,#980,#1010,.T.);
#1008 = VERTEX_POINT('',#1009);
#1009 = CARTESIAN_POINT('',(-2.03E-02,-0.7422,7.8E-03));
#1010 = SURFACE_CURVE('',#1011,(#1016,#1023),.PCURVE_S1.);
#1011 = CIRCLE('',#1012,6.146389713391E-03);
#1012 = AXIS2_PLACEMENT_3D('',#1013,#1014,#1015);
#1013 = CARTESIAN_POINT('',(-1.415384615385E-02,-0.7422,
    7.746153846154E-03));
#1014 = DIRECTION('',(0.,-1.,0.));
#1015 = DIRECTION('',(-0.999961625076,0.,8.760614988153E-03));
#1016 = PCURVE('',#128,#1017);
#1017 = DEFINITIONAL_REPRESENTATION('',(#1018),#1022);
#1018 = CIRCLE('',#1019,6.146389713391E-03);
#1019 = AXIS2_PLACEMENT_2D('',#1020,#1021);
#1020 = CARTESIAN_POINT('',(7.033508691768E-02,6.399615384615E-02));
#1021 = DIRECTION('',(-8.760614988153E-03,-0.999961625076));
#1022 = ( GEOMETRIC_REPRESENTATION_CONTEXT(2) 
PARAMETRIC_REPRESENTATION_CONTEXT() REPRESENTATION_CONTEXT('2D SPACE',''
  ) );
#1023 = PCURVE('',#1024,#1029);
#1024 = CYLINDRICAL_SURFACE('',#1025,6.146389713391E-03);
#1025 = AXIS2_PLACEMENT_3D('',#1026,#1027,#1028);
#1026 = CARTESIAN_POINT('',(-1.415384615385E-02,-0.7422,
    7.746153846154E-03));
#1027 = DIRECTION('',(-0.,1.,-0.));
#1028 = DIRECTION('',(-0.999961625076,0.,8.760614988153E-03));
#1029 = DEFINITIONAL_REPRESENTATION('',(#1030),#1034);
#1030 = LINE('',#1031,#1032);
#1031 = CARTESIAN_POINT('',(-0.,0.));
#1032 = VECTOR('',#1033,1.);
#1033 = DIRECTION('',(-1.,0.));
#1034 = ( GEOMETRIC_REPRESENTATION_CONTEXT(2) 
PARAMETRIC_REPRESENTATION_CONTEXT() REPRESENTATION_CONTEXT('2D SPACE',''
  ) );
#1035 = ORIENTED_EDGE('',*,*,#1036,.F.);
#1036 = EDGE_CURVE('',#1037,#1008,#1039,.T.);
#1037 = VERTEX_POINT('',#1038);
#1038 = CARTESIAN_POINT('',(-2.03E-02,-0.7422,0.1328));
#1039 = SURFACE_CURVE('',#1040,(#1044,#1051),.PCURVE_S1.);
#1040 = LINE('',#1041,#1042);
#1041 = CARTESIAN_POINT('',(-2.03E-02,-0.7422,0.1328));
#1042 = VECTOR('',#1043,1.);
#1043 = DIRECTION('',(5.551115123126E-17,0.,-1.));
#1044 = PCURVE('',#128,#1045);
#1045 = DEFINITIONAL_REPRESENTATION('',(#1046),#1050);
#1046 = LINE('',#1047,#1048);
#1047 = CARTESIAN_POINT('',(-5.471875923617E-02,5.785E-02));
#1048 = VECTOR('',#1049,1.);
#1049 = DIRECTION('',(1.,5.551115123126E-17));
#1050 = ( GEOMETRIC_REPRESENTATION_CONTEXT(2) 
PARAMETRIC_REPRESENTATION_CONTEXT() REPRESENTATION_CONTEXT('2D SPACE',''
  ) );
#1051 = PCURVE('',#1052,#1057);
#1052 = PLANE('',#1053);
#1053 = AXIS2_PLACEMENT_3D('',#1054,#1055,#1056);
#1054 = CARTESIAN_POINT('',(-2.03E-02,-0.7422,0.1328));
#1055 = DIRECTION('',(1.,0.,5.551115123126E-17));
#1056 = DIRECTION('',(5.551115123126E-17,0.,-1.));
#1057 = DEFINITIONAL_REPRESENTATION('',(#1058),#1062);
#1058 = LINE('',#1059,#1060);
#1059 = CARTESIAN_POINT('',(0.,0.));
#1060 = VECTOR('',#1061,1.);
#1061 = DIRECTION('',(1.,0.));
#1062 = ( GEOMETRIC_REPRESENTATION_CONTEXT(2) 
PARAMETRIC_REPRESENTATION_CONTEXT() REPRESENTATION_CONTEXT('2D SPACE',''
  ) );
#1063 = ORIENTED_EDGE('',*,*,#1064,.F.);
#1064 = EDGE_CURVE('',#563,#1037,#1065,.T.);
#1065 = SURFACE_CURVE('',#1066,(#1071,#1082),.PCURVE_S1.);
#1066 = CIRCLE('',#1067,3.441253001775E-03);
#1067 = AXIS2_PLACEMENT_3D('',#1068,#1069,#1070);
#1068 = CARTESIAN_POINT('',(-2.373333333333E-02,-0.7422,0.132566666667)
  );
#1069 = DIRECTION('',(0.,1.,0.));
#1070 = DIRECTION('',(6.78047598398E-02,-0.,0.997698609071));
#1071 = PCURVE('',#128,#1072);
#1072 = DEFINITIONAL_REPRESENTATION('',(#1073),#1081);
#1073 = ( BOUNDED_CURVE() B_SPLINE_CURVE(2,(#1074,#1075,#1076,#1077,
#1078,#1079,#1080),.UNSPECIFIED.,.T.,.F.) B_SPLINE_CURVE_WITH_KNOTS((1,2
    ,2,2,2,1),(-2.094395102393,0.,2.094395102393,4.188790204786,
6.28318530718,8.377580409573),.UNSPECIFIED.) CURVE() 
GEOMETRIC_REPRESENTATION_ITEM() RATIONAL_B_SPLINE_CURVE((1.,0.5,1.,0.5,
1.,0.5,1.)) REPRESENTATION_ITEM('') );
#1074 = CARTESIAN_POINT('',(-5.791875923617E-02,5.465E-02));
#1075 = CARTESIAN_POINT('',(-5.751461404774E-02,6.059670777265E-02));
#1076 = CARTESIAN_POINT('',(-5.256668664195E-02,5.727335388633E-02));
#1077 = CARTESIAN_POINT('',(-4.761875923617E-02,5.395E-02));
#1078 = CARTESIAN_POINT('',(-5.297083183039E-02,5.132664611367E-02));
#1079 = CARTESIAN_POINT('',(-5.83229044246E-02,4.870329222735E-02));
#1080 = CARTESIAN_POINT('',(-5.791875923617E-02,5.465E-02));
#1081 = ( GEOMETRIC_REPRESENTATION_CONTEXT(2) 
PARAMETRIC_REPRESENTATION_CONTEXT() REPRESENTATION_CONTEXT('2D SPACE',''
  ) );
#1082 = PCURVE('',#598,#1083);
#1083 = DEFINITIONAL_REPRESENTATION('',(#1084),#1088);
#1084 = LINE('',#1085,#1086);
#1085 = CARTESIAN_POINT('',(0.,0.));
#1086 = VECTOR('',#1087,1.);
#1087 = DIRECTION('',(1.,0.));
#1088 = ( GEOMETRIC_REPRESENTATION_CONTEXT(2) 
PARAMETRIC_REPRESENTATION_CONTEXT() REPRESENTATION_CONTEXT('2D SPACE',''
  ) );
#1089 = ORIENTED_EDGE('',*,*,#562,.F.);
#1090 = ORIENTED_EDGE('',*,*,#111,.T.);
#1091 = ORIENTED_EDGE('',*,*,#1092,.F.);
#1092 = EDGE_CURVE('',#1093,#86,#1095,.T.);
#1093 = VERTEX_POINT('',#1094);
#1094 = CARTESIAN_POINT('',(-0.1485,-0.7422,0.136));
#1095 = SURFACE_CURVE('',#1096,(#1100,#1107),.PCURVE_S1.);
#1096 = LINE('',#1097,#1098);
#1097 = CARTESIAN_POINT('',(-0.1485,-0.7422,0.136));
#1098 = VECTOR('',#1099,1.);
#1099 = DIRECTION('',(1.,0.,0.));
#1100 = PCURVE('',#128,#1101);
#1101 = DEFINITIONAL_REPRESENTATION('',(#1102),#1106);
#1102 = LINE('',#1103,#1104);
#1103 = CARTESIAN_POINT('',(-5.791875923617E-02,-7.035E-02));
#1104 = VECTOR('',#1105,1.);
#1105 = DIRECTION('',(0.,1.));
#1106 = ( GEOMETRIC_REPRESENTATION_CONTEXT(2) 
PARAMETRIC_REPRESENTATION_CONTEXT() REPRESENTATION_CONTEXT('2D SPACE',''
  ) );
#1107 = PCURVE('',#100,#1108);
#1108 = DEFINITIONAL_REPRESENTATION('',(#1109),#1113);
#1109 = LINE('',#1110,#1111);
#1110 = CARTESIAN_POINT('',(0.,0.));
#1111 = VECTOR('',#1112,1.);
#1112 = DIRECTION('',(1.,0.));
#1113 = ( GEOMETRIC_REPRESENTATION_CONTEXT(2) 
PARAMETRIC_REPRESENTATION_CONTEXT() REPRESENTATION_CONTEXT('2D SPACE',''
  ) );
#1114 = ORIENTED_EDGE('',*,*,#1115,.F.);
#1115 = EDGE_CURVE('',#1116,#1093,#1118,.T.);
#1116 = VERTEX_POINT('',#1117);
#1117 = CARTESIAN_POINT('',(-0.2266,-0.7422,-7.8E-03));
#1118 = SURFACE_CURVE('',#1119,(#1124,#1131),.PCURVE_S1.);
#1119 = CIRCLE('',#1120,0.115749995748);
#1120 = AXIS2_PLACEMENT_3D('',#1121,#1122,#1123);
#1121 = CARTESIAN_POINT('',(-0.259498510356,-0.7422,0.103176346723));
#1122 = DIRECTION('',(0.,-1.,0.));
#1123 = DIRECTION('',(0.284220402284,0.,-0.958758970193));
#1124 = PCURVE('',#128,#1125);
#1125 = DEFINITIONAL_REPRESENTATION('',(#1126),#1130);
#1126 = CIRCLE('',#1127,0.115749995748);
#1127 = AXIS2_PLACEMENT_2D('',#1128,#1129);
#1128 = CARTESIAN_POINT('',(-2.509510595931E-02,-0.181348510356));
#1129 = DIRECTION('',(0.958758970193,0.284220402284));
#1130 = ( GEOMETRIC_REPRESENTATION_CONTEXT(2) 
PARAMETRIC_REPRESENTATION_CONTEXT() REPRESENTATION_CONTEXT('2D SPACE',''
  ) );
#1131 = PCURVE('',#1132,#1137);
#1132 = CYLINDRICAL_SURFACE('',#1133,0.115749995748);
#1133 = AXIS2_PLACEMENT_3D('',#1134,#1135,#1136);
#1134 = CARTESIAN_POINT('',(-0.259498510356,-0.7422,0.103176346723));
#1135 = DIRECTION('',(-0.,1.,-0.));
#1136 = DIRECTION('',(0.284220402284,0.,-0.958758970193));
#1137 = DEFINITIONAL_REPRESENTATION('',(#1138),#1142);
#1138 = LINE('',#1139,#1140);
#1139 = CARTESIAN_POINT('',(-0.,0.));
#1140 = VECTOR('',#1141,1.);
#1141 = DIRECTION('',(-1.,0.));
#1142 = ( GEOMETRIC_REPRESENTATION_CONTEXT(2) 
PARAMETRIC_REPRESENTATION_CONTEXT() REPRESENTATION_CONTEXT('2D SPACE',''
  ) );
#1143 = ORIENTED_EDGE('',*,*,#1144,.F.);
#1144 = EDGE_CURVE('',#1145,#1116,#1147,.T.);
#1145 = VERTEX_POINT('',#1146);
#1146 = CARTESIAN_POINT('',(-0.1516,-0.7422,0.1422));
#1147 = SURFACE_CURVE('',#1148,(#1152,#1159),.PCURVE_S1.);
#1148 = LINE('',#1149,#1150);
#1149 = CARTESIAN_POINT('',(-0.1516,-0.7422,0.1422));
#1150 = VECTOR('',#1151,1.);
#1151 = DIRECTION('',(-0.4472135955,0.,-0.894427191));
#1152 = PCURVE('',#128,#1153);
#1153 = DEFINITIONAL_REPRESENTATION('',(#1154),#1158);
#1154 = LINE('',#1155,#1156);
#1155 = CARTESIAN_POINT('',(-6.411875923617E-02,-7.345E-02));
#1156 = VECTOR('',#1157,1.);
#1157 = DIRECTION('',(0.894427191,-0.4472135955));
#1158 = ( GEOMETRIC_REPRESENTATION_CONTEXT(2) 
PARAMETRIC_REPRESENTATION_CONTEXT() REPRESENTATION_CONTEXT('2D SPACE',''
  ) );
#1159 = PCURVE('',#1160,#1165);
#1160 = PLANE('',#1161);
#1161 = AXIS2_PLACEMENT_3D('',#1162,#1163,#1164);
#1162 = CARTESIAN_POINT('',(-0.1516,-0.7422,0.1422));
#1163 = DIRECTION('',(0.894427191,0.,-0.4472135955));
#1164 = DIRECTION('',(-0.4472135955,0.,-0.894427191));
#1165 = DEFINITIONAL_REPRESENTATION('',(#1166),#1170);
#1166 = LINE('',#1167,#1168);
#1167 = CARTESIAN_POINT('',(0.,0.));
#1168 = VECTOR('',#1169,1.);
#1169 = DIRECTION('',(1.,0.));
#1170 = ( GEOMETRIC_REPRESENTATION_CONTEXT(2) 
PARAMETRIC_REPRESENTATION_CONTEXT() REPRESENTATION_CONTEXT('2D SPACE',''
  ) );
#1171 = ORIENTED_EDGE('',*,*,#1172,.F.);
#1172 = EDGE_CURVE('',#1173,#1145,#1175,.T.);
#1173 = VERTEX_POINT('',#1174);
#1174 = CARTESIAN_POINT('',(-0.1516,-0.7422,0.1453));
#1175 = SURFACE_CURVE('',#1176,(#1180,#1187),.PCURVE_S1.);
#1176 = LINE('',#1177,#1178);
#1177 = CARTESIAN_POINT('',(-0.1516,-0.7422,0.1453));
#1178 = VECTOR('',#1179,1.);
#1179 = DIRECTION('',(0.,0.,-1.));
#1180 = PCURVE('',#128,#1181);
#1181 = DEFINITIONAL_REPRESENTATION('',(#1182),#1186);
#1182 = LINE('',#1183,#1184);
#1183 = CARTESIAN_POINT('',(-6.721875923617E-02,-7.345E-02));
#1184 = VECTOR('',#1185,1.);
#1185 = DIRECTION('',(1.,0.));
#1186 = ( GEOMETRIC_REPRESENTATION_CONTEXT(2) 
PARAMETRIC_REPRESENTATION_CONTEXT() REPRESENTATION_CONTEXT('2D SPACE',''
  ) );
#1187 = PCURVE('',#1188,#1193);
#1188 = PLANE('',#1189);
#1189 = AXIS2_PLACEMENT_3D('',#1190,#1191,#1192);
#1190 = CARTESIAN_POINT('',(-0.1516,-0.7422,0.1453));
#1191 = DIRECTION('',(1.,0.,0.));
#1192 = DIRECTION('',(0.,0.,-1.));
#1193 = DEFINITIONAL_REPRESENTATION('',(#1194),#1198);
#1194 = LINE('',#1195,#1196);
#1195 = CARTESIAN_POINT('',(0.,0.));
#1196 = VECTOR('',#1197,1.);
#1197 = DIRECTION('',(1.,0.));
#1198 = ( GEOMETRIC_REPRESENTATION_CONTEXT(2) 
PARAMETRIC_REPRESENTATION_CONTEXT() REPRESENTATION_CONTEXT('2D SPACE',''
  ) );
#1199 = ORIENTED_EDGE('',*,*,#1200,.F.);
#1200 = EDGE_CURVE('',#1201,#1173,#1203,.T.);
#1201 = VERTEX_POINT('',#1202);
#1202 = CARTESIAN_POINT('',(-0.1485,-0.7422,0.1516));
#1203 = SURFACE_CURVE('',#1204,(#1209,#1216),.PCURVE_S1.);
#1204 = CIRCLE('',#1205,5.079084943212E-03);
#1205 = AXIS2_PLACEMENT_3D('',#1206,#1207,#1208);
#1206 = CARTESIAN_POINT('',(-0.146756673407,-0.7422,0.146829474216));
#1207 = DIRECTION('',(0.,-1.,0.));
#1208 = DIRECTION('',(-0.343236353006,0.,0.939249064932));
#1209 = PCURVE('',#128,#1210);
#1210 = DEFINITIONAL_REPRESENTATION('',(#1211),#1215);
#1211 = CIRCLE('',#1212,5.079084943212E-03);
#1212 = AXIS2_PLACEMENT_2D('',#1213,#1214);
#1213 = CARTESIAN_POINT('',(-6.874823345255E-02,-6.860667340748E-02));
#1214 = DIRECTION('',(-0.939249064932,-0.343236353006));
#1215 = ( GEOMETRIC_REPRESENTATION_CONTEXT(2) 
PARAMETRIC_REPRESENTATION_CONTEXT() REPRESENTATION_CONTEXT('2D SPACE',''
  ) );
#1216 = PCURVE('',#1217,#1222);
#1217 = CYLINDRICAL_SURFACE('',#1218,5.079084943212E-03);
#1218 = AXIS2_PLACEMENT_3D('',#1219,#1220,#1221);
#1219 = CARTESIAN_POINT('',(-0.146756673407,-0.7422,0.146829474216));
#1220 = DIRECTION('',(-0.,1.,-0.));
#1221 = DIRECTION('',(-0.343236353006,0.,0.939249064932));
#1222 = DEFINITIONAL_REPRESENTATION('',(#1223),#1227);
#1223 = LINE('',#1224,#1225);
#1224 = CARTESIAN_POINT('',(-0.,0.));
#1225 = VECTOR('',#1226,1.);
#1226 = DIRECTION('',(-1.,0.));
#1227 = ( GEOMETRIC_REPRESENTATION_CONTEXT(2) 
PARAMETRIC_REPRESENTATION_CONTEXT() REPRESENTATION_CONTEXT('2D SPACE',''
  ) );
#1228 = ORIENTED_EDGE('',*,*,#1229,.F.);
#1229 = EDGE_CURVE('',#1230,#1201,#1232,.T.);
#1230 = VERTEX_POINT('',#1231);
#1231 = CARTESIAN_POINT('',(-7.8E-03,-0.7422,0.1516));
#1232 = SURFACE_CURVE('',#1233,(#1237,#1244),.PCURVE_S1.);
#1233 = LINE('',#1234,#1235);
#1234 = CARTESIAN_POINT('',(-7.8E-03,-0.7422,0.1516));
#1235 = VECTOR('',#1236,1.);
#1236 = DIRECTION('',(-1.,0.,1.972677726768E-16));
#1237 = PCURVE('',#128,#1238);
#1238 = DEFINITIONAL_REPRESENTATION('',(#1239),#1243);
#1239 = LINE('',#1240,#1241);
#1240 = CARTESIAN_POINT('',(-7.351875923617E-02,7.035E-02));
#1241 = VECTOR('',#1242,1.);
#1242 = DIRECTION('',(-1.972677726768E-16,-1.));
#1243 = ( GEOMETRIC_REPRESENTATION_CONTEXT(2) 
PARAMETRIC_REPRESENTATION_CONTEXT() REPRESENTATION_CONTEXT('2D SPACE',''
  ) );
#1244 = PCURVE('',#1245,#1250);
#1245 = PLANE('',#1246);
#1246 = AXIS2_PLACEMENT_3D('',#1247,#1248,#1249);
#1247 = CARTESIAN_POINT('',(-7.8E-03,-0.7422,0.1516));
#1248 = DIRECTION('',(-1.972677726768E-16,-0.,-1.));
#1249 = DIRECTION('',(-1.,0.,1.972677726768E-16));
#1250 = DEFINITIONAL_REPRESENTATION('',(#1251),#1255);
#1251 = LINE('',#1252,#1253);
#1252 = CARTESIAN_POINT('',(0.,0.));
#1253 = VECTOR('',#1254,1.);
#1254 = DIRECTION('',(1.,0.));
#1255 = ( GEOMETRIC_REPRESENTATION_CONTEXT(2) 
PARAMETRIC_REPRESENTATION_CONTEXT() REPRESENTATION_CONTEXT('2D SPACE',''
  ) );
#1256 = ORIENTED_EDGE('',*,*,#1257,.F.);
#1257 = EDGE_CURVE('',#1258,#1230,#1260,.T.);
#1258 = VERTEX_POINT('',#1259);
#1259 = CARTESIAN_POINT('',(-7.547507771857E-03,-0.7422,0.1515));
#1260 = SURFACE_CURVE('',#1261,(#1266,#1273),.PCURVE_S1.);
#1261 = CIRCLE('',#1262,5.079084943212E-03);
#1262 = AXIS2_PLACEMENT_3D('',#1263,#1264,#1265);
#1263 = CARTESIAN_POINT('',(-9.543326592518E-03,-0.7422,0.146829474216)
  );
#1264 = DIRECTION('',(0.,-1.,0.));
#1265 = DIRECTION('',(0.953582514699,0.,-0.301131844315));
#1266 = PCURVE('',#128,#1267);
#1267 = DEFINITIONAL_REPRESENTATION('',(#1268),#1272);
#1268 = CIRCLE('',#1269,5.079084943212E-03);
#1269 = AXIS2_PLACEMENT_2D('',#1270,#1271);
#1270 = CARTESIAN_POINT('',(-6.874823345255E-02,6.860667340748E-02));
#1271 = DIRECTION('',(0.301131844315,0.953582514699));
#1272 = ( GEOMETRIC_REPRESENTATION_CONTEXT(2) 
PARAMETRIC_REPRESENTATION_CONTEXT() REPRESENTATION_CONTEXT('2D SPACE',''
  ) );
#1273 = PCURVE('',#1274,#1279);
#1274 = CYLINDRICAL_SURFACE('',#1275,5.079084943212E-03);
#1275 = AXIS2_PLACEMENT_3D('',#1276,#1277,#1278);
#1276 = CARTESIAN_POINT('',(-9.543326592518E-03,-0.7422,0.146829474216)
  );
#1277 = DIRECTION('',(-0.,1.,-0.));
#1278 = DIRECTION('',(0.953582514699,0.,-0.301131844315));
#1279 = DEFINITIONAL_REPRESENTATION('',(#1280),#1284);
#1280 = LINE('',#1281,#1282);
#1281 = CARTESIAN_POINT('',(-0.,0.));
#1282 = VECTOR('',#1283,1.);
#1283 = DIRECTION('',(-1.,0.));
#1284 = ( GEOMETRIC_REPRESENTATION_CONTEXT(2) 
PARAMETRIC_REPRESENTATION_CONTEXT() REPRESENTATION_CONTEXT('2D SPACE',''
  ) );
#1285 = ORIENTED_EDGE('',*,*,#1286,.F.);
#1286 = EDGE_CURVE('',#1287,#1258,#1289,.T.);
#1287 = VERTEX_POINT('',#1288);
#1288 = CARTESIAN_POINT('',(-4.6E-03,-0.7422,0.1515));
#1289 = SURFACE_CURVE('',#1290,(#1294,#1300),.PCURVE_S1.);
#1290 = LINE('',#1291,#1292);
#1291 = CARTESIAN_POINT('',(-4.1375E-02,-0.7422,0.1515));
#1292 = VECTOR('',#1293,1.);
#1293 = DIRECTION('',(-1.,0.,0.));
#1294 = PCURVE('',#128,#1295);
#1295 = DEFINITIONAL_REPRESENTATION('',(#1296),#1299);
#1296 = B_SPLINE_CURVE_WITH_KNOTS('',1,(#1297,#1298),.UNSPECIFIED.,.F.,
  .F.,(2,2),(-3.6775E-02,0.102325),.PIECEWISE_BEZIER_KNOTS.);
#1297 = CARTESIAN_POINT('',(-7.341875923617E-02,7.355E-02));
#1298 = CARTESIAN_POINT('',(-7.341875923617E-02,-6.555E-02));
#1299 = ( GEOMETRIC_REPRESENTATION_CONTEXT(2) 
PARAMETRIC_REPRESENTATION_CONTEXT() REPRESENTATION_CONTEXT('2D SPACE',''
  ) );
#1300 = PCURVE('',#522,#1301);
#1301 = DEFINITIONAL_REPRESENTATION('',(#1302),#1305);
#1302 = B_SPLINE_CURVE_WITH_KNOTS('',1,(#1303,#1304),.UNSPECIFIED.,.F.,
  .F.,(2,2),(-3.6775E-02,0.102325),.PIECEWISE_BEZIER_KNOTS.);
#1303 = CARTESIAN_POINT('',(0.,-0.7422));
#1304 = CARTESIAN_POINT('',(0.1391,-0.7422));
#1305 = ( GEOMETRIC_REPRESENTATION_CONTEXT(2) 
PARAMETRIC_REPRESENTATION_CONTEXT() REPRESENTATION_CONTEXT('2D SPACE',''
  ) );
#1306 = ORIENTED_EDGE('',*,*,#1307,.T.);
#1307 = EDGE_CURVE('',#1287,#1308,#1310,.T.);
#1308 = VERTEX_POINT('',#1309);
#1309 = CARTESIAN_POINT('',(1.716682351827E-18,-0.7422,0.1469));
#1310 = SURFACE_CURVE('',#1311,(#1316,#1327),.PCURVE_S1.);
#1311 = CIRCLE('',#1312,4.447701653663E-03);
#1312 = AXIS2_PLACEMENT_3D('',#1313,#1314,#1315);
#1313 = CARTESIAN_POINT('',(-4.445E-03,-0.7422,0.147055));
#1314 = DIRECTION('',(-0.,1.,0.));
#1315 = DIRECTION('',(0.999392573092,0.,-3.484945980411E-02));
#1316 = PCURVE('',#128,#1317);
#1317 = DEFINITIONAL_REPRESENTATION('',(#1318),#1326);
#1318 = ( BOUNDED_CURVE() B_SPLINE_CURVE(2,(#1319,#1320,#1321,#1322,
#1323,#1324,#1325),.UNSPECIFIED.,.T.,.F.) B_SPLINE_CURVE_WITH_KNOTS((1,2
    ,2,2,2,1),(-2.094395102393,0.,2.094395102393,4.188790204786,
6.28318530718,8.377580409573),.UNSPECIFIED.) CURVE() 
GEOMETRIC_REPRESENTATION_ITEM() RATIONAL_B_SPLINE_CURVE((1.,0.5,1.,0.5,
1.,0.5,1.)) REPRESENTATION_ITEM('') );
#1319 = CARTESIAN_POINT('',(-6.881875923617E-02,7.815E-02));
#1320 = CARTESIAN_POINT('',(-6.111979339653E-02,7.788153212483E-02));
#1321 = CARTESIAN_POINT('',(-6.520177631635E-02,7.134826606241E-02));
#1322 = CARTESIAN_POINT('',(-6.928375923617E-02,6.4815E-02));
#1323 = CARTESIAN_POINT('',(-7.290074215599E-02,7.161673393759E-02));
#1324 = CARTESIAN_POINT('',(-7.651772507581E-02,7.841846787517E-02));
#1325 = CARTESIAN_POINT('',(-6.881875923617E-02,7.815E-02));
#1326 = ( GEOMETRIC_REPRESENTATION_CONTEXT(2) 
PARAMETRIC_REPRESENTATION_CONTEXT() REPRESENTATION_CONTEXT('2D SPACE',''
  ) );
#1327 = PCURVE('',#494,#1328);
#1328 = DEFINITIONAL_REPRESENTATION('',(#1329),#1333);
#1329 = LINE('',#1330,#1331);
#1330 = CARTESIAN_POINT('',(-6.28318530718,-0.7422));
#1331 = VECTOR('',#1332,1.);
#1332 = DIRECTION('',(1.,-0.));
#1333 = ( GEOMETRIC_REPRESENTATION_CONTEXT(2) 
PARAMETRIC_REPRESENTATION_CONTEXT() REPRESENTATION_CONTEXT('2D SPACE',''
  ) );
#1334 = ORIENTED_EDGE('',*,*,#1335,.F.);
#1335 = EDGE_CURVE('',#1336,#1308,#1338,.T.);
#1336 = VERTEX_POINT('',#1337);
#1337 = CARTESIAN_POINT('',(0.,-0.7422,6.2E-03));
#1338 = SURFACE_CURVE('',#1339,(#1343,#1349),.PCURVE_S1.);
#1339 = LINE('',#1340,#1341);
#1340 = CARTESIAN_POINT('',(0.,-0.7422,4.214062038191E-02));
#1341 = VECTOR('',#1342,1.);
#1342 = DIRECTION('',(0.,-0.,1.));
#1343 = PCURVE('',#128,#1344);
#1344 = DEFINITIONAL_REPRESENTATION('',(#1345),#1348);
#1345 = B_SPLINE_CURVE_WITH_KNOTS('',1,(#1346,#1347),.UNSPECIFIED.,.F.,
  .F.,(2,2),(-3.594062038191E-02,0.104759379618),
  .PIECEWISE_BEZIER_KNOTS.);
#1346 = CARTESIAN_POINT('',(7.188124076383E-02,7.815E-02));
#1347 = CARTESIAN_POINT('',(-6.881875923617E-02,7.815E-02));
#1348 = ( GEOMETRIC_REPRESENTATION_CONTEXT(2) 
PARAMETRIC_REPRESENTATION_CONTEXT() REPRESENTATION_CONTEXT('2D SPACE',''
  ) );
#1349 = PCURVE('',#465,#1350);
#1350 = DEFINITIONAL_REPRESENTATION('',(#1351),#1354);
#1351 = B_SPLINE_CURVE_WITH_KNOTS('',1,(#1352,#1353),.UNSPECIFIED.,.F.,
  .F.,(2,2),(-3.594062038191E-02,0.104759379618),
  .PIECEWISE_BEZIER_KNOTS.);
#1352 = CARTESIAN_POINT('',(0.,-0.7422));
#1353 = CARTESIAN_POINT('',(0.1407,-0.7422));
#1354 = ( GEOMETRIC_REPRESENTATION_CONTEXT(2) 
PARAMETRIC_REPRESENTATION_CONTEXT() REPRESENTATION_CONTEXT('2D SPACE',''
  ) );
#1355 = ORIENTED_EDGE('',*,*,#1356,.T.);
#1356 = EDGE_CURVE('',#1336,#1357,#1359,.T.);
#1357 = VERTEX_POINT('',#1358);
#1358 = CARTESIAN_POINT('',(-4.6E-03,-0.7422,3.1E-03));
#1359 = SURFACE_CURVE('',#1360,(#1365,#1376),.PCURVE_S1.);
#1360 = CIRCLE('',#1361,3.985828428085E-03);
#1361 = AXIS2_PLACEMENT_3D('',#1362,#1363,#1364);
#1362 = CARTESIAN_POINT('',(-3.899759229535E-03,-0.7422,
    7.023836276084E-03));
#1363 = DIRECTION('',(0.,1.,-0.));
#1364 = DIRECTION('',(-0.175682617328,-0.,-0.984446858885));
#1365 = PCURVE('',#128,#1366);
#1366 = DEFINITIONAL_REPRESENTATION('',(#1367),#1375);
#1367 = ( BOUNDED_CURVE() B_SPLINE_CURVE(2,(#1368,#1369,#1370,#1371,
#1372,#1373,#1374),.UNSPECIFIED.,.T.,.F.) B_SPLINE_CURVE_WITH_KNOTS((1,2
    ,2,2,2,1),(-2.094395102393,0.,2.094395102393,4.188790204786,
6.28318530718,8.377580409573),.UNSPECIFIED.) CURVE() 
GEOMETRIC_REPRESENTATION_ITEM() RATIONAL_B_SPLINE_CURVE((1.,0.5,1.,0.5,
1.,0.5,1.)) REPRESENTATION_ITEM('') );
#1368 = CARTESIAN_POINT('',(7.498124076383E-02,7.355E-02));
#1369 = CARTESIAN_POINT('',(7.376838817185E-02,6.675371620924E-02));
#1370 = CARTESIAN_POINT('',(6.848906005372E-02,7.120221926032E-02));
#1371 = CARTESIAN_POINT('',(6.320973193558E-02,7.56507223114E-02));
#1372 = CARTESIAN_POINT('',(6.970191264569E-02,7.799850305108E-02));
#1373 = CARTESIAN_POINT('',(7.619409335581E-02,8.034628379076E-02));
#1374 = CARTESIAN_POINT('',(7.498124076383E-02,7.355E-02));
#1375 = ( GEOMETRIC_REPRESENTATION_CONTEXT(2) 
PARAMETRIC_REPRESENTATION_CONTEXT() REPRESENTATION_CONTEXT('2D SPACE',''
  ) );
#1376 = PCURVE('',#437,#1377);
#1377 = DEFINITIONAL_REPRESENTATION('',(#1378),#1382);
#1378 = LINE('',#1379,#1380);
#1379 = CARTESIAN_POINT('',(-6.28318530718,-0.7422));
#1380 = VECTOR('',#1381,1.);
#1381 = DIRECTION('',(1.,-0.));
#1382 = ( GEOMETRIC_REPRESENTATION_CONTEXT(2) 
PARAMETRIC_REPRESENTATION_CONTEXT() REPRESENTATION_CONTEXT('2D SPACE',''
  ) );
#1383 = ORIENTED_EDGE('',*,*,#1384,.F.);
#1384 = EDGE_CURVE('',#951,#1357,#1385,.T.);
#1385 = SURFACE_CURVE('',#1386,(#1390,#1396),.PCURVE_S1.);
#1386 = LINE('',#1387,#1388);
#1387 = CARTESIAN_POINT('',(-4.4525E-02,-0.7422,3.1E-03));
#1388 = VECTOR('',#1389,1.);
#1389 = DIRECTION('',(1.,0.,-1.376764663474E-16));
#1390 = PCURVE('',#128,#1391);
#1391 = DEFINITIONAL_REPRESENTATION('',(#1392),#1395);
#1392 = B_SPLINE_CURVE_WITH_KNOTS('',1,(#1393,#1394),.UNSPECIFIED.,.F.,
  .F.,(2,2),(3.3625E-02,3.9925E-02),.PIECEWISE_BEZIER_KNOTS.);
#1393 = CARTESIAN_POINT('',(7.498124076383E-02,6.725E-02));
#1394 = CARTESIAN_POINT('',(7.498124076383E-02,7.355E-02));
#1395 = ( GEOMETRIC_REPRESENTATION_CONTEXT(2) 
PARAMETRIC_REPRESENTATION_CONTEXT() REPRESENTATION_CONTEXT('2D SPACE',''
  ) );
#1396 = PCURVE('',#408,#1397);
#1397 = DEFINITIONAL_REPRESENTATION('',(#1398),#1401);
#1398 = B_SPLINE_CURVE_WITH_KNOTS('',1,(#1399,#1400),.UNSPECIFIED.,.F.,
  .F.,(2,2),(3.3625E-02,3.9925E-02),.PIECEWISE_BEZIER_KNOTS.);
#1399 = CARTESIAN_POINT('',(0.,-0.7422));
#1400 = CARTESIAN_POINT('',(6.3E-03,-0.7422));
#1401 = ( GEOMETRIC_REPRESENTATION_CONTEXT(2) 
PARAMETRIC_REPRESENTATION_CONTEXT() REPRESENTATION_CONTEXT('2D SPACE',''
  ) );
#1402 = FACE_BOUND('',#1403,.F.);
#1403 = EDGE_LOOP('',(#1404));
#1404 = ORIENTED_EDGE('',*,*,#1405,.F.);
#1405 = EDGE_CURVE('',#1406,#1406,#1408,.T.);
#1406 = VERTEX_POINT('',#1407);
#1407 = CARTESIAN_POINT('',(4.53E-02,-0.7422,0.1141));
#1408 = SURFACE_CURVE('',#1409,(#1414,#1421),.PCURVE_S1.);
#1409 = CIRCLE('',#1410,1.25E-02);
#1410 = AXIS2_PLACEMENT_3D('',#1411,#1412,#1413);
#1411 = CARTESIAN_POINT('',(3.28E-02,-0.7422,0.1141));
#1412 = DIRECTION('',(0.,-1.,0.));
#1413 = DIRECTION('',(1.,0.,0.));
#1414 = PCURVE('',#128,#1415);
#1415 = DEFINITIONAL_REPRESENTATION('',(#1416),#1420);
#1416 = CIRCLE('',#1417,1.25E-02);
#1417 = AXIS2_PLACEMENT_2D('',#1418,#1419);
#1418 = CARTESIAN_POINT('',(-3.601875923617E-02,0.11095));
#1419 = DIRECTION('',(0.,1.));
#1420 = ( GEOMETRIC_REPRESENTATION_CONTEXT(2) 
PARAMETRIC_REPRESENTATION_CONTEXT() REPRESENTATION_CONTEXT('2D SPACE',''
  ) );
#1421 = PCURVE('',#1422,#1427);
#1422 = CYLINDRICAL_SURFACE('',#1423,1.25E-02);
#1423 = AXIS2_PLACEMENT_3D('',#1424,#1425,#1426);
#1424 = CARTESIAN_POINT('',(3.28E-02,-0.7422,0.1141));
#1425 = DIRECTION('',(-0.,1.,-0.));
#1426 = DIRECTION('',(1.,0.,0.));
#1427 = DEFINITIONAL_REPRESENTATION('',(#1428),#1432);
#1428 = LINE('',#1429,#1430);
#1429 = CARTESIAN_POINT('',(-0.,0.));
#1430 = VECTOR('',#1431,1.);
#1431 = DIRECTION('',(-1.,0.));
#1432 = ( GEOMETRIC_REPRESENTATION_CONTEXT(2) 
PARAMETRIC_REPRESENTATION_CONTEXT() REPRESENTATION_CONTEXT('2D SPACE',''
  ) );
#1433 = FACE_BOUND('',#1434,.F.);
#1434 = EDGE_LOOP('',(#1435));
#1435 = ORIENTED_EDGE('',*,*,#1436,.F.);
#1436 = EDGE_CURVE('',#1437,#1437,#1439,.T.);
#1437 = VERTEX_POINT('',#1438);
#1438 = CARTESIAN_POINT('',(4.53E-02,-0.7422,3.91E-02));
#1439 = SURFACE_CURVE('',#1440,(#1445,#1452),.PCURVE_S1.);
#1440 = CIRCLE('',#1441,1.25E-02);
#1441 = AXIS2_PLACEMENT_3D('',#1442,#1443,#1444);
#1442 = CARTESIAN_POINT('',(3.28E-02,-0.7422,3.91E-02));
#1443 = DIRECTION('',(0.,-1.,0.));
#1444 = DIRECTION('',(1.,0.,0.));
#1445 = PCURVE('',#128,#1446);
#1446 = DEFINITIONAL_REPRESENTATION('',(#1447),#1451);
#1447 = CIRCLE('',#1448,1.25E-02);
#1448 = AXIS2_PLACEMENT_2D('',#1449,#1450);
#1449 = CARTESIAN_POINT('',(3.898124076383E-02,0.11095));
#1450 = DIRECTION('',(0.,1.));
#1451 = ( GEOMETRIC_REPRESENTATION_CONTEXT(2) 
PARAMETRIC_REPRESENTATION_CONTEXT() REPRESENTATION_CONTEXT('2D SPACE',''
  ) );
#1452 = PCURVE('',#1453,#1458);
#1453 = CYLINDRICAL_SURFACE('',#1454,1.25E-02);
#1454 = AXIS2_PLACEMENT_3D('',#1455,#1456,#1457);
#1455 = CARTESIAN_POINT('',(3.28E-02,-0.7422,3.91E-02));
#1456 = DIRECTION('',(-0.,1.,-0.));
#1457 = DIRECTION('',(1.,0.,0.));
#1458 = DEFINITIONAL_REPRESENTATION('',(#1459),#1463);
#1459 = LINE('',#1460,#1461);
#1460 = CARTESIAN_POINT('',(-0.,0.));
#1461 = VECTOR('',#1462,1.);
#1462 = DIRECTION('',(-1.,0.));
#1463 = ( GEOMETRIC_REPRESENTATION_CONTEXT(2) 
PARAMETRIC_REPRESENTATION_CONTEXT() REPRESENTATION_CONTEXT('2D SPACE',''
  ) );
#1464 = ADVANCED_FACE('',(#1465),#100,.T.);
#1465 = FACE_BOUND('',#1466,.T.);
#1466 = EDGE_LOOP('',(#1467,#1468,#1491,#1512));
#1467 = ORIENTED_EDGE('',*,*,#1092,.F.);
#1468 = ORIENTED_EDGE('',*,*,#1469,.T.);
#1469 = EDGE_CURVE('',#1093,#1470,#1472,.T.);
#1470 = VERTEX_POINT('',#1471);
#1471 = CARTESIAN_POINT('',(-0.1485,-0.75,0.136));
#1472 = SURFACE_CURVE('',#1473,(#1477,#1484),.PCURVE_S1.);
#1473 = LINE('',#1474,#1475);
#1474 = CARTESIAN_POINT('',(-0.1485,-0.7422,0.136));
#1475 = VECTOR('',#1476,1.);
#1476 = DIRECTION('',(0.,-1.,0.));
#1477 = PCURVE('',#100,#1478);
#1478 = DEFINITIONAL_REPRESENTATION('',(#1479),#1483);
#1479 = LINE('',#1480,#1481);
#1480 = CARTESIAN_POINT('',(0.,0.));
#1481 = VECTOR('',#1482,1.);
#1482 = DIRECTION('',(0.,-1.));
#1483 = ( GEOMETRIC_REPRESENTATION_CONTEXT(2) 
PARAMETRIC_REPRESENTATION_CONTEXT() REPRESENTATION_CONTEXT('2D SPACE',''
  ) );
#1484 = PCURVE('',#1132,#1485);
#1485 = DEFINITIONAL_REPRESENTATION('',(#1486),#1490);
#1486 = LINE('',#1487,#1488);
#1487 = CARTESIAN_POINT('',(-1.570121862334,0.));
#1488 = VECTOR('',#1489,1.);
#1489 = DIRECTION('',(-0.,-1.));
#1490 = ( GEOMETRIC_REPRESENTATION_CONTEXT(2) 
PARAMETRIC_REPRESENTATION_CONTEXT() REPRESENTATION_CONTEXT('2D SPACE',''
  ) );
#1491 = ORIENTED_EDGE('',*,*,#1492,.T.);
#1492 = EDGE_CURVE('',#1470,#57,#1493,.T.);
#1493 = SURFACE_CURVE('',#1494,(#1498,#1505),.PCURVE_S1.);
#1494 = LINE('',#1495,#1496);
#1495 = CARTESIAN_POINT('',(-0.1485,-0.75,0.136));
#1496 = VECTOR('',#1497,1.);
#1497 = DIRECTION('',(1.,0.,0.));
#1498 = PCURVE('',#100,#1499);
#1499 = DEFINITIONAL_REPRESENTATION('',(#1500),#1504);
#1500 = LINE('',#1501,#1502);
#1501 = CARTESIAN_POINT('',(0.,-7.8E-03));
#1502 = VECTOR('',#1503,1.);
#1503 = DIRECTION('',(1.,0.));
#1504 = ( GEOMETRIC_REPRESENTATION_CONTEXT(2) 
PARAMETRIC_REPRESENTATION_CONTEXT() REPRESENTATION_CONTEXT('2D SPACE',''
  ) );
#1505 = PCURVE('',#73,#1506);
#1506 = DEFINITIONAL_REPRESENTATION('',(#1507),#1511);
#1507 = LINE('',#1508,#1509);
#1508 = CARTESIAN_POINT('',(-2.861244561297E-02,-0.104662278363));
#1509 = VECTOR('',#1510,1.);
#1510 = DIRECTION('',(0.,1.));
#1511 = ( GEOMETRIC_REPRESENTATION_CONTEXT(2) 
PARAMETRIC_REPRESENTATION_CONTEXT() REPRESENTATION_CONTEXT('2D SPACE',''
  ) );
#1512 = ORIENTED_EDGE('',*,*,#85,.T.);
#1513 = ADVANCED_FACE('',(#1514,#1705,#1926,#2116,#2142,#2168,#2194),#73
  ,.T.);
#1514 = FACE_BOUND('',#1515,.T.);
#1515 = EDGE_LOOP('',(#1516,#1517,#1518,#1519,#1543,#1566,#1589,#1613,
    #1636,#1660,#1683));
#1516 = ORIENTED_EDGE('',*,*,#232,.T.);
#1517 = ORIENTED_EDGE('',*,*,#56,.T.);
#1518 = ORIENTED_EDGE('',*,*,#1492,.F.);
#1519 = ORIENTED_EDGE('',*,*,#1520,.F.);
#1520 = EDGE_CURVE('',#1521,#1470,#1523,.T.);
#1521 = VERTEX_POINT('',#1522);
#1522 = CARTESIAN_POINT('',(-0.2266,-0.75,-7.8E-03));
#1523 = SURFACE_CURVE('',#1524,(#1529,#1536),.PCURVE_S1.);
#1524 = CIRCLE('',#1525,0.115749995748);
#1525 = AXIS2_PLACEMENT_3D('',#1526,#1527,#1528);
#1526 = CARTESIAN_POINT('',(-0.259498510356,-0.75,0.103176346723));
#1527 = DIRECTION('',(0.,-1.,0.));
#1528 = DIRECTION('',(0.284220402284,0.,-0.958758970193));
#1529 = PCURVE('',#73,#1530);
#1530 = DEFINITIONAL_REPRESENTATION('',(#1531),#1535);
#1531 = CIRCLE('',#1532,0.115749995748);
#1532 = AXIS2_PLACEMENT_2D('',#1533,#1534);
#1533 = CARTESIAN_POINT('',(4.211207663888E-03,-0.215660788719));
#1534 = DIRECTION('',(0.958758970193,0.284220402284));
#1535 = ( GEOMETRIC_REPRESENTATION_CONTEXT(2) 
PARAMETRIC_REPRESENTATION_CONTEXT() REPRESENTATION_CONTEXT('2D SPACE',''
  ) );
#1536 = PCURVE('',#1132,#1537);
#1537 = DEFINITIONAL_REPRESENTATION('',(#1538),#1542);
#1538 = LINE('',#1539,#1540);
#1539 = CARTESIAN_POINT('',(-0.,-7.8E-03));
#1540 = VECTOR('',#1541,1.);
#1541 = DIRECTION('',(-1.,0.));
#1542 = ( GEOMETRIC_REPRESENTATION_CONTEXT(2) 
PARAMETRIC_REPRESENTATION_CONTEXT() REPRESENTATION_CONTEXT('2D SPACE',''
  ) );
#1543 = ORIENTED_EDGE('',*,*,#1544,.F.);
#1544 = EDGE_CURVE('',#1545,#1521,#1547,.T.);
#1545 = VERTEX_POINT('',#1546);
#1546 = CARTESIAN_POINT('',(-0.1516,-0.75,0.1422));
#1547 = SURFACE_CURVE('',#1548,(#1552,#1559),.PCURVE_S1.);
#1548 = LINE('',#1549,#1550);
#1549 = CARTESIAN_POINT('',(-0.1516,-0.75,0.1422));
#1550 = VECTOR('',#1551,1.);
#1551 = DIRECTION('',(-0.4472135955,0.,-0.894427191));
#1552 = PCURVE('',#73,#1553);
#1553 = DEFINITIONAL_REPRESENTATION('',(#1554),#1558);
#1554 = LINE('',#1555,#1556);
#1555 = CARTESIAN_POINT('',(-3.481244561297E-02,-0.107762278363));
#1556 = VECTOR('',#1557,1.);
#1557 = DIRECTION('',(0.894427191,-0.4472135955));
#1558 = ( GEOMETRIC_REPRESENTATION_CONTEXT(2) 
PARAMETRIC_REPRESENTATION_CONTEXT() REPRESENTATION_CONTEXT('2D SPACE',''
  ) );
#1559 = PCURVE('',#1160,#1560);
#1560 = DEFINITIONAL_REPRESENTATION('',(#1561),#1565);
#1561 = LINE('',#1562,#1563);
#1562 = CARTESIAN_POINT('',(-0.,-7.8E-03));
#1563 = VECTOR('',#1564,1.);
#1564 = DIRECTION('',(1.,0.));
#1565 = ( GEOMETRIC_REPRESENTATION_CONTEXT(2) 
PARAMETRIC_REPRESENTATION_CONTEXT() REPRESENTATION_CONTEXT('2D SPACE',''
  ) );
#1566 = ORIENTED_EDGE('',*,*,#1567,.F.);
#1567 = EDGE_CURVE('',#1568,#1545,#1570,.T.);
#1568 = VERTEX_POINT('',#1569);
#1569 = CARTESIAN_POINT('',(-0.1516,-0.75,0.1453));
#1570 = SURFACE_CURVE('',#1571,(#1575,#1582),.PCURVE_S1.);
#1571 = LINE('',#1572,#1573);
#1572 = CARTESIAN_POINT('',(-0.1516,-0.75,0.1453));
#1573 = VECTOR('',#1574,1.);
#1574 = DIRECTION('',(0.,0.,-1.));
#1575 = PCURVE('',#73,#1576);
#1576 = DEFINITIONAL_REPRESENTATION('',(#1577),#1581);
#1577 = LINE('',#1578,#1579);
#1578 = CARTESIAN_POINT('',(-3.791244561297E-02,-0.107762278363));
#1579 = VECTOR('',#1580,1.);
#1580 = DIRECTION('',(1.,0.));
#1581 = ( GEOMETRIC_REPRESENTATION_CONTEXT(2) 
PARAMETRIC_REPRESENTATION_CONTEXT() REPRESENTATION_CONTEXT('2D SPACE',''
  ) );
#1582 = PCURVE('',#1188,#1583);
#1583 = DEFINITIONAL_REPRESENTATION('',(#1584),#1588);
#1584 = LINE('',#1585,#1586);
#1585 = CARTESIAN_POINT('',(0.,-7.8E-03));
#1586 = VECTOR('',#1587,1.);
#1587 = DIRECTION('',(1.,0.));
#1588 = ( GEOMETRIC_REPRESENTATION_CONTEXT(2) 
PARAMETRIC_REPRESENTATION_CONTEXT() REPRESENTATION_CONTEXT('2D SPACE',''
  ) );
#1589 = ORIENTED_EDGE('',*,*,#1590,.F.);
#1590 = EDGE_CURVE('',#1591,#1568,#1593,.T.);
#1591 = VERTEX_POINT('',#1592);
#1592 = CARTESIAN_POINT('',(-0.1485,-0.75,0.1516));
#1593 = SURFACE_CURVE('',#1594,(#1599,#1606),.PCURVE_S1.);
#1594 = CIRCLE('',#1595,5.079084943212E-03);
#1595 = AXIS2_PLACEMENT_3D('',#1596,#1597,#1598);
#1596 = CARTESIAN_POINT('',(-0.146756673407,-0.75,0.146829474216));
#1597 = DIRECTION('',(0.,-1.,0.));
#1598 = DIRECTION('',(-0.343236353006,0.,0.939249064932));
#1599 = PCURVE('',#73,#1600);
#1600 = DEFINITIONAL_REPRESENTATION('',(#1601),#1605);
#1601 = CIRCLE('',#1602,5.079084943212E-03);
#1602 = AXIS2_PLACEMENT_2D('',#1603,#1604);
#1603 = CARTESIAN_POINT('',(-3.944191982935E-02,-0.102918951771));
#1604 = DIRECTION('',(-0.939249064932,-0.343236353006));
#1605 = ( GEOMETRIC_REPRESENTATION_CONTEXT(2) 
PARAMETRIC_REPRESENTATION_CONTEXT() REPRESENTATION_CONTEXT('2D SPACE',''
  ) );
#1606 = PCURVE('',#1217,#1607);
#1607 = DEFINITIONAL_REPRESENTATION('',(#1608),#1612);
#1608 = LINE('',#1609,#1610);
#1609 = CARTESIAN_POINT('',(-0.,-7.8E-03));
#1610 = VECTOR('',#1611,1.);
#1611 = DIRECTION('',(-1.,0.));
#1612 = ( GEOMETRIC_REPRESENTATION_CONTEXT(2) 
PARAMETRIC_REPRESENTATION_CONTEXT() REPRESENTATION_CONTEXT('2D SPACE',''
  ) );
#1613 = ORIENTED_EDGE('',*,*,#1614,.F.);
#1614 = EDGE_CURVE('',#1615,#1591,#1617,.T.);
#1615 = VERTEX_POINT('',#1616);
#1616 = CARTESIAN_POINT('',(-7.8E-03,-0.75,0.1516));
#1617 = SURFACE_CURVE('',#1618,(#1622,#1629),.PCURVE_S1.);
#1618 = LINE('',#1619,#1620);
#1619 = CARTESIAN_POINT('',(-7.8E-03,-0.75,0.1516));
#1620 = VECTOR('',#1621,1.);
#1621 = DIRECTION('',(-1.,0.,1.972677726768E-16));
#1622 = PCURVE('',#73,#1623);
#1623 = DEFINITIONAL_REPRESENTATION('',(#1624),#1628);
#1624 = LINE('',#1625,#1626);
#1625 = CARTESIAN_POINT('',(-4.421244561297E-02,3.603772163697E-02));
#1626 = VECTOR('',#1627,1.);
#1627 = DIRECTION('',(-1.972677726768E-16,-1.));
#1628 = ( GEOMETRIC_REPRESENTATION_CONTEXT(2) 
PARAMETRIC_REPRESENTATION_CONTEXT() REPRESENTATION_CONTEXT('2D SPACE',''
  ) );
#1629 = PCURVE('',#1245,#1630);
#1630 = DEFINITIONAL_REPRESENTATION('',(#1631),#1635);
#1631 = LINE('',#1632,#1633);
#1632 = CARTESIAN_POINT('',(0.,-7.8E-03));
#1633 = VECTOR('',#1634,1.);
#1634 = DIRECTION('',(1.,0.));
#1635 = ( GEOMETRIC_REPRESENTATION_CONTEXT(2) 
PARAMETRIC_REPRESENTATION_CONTEXT() REPRESENTATION_CONTEXT('2D SPACE',''
  ) );
#1636 = ORIENTED_EDGE('',*,*,#1637,.F.);
#1637 = EDGE_CURVE('',#1638,#1615,#1640,.T.);
#1638 = VERTEX_POINT('',#1639);
#1639 = CARTESIAN_POINT('',(-7.547507771856E-03,-0.75,0.1515));
#1640 = SURFACE_CURVE('',#1641,(#1646,#1653),.PCURVE_S1.);
#1641 = CIRCLE('',#1642,5.079084943212E-03);
#1642 = AXIS2_PLACEMENT_3D('',#1643,#1644,#1645);
#1643 = CARTESIAN_POINT('',(-9.543326592518E-03,-0.75,0.146829474216));
#1644 = DIRECTION('',(0.,-1.,0.));
#1645 = DIRECTION('',(0.953582514699,0.,-0.301131844315));
#1646 = PCURVE('',#73,#1647);
#1647 = DEFINITIONAL_REPRESENTATION('',(#1648),#1652);
#1648 = CIRCLE('',#1649,5.079084943212E-03);
#1649 = AXIS2_PLACEMENT_2D('',#1650,#1651);
#1650 = CARTESIAN_POINT('',(-3.944191982935E-02,3.429439504446E-02));
#1651 = DIRECTION('',(0.301131844315,0.953582514699));
#1652 = ( GEOMETRIC_REPRESENTATION_CONTEXT(2) 
PARAMETRIC_REPRESENTATION_CONTEXT() REPRESENTATION_CONTEXT('2D SPACE',''
  ) );
#1653 = PCURVE('',#1274,#1654);
#1654 = DEFINITIONAL_REPRESENTATION('',(#1655),#1659);
#1655 = LINE('',#1656,#1657);
#1656 = CARTESIAN_POINT('',(-0.,-7.8E-03));
#1657 = VECTOR('',#1658,1.);
#1658 = DIRECTION('',(-1.,0.));
#1659 = ( GEOMETRIC_REPRESENTATION_CONTEXT(2) 
PARAMETRIC_REPRESENTATION_CONTEXT() REPRESENTATION_CONTEXT('2D SPACE',''
  ) );
#1660 = ORIENTED_EDGE('',*,*,#1661,.T.);
#1661 = EDGE_CURVE('',#1638,#1662,#1664,.T.);
#1662 = VERTEX_POINT('',#1663);
#1663 = CARTESIAN_POINT('',(-0.1437,-0.75,0.1515));
#1664 = SURFACE_CURVE('',#1665,(#1669,#1676),.PCURVE_S1.);
#1665 = LINE('',#1666,#1667);
#1666 = CARTESIAN_POINT('',(-4.6E-03,-0.75,0.1515));
#1667 = VECTOR('',#1668,1.);
#1668 = DIRECTION('',(-1.,0.,0.));
#1669 = PCURVE('',#73,#1670);
#1670 = DEFINITIONAL_REPRESENTATION('',(#1671),#1675);
#1671 = LINE('',#1672,#1673);
#1672 = CARTESIAN_POINT('',(-4.411244561297E-02,3.923772163697E-02));
#1673 = VECTOR('',#1674,1.);
#1674 = DIRECTION('',(0.,-1.));
#1675 = ( GEOMETRIC_REPRESENTATION_CONTEXT(2) 
PARAMETRIC_REPRESENTATION_CONTEXT() REPRESENTATION_CONTEXT('2D SPACE',''
  ) );
#1676 = PCURVE('',#522,#1677);
#1677 = DEFINITIONAL_REPRESENTATION('',(#1678),#1682);
#1678 = LINE('',#1679,#1680);
#1679 = CARTESIAN_POINT('',(0.,-0.75));
#1680 = VECTOR('',#1681,1.);
#1681 = DIRECTION('',(1.,0.));
#1682 = ( GEOMETRIC_REPRESENTATION_CONTEXT(2) 
PARAMETRIC_REPRESENTATION_CONTEXT() REPRESENTATION_CONTEXT('2D SPACE',''
  ) );
#1683 = ORIENTED_EDGE('',*,*,#1684,.T.);
#1684 = EDGE_CURVE('',#1662,#203,#1685,.T.);
#1685 = SURFACE_CURVE('',#1686,(#1691,#1698),.PCURVE_S1.);
#1686 = CIRCLE('',#1687,4.609434601119E-03);
#1687 = AXIS2_PLACEMENT_3D('',#1688,#1689,#1690);
#1688 = CARTESIAN_POINT('',(-0.143790573319,-0.75,0.146891455347));
#1689 = DIRECTION('',(0.,-1.,0.));
#1690 = DIRECTION('',(1.964955064356E-02,0.,0.999806928942));
#1691 = PCURVE('',#73,#1692);
#1692 = DEFINITIONAL_REPRESENTATION('',(#1693),#1697);
#1693 = CIRCLE('',#1694,4.609434601119E-03);
#1694 = AXIS2_PLACEMENT_2D('',#1695,#1696);
#1695 = CARTESIAN_POINT('',(-3.950390096027E-02,-9.995285168166E-02));
#1696 = DIRECTION('',(-0.999806928942,1.964955064356E-02));
#1697 = ( GEOMETRIC_REPRESENTATION_CONTEXT(2) 
PARAMETRIC_REPRESENTATION_CONTEXT() REPRESENTATION_CONTEXT('2D SPACE',''
  ) );
#1698 = PCURVE('',#220,#1699);
#1699 = DEFINITIONAL_REPRESENTATION('',(#1700),#1704);
#1700 = LINE('',#1701,#1702);
#1701 = CARTESIAN_POINT('',(-0.,-0.75));
#1702 = VECTOR('',#1703,1.);
#1703 = DIRECTION('',(-1.,0.));
#1704 = ( GEOMETRIC_REPRESENTATION_CONTEXT(2) 
PARAMETRIC_REPRESENTATION_CONTEXT() REPRESENTATION_CONTEXT('2D SPACE',''
  ) );
#1705 = FACE_BOUND('',#1706,.T.);
#1706 = EDGE_LOOP('',(#1707,#1732,#1756,#1779,#1803,#1826,#1852,#1853,
    #1881,#1904));
#1707 = ORIENTED_EDGE('',*,*,#1708,.T.);
#1708 = EDGE_CURVE('',#1709,#1711,#1713,.T.);
#1709 = VERTEX_POINT('',#1710);
#1710 = CARTESIAN_POINT('',(-1.09E-02,-0.75,3.1E-03));
#1711 = VERTEX_POINT('',#1712);
#1712 = CARTESIAN_POINT('',(-5.652731092992E-03,-0.75,3.1E-03));
#1713 = SURFACE_CURVE('',#1714,(#1718,#1725),.PCURVE_S1.);
#1714 = LINE('',#1715,#1716);
#1715 = CARTESIAN_POINT('',(-1.09E-02,-0.75,3.1E-03));
#1716 = VECTOR('',#1717,1.);
#1717 = DIRECTION('',(1.,0.,-1.376764663474E-16));
#1718 = PCURVE('',#73,#1719);
#1719 = DEFINITIONAL_REPRESENTATION('',(#1720),#1724);
#1720 = LINE('',#1721,#1722);
#1721 = CARTESIAN_POINT('',(0.104287554387,3.293772163697E-02));
#1722 = VECTOR('',#1723,1.);
#1723 = DIRECTION('',(1.376764663474E-16,1.));
#1724 = ( GEOMETRIC_REPRESENTATION_CONTEXT(2) 
PARAMETRIC_REPRESENTATION_CONTEXT() REPRESENTATION_CONTEXT('2D SPACE',''
  ) );
#1725 = PCURVE('',#408,#1726);
#1726 = DEFINITIONAL_REPRESENTATION('',(#1727),#1731);
#1727 = LINE('',#1728,#1729);
#1728 = CARTESIAN_POINT('',(0.,-0.75));
#1729 = VECTOR('',#1730,1.);
#1730 = DIRECTION('',(1.,0.));
#1731 = ( GEOMETRIC_REPRESENTATION_CONTEXT(2) 
PARAMETRIC_REPRESENTATION_CONTEXT() REPRESENTATION_CONTEXT('2D SPACE',''
  ) );
#1732 = ORIENTED_EDGE('',*,*,#1733,.F.);
#1733 = EDGE_CURVE('',#1734,#1711,#1736,.T.);
#1734 = VERTEX_POINT('',#1735);
#1735 = CARTESIAN_POINT('',(-7.8E-03,-0.75,1.6E-03));
#1736 = SURFACE_CURVE('',#1737,(#1742,#1749),.PCURVE_S1.);
#1737 = CIRCLE('',#1738,5.025432198579E-03);
#1738 = AXIS2_PLACEMENT_3D('',#1739,#1740,#1741);
#1739 = CARTESIAN_POINT('',(-9.504838709677E-03,-0.75,6.327419354839E-03
    ));
#1740 = DIRECTION('',(0.,-1.,0.));
#1741 = DIRECTION('',(0.339242206901,0.,-0.940699061899));
#1742 = PCURVE('',#73,#1743);
#1743 = DEFINITIONAL_REPRESENTATION('',(#1744),#1748);
#1744 = CIRCLE('',#1745,5.025432198579E-03);
#1745 = AXIS2_PLACEMENT_2D('',#1746,#1747);
#1746 = CARTESIAN_POINT('',(0.101060135032,3.43328829273E-02));
#1747 = DIRECTION('',(0.940699061899,0.339242206901));
#1748 = ( GEOMETRIC_REPRESENTATION_CONTEXT(2) 
PARAMETRIC_REPRESENTATION_CONTEXT() REPRESENTATION_CONTEXT('2D SPACE',''
  ) );
#1749 = PCURVE('',#967,#1750);
#1750 = DEFINITIONAL_REPRESENTATION('',(#1751),#1755);
#1751 = LINE('',#1752,#1753);
#1752 = CARTESIAN_POINT('',(-0.,-7.8E-03));
#1753 = VECTOR('',#1754,1.);
#1754 = DIRECTION('',(-1.,0.));
#1755 = ( GEOMETRIC_REPRESENTATION_CONTEXT(2) 
PARAMETRIC_REPRESENTATION_CONTEXT() REPRESENTATION_CONTEXT('2D SPACE',''
  ) );
#1756 = ORIENTED_EDGE('',*,*,#1757,.F.);
#1757 = EDGE_CURVE('',#1758,#1734,#1760,.T.);
#1758 = VERTEX_POINT('',#1759);
#1759 = CARTESIAN_POINT('',(-1.41E-02,-0.75,1.6E-03));
#1760 = SURFACE_CURVE('',#1761,(#1765,#1772),.PCURVE_S1.);
#1761 = LINE('',#1762,#1763);
#1762 = CARTESIAN_POINT('',(-1.41E-02,-0.75,1.6E-03));
#1763 = VECTOR('',#1764,1.);
#1764 = DIRECTION('',(1.,0.,0.));
#1765 = PCURVE('',#73,#1766);
#1766 = DEFINITIONAL_REPRESENTATION('',(#1767),#1771);
#1767 = LINE('',#1768,#1769);
#1768 = CARTESIAN_POINT('',(0.105787554387,2.973772163697E-02));
#1769 = VECTOR('',#1770,1.);
#1770 = DIRECTION('',(0.,1.));
#1771 = ( GEOMETRIC_REPRESENTATION_CONTEXT(2) 
PARAMETRIC_REPRESENTATION_CONTEXT() REPRESENTATION_CONTEXT('2D SPACE',''
  ) );
#1772 = PCURVE('',#995,#1773);
#1773 = DEFINITIONAL_REPRESENTATION('',(#1774),#1778);
#1774 = LINE('',#1775,#1776);
#1775 = CARTESIAN_POINT('',(0.,-7.8E-03));
#1776 = VECTOR('',#1777,1.);
#1777 = DIRECTION('',(1.,0.));
#1778 = ( GEOMETRIC_REPRESENTATION_CONTEXT(2) 
PARAMETRIC_REPRESENTATION_CONTEXT() REPRESENTATION_CONTEXT('2D SPACE',''
  ) );
#1779 = ORIENTED_EDGE('',*,*,#1780,.F.);
#1780 = EDGE_CURVE('',#1781,#1758,#1783,.T.);
#1781 = VERTEX_POINT('',#1782);
#1782 = CARTESIAN_POINT('',(-2.03E-02,-0.75,7.8E-03));
#1783 = SURFACE_CURVE('',#1784,(#1789,#1796),.PCURVE_S1.);
#1784 = CIRCLE('',#1785,6.146389713391E-03);
#1785 = AXIS2_PLACEMENT_3D('',#1786,#1787,#1788);
#1786 = CARTESIAN_POINT('',(-1.415384615385E-02,-0.75,7.746153846154E-03
    ));
#1787 = DIRECTION('',(0.,-1.,0.));
#1788 = DIRECTION('',(-0.999961625076,0.,8.760614988153E-03));
#1789 = PCURVE('',#73,#1790);
#1790 = DEFINITIONAL_REPRESENTATION('',(#1791),#1795);
#1791 = CIRCLE('',#1792,6.146389713391E-03);
#1792 = AXIS2_PLACEMENT_2D('',#1793,#1794);
#1793 = CARTESIAN_POINT('',(9.964140054088E-02,2.968387548313E-02));
#1794 = DIRECTION('',(-8.760614988153E-03,-0.999961625076));
#1795 = ( GEOMETRIC_REPRESENTATION_CONTEXT(2) 
PARAMETRIC_REPRESENTATION_CONTEXT() REPRESENTATION_CONTEXT('2D SPACE',''
  ) );
#1796 = PCURVE('',#1024,#1797);
#1797 = DEFINITIONAL_REPRESENTATION('',(#1798),#1802);
#1798 = LINE('',#1799,#1800);
#1799 = CARTESIAN_POINT('',(-0.,-7.8E-03));
#1800 = VECTOR('',#1801,1.);
#1801 = DIRECTION('',(-1.,0.));
#1802 = ( GEOMETRIC_REPRESENTATION_CONTEXT(2) 
PARAMETRIC_REPRESENTATION_CONTEXT() REPRESENTATION_CONTEXT('2D SPACE',''
  ) );
#1803 = ORIENTED_EDGE('',*,*,#1804,.F.);
#1804 = EDGE_CURVE('',#1805,#1781,#1807,.T.);
#1805 = VERTEX_POINT('',#1806);
#1806 = CARTESIAN_POINT('',(-2.03E-02,-0.75,0.1328));
#1807 = SURFACE_CURVE('',#1808,(#1812,#1819),.PCURVE_S1.);
#1808 = LINE('',#1809,#1810);
#1809 = CARTESIAN_POINT('',(-2.03E-02,-0.75,0.1328));
#1810 = VECTOR('',#1811,1.);
#1811 = DIRECTION('',(5.551115123126E-17,0.,-1.));
#1812 = PCURVE('',#73,#1813);
#1813 = DEFINITIONAL_REPRESENTATION('',(#1814),#1818);
#1814 = LINE('',#1815,#1816);
#1815 = CARTESIAN_POINT('',(-2.541244561297E-02,2.353772163697E-02));
#1816 = VECTOR('',#1817,1.);
#1817 = DIRECTION('',(1.,5.551115123126E-17));
#1818 = ( GEOMETRIC_REPRESENTATION_CONTEXT(2) 
PARAMETRIC_REPRESENTATION_CONTEXT() REPRESENTATION_CONTEXT('2D SPACE',''
  ) );
#1819 = PCURVE('',#1052,#1820);
#1820 = DEFINITIONAL_REPRESENTATION('',(#1821),#1825);
#1821 = LINE('',#1822,#1823);
#1822 = CARTESIAN_POINT('',(0.,-7.8E-03));
#1823 = VECTOR('',#1824,1.);
#1824 = DIRECTION('',(1.,0.));
#1825 = ( GEOMETRIC_REPRESENTATION_CONTEXT(2) 
PARAMETRIC_REPRESENTATION_CONTEXT() REPRESENTATION_CONTEXT('2D SPACE',''
  ) );
#1826 = ORIENTED_EDGE('',*,*,#1827,.F.);
#1827 = EDGE_CURVE('',#584,#1805,#1828,.T.);
#1828 = SURFACE_CURVE('',#1829,(#1834,#1845),.PCURVE_S1.);
#1829 = CIRCLE('',#1830,3.441253001775E-03);
#1830 = AXIS2_PLACEMENT_3D('',#1831,#1832,#1833);
#1831 = CARTESIAN_POINT('',(-2.373333333333E-02,-0.75,0.132566666667));
#1832 = DIRECTION('',(0.,1.,0.));
#1833 = DIRECTION('',(6.78047598398E-02,-0.,0.997698609071));
#1834 = PCURVE('',#73,#1835);
#1835 = DEFINITIONAL_REPRESENTATION('',(#1836),#1844);
#1836 = ( BOUNDED_CURVE() B_SPLINE_CURVE(2,(#1837,#1838,#1839,#1840,
#1841,#1842,#1843),.UNSPECIFIED.,.T.,.F.) B_SPLINE_CURVE_WITH_KNOTS((1,2
    ,2,2,2,1),(-2.094395102393,0.,2.094395102393,4.188790204786,
6.28318530718,8.377580409573),.UNSPECIFIED.) CURVE() 
GEOMETRIC_REPRESENTATION_ITEM() RATIONAL_B_SPLINE_CURVE((1.,0.5,1.,0.5,
1.,0.5,1.)) REPRESENTATION_ITEM('') );
#1837 = CARTESIAN_POINT('',(-2.861244561297E-02,2.033772163697E-02));
#1838 = CARTESIAN_POINT('',(-2.820830042454E-02,2.628442940963E-02));
#1839 = CARTESIAN_POINT('',(-2.326037301875E-02,2.29610755233E-02));
#1840 = CARTESIAN_POINT('',(-1.831244561297E-02,1.963772163697E-02));
#1841 = CARTESIAN_POINT('',(-2.366451820718E-02,1.701436775065E-02));
#1842 = CARTESIAN_POINT('',(-2.90165908014E-02,1.439101386432E-02));
#1843 = CARTESIAN_POINT('',(-2.861244561297E-02,2.033772163697E-02));
#1844 = ( GEOMETRIC_REPRESENTATION_CONTEXT(2) 
PARAMETRIC_REPRESENTATION_CONTEXT() REPRESENTATION_CONTEXT('2D SPACE',''
  ) );
#1845 = PCURVE('',#598,#1846);
#1846 = DEFINITIONAL_REPRESENTATION('',(#1847),#1851);
#1847 = LINE('',#1848,#1849);
#1848 = CARTESIAN_POINT('',(0.,-7.8E-03));
#1849 = VECTOR('',#1850,1.);
#1850 = DIRECTION('',(1.,0.));
#1851 = ( GEOMETRIC_REPRESENTATION_CONTEXT(2) 
PARAMETRIC_REPRESENTATION_CONTEXT() REPRESENTATION_CONTEXT('2D SPACE',''
  ) );
#1852 = ORIENTED_EDGE('',*,*,#609,.T.);
#1853 = ORIENTED_EDGE('',*,*,#1854,.T.);
#1854 = EDGE_CURVE('',#610,#1855,#1857,.T.);
#1855 = VERTEX_POINT('',#1856);
#1856 = CARTESIAN_POINT('',(-1.4E-02,-0.75,0.1312));
#1857 = SURFACE_CURVE('',#1858,(#1863,#1874),.PCURVE_S1.);
#1858 = CIRCLE('',#1859,4.782274809604E-03);
#1859 = AXIS2_PLACEMENT_3D('',#1860,#1861,#1862);
#1860 = CARTESIAN_POINT('',(-1.878157894737E-02,-0.75,0.131118421053));
#1861 = DIRECTION('',(0.,1.,0.));
#1862 = DIRECTION('',(1.705860717258E-02,-0.,0.999854491374));
#1863 = PCURVE('',#73,#1864);
#1864 = DEFINITIONAL_REPRESENTATION('',(#1865),#1873);
#1865 = ( BOUNDED_CURVE() B_SPLINE_CURVE(2,(#1866,#1867,#1868,#1869,
#1870,#1871,#1872),.UNSPECIFIED.,.T.,.F.) B_SPLINE_CURVE_WITH_KNOTS((1,2
    ,2,2,2,1),(-2.094395102393,0.,2.094395102393,4.188790204786,
6.28318530718,8.377580409573),.UNSPECIFIED.) CURVE() 
GEOMETRIC_REPRESENTATION_ITEM() RATIONAL_B_SPLINE_CURVE((1.,0.5,1.,0.5,
1.,0.5,1.)) REPRESENTATION_ITEM('') );
#1866 = CARTESIAN_POINT('',(-2.851244561297E-02,2.513772163697E-02));
#1867 = CARTESIAN_POINT('',(-2.83711467313E-02,3.341965931422E-02));
#1868 = CARTESIAN_POINT('',(-2.126942775108E-02,2.915632205454E-02));
#1869 = CARTESIAN_POINT('',(-1.416770877086E-02,2.489298479487E-02));
#1870 = CARTESIAN_POINT('',(-2.141072663275E-02,2.08743843773E-02));
#1871 = CARTESIAN_POINT('',(-2.865374449464E-02,1.685578395973E-02));
#1872 = CARTESIAN_POINT('',(-2.851244561297E-02,2.513772163697E-02));
#1873 = ( GEOMETRIC_REPRESENTATION_CONTEXT(2) 
PARAMETRIC_REPRESENTATION_CONTEXT() REPRESENTATION_CONTEXT('2D SPACE',''
  ) );
#1874 = PCURVE('',#323,#1875);
#1875 = DEFINITIONAL_REPRESENTATION('',(#1876),#1880);
#1876 = LINE('',#1877,#1878);
#1877 = CARTESIAN_POINT('',(0.,-0.75));
#1878 = VECTOR('',#1879,1.);
#1879 = DIRECTION('',(1.,0.));
#1880 = ( GEOMETRIC_REPRESENTATION_CONTEXT(2) 
PARAMETRIC_REPRESENTATION_CONTEXT() REPRESENTATION_CONTEXT('2D SPACE',''
  ) );
#1881 = ORIENTED_EDGE('',*,*,#1882,.T.);
#1882 = EDGE_CURVE('',#1855,#1883,#1885,.T.);
#1883 = VERTEX_POINT('',#1884);
#1884 = CARTESIAN_POINT('',(-1.4E-02,-0.75,6.2E-03));
#1885 = SURFACE_CURVE('',#1886,(#1890,#1897),.PCURVE_S1.);
#1886 = LINE('',#1887,#1888);
#1887 = CARTESIAN_POINT('',(-1.4E-02,-0.75,0.1312));
#1888 = VECTOR('',#1889,1.);
#1889 = DIRECTION('',(-2.775557561563E-17,0.,-1.));
#1890 = PCURVE('',#73,#1891);
#1891 = DEFINITIONAL_REPRESENTATION('',(#1892),#1896);
#1892 = LINE('',#1893,#1894);
#1893 = CARTESIAN_POINT('',(-2.381244561297E-02,2.983772163697E-02));
#1894 = VECTOR('',#1895,1.);
#1895 = DIRECTION('',(1.,-2.775557561563E-17));
#1896 = ( GEOMETRIC_REPRESENTATION_CONTEXT(2) 
PARAMETRIC_REPRESENTATION_CONTEXT() REPRESENTATION_CONTEXT('2D SPACE',''
  ) );
#1897 = PCURVE('',#351,#1898);
#1898 = DEFINITIONAL_REPRESENTATION('',(#1899),#1903);
#1899 = LINE('',#1900,#1901);
#1900 = CARTESIAN_POINT('',(-0.,-0.75));
#1901 = VECTOR('',#1902,1.);
#1902 = DIRECTION('',(1.,0.));
#1903 = ( GEOMETRIC_REPRESENTATION_CONTEXT(2) 
PARAMETRIC_REPRESENTATION_CONTEXT() REPRESENTATION_CONTEXT('2D SPACE',''
  ) );
#1904 = ORIENTED_EDGE('',*,*,#1905,.T.);
#1905 = EDGE_CURVE('',#1883,#1709,#1906,.T.);
#1906 = SURFACE_CURVE('',#1907,(#1912,#1919),.PCURVE_S1.);
#1907 = CIRCLE('',#1908,3.073194856695E-03);
#1908 = AXIS2_PLACEMENT_3D('',#1909,#1910,#1911);
#1909 = CARTESIAN_POINT('',(-1.092692307692E-02,-0.75,6.173076923077E-03
    ));
#1910 = DIRECTION('',(0.,-1.,0.));
#1911 = DIRECTION('',(-0.999961625076,0.,8.760614988145E-03));
#1912 = PCURVE('',#73,#1913);
#1913 = DEFINITIONAL_REPRESENTATION('',(#1914),#1918);
#1914 = CIRCLE('',#1915,3.073194856695E-03);
#1915 = AXIS2_PLACEMENT_2D('',#1916,#1917);
#1916 = CARTESIAN_POINT('',(0.101214477464,3.291079856005E-02));
#1917 = DIRECTION('',(-8.760614988145E-03,-0.999961625076));
#1918 = ( GEOMETRIC_REPRESENTATION_CONTEXT(2) 
PARAMETRIC_REPRESENTATION_CONTEXT() REPRESENTATION_CONTEXT('2D SPACE',''
  ) );
#1919 = PCURVE('',#380,#1920);
#1920 = DEFINITIONAL_REPRESENTATION('',(#1921),#1925);
#1921 = LINE('',#1922,#1923);
#1922 = CARTESIAN_POINT('',(-0.,-0.75));
#1923 = VECTOR('',#1924,1.);
#1924 = DIRECTION('',(-1.,0.));
#1925 = ( GEOMETRIC_REPRESENTATION_CONTEXT(2) 
PARAMETRIC_REPRESENTATION_CONTEXT() REPRESENTATION_CONTEXT('2D SPACE',''
  ) );
#1926 = FACE_BOUND('',#1927,.T.);
#1927 = EDGE_LOOP('',(#1928,#1954,#1977,#2001,#2024,#2048,#2071,#2095));
#1928 = ORIENTED_EDGE('',*,*,#1929,.T.);
#1929 = EDGE_CURVE('',#1930,#1932,#1934,.T.);
#1930 = VERTEX_POINT('',#1931);
#1931 = CARTESIAN_POINT('',(-0.2266,-0.75,-7.8E-03));
#1932 = VERTEX_POINT('',#1933);
#1933 = CARTESIAN_POINT('',(-0.2235,-0.75,-1.09E-02));
#1934 = SURFACE_CURVE('',#1935,(#1940,#1947),.PCURVE_S1.);
#1935 = CIRCLE('',#1936,3.073194856695E-03);
#1936 = AXIS2_PLACEMENT_3D('',#1937,#1938,#1939);
#1937 = CARTESIAN_POINT('',(-0.223526923077,-0.75,-7.826923076923E-03));
#1938 = DIRECTION('',(0.,-1.,0.));
#1939 = DIRECTION('',(-0.999961625076,0.,8.760614988146E-03));
#1940 = PCURVE('',#73,#1941);
#1941 = DEFINITIONAL_REPRESENTATION('',(#1942),#1946);
#1942 = CIRCLE('',#1943,3.073194856695E-03);
#1943 = AXIS2_PLACEMENT_2D('',#1944,#1945);
#1944 = CARTESIAN_POINT('',(0.115214477464,-0.17968920144));
#1945 = DIRECTION('',(-8.760614988146E-03,-0.999961625076));
#1946 = ( GEOMETRIC_REPRESENTATION_CONTEXT(2) 
PARAMETRIC_REPRESENTATION_CONTEXT() REPRESENTATION_CONTEXT('2D SPACE',''
  ) );
#1947 = PCURVE('',#675,#1948);
#1948 = DEFINITIONAL_REPRESENTATION('',(#1949),#1953);
#1949 = LINE('',#1950,#1951);
#1950 = CARTESIAN_POINT('',(-0.,-7.8E-03));
#1951 = VECTOR('',#1952,1.);
#1952 = DIRECTION('',(-1.,0.));
#1953 = ( GEOMETRIC_REPRESENTATION_CONTEXT(2) 
PARAMETRIC_REPRESENTATION_CONTEXT() REPRESENTATION_CONTEXT('2D SPACE',''
  ) );
#1954 = ORIENTED_EDGE('',*,*,#1955,.T.);
#1955 = EDGE_CURVE('',#1932,#1956,#1958,.T.);
#1956 = VERTEX_POINT('',#1957);
#1957 = CARTESIAN_POINT('',(6.72E-02,-0.75,-1.09E-02));
#1958 = SURFACE_CURVE('',#1959,(#1963,#1970),.PCURVE_S1.);
#1959 = LINE('',#1960,#1961);
#1960 = CARTESIAN_POINT('',(-0.2235,-0.75,-1.09E-02));
#1961 = VECTOR('',#1962,1.);
#1962 = DIRECTION('',(1.,0.,2.386960407261E-17));
#1963 = PCURVE('',#73,#1964);
#1964 = DEFINITIONAL_REPRESENTATION('',(#1965),#1969);
#1965 = LINE('',#1966,#1967);
#1966 = CARTESIAN_POINT('',(0.118287554387,-0.179662278363));
#1967 = VECTOR('',#1968,1.);
#1968 = DIRECTION('',(-2.386960407261E-17,1.));
#1969 = ( GEOMETRIC_REPRESENTATION_CONTEXT(2) 
PARAMETRIC_REPRESENTATION_CONTEXT() REPRESENTATION_CONTEXT('2D SPACE',''
  ) );
#1970 = PCURVE('',#703,#1971);
#1971 = DEFINITIONAL_REPRESENTATION('',(#1972),#1976);
#1972 = LINE('',#1973,#1974);
#1973 = CARTESIAN_POINT('',(0.,-7.8E-03));
#1974 = VECTOR('',#1975,1.);
#1975 = DIRECTION('',(1.,0.));
#1976 = ( GEOMETRIC_REPRESENTATION_CONTEXT(2) 
PARAMETRIC_REPRESENTATION_CONTEXT() REPRESENTATION_CONTEXT('2D SPACE',''
  ) );
#1977 = ORIENTED_EDGE('',*,*,#1978,.T.);
#1978 = EDGE_CURVE('',#1956,#1979,#1981,.T.);
#1979 = VERTEX_POINT('',#1980);
#1980 = CARTESIAN_POINT('',(7.03E-02,-0.75,-7.8E-03));
#1981 = SURFACE_CURVE('',#1982,(#1987,#1994),.PCURVE_S1.);
#1982 = CIRCLE('',#1983,3.073194856695E-03);
#1983 = AXIS2_PLACEMENT_3D('',#1984,#1985,#1986);
#1984 = CARTESIAN_POINT('',(6.722692307692E-02,-0.75,-7.826923076923E-03
    ));
#1985 = DIRECTION('',(0.,-1.,0.));
#1986 = DIRECTION('',(-8.760614988143E-03,-0.,-0.999961625076));
#1987 = PCURVE('',#73,#1988);
#1988 = DEFINITIONAL_REPRESENTATION('',(#1989),#1993);
#1989 = CIRCLE('',#1990,3.073194856695E-03);
#1990 = AXIS2_PLACEMENT_2D('',#1991,#1992);
#1991 = CARTESIAN_POINT('',(0.115214477464,0.111064644714));
#1992 = DIRECTION('',(0.999961625076,-8.760614988143E-03));
#1993 = ( GEOMETRIC_REPRESENTATION_CONTEXT(2) 
PARAMETRIC_REPRESENTATION_CONTEXT() REPRESENTATION_CONTEXT('2D SPACE',''
  ) );
#1994 = PCURVE('',#732,#1995);
#1995 = DEFINITIONAL_REPRESENTATION('',(#1996),#2000);
#1996 = LINE('',#1997,#1998);
#1997 = CARTESIAN_POINT('',(-0.,-7.8E-03));
#1998 = VECTOR('',#1999,1.);
#1999 = DIRECTION('',(-1.,0.));
#2000 = ( GEOMETRIC_REPRESENTATION_CONTEXT(2) 
PARAMETRIC_REPRESENTATION_CONTEXT() REPRESENTATION_CONTEXT('2D SPACE',''
  ) );
#2001 = ORIENTED_EDGE('',*,*,#2002,.T.);
#2002 = EDGE_CURVE('',#1979,#2003,#2005,.T.);
#2003 = VERTEX_POINT('',#2004);
#2004 = CARTESIAN_POINT('',(7.03E-02,-0.75,0.161));
#2005 = SURFACE_CURVE('',#2006,(#2010,#2017),.PCURVE_S1.);
#2006 = LINE('',#2007,#2008);
#2007 = CARTESIAN_POINT('',(7.03E-02,-0.75,-7.8E-03));
#2008 = VECTOR('',#2009,1.);
#2009 = DIRECTION('',(0.,0.,1.));
#2010 = PCURVE('',#73,#2011);
#2011 = DEFINITIONAL_REPRESENTATION('',(#2012),#2016);
#2012 = LINE('',#2013,#2014);
#2013 = CARTESIAN_POINT('',(0.115187554387,0.114137721637));
#2014 = VECTOR('',#2015,1.);
#2015 = DIRECTION('',(-1.,0.));
#2016 = ( GEOMETRIC_REPRESENTATION_CONTEXT(2) 
PARAMETRIC_REPRESENTATION_CONTEXT() REPRESENTATION_CONTEXT('2D SPACE',''
  ) );
#2017 = PCURVE('',#760,#2018);
#2018 = DEFINITIONAL_REPRESENTATION('',(#2019),#2023);
#2019 = LINE('',#2020,#2021);
#2020 = CARTESIAN_POINT('',(0.,-7.8E-03));
#2021 = VECTOR('',#2022,1.);
#2022 = DIRECTION('',(1.,0.));
#2023 = ( GEOMETRIC_REPRESENTATION_CONTEXT(2) 
PARAMETRIC_REPRESENTATION_CONTEXT() REPRESENTATION_CONTEXT('2D SPACE',''
  ) );
#2024 = ORIENTED_EDGE('',*,*,#2025,.T.);
#2025 = EDGE_CURVE('',#2003,#2026,#2028,.T.);
#2026 = VERTEX_POINT('',#2027);
#2027 = CARTESIAN_POINT('',(6.72E-02,-0.75,0.1672));
#2028 = SURFACE_CURVE('',#2029,(#2034,#2041),.PCURVE_S1.);
#2029 = CIRCLE('',#2030,5.025432198579E-03);
#2030 = AXIS2_PLACEMENT_3D('',#2031,#2032,#2033);
#2031 = CARTESIAN_POINT('',(6.549516129032E-02,-0.75,0.162472580645));
#2032 = DIRECTION('',(0.,-1.,0.));
#2033 = DIRECTION('',(0.956104573659,0.,-0.293025671618));
#2034 = PCURVE('',#73,#2035);
#2035 = DEFINITIONAL_REPRESENTATION('',(#2036),#2040);
#2036 = CIRCLE('',#2037,5.025432198579E-03);
#2037 = AXIS2_PLACEMENT_2D('',#2038,#2039);
#2038 = CARTESIAN_POINT('',(-5.508502625813E-02,0.109332882927));
#2039 = DIRECTION('',(0.293025671618,0.956104573659));
#2040 = ( GEOMETRIC_REPRESENTATION_CONTEXT(2) 
PARAMETRIC_REPRESENTATION_CONTEXT() REPRESENTATION_CONTEXT('2D SPACE',''
  ) );
#2041 = PCURVE('',#789,#2042);
#2042 = DEFINITIONAL_REPRESENTATION('',(#2043),#2047);
#2043 = LINE('',#2044,#2045);
#2044 = CARTESIAN_POINT('',(-0.,-7.8E-03));
#2045 = VECTOR('',#2046,1.);
#2046 = DIRECTION('',(-1.,0.));
#2047 = ( GEOMETRIC_REPRESENTATION_CONTEXT(2) 
PARAMETRIC_REPRESENTATION_CONTEXT() REPRESENTATION_CONTEXT('2D SPACE',''
  ) );
#2048 = ORIENTED_EDGE('',*,*,#2049,.T.);
#2049 = EDGE_CURVE('',#2026,#2050,#2052,.T.);
#2050 = VERTEX_POINT('',#2051);
#2051 = CARTESIAN_POINT('',(-0.2235,-0.75,0.1672));
#2052 = SURFACE_CURVE('',#2053,(#2057,#2064),.PCURVE_S1.);
#2053 = LINE('',#2054,#2055);
#2054 = CARTESIAN_POINT('',(6.72E-02,-0.75,0.1672));
#2055 = VECTOR('',#2056,1.);
#2056 = DIRECTION('',(-1.,0.,0.));
#2057 = PCURVE('',#73,#2058);
#2058 = DEFINITIONAL_REPRESENTATION('',(#2059),#2063);
#2059 = LINE('',#2060,#2061);
#2060 = CARTESIAN_POINT('',(-5.981244561297E-02,0.111037721637));
#2061 = VECTOR('',#2062,1.);
#2062 = DIRECTION('',(0.,-1.));
#2063 = ( GEOMETRIC_REPRESENTATION_CONTEXT(2) 
PARAMETRIC_REPRESENTATION_CONTEXT() REPRESENTATION_CONTEXT('2D SPACE',''
  ) );
#2064 = PCURVE('',#817,#2065);
#2065 = DEFINITIONAL_REPRESENTATION('',(#2066),#2070);
#2066 = LINE('',#2067,#2068);
#2067 = CARTESIAN_POINT('',(0.,-7.8E-03));
#2068 = VECTOR('',#2069,1.);
#2069 = DIRECTION('',(1.,0.));
#2070 = ( GEOMETRIC_REPRESENTATION_CONTEXT(2) 
PARAMETRIC_REPRESENTATION_CONTEXT() REPRESENTATION_CONTEXT('2D SPACE',''
  ) );
#2071 = ORIENTED_EDGE('',*,*,#2072,.T.);
#2072 = EDGE_CURVE('',#2050,#2073,#2075,.T.);
#2073 = VERTEX_POINT('',#2074);
#2074 = CARTESIAN_POINT('',(-0.2266,-0.75,0.161));
#2075 = SURFACE_CURVE('',#2076,(#2081,#2088),.PCURVE_S1.);
#2076 = CIRCLE('',#2077,5.025432198579E-03);
#2077 = AXIS2_PLACEMENT_3D('',#2078,#2079,#2080);
#2078 = CARTESIAN_POINT('',(-0.22179516129,-0.75,0.162472580645));
#2079 = DIRECTION('',(0.,-1.,0.));
#2080 = DIRECTION('',(-0.339242206901,0.,0.940699061899));
#2081 = PCURVE('',#73,#2082);
#2082 = DEFINITIONAL_REPRESENTATION('',(#2083),#2087);
#2083 = CIRCLE('',#2084,5.025432198579E-03);
#2084 = AXIS2_PLACEMENT_2D('',#2085,#2086);
#2085 = CARTESIAN_POINT('',(-5.508502625813E-02,-0.177957439653));
#2086 = DIRECTION('',(-0.940699061899,-0.339242206901));
#2087 = ( GEOMETRIC_REPRESENTATION_CONTEXT(2) 
PARAMETRIC_REPRESENTATION_CONTEXT() REPRESENTATION_CONTEXT('2D SPACE',''
  ) );
#2088 = PCURVE('',#846,#2089);
#2089 = DEFINITIONAL_REPRESENTATION('',(#2090),#2094);
#2090 = LINE('',#2091,#2092);
#2091 = CARTESIAN_POINT('',(-0.,-7.8E-03));
#2092 = VECTOR('',#2093,1.);
#2093 = DIRECTION('',(-1.,0.));
#2094 = ( GEOMETRIC_REPRESENTATION_CONTEXT(2) 
PARAMETRIC_REPRESENTATION_CONTEXT() REPRESENTATION_CONTEXT('2D SPACE',''
  ) );
#2095 = ORIENTED_EDGE('',*,*,#2096,.T.);
#2096 = EDGE_CURVE('',#2073,#1930,#2097,.T.);
#2097 = SURFACE_CURVE('',#2098,(#2102,#2109),.PCURVE_S1.);
#2098 = LINE('',#2099,#2100);
#2099 = CARTESIAN_POINT('',(-0.2266,-0.75,0.161));
#2100 = VECTOR('',#2101,1.);
#2101 = DIRECTION('',(0.,0.,-1.));
#2102 = PCURVE('',#73,#2103);
#2103 = DEFINITIONAL_REPRESENTATION('',(#2104),#2108);
#2104 = LINE('',#2105,#2106);
#2105 = CARTESIAN_POINT('',(-5.361244561297E-02,-0.182762278363));
#2106 = VECTOR('',#2107,1.);
#2107 = DIRECTION('',(1.,0.));
#2108 = ( GEOMETRIC_REPRESENTATION_CONTEXT(2) 
PARAMETRIC_REPRESENTATION_CONTEXT() REPRESENTATION_CONTEXT('2D SPACE',''
  ) );
#2109 = PCURVE('',#872,#2110);
#2110 = DEFINITIONAL_REPRESENTATION('',(#2111),#2115);
#2111 = LINE('',#2112,#2113);
#2112 = CARTESIAN_POINT('',(0.,-7.8E-03));
#2113 = VECTOR('',#2114,1.);
#2114 = DIRECTION('',(1.,0.));
#2115 = ( GEOMETRIC_REPRESENTATION_CONTEXT(2) 
PARAMETRIC_REPRESENTATION_CONTEXT() REPRESENTATION_CONTEXT('2D SPACE',''
  ) );
#2116 = FACE_BOUND('',#2117,.T.);
#2117 = EDGE_LOOP('',(#2118));
#2118 = ORIENTED_EDGE('',*,*,#2119,.F.);
#2119 = EDGE_CURVE('',#2120,#2120,#2122,.T.);
#2120 = VERTEX_POINT('',#2121);
#2121 = CARTESIAN_POINT('',(-0.1766,-0.75,0.1141));
#2122 = SURFACE_CURVE('',#2123,(#2128,#2135),.PCURVE_S1.);
#2123 = CIRCLE('',#2124,1.25E-02);
#2124 = AXIS2_PLACEMENT_3D('',#2125,#2126,#2127);
#2125 = CARTESIAN_POINT('',(-0.1891,-0.75,0.1141));
#2126 = DIRECTION('',(0.,-1.,0.));
#2127 = DIRECTION('',(1.,0.,0.));
#2128 = PCURVE('',#73,#2129);
#2129 = DEFINITIONAL_REPRESENTATION('',(#2130),#2134);
#2130 = CIRCLE('',#2131,1.25E-02);
#2131 = AXIS2_PLACEMENT_2D('',#2132,#2133);
#2132 = CARTESIAN_POINT('',(-6.712445612968E-03,-0.145262278363));
#2133 = DIRECTION('',(0.,1.));
#2134 = ( GEOMETRIC_REPRESENTATION_CONTEXT(2) 
PARAMETRIC_REPRESENTATION_CONTEXT() REPRESENTATION_CONTEXT('2D SPACE',''
  ) );
#2135 = PCURVE('',#903,#2136);
#2136 = DEFINITIONAL_REPRESENTATION('',(#2137),#2141);
#2137 = LINE('',#2138,#2139);
#2138 = CARTESIAN_POINT('',(-0.,-7.8E-03));
#2139 = VECTOR('',#2140,1.);
#2140 = DIRECTION('',(-1.,0.));
#2141 = ( GEOMETRIC_REPRESENTATION_CONTEXT(2) 
PARAMETRIC_REPRESENTATION_CONTEXT() REPRESENTATION_CONTEXT('2D SPACE',''
  ) );
#2142 = FACE_BOUND('',#2143,.T.);
#2143 = EDGE_LOOP('',(#2144));
#2144 = ORIENTED_EDGE('',*,*,#2145,.F.);
#2145 = EDGE_CURVE('',#2146,#2146,#2148,.T.);
#2146 = VERTEX_POINT('',#2147);
#2147 = CARTESIAN_POINT('',(-0.1766,-0.75,3.91E-02));
#2148 = SURFACE_CURVE('',#2149,(#2154,#2161),.PCURVE_S1.);
#2149 = CIRCLE('',#2150,1.25E-02);
#2150 = AXIS2_PLACEMENT_3D('',#2151,#2152,#2153);
#2151 = CARTESIAN_POINT('',(-0.1891,-0.75,3.91E-02));
#2152 = DIRECTION('',(0.,-1.,0.));
#2153 = DIRECTION('',(1.,0.,0.));
#2154 = PCURVE('',#73,#2155);
#2155 = DEFINITIONAL_REPRESENTATION('',(#2156),#2160);
#2156 = CIRCLE('',#2157,1.25E-02);
#2157 = AXIS2_PLACEMENT_2D('',#2158,#2159);
#2158 = CARTESIAN_POINT('',(6.828755438703E-02,-0.145262278363));
#2159 = DIRECTION('',(0.,1.));
#2160 = ( GEOMETRIC_REPRESENTATION_CONTEXT(2) 
PARAMETRIC_REPRESENTATION_CONTEXT() REPRESENTATION_CONTEXT('2D SPACE',''
  ) );
#2161 = PCURVE('',#934,#2162);
#2162 = DEFINITIONAL_REPRESENTATION('',(#2163),#2167);
#2163 = LINE('',#2164,#2165);
#2164 = CARTESIAN_POINT('',(-0.,-7.8E-03));
#2165 = VECTOR('',#2166,1.);
#2166 = DIRECTION('',(-1.,0.));
#2167 = ( GEOMETRIC_REPRESENTATION_CONTEXT(2) 
PARAMETRIC_REPRESENTATION_CONTEXT() REPRESENTATION_CONTEXT('2D SPACE',''
  ) );
#2168 = FACE_BOUND('',#2169,.T.);
#2169 = EDGE_LOOP('',(#2170));
#2170 = ORIENTED_EDGE('',*,*,#2171,.F.);
#2171 = EDGE_CURVE('',#2172,#2172,#2174,.T.);
#2172 = VERTEX_POINT('',#2173);
#2173 = CARTESIAN_POINT('',(4.53E-02,-0.75,0.1141));
#2174 = SURFACE_CURVE('',#2175,(#2180,#2187),.PCURVE_S1.);
#2175 = CIRCLE('',#2176,1.25E-02);
#2176 = AXIS2_PLACEMENT_3D('',#2177,#2178,#2179);
#2177 = CARTESIAN_POINT('',(3.28E-02,-0.75,0.1141));
#2178 = DIRECTION('',(0.,-1.,0.));
#2179 = DIRECTION('',(1.,0.,0.));
#2180 = PCURVE('',#73,#2181);
#2181 = DEFINITIONAL_REPRESENTATION('',(#2182),#2186);
#2182 = CIRCLE('',#2183,1.25E-02);
#2183 = AXIS2_PLACEMENT_2D('',#2184,#2185);
#2184 = CARTESIAN_POINT('',(-6.712445612968E-03,7.663772163697E-02));
#2185 = DIRECTION('',(0.,1.));
#2186 = ( GEOMETRIC_REPRESENTATION_CONTEXT(2) 
PARAMETRIC_REPRESENTATION_CONTEXT() REPRESENTATION_CONTEXT('2D SPACE',''
  ) );
#2187 = PCURVE('',#1422,#2188);
#2188 = DEFINITIONAL_REPRESENTATION('',(#2189),#2193);
#2189 = LINE('',#2190,#2191);
#2190 = CARTESIAN_POINT('',(-0.,-7.8E-03));
#2191 = VECTOR('',#2192,1.);
#2192 = DIRECTION('',(-1.,0.));
#2193 = ( GEOMETRIC_REPRESENTATION_CONTEXT(2) 
PARAMETRIC_REPRESENTATION_CONTEXT() REPRESENTATION_CONTEXT('2D SPACE',''
  ) );
#2194 = FACE_BOUND('',#2195,.T.);
#2195 = EDGE_LOOP('',(#2196));
#2196 = ORIENTED_EDGE('',*,*,#2197,.F.);
#2197 = EDGE_CURVE('',#2198,#2198,#2200,.T.);
#2198 = VERTEX_POINT('',#2199);
#2199 = CARTESIAN_POINT('',(4.53E-02,-0.75,3.91E-02));
#2200 = SURFACE_CURVE('',#2201,(#2206,#2213),.PCURVE_S1.);
#2201 = CIRCLE('',#2202,1.25E-02);
#2202 = AXIS2_PLACEMENT_3D('',#2203,#2204,#2205);
#2203 = CARTESIAN_POINT('',(3.28E-02,-0.75,3.91E-02));
#2204 = DIRECTION('',(0.,-1.,0.));
#2205 = DIRECTION('',(1.,0.,0.));
#2206 = PCURVE('',#73,#2207);
#2207 = DEFINITIONAL_REPRESENTATION('',(#2208),#2212);
#2208 = CIRCLE('',#2209,1.25E-02);
#2209 = AXIS2_PLACEMENT_2D('',#2210,#2211);
#2210 = CARTESIAN_POINT('',(6.828755438703E-02,7.663772163697E-02));
#2211 = DIRECTION('',(0.,1.));
#2212 = ( GEOMETRIC_REPRESENTATION_CONTEXT(2) 
PARAMETRIC_REPRESENTATION_CONTEXT() REPRESENTATION_CONTEXT('2D SPACE',''
  ) );
#2213 = PCURVE('',#1453,#2214);
#2214 = DEFINITIONAL_REPRESENTATION('',(#2215),#2219);
#2215 = LINE('',#2216,#2217);
#2216 = CARTESIAN_POINT('',(-0.,-7.8E-03));
#2217 = VECTOR('',#2218,1.);
#2218 = DIRECTION('',(-1.,0.));
#2219 = ( GEOMETRIC_REPRESENTATION_CONTEXT(2) 
PARAMETRIC_REPRESENTATION_CONTEXT() REPRESENTATION_CONTEXT('2D SPACE',''
  ) );
#2220 = ADVANCED_FACE('',(#2221),#220,.T.);
#2221 = FACE_BOUND('',#2222,.F.);
#2222 = EDGE_LOOP('',(#2223,#2244,#2245,#2246));
#2223 = ORIENTED_EDGE('',*,*,#2224,.F.);
#2224 = EDGE_CURVE('',#1662,#507,#2225,.T.);
#2225 = SURFACE_CURVE('',#2226,(#2230,#2237),.PCURVE_S1.);
#2226 = LINE('',#2227,#2228);
#2227 = CARTESIAN_POINT('',(-0.1437,-0.75,0.1515));
#2228 = VECTOR('',#2229,1.);
#2229 = DIRECTION('',(0.,1.,0.));
#2230 = PCURVE('',#220,#2231);
#2231 = DEFINITIONAL_REPRESENTATION('',(#2232),#2236);
#2232 = LINE('',#2233,#2234);
#2233 = CARTESIAN_POINT('',(-0.,-0.75));
#2234 = VECTOR('',#2235,1.);
#2235 = DIRECTION('',(0.,1.));
#2236 = ( GEOMETRIC_REPRESENTATION_CONTEXT(2) 
PARAMETRIC_REPRESENTATION_CONTEXT() REPRESENTATION_CONTEXT('2D SPACE',''
  ) );
#2237 = PCURVE('',#522,#2238);
#2238 = DEFINITIONAL_REPRESENTATION('',(#2239),#2243);
#2239 = LINE('',#2240,#2241);
#2240 = CARTESIAN_POINT('',(0.1391,-0.75));
#2241 = VECTOR('',#2242,1.);
#2242 = DIRECTION('',(0.,1.));
#2243 = ( GEOMETRIC_REPRESENTATION_CONTEXT(2) 
PARAMETRIC_REPRESENTATION_CONTEXT() REPRESENTATION_CONTEXT('2D SPACE',''
  ) );
#2244 = ORIENTED_EDGE('',*,*,#1684,.T.);
#2245 = ORIENTED_EDGE('',*,*,#202,.T.);
#2246 = ORIENTED_EDGE('',*,*,#534,.F.);
#2247 = ADVANCED_FACE('',(#2248),#323,.F.);
#2248 = FACE_BOUND('',#2249,.F.);
#2249 = EDGE_LOOP('',(#2250,#2251,#2252,#2273));
#2250 = ORIENTED_EDGE('',*,*,#632,.T.);
#2251 = ORIENTED_EDGE('',*,*,#1854,.T.);
#2252 = ORIENTED_EDGE('',*,*,#2253,.F.);
#2253 = EDGE_CURVE('',#303,#1855,#2254,.T.);
#2254 = SURFACE_CURVE('',#2255,(#2259,#2266),.PCURVE_S1.);
#2255 = LINE('',#2256,#2257);
#2256 = CARTESIAN_POINT('',(-1.4E-02,0.,0.1312));
#2257 = VECTOR('',#2258,1.);
#2258 = DIRECTION('',(0.,-1.,0.));
#2259 = PCURVE('',#323,#2260);
#2260 = DEFINITIONAL_REPRESENTATION('',(#2261),#2265);
#2261 = LINE('',#2262,#2263);
#2262 = CARTESIAN_POINT('',(1.53667745757,0.));
#2263 = VECTOR('',#2264,1.);
#2264 = DIRECTION('',(0.,-1.));
#2265 = ( GEOMETRIC_REPRESENTATION_CONTEXT(2) 
PARAMETRIC_REPRESENTATION_CONTEXT() REPRESENTATION_CONTEXT('2D SPACE',''
  ) );
#2266 = PCURVE('',#351,#2267);
#2267 = DEFINITIONAL_REPRESENTATION('',(#2268),#2272);
#2268 = LINE('',#2269,#2270);
#2269 = CARTESIAN_POINT('',(0.,0.));
#2270 = VECTOR('',#2271,1.);
#2271 = DIRECTION('',(-0.,-1.));
#2272 = ( GEOMETRIC_REPRESENTATION_CONTEXT(2) 
PARAMETRIC_REPRESENTATION_CONTEXT() REPRESENTATION_CONTEXT('2D SPACE',''
  ) );
#2273 = ORIENTED_EDGE('',*,*,#302,.F.);
#2274 = ADVANCED_FACE('',(#2275),#351,.F.);
#2275 = FACE_BOUND('',#2276,.F.);
#2276 = EDGE_LOOP('',(#2277,#2278,#2279,#2300));
#2277 = ORIENTED_EDGE('',*,*,#2253,.T.);
#2278 = ORIENTED_EDGE('',*,*,#1882,.T.);
#2279 = ORIENTED_EDGE('',*,*,#2280,.F.);
#2280 = EDGE_CURVE('',#336,#1883,#2281,.T.);
#2281 = SURFACE_CURVE('',#2282,(#2286,#2293),.PCURVE_S1.);
#2282 = LINE('',#2283,#2284);
#2283 = CARTESIAN_POINT('',(-1.4E-02,0.,6.2E-03));
#2284 = VECTOR('',#2285,1.);
#2285 = DIRECTION('',(0.,-1.,0.));
#2286 = PCURVE('',#351,#2287);
#2287 = DEFINITIONAL_REPRESENTATION('',(#2288),#2292);
#2288 = LINE('',#2289,#2290);
#2289 = CARTESIAN_POINT('',(0.125,0.));
#2290 = VECTOR('',#2291,1.);
#2291 = DIRECTION('',(-0.,-1.));
#2292 = ( GEOMETRIC_REPRESENTATION_CONTEXT(2) 
PARAMETRIC_REPRESENTATION_CONTEXT() REPRESENTATION_CONTEXT('2D SPACE',''
  ) );
#2293 = PCURVE('',#380,#2294);
#2294 = DEFINITIONAL_REPRESENTATION('',(#2295),#2299);
#2295 = LINE('',#2296,#2297);
#2296 = CARTESIAN_POINT('',(-0.,0.));
#2297 = VECTOR('',#2298,1.);
#2298 = DIRECTION('',(-0.,-1.));
#2299 = ( GEOMETRIC_REPRESENTATION_CONTEXT(2) 
PARAMETRIC_REPRESENTATION_CONTEXT() REPRESENTATION_CONTEXT('2D SPACE',''
  ) );
#2300 = ORIENTED_EDGE('',*,*,#335,.F.);
#2301 = ADVANCED_FACE('',(#2302),#380,.T.);
#2302 = FACE_BOUND('',#2303,.F.);
#2303 = EDGE_LOOP('',(#2304,#2305,#2306,#2327));
#2304 = ORIENTED_EDGE('',*,*,#2280,.T.);
#2305 = ORIENTED_EDGE('',*,*,#1905,.T.);
#2306 = ORIENTED_EDGE('',*,*,#2307,.F.);
#2307 = EDGE_CURVE('',#364,#1709,#2308,.T.);
#2308 = SURFACE_CURVE('',#2309,(#2313,#2320),.PCURVE_S1.);
#2309 = LINE('',#2310,#2311);
#2310 = CARTESIAN_POINT('',(-1.09E-02,0.,3.1E-03));
#2311 = VECTOR('',#2312,1.);
#2312 = DIRECTION('',(0.,-1.,0.));
#2313 = PCURVE('',#380,#2314);
#2314 = DEFINITIONAL_REPRESENTATION('',(#2315),#2319);
#2315 = LINE('',#2316,#2317);
#2316 = CARTESIAN_POINT('',(-1.5883177809,0.));
#2317 = VECTOR('',#2318,1.);
#2318 = DIRECTION('',(-0.,-1.));
#2319 = ( GEOMETRIC_REPRESENTATION_CONTEXT(2) 
PARAMETRIC_REPRESENTATION_CONTEXT() REPRESENTATION_CONTEXT('2D SPACE',''
  ) );
#2320 = PCURVE('',#408,#2321);
#2321 = DEFINITIONAL_REPRESENTATION('',(#2322),#2326);
#2322 = LINE('',#2323,#2324);
#2323 = CARTESIAN_POINT('',(0.,0.));
#2324 = VECTOR('',#2325,1.);
#2325 = DIRECTION('',(0.,-1.));
#2326 = ( GEOMETRIC_REPRESENTATION_CONTEXT(2) 
PARAMETRIC_REPRESENTATION_CONTEXT() REPRESENTATION_CONTEXT('2D SPACE',''
  ) );
#2327 = ORIENTED_EDGE('',*,*,#363,.F.);
#2328 = ADVANCED_FACE('',(#2329),#408,.F.);
#2329 = FACE_BOUND('',#2330,.F.);
#2330 = EDGE_LOOP('',(#2331,#2332,#2333,#2334,#2353,#2354));
#2331 = ORIENTED_EDGE('',*,*,#392,.F.);
#2332 = ORIENTED_EDGE('',*,*,#2307,.T.);
#2333 = ORIENTED_EDGE('',*,*,#1708,.T.);
#2334 = ORIENTED_EDGE('',*,*,#2335,.T.);
#2335 = EDGE_CURVE('',#1711,#951,#2336,.T.);
#2336 = SURFACE_CURVE('',#2337,(#2341,#2347),.PCURVE_S1.);
#2337 = LINE('',#2338,#2339);
#2338 = CARTESIAN_POINT('',(-5.652731092991E-03,-0.7422,3.1E-03));
#2339 = VECTOR('',#2340,1.);
#2340 = DIRECTION('',(-0.,1.,-0.));
#2341 = PCURVE('',#408,#2342);
#2342 = DEFINITIONAL_REPRESENTATION('',(#2343),#2346);
#2343 = B_SPLINE_CURVE_WITH_KNOTS('',1,(#2344,#2345),.UNSPECIFIED.,.F.,
  .F.,(2,2),(-7.8006E-03,6.000000000173E-07),.PIECEWISE_BEZIER_KNOTS.);
#2344 = CARTESIAN_POINT('',(5.247268907009E-03,-0.7500006));
#2345 = CARTESIAN_POINT('',(5.247268907009E-03,-0.7421994));
#2346 = ( GEOMETRIC_REPRESENTATION_CONTEXT(2) 
PARAMETRIC_REPRESENTATION_CONTEXT() REPRESENTATION_CONTEXT('2D SPACE',''
  ) );
#2347 = PCURVE('',#967,#2348);
#2348 = DEFINITIONAL_REPRESENTATION('',(#2349),#2352);
#2349 = B_SPLINE_CURVE_WITH_KNOTS('',1,(#2350,#2351),.UNSPECIFIED.,.F.,
  .F.,(2,2),(-7.8006E-03,6.000000000173E-07),.PIECEWISE_BEZIER_KNOTS.);
#2350 = CARTESIAN_POINT('',(-0.527297700626,-7.8006E-03));
#2351 = CARTESIAN_POINT('',(-0.527297700626,6.000000000173E-07));
#2352 = ( GEOMETRIC_REPRESENTATION_CONTEXT(2) 
PARAMETRIC_REPRESENTATION_CONTEXT() REPRESENTATION_CONTEXT('2D SPACE',''
  ) );
#2353 = ORIENTED_EDGE('',*,*,#1384,.T.);
#2354 = ORIENTED_EDGE('',*,*,#2355,.F.);
#2355 = EDGE_CURVE('',#393,#1357,#2356,.T.);
#2356 = SURFACE_CURVE('',#2357,(#2361,#2368),.PCURVE_S1.);
#2357 = LINE('',#2358,#2359);
#2358 = CARTESIAN_POINT('',(-4.6E-03,0.,3.1E-03));
#2359 = VECTOR('',#2360,1.);
#2360 = DIRECTION('',(0.,-1.,0.));
#2361 = PCURVE('',#408,#2362);
#2362 = DEFINITIONAL_REPRESENTATION('',(#2363),#2367);
#2363 = LINE('',#2364,#2365);
#2364 = CARTESIAN_POINT('',(6.3E-03,0.));
#2365 = VECTOR('',#2366,1.);
#2366 = DIRECTION('',(0.,-1.));
#2367 = ( GEOMETRIC_REPRESENTATION_CONTEXT(2) 
PARAMETRIC_REPRESENTATION_CONTEXT() REPRESENTATION_CONTEXT('2D SPACE',''
  ) );
#2368 = PCURVE('',#437,#2369);
#2369 = DEFINITIONAL_REPRESENTATION('',(#2370),#2374);
#2370 = LINE('',#2371,#2372);
#2371 = CARTESIAN_POINT('',(-0.,0.));
#2372 = VECTOR('',#2373,1.);
#2373 = DIRECTION('',(-0.,-1.));
#2374 = ( GEOMETRIC_REPRESENTATION_CONTEXT(2) 
PARAMETRIC_REPRESENTATION_CONTEXT() REPRESENTATION_CONTEXT('2D SPACE',''
  ) );
#2375 = ADVANCED_FACE('',(#2376),#437,.T.);
#2376 = FACE_BOUND('',#2377,.F.);
#2377 = EDGE_LOOP('',(#2378,#2379,#2380,#2381));
#2378 = ORIENTED_EDGE('',*,*,#420,.F.);
#2379 = ORIENTED_EDGE('',*,*,#2355,.T.);
#2380 = ORIENTED_EDGE('',*,*,#1356,.F.);
#2381 = ORIENTED_EDGE('',*,*,#2382,.F.);
#2382 = EDGE_CURVE('',#421,#1336,#2383,.T.);
#2383 = SURFACE_CURVE('',#2384,(#2388,#2395),.PCURVE_S1.);
#2384 = LINE('',#2385,#2386);
#2385 = CARTESIAN_POINT('',(0.,0.,6.2E-03));
#2386 = VECTOR('',#2387,1.);
#2387 = DIRECTION('',(0.,-1.,0.));
#2388 = PCURVE('',#437,#2389);
#2389 = DEFINITIONAL_REPRESENTATION('',(#2390),#2394);
#2390 = LINE('',#2391,#2392);
#2391 = CARTESIAN_POINT('',(-1.539203378219,0.));
#2392 = VECTOR('',#2393,1.);
#2393 = DIRECTION('',(-0.,-1.));
#2394 = ( GEOMETRIC_REPRESENTATION_CONTEXT(2) 
PARAMETRIC_REPRESENTATION_CONTEXT() REPRESENTATION_CONTEXT('2D SPACE',''
  ) );
#2395 = PCURVE('',#465,#2396);
#2396 = DEFINITIONAL_REPRESENTATION('',(#2397),#2401);
#2397 = LINE('',#2398,#2399);
#2398 = CARTESIAN_POINT('',(0.,0.));
#2399 = VECTOR('',#2400,1.);
#2400 = DIRECTION('',(0.,-1.));
#2401 = ( GEOMETRIC_REPRESENTATION_CONTEXT(2) 
PARAMETRIC_REPRESENTATION_CONTEXT() REPRESENTATION_CONTEXT('2D SPACE',''
  ) );
#2402 = ADVANCED_FACE('',(#2403),#465,.F.);
#2403 = FACE_BOUND('',#2404,.F.);
#2404 = EDGE_LOOP('',(#2405,#2406,#2407,#2408));
#2405 = ORIENTED_EDGE('',*,*,#449,.F.);
#2406 = ORIENTED_EDGE('',*,*,#2382,.T.);
#2407 = ORIENTED_EDGE('',*,*,#1335,.T.);
#2408 = ORIENTED_EDGE('',*,*,#2409,.F.);
#2409 = EDGE_CURVE('',#450,#1308,#2410,.T.);
#2410 = SURFACE_CURVE('',#2411,(#2415,#2422),.PCURVE_S1.);
#2411 = LINE('',#2412,#2413);
#2412 = CARTESIAN_POINT('',(0.,0.,0.1469));
#2413 = VECTOR('',#2414,1.);
#2414 = DIRECTION('',(2.312964634636E-18,-1.,0.));
#2415 = PCURVE('',#465,#2416);
#2416 = DEFINITIONAL_REPRESENTATION('',(#2417),#2421);
#2417 = LINE('',#2418,#2419);
#2418 = CARTESIAN_POINT('',(0.1407,0.));
#2419 = VECTOR('',#2420,1.);
#2420 = DIRECTION('',(0.,-1.));
#2421 = ( GEOMETRIC_REPRESENTATION_CONTEXT(2) 
PARAMETRIC_REPRESENTATION_CONTEXT() REPRESENTATION_CONTEXT('2D SPACE',''
  ) );
#2422 = PCURVE('',#494,#2423);
#2423 = DEFINITIONAL_REPRESENTATION('',(#2424),#2428);
#2424 = LINE('',#2425,#2426);
#2425 = CARTESIAN_POINT('',(-0.,0.));
#2426 = VECTOR('',#2427,1.);
#2427 = DIRECTION('',(-0.,-1.));
#2428 = ( GEOMETRIC_REPRESENTATION_CONTEXT(2) 
PARAMETRIC_REPRESENTATION_CONTEXT() REPRESENTATION_CONTEXT('2D SPACE',''
  ) );
#2429 = ADVANCED_FACE('',(#2430),#494,.T.);
#2430 = FACE_BOUND('',#2431,.F.);
#2431 = EDGE_LOOP('',(#2432,#2433,#2434,#2435));
#2432 = ORIENTED_EDGE('',*,*,#477,.F.);
#2433 = ORIENTED_EDGE('',*,*,#2409,.T.);
#2434 = ORIENTED_EDGE('',*,*,#1307,.F.);
#2435 = ORIENTED_EDGE('',*,*,#2436,.F.);
#2436 = EDGE_CURVE('',#478,#1287,#2437,.T.);
#2437 = SURFACE_CURVE('',#2438,(#2442,#2449),.PCURVE_S1.);
#2438 = LINE('',#2439,#2440);
#2439 = CARTESIAN_POINT('',(-4.6E-03,0.,0.1515));
#2440 = VECTOR('',#2441,1.);
#2441 = DIRECTION('',(0.,-1.,0.));
#2442 = PCURVE('',#494,#2443);
#2443 = DEFINITIONAL_REPRESENTATION('',(#2444),#2448);
#2444 = LINE('',#2445,#2446);
#2445 = CARTESIAN_POINT('',(-1.640509362166,0.));
#2446 = VECTOR('',#2447,1.);
#2447 = DIRECTION('',(-0.,-1.));
#2448 = ( GEOMETRIC_REPRESENTATION_CONTEXT(2) 
PARAMETRIC_REPRESENTATION_CONTEXT() REPRESENTATION_CONTEXT('2D SPACE',''
  ) );
#2449 = PCURVE('',#522,#2450);
#2450 = DEFINITIONAL_REPRESENTATION('',(#2451),#2455);
#2451 = LINE('',#2452,#2453);
#2452 = CARTESIAN_POINT('',(0.,0.));
#2453 = VECTOR('',#2454,1.);
#2454 = DIRECTION('',(0.,-1.));
#2455 = ( GEOMETRIC_REPRESENTATION_CONTEXT(2) 
PARAMETRIC_REPRESENTATION_CONTEXT() REPRESENTATION_CONTEXT('2D SPACE',''
  ) );
#2456 = ADVANCED_FACE('',(#2457),#522,.F.);
#2457 = FACE_BOUND('',#2458,.F.);
#2458 = EDGE_LOOP('',(#2459,#2460,#2461,#2462,#2481,#2482));
#2459 = ORIENTED_EDGE('',*,*,#506,.F.);
#2460 = ORIENTED_EDGE('',*,*,#2436,.T.);
#2461 = ORIENTED_EDGE('',*,*,#1286,.T.);
#2462 = ORIENTED_EDGE('',*,*,#2463,.F.);
#2463 = EDGE_CURVE('',#1638,#1258,#2464,.T.);
#2464 = SURFACE_CURVE('',#2465,(#2469,#2475),.PCURVE_S1.);
#2465 = LINE('',#2466,#2467);
#2466 = CARTESIAN_POINT('',(-7.547507771857E-03,-0.7422,0.1515));
#2467 = VECTOR('',#2468,1.);
#2468 = DIRECTION('',(-0.,1.,-0.));
#2469 = PCURVE('',#522,#2470);
#2470 = DEFINITIONAL_REPRESENTATION('',(#2471),#2474);
#2471 = B_SPLINE_CURVE_WITH_KNOTS('',1,(#2472,#2473),.UNSPECIFIED.,.F.,
  .F.,(2,2),(-7.8006E-03,6.000000000173E-07),.PIECEWISE_BEZIER_KNOTS.);
#2472 = CARTESIAN_POINT('',(2.947507771857E-03,-0.7500006));
#2473 = CARTESIAN_POINT('',(2.947507771857E-03,-0.7421994));
#2474 = ( GEOMETRIC_REPRESENTATION_CONTEXT(2) 
PARAMETRIC_REPRESENTATION_CONTEXT() REPRESENTATION_CONTEXT('2D SPACE',''
  ) );
#2475 = PCURVE('',#1274,#2476);
#2476 = DEFINITIONAL_REPRESENTATION('',(#2477),#2480);
#2477 = B_SPLINE_CURVE_WITH_KNOTS('',1,(#2478,#2479),.UNSPECIFIED.,.F.,
  .F.,(2,2),(-7.8006E-03,6.000000000173E-07),.PIECEWISE_BEZIER_KNOTS.);
#2478 = CARTESIAN_POINT('',(-1.472839867802,-7.8006E-03));
#2479 = CARTESIAN_POINT('',(-1.472839867802,6.000000000173E-07));
#2480 = ( GEOMETRIC_REPRESENTATION_CONTEXT(2) 
PARAMETRIC_REPRESENTATION_CONTEXT() REPRESENTATION_CONTEXT('2D SPACE',''
  ) );
#2481 = ORIENTED_EDGE('',*,*,#1661,.T.);
#2482 = ORIENTED_EDGE('',*,*,#2224,.T.);
#2483 = ADVANCED_FACE('',(#2484),#598,.T.);
#2484 = FACE_BOUND('',#2485,.T.);
#2485 = EDGE_LOOP('',(#2486,#2487,#2488,#2489));
#2486 = ORIENTED_EDGE('',*,*,#1064,.F.);
#2487 = ORIENTED_EDGE('',*,*,#583,.F.);
#2488 = ORIENTED_EDGE('',*,*,#1827,.T.);
#2489 = ORIENTED_EDGE('',*,*,#2490,.F.);
#2490 = EDGE_CURVE('',#1037,#1805,#2491,.T.);
#2491 = SURFACE_CURVE('',#2492,(#2496,#2503),.PCURVE_S1.);
#2492 = LINE('',#2493,#2494);
#2493 = CARTESIAN_POINT('',(-2.03E-02,-0.7422,0.1328));
#2494 = VECTOR('',#2495,1.);
#2495 = DIRECTION('',(0.,-1.,0.));
#2496 = PCURVE('',#598,#2497);
#2497 = DEFINITIONAL_REPRESENTATION('',(#2498),#2502);
#2498 = LINE('',#2499,#2500);
#2499 = CARTESIAN_POINT('',(1.435082681082,0.));
#2500 = VECTOR('',#2501,1.);
#2501 = DIRECTION('',(0.,-1.));
#2502 = ( GEOMETRIC_REPRESENTATION_CONTEXT(2) 
PARAMETRIC_REPRESENTATION_CONTEXT() REPRESENTATION_CONTEXT('2D SPACE',''
  ) );
#2503 = PCURVE('',#1052,#2504);
#2504 = DEFINITIONAL_REPRESENTATION('',(#2505),#2509);
#2505 = LINE('',#2506,#2507);
#2506 = CARTESIAN_POINT('',(0.,0.));
#2507 = VECTOR('',#2508,1.);
#2508 = DIRECTION('',(0.,-1.));
#2509 = ( GEOMETRIC_REPRESENTATION_CONTEXT(2) 
PARAMETRIC_REPRESENTATION_CONTEXT() REPRESENTATION_CONTEXT('2D SPACE',''
  ) );
#2510 = ADVANCED_FACE('',(#2511),#675,.T.);
#2511 = FACE_BOUND('',#2512,.F.);
#2512 = EDGE_LOOP('',(#2513,#2534,#2535,#2556));
#2513 = ORIENTED_EDGE('',*,*,#2514,.T.);
#2514 = EDGE_CURVE('',#657,#1930,#2515,.T.);
#2515 = SURFACE_CURVE('',#2516,(#2520,#2527),.PCURVE_S1.);
#2516 = LINE('',#2517,#2518);
#2517 = CARTESIAN_POINT('',(-0.2266,-0.7422,-7.8E-03));
#2518 = VECTOR('',#2519,1.);
#2519 = DIRECTION('',(0.,-1.,0.));
#2520 = PCURVE('',#675,#2521);
#2521 = DEFINITIONAL_REPRESENTATION('',(#2522),#2526);
#2522 = LINE('',#2523,#2524);
#2523 = CARTESIAN_POINT('',(-0.,0.));
#2524 = VECTOR('',#2525,1.);
#2525 = DIRECTION('',(-0.,-1.));
#2526 = ( GEOMETRIC_REPRESENTATION_CONTEXT(2) 
PARAMETRIC_REPRESENTATION_CONTEXT() REPRESENTATION_CONTEXT('2D SPACE',''
  ) );
#2527 = PCURVE('',#872,#2528);
#2528 = DEFINITIONAL_REPRESENTATION('',(#2529),#2533);
#2529 = LINE('',#2530,#2531);
#2530 = CARTESIAN_POINT('',(0.1688,0.));
#2531 = VECTOR('',#2532,1.);
#2532 = DIRECTION('',(0.,-1.));
#2533 = ( GEOMETRIC_REPRESENTATION_CONTEXT(2) 
PARAMETRIC_REPRESENTATION_CONTEXT() REPRESENTATION_CONTEXT('2D SPACE',''
  ) );
#2534 = ORIENTED_EDGE('',*,*,#1929,.T.);
#2535 = ORIENTED_EDGE('',*,*,#2536,.F.);
#2536 = EDGE_CURVE('',#659,#1932,#2537,.T.);
#2537 = SURFACE_CURVE('',#2538,(#2542,#2549),.PCURVE_S1.);
#2538 = LINE('',#2539,#2540);
#2539 = CARTESIAN_POINT('',(-0.2235,-0.7422,-1.09E-02));
#2540 = VECTOR('',#2541,1.);
#2541 = DIRECTION('',(0.,-1.,0.));
#2542 = PCURVE('',#675,#2543);
#2543 = DEFINITIONAL_REPRESENTATION('',(#2544),#2548);
#2544 = LINE('',#2545,#2546);
#2545 = CARTESIAN_POINT('',(-1.5883177809,0.));
#2546 = VECTOR('',#2547,1.);
#2547 = DIRECTION('',(-0.,-1.));
#2548 = ( GEOMETRIC_REPRESENTATION_CONTEXT(2) 
PARAMETRIC_REPRESENTATION_CONTEXT() REPRESENTATION_CONTEXT('2D SPACE',''
  ) );
#2549 = PCURVE('',#703,#2550);
#2550 = DEFINITIONAL_REPRESENTATION('',(#2551),#2555);
#2551 = LINE('',#2552,#2553);
#2552 = CARTESIAN_POINT('',(0.,0.));
#2553 = VECTOR('',#2554,1.);
#2554 = DIRECTION('',(0.,-1.));
#2555 = ( GEOMETRIC_REPRESENTATION_CONTEXT(2) 
PARAMETRIC_REPRESENTATION_CONTEXT() REPRESENTATION_CONTEXT('2D SPACE',''
  ) );
#2556 = ORIENTED_EDGE('',*,*,#656,.F.);
#2557 = ADVANCED_FACE('',(#2558),#872,.F.);
#2558 = FACE_BOUND('',#2559,.F.);
#2559 = EDGE_LOOP('',(#2560,#2581,#2582,#2583));
#2560 = ORIENTED_EDGE('',*,*,#2561,.T.);
#2561 = EDGE_CURVE('',#830,#2073,#2562,.T.);
#2562 = SURFACE_CURVE('',#2563,(#2567,#2574),.PCURVE_S1.);
#2563 = LINE('',#2564,#2565);
#2564 = CARTESIAN_POINT('',(-0.2266,-0.7422,0.161));
#2565 = VECTOR('',#2566,1.);
#2566 = DIRECTION('',(0.,-1.,0.));
#2567 = PCURVE('',#872,#2568);
#2568 = DEFINITIONAL_REPRESENTATION('',(#2569),#2573);
#2569 = LINE('',#2570,#2571);
#2570 = CARTESIAN_POINT('',(0.,0.));
#2571 = VECTOR('',#2572,1.);
#2572 = DIRECTION('',(0.,-1.));
#2573 = ( GEOMETRIC_REPRESENTATION_CONTEXT(2) 
PARAMETRIC_REPRESENTATION_CONTEXT() REPRESENTATION_CONTEXT('2D SPACE',''
  ) );
#2574 = PCURVE('',#846,#2575);
#2575 = DEFINITIONAL_REPRESENTATION('',(#2576),#2580);
#2576 = LINE('',#2577,#2578);
#2577 = CARTESIAN_POINT('',(-1.522075002374,0.));
#2578 = VECTOR('',#2579,1.);
#2579 = DIRECTION('',(-0.,-1.));
#2580 = ( GEOMETRIC_REPRESENTATION_CONTEXT(2) 
PARAMETRIC_REPRESENTATION_CONTEXT() REPRESENTATION_CONTEXT('2D SPACE',''
  ) );
#2581 = ORIENTED_EDGE('',*,*,#2096,.T.);
#2582 = ORIENTED_EDGE('',*,*,#2514,.F.);
#2583 = ORIENTED_EDGE('',*,*,#858,.F.);
#2584 = ADVANCED_FACE('',(#2585),#703,.F.);
#2585 = FACE_BOUND('',#2586,.F.);
#2586 = EDGE_LOOP('',(#2587,#2588,#2589,#2610));
#2587 = ORIENTED_EDGE('',*,*,#2536,.T.);
#2588 = ORIENTED_EDGE('',*,*,#1955,.T.);
#2589 = ORIENTED_EDGE('',*,*,#2590,.F.);
#2590 = EDGE_CURVE('',#688,#1956,#2591,.T.);
#2591 = SURFACE_CURVE('',#2592,(#2596,#2603),.PCURVE_S1.);
#2592 = LINE('',#2593,#2594);
#2593 = CARTESIAN_POINT('',(6.72E-02,-0.7422,-1.09E-02));
#2594 = VECTOR('',#2595,1.);
#2595 = DIRECTION('',(0.,-1.,0.));
#2596 = PCURVE('',#703,#2597);
#2597 = DEFINITIONAL_REPRESENTATION('',(#2598),#2602);
#2598 = LINE('',#2599,#2600);
#2599 = CARTESIAN_POINT('',(0.2907,0.));
#2600 = VECTOR('',#2601,1.);
#2601 = DIRECTION('',(0.,-1.));
#2602 = ( GEOMETRIC_REPRESENTATION_CONTEXT(2) 
PARAMETRIC_REPRESENTATION_CONTEXT() REPRESENTATION_CONTEXT('2D SPACE',''
  ) );
#2603 = PCURVE('',#732,#2604);
#2604 = DEFINITIONAL_REPRESENTATION('',(#2605),#2609);
#2605 = LINE('',#2606,#2607);
#2606 = CARTESIAN_POINT('',(-0.,0.));
#2607 = VECTOR('',#2608,1.);
#2608 = DIRECTION('',(-0.,-1.));
#2609 = ( GEOMETRIC_REPRESENTATION_CONTEXT(2) 
PARAMETRIC_REPRESENTATION_CONTEXT() REPRESENTATION_CONTEXT('2D SPACE',''
  ) );
#2610 = ORIENTED_EDGE('',*,*,#687,.F.);
#2611 = ADVANCED_FACE('',(#2612),#846,.T.);
#2612 = FACE_BOUND('',#2613,.F.);
#2613 = EDGE_LOOP('',(#2614,#2635,#2636,#2637));
#2614 = ORIENTED_EDGE('',*,*,#2615,.T.);
#2615 = EDGE_CURVE('',#802,#2050,#2616,.T.);
#2616 = SURFACE_CURVE('',#2617,(#2621,#2628),.PCURVE_S1.);
#2617 = LINE('',#2618,#2619);
#2618 = CARTESIAN_POINT('',(-0.2235,-0.7422,0.1672));
#2619 = VECTOR('',#2620,1.);
#2620 = DIRECTION('',(0.,-1.,0.));
#2621 = PCURVE('',#846,#2622);
#2622 = DEFINITIONAL_REPRESENTATION('',(#2623),#2627);
#2623 = LINE('',#2624,#2625);
#2624 = CARTESIAN_POINT('',(-0.,0.));
#2625 = VECTOR('',#2626,1.);
#2626 = DIRECTION('',(-0.,-1.));
#2627 = ( GEOMETRIC_REPRESENTATION_CONTEXT(2) 
PARAMETRIC_REPRESENTATION_CONTEXT() REPRESENTATION_CONTEXT('2D SPACE',''
  ) );
#2628 = PCURVE('',#817,#2629);
#2629 = DEFINITIONAL_REPRESENTATION('',(#2630),#2634);
#2630 = LINE('',#2631,#2632);
#2631 = CARTESIAN_POINT('',(0.2907,0.));
#2632 = VECTOR('',#2633,1.);
#2633 = DIRECTION('',(0.,-1.));
#2634 = ( GEOMETRIC_REPRESENTATION_CONTEXT(2) 
PARAMETRIC_REPRESENTATION_CONTEXT() REPRESENTATION_CONTEXT('2D SPACE',''
  ) );
#2635 = ORIENTED_EDGE('',*,*,#2072,.T.);
#2636 = ORIENTED_EDGE('',*,*,#2561,.F.);
#2637 = ORIENTED_EDGE('',*,*,#829,.F.);
#2638 = ADVANCED_FACE('',(#2639),#732,.T.);
#2639 = FACE_BOUND('',#2640,.F.);
#2640 = EDGE_LOOP('',(#2641,#2642,#2643,#2664));
#2641 = ORIENTED_EDGE('',*,*,#2590,.T.);
#2642 = ORIENTED_EDGE('',*,*,#1978,.T.);
#2643 = ORIENTED_EDGE('',*,*,#2644,.F.);
#2644 = EDGE_CURVE('',#716,#1979,#2645,.T.);
#2645 = SURFACE_CURVE('',#2646,(#2650,#2657),.PCURVE_S1.);
#2646 = LINE('',#2647,#2648);
#2647 = CARTESIAN_POINT('',(7.03E-02,-0.7422,-7.8E-03));
#2648 = VECTOR('',#2649,1.);
#2649 = DIRECTION('',(0.,-1.,0.));
#2650 = PCURVE('',#732,#2651);
#2651 = DEFINITIONAL_REPRESENTATION('',(#2652),#2656);
#2652 = LINE('',#2653,#2654);
#2653 = CARTESIAN_POINT('',(-1.5883177809,0.));
#2654 = VECTOR('',#2655,1.);
#2655 = DIRECTION('',(-0.,-1.));
#2656 = ( GEOMETRIC_REPRESENTATION_CONTEXT(2) 
PARAMETRIC_REPRESENTATION_CONTEXT() REPRESENTATION_CONTEXT('2D SPACE',''
  ) );
#2657 = PCURVE('',#760,#2658);
#2658 = DEFINITIONAL_REPRESENTATION('',(#2659),#2663);
#2659 = LINE('',#2660,#2661);
#2660 = CARTESIAN_POINT('',(0.,0.));
#2661 = VECTOR('',#2662,1.);
#2662 = DIRECTION('',(0.,-1.));
#2663 = ( GEOMETRIC_REPRESENTATION_CONTEXT(2) 
PARAMETRIC_REPRESENTATION_CONTEXT() REPRESENTATION_CONTEXT('2D SPACE',''
  ) );
#2664 = ORIENTED_EDGE('',*,*,#715,.F.);
#2665 = ADVANCED_FACE('',(#2666),#817,.F.);
#2666 = FACE_BOUND('',#2667,.F.);
#2667 = EDGE_LOOP('',(#2668,#2689,#2690,#2691));
#2668 = ORIENTED_EDGE('',*,*,#2669,.T.);
#2669 = EDGE_CURVE('',#773,#2026,#2670,.T.);
#2670 = SURFACE_CURVE('',#2671,(#2675,#2682),.PCURVE_S1.);
#2671 = LINE('',#2672,#2673);
#2672 = CARTESIAN_POINT('',(6.72E-02,-0.7422,0.1672));
#2673 = VECTOR('',#2674,1.);
#2674 = DIRECTION('',(0.,-1.,0.));
#2675 = PCURVE('',#817,#2676);
#2676 = DEFINITIONAL_REPRESENTATION('',(#2677),#2681);
#2677 = LINE('',#2678,#2679);
#2678 = CARTESIAN_POINT('',(0.,0.));
#2679 = VECTOR('',#2680,1.);
#2680 = DIRECTION('',(0.,-1.));
#2681 = ( GEOMETRIC_REPRESENTATION_CONTEXT(2) 
PARAMETRIC_REPRESENTATION_CONTEXT() REPRESENTATION_CONTEXT('2D SPACE',''
  ) );
#2682 = PCURVE('',#789,#2683);
#2683 = DEFINITIONAL_REPRESENTATION('',(#2684),#2688);
#2684 = LINE('',#2685,#2686);
#2685 = CARTESIAN_POINT('',(-1.522075002374,0.));
#2686 = VECTOR('',#2687,1.);
#2687 = DIRECTION('',(-0.,-1.));
#2688 = ( GEOMETRIC_REPRESENTATION_CONTEXT(2) 
PARAMETRIC_REPRESENTATION_CONTEXT() REPRESENTATION_CONTEXT('2D SPACE',''
  ) );
#2689 = ORIENTED_EDGE('',*,*,#2049,.T.);
#2690 = ORIENTED_EDGE('',*,*,#2615,.F.);
#2691 = ORIENTED_EDGE('',*,*,#801,.F.);
#2692 = ADVANCED_FACE('',(#2693),#760,.F.);
#2693 = FACE_BOUND('',#2694,.F.);
#2694 = EDGE_LOOP('',(#2695,#2696,#2697,#2718));
#2695 = ORIENTED_EDGE('',*,*,#2644,.T.);
#2696 = ORIENTED_EDGE('',*,*,#2002,.T.);
#2697 = ORIENTED_EDGE('',*,*,#2698,.F.);
#2698 = EDGE_CURVE('',#745,#2003,#2699,.T.);
#2699 = SURFACE_CURVE('',#2700,(#2704,#2711),.PCURVE_S1.);
#2700 = LINE('',#2701,#2702);
#2701 = CARTESIAN_POINT('',(7.03E-02,-0.7422,0.161));
#2702 = VECTOR('',#2703,1.);
#2703 = DIRECTION('',(0.,-1.,0.));
#2704 = PCURVE('',#760,#2705);
#2705 = DEFINITIONAL_REPRESENTATION('',(#2706),#2710);
#2706 = LINE('',#2707,#2708);
#2707 = CARTESIAN_POINT('',(0.1688,0.));
#2708 = VECTOR('',#2709,1.);
#2709 = DIRECTION('',(0.,-1.));
#2710 = ( GEOMETRIC_REPRESENTATION_CONTEXT(2) 
PARAMETRIC_REPRESENTATION_CONTEXT() REPRESENTATION_CONTEXT('2D SPACE',''
  ) );
#2711 = PCURVE('',#789,#2712);
#2712 = DEFINITIONAL_REPRESENTATION('',(#2713),#2717);
#2713 = LINE('',#2714,#2715);
#2714 = CARTESIAN_POINT('',(-0.,0.));
#2715 = VECTOR('',#2716,1.);
#2716 = DIRECTION('',(-0.,-1.));
#2717 = ( GEOMETRIC_REPRESENTATION_CONTEXT(2) 
PARAMETRIC_REPRESENTATION_CONTEXT() REPRESENTATION_CONTEXT('2D SPACE',''
  ) );
#2718 = ORIENTED_EDGE('',*,*,#744,.F.);
#2719 = ADVANCED_FACE('',(#2720),#789,.T.);
#2720 = FACE_BOUND('',#2721,.F.);
#2721 = EDGE_LOOP('',(#2722,#2723,#2724,#2725));
#2722 = ORIENTED_EDGE('',*,*,#2698,.T.);
#2723 = ORIENTED_EDGE('',*,*,#2025,.T.);
#2724 = ORIENTED_EDGE('',*,*,#2669,.F.);
#2725 = ORIENTED_EDGE('',*,*,#772,.F.);
#2726 = ADVANCED_FACE('',(#2727),#903,.F.);
#2727 = FACE_BOUND('',#2728,.T.);
#2728 = EDGE_LOOP('',(#2729,#2750,#2751,#2752));
#2729 = ORIENTED_EDGE('',*,*,#2730,.T.);
#2730 = EDGE_CURVE('',#887,#2120,#2731,.T.);
#2731 = SEAM_CURVE('',#2732,(#2736,#2743),.PCURVE_S1.);
#2732 = LINE('',#2733,#2734);
#2733 = CARTESIAN_POINT('',(-0.1766,-0.7422,0.1141));
#2734 = VECTOR('',#2735,1.);
#2735 = DIRECTION('',(0.,-1.,0.));
#2736 = PCURVE('',#903,#2737);
#2737 = DEFINITIONAL_REPRESENTATION('',(#2738),#2742);
#2738 = LINE('',#2739,#2740);
#2739 = CARTESIAN_POINT('',(-0.,0.));
#2740 = VECTOR('',#2741,1.);
#2741 = DIRECTION('',(-0.,-1.));
#2742 = ( GEOMETRIC_REPRESENTATION_CONTEXT(2) 
PARAMETRIC_REPRESENTATION_CONTEXT() REPRESENTATION_CONTEXT('2D SPACE',''
  ) );
#2743 = PCURVE('',#903,#2744);
#2744 = DEFINITIONAL_REPRESENTATION('',(#2745),#2749);
#2745 = LINE('',#2746,#2747);
#2746 = CARTESIAN_POINT('',(-6.28318530718,0.));
#2747 = VECTOR('',#2748,1.);
#2748 = DIRECTION('',(-0.,-1.));
#2749 = ( GEOMETRIC_REPRESENTATION_CONTEXT(2) 
PARAMETRIC_REPRESENTATION_CONTEXT() REPRESENTATION_CONTEXT('2D SPACE',''
  ) );
#2750 = ORIENTED_EDGE('',*,*,#2119,.T.);
#2751 = ORIENTED_EDGE('',*,*,#2730,.F.);
#2752 = ORIENTED_EDGE('',*,*,#886,.F.);
#2753 = ADVANCED_FACE('',(#2754),#934,.F.);
#2754 = FACE_BOUND('',#2755,.T.);
#2755 = EDGE_LOOP('',(#2756,#2777,#2778,#2779));
#2756 = ORIENTED_EDGE('',*,*,#2757,.T.);
#2757 = EDGE_CURVE('',#918,#2146,#2758,.T.);
#2758 = SEAM_CURVE('',#2759,(#2763,#2770),.PCURVE_S1.);
#2759 = LINE('',#2760,#2761);
#2760 = CARTESIAN_POINT('',(-0.1766,-0.7422,3.91E-02));
#2761 = VECTOR('',#2762,1.);
#2762 = DIRECTION('',(0.,-1.,0.));
#2763 = PCURVE('',#934,#2764);
#2764 = DEFINITIONAL_REPRESENTATION('',(#2765),#2769);
#2765 = LINE('',#2766,#2767);
#2766 = CARTESIAN_POINT('',(-0.,0.));
#2767 = VECTOR('',#2768,1.);
#2768 = DIRECTION('',(-0.,-1.));
#2769 = ( GEOMETRIC_REPRESENTATION_CONTEXT(2) 
PARAMETRIC_REPRESENTATION_CONTEXT() REPRESENTATION_CONTEXT('2D SPACE',''
  ) );
#2770 = PCURVE('',#934,#2771);
#2771 = DEFINITIONAL_REPRESENTATION('',(#2772),#2776);
#2772 = LINE('',#2773,#2774);
#2773 = CARTESIAN_POINT('',(-6.28318530718,0.));
#2774 = VECTOR('',#2775,1.);
#2775 = DIRECTION('',(-0.,-1.));
#2776 = ( GEOMETRIC_REPRESENTATION_CONTEXT(2) 
PARAMETRIC_REPRESENTATION_CONTEXT() REPRESENTATION_CONTEXT('2D SPACE',''
  ) );
#2777 = ORIENTED_EDGE('',*,*,#2145,.T.);
#2778 = ORIENTED_EDGE('',*,*,#2757,.F.);
#2779 = ORIENTED_EDGE('',*,*,#917,.F.);
#2780 = ADVANCED_FACE('',(#2781),#967,.F.);
#2781 = FACE_BOUND('',#2782,.T.);
#2782 = EDGE_LOOP('',(#2783,#2784,#2805,#2806));
#2783 = ORIENTED_EDGE('',*,*,#948,.F.);
#2784 = ORIENTED_EDGE('',*,*,#2785,.T.);
#2785 = EDGE_CURVE('',#949,#1734,#2786,.T.);
#2786 = SURFACE_CURVE('',#2787,(#2791,#2798),.PCURVE_S1.);
#2787 = LINE('',#2788,#2789);
#2788 = CARTESIAN_POINT('',(-7.8E-03,-0.7422,1.6E-03));
#2789 = VECTOR('',#2790,1.);
#2790 = DIRECTION('',(0.,-1.,0.));
#2791 = PCURVE('',#967,#2792);
#2792 = DEFINITIONAL_REPRESENTATION('',(#2793),#2797);
#2793 = LINE('',#2794,#2795);
#2794 = CARTESIAN_POINT('',(-0.,0.));
#2795 = VECTOR('',#2796,1.);
#2796 = DIRECTION('',(-0.,-1.));
#2797 = ( GEOMETRIC_REPRESENTATION_CONTEXT(2) 
PARAMETRIC_REPRESENTATION_CONTEXT() REPRESENTATION_CONTEXT('2D SPACE',''
  ) );
#2798 = PCURVE('',#995,#2799);
#2799 = DEFINITIONAL_REPRESENTATION('',(#2800),#2804);
#2800 = LINE('',#2801,#2802);
#2801 = CARTESIAN_POINT('',(6.3E-03,0.));
#2802 = VECTOR('',#2803,1.);
#2803 = DIRECTION('',(0.,-1.));
#2804 = ( GEOMETRIC_REPRESENTATION_CONTEXT(2) 
PARAMETRIC_REPRESENTATION_CONTEXT() REPRESENTATION_CONTEXT('2D SPACE',''
  ) );
#2805 = ORIENTED_EDGE('',*,*,#1733,.T.);
#2806 = ORIENTED_EDGE('',*,*,#2335,.T.);
#2807 = ADVANCED_FACE('',(#2808),#1274,.F.);
#2808 = FACE_BOUND('',#2809,.T.);
#2809 = EDGE_LOOP('',(#2810,#2811,#2812,#2813));
#2810 = ORIENTED_EDGE('',*,*,#1257,.F.);
#2811 = ORIENTED_EDGE('',*,*,#2463,.F.);
#2812 = ORIENTED_EDGE('',*,*,#1637,.T.);
#2813 = ORIENTED_EDGE('',*,*,#2814,.F.);
#2814 = EDGE_CURVE('',#1230,#1615,#2815,.T.);
#2815 = SURFACE_CURVE('',#2816,(#2820,#2827),.PCURVE_S1.);
#2816 = LINE('',#2817,#2818);
#2817 = CARTESIAN_POINT('',(-7.8E-03,-0.7422,0.1516));
#2818 = VECTOR('',#2819,1.);
#2819 = DIRECTION('',(0.,-1.,0.));
#2820 = PCURVE('',#1274,#2821);
#2821 = DEFINITIONAL_REPRESENTATION('',(#2822),#2826);
#2822 = LINE('',#2823,#2824);
#2823 = CARTESIAN_POINT('',(-1.526315278706,0.));
#2824 = VECTOR('',#2825,1.);
#2825 = DIRECTION('',(-0.,-1.));
#2826 = ( GEOMETRIC_REPRESENTATION_CONTEXT(2) 
PARAMETRIC_REPRESENTATION_CONTEXT() REPRESENTATION_CONTEXT('2D SPACE',''
  ) );
#2827 = PCURVE('',#1245,#2828);
#2828 = DEFINITIONAL_REPRESENTATION('',(#2829),#2833);
#2829 = LINE('',#2830,#2831);
#2830 = CARTESIAN_POINT('',(0.,0.));
#2831 = VECTOR('',#2832,1.);
#2832 = DIRECTION('',(0.,-1.));
#2833 = ( GEOMETRIC_REPRESENTATION_CONTEXT(2) 
PARAMETRIC_REPRESENTATION_CONTEXT() REPRESENTATION_CONTEXT('2D SPACE',''
  ) );
#2834 = ADVANCED_FACE('',(#2835),#1245,.T.);
#2835 = FACE_BOUND('',#2836,.T.);
#2836 = EDGE_LOOP('',(#2837,#2838,#2839,#2860));
#2837 = ORIENTED_EDGE('',*,*,#2814,.T.);
#2838 = ORIENTED_EDGE('',*,*,#1614,.T.);
#2839 = ORIENTED_EDGE('',*,*,#2840,.F.);
#2840 = EDGE_CURVE('',#1201,#1591,#2841,.T.);
#2841 = SURFACE_CURVE('',#2842,(#2846,#2853),.PCURVE_S1.);
#2842 = LINE('',#2843,#2844);
#2843 = CARTESIAN_POINT('',(-0.1485,-0.7422,0.1516));
#2844 = VECTOR('',#2845,1.);
#2845 = DIRECTION('',(0.,-1.,0.));
#2846 = PCURVE('',#1245,#2847);
#2847 = DEFINITIONAL_REPRESENTATION('',(#2848),#2852);
#2848 = LINE('',#2849,#2850);
#2849 = CARTESIAN_POINT('',(0.1407,0.));
#2850 = VECTOR('',#2851,1.);
#2851 = DIRECTION('',(0.,-1.));
#2852 = ( GEOMETRIC_REPRESENTATION_CONTEXT(2) 
PARAMETRIC_REPRESENTATION_CONTEXT() REPRESENTATION_CONTEXT('2D SPACE',''
  ) );
#2853 = PCURVE('',#1217,#2854);
#2854 = DEFINITIONAL_REPRESENTATION('',(#2855),#2859);
#2855 = LINE('',#2856,#2857);
#2856 = CARTESIAN_POINT('',(-0.,0.));
#2857 = VECTOR('',#2858,1.);
#2858 = DIRECTION('',(-0.,-1.));
#2859 = ( GEOMETRIC_REPRESENTATION_CONTEXT(2) 
PARAMETRIC_REPRESENTATION_CONTEXT() REPRESENTATION_CONTEXT('2D SPACE',''
  ) );
#2860 = ORIENTED_EDGE('',*,*,#1229,.F.);
#2861 = ADVANCED_FACE('',(#2862),#1217,.F.);
#2862 = FACE_BOUND('',#2863,.T.);
#2863 = EDGE_LOOP('',(#2864,#2865,#2866,#2887));
#2864 = ORIENTED_EDGE('',*,*,#2840,.T.);
#2865 = ORIENTED_EDGE('',*,*,#1590,.T.);
#2866 = ORIENTED_EDGE('',*,*,#2867,.F.);
#2867 = EDGE_CURVE('',#1173,#1568,#2868,.T.);
#2868 = SURFACE_CURVE('',#2869,(#2873,#2880),.PCURVE_S1.);
#2869 = LINE('',#2870,#2871);
#2870 = CARTESIAN_POINT('',(-0.1516,-0.7422,0.1453));
#2871 = VECTOR('',#2872,1.);
#2872 = DIRECTION('',(0.,-1.,0.));
#2873 = PCURVE('',#1217,#2874);
#2874 = DEFINITIONAL_REPRESENTATION('',(#2875),#2879);
#2875 = LINE('',#2876,#2877);
#2876 = CARTESIAN_POINT('',(-1.526315278706,0.));
#2877 = VECTOR('',#2878,1.);
#2878 = DIRECTION('',(-0.,-1.));
#2879 = ( GEOMETRIC_REPRESENTATION_CONTEXT(2) 
PARAMETRIC_REPRESENTATION_CONTEXT() REPRESENTATION_CONTEXT('2D SPACE',''
  ) );
#2880 = PCURVE('',#1188,#2881);
#2881 = DEFINITIONAL_REPRESENTATION('',(#2882),#2886);
#2882 = LINE('',#2883,#2884);
#2883 = CARTESIAN_POINT('',(0.,0.));
#2884 = VECTOR('',#2885,1.);
#2885 = DIRECTION('',(0.,-1.));
#2886 = ( GEOMETRIC_REPRESENTATION_CONTEXT(2) 
PARAMETRIC_REPRESENTATION_CONTEXT() REPRESENTATION_CONTEXT('2D SPACE',''
  ) );
#2887 = ORIENTED_EDGE('',*,*,#1200,.F.);
#2888 = ADVANCED_FACE('',(#2889),#1188,.T.);
#2889 = FACE_BOUND('',#2890,.T.);
#2890 = EDGE_LOOP('',(#2891,#2892,#2893,#2914));
#2891 = ORIENTED_EDGE('',*,*,#2867,.T.);
#2892 = ORIENTED_EDGE('',*,*,#1567,.T.);
#2893 = ORIENTED_EDGE('',*,*,#2894,.F.);
#2894 = EDGE_CURVE('',#1145,#1545,#2895,.T.);
#2895 = SURFACE_CURVE('',#2896,(#2900,#2907),.PCURVE_S1.);
#2896 = LINE('',#2897,#2898);
#2897 = CARTESIAN_POINT('',(-0.1516,-0.7422,0.1422));
#2898 = VECTOR('',#2899,1.);
#2899 = DIRECTION('',(0.,-1.,0.));
#2900 = PCURVE('',#1188,#2901);
#2901 = DEFINITIONAL_REPRESENTATION('',(#2902),#2906);
#2902 = LINE('',#2903,#2904);
#2903 = CARTESIAN_POINT('',(3.1E-03,0.));
#2904 = VECTOR('',#2905,1.);
#2905 = DIRECTION('',(0.,-1.));
#2906 = ( GEOMETRIC_REPRESENTATION_CONTEXT(2) 
PARAMETRIC_REPRESENTATION_CONTEXT() REPRESENTATION_CONTEXT('2D SPACE',''
  ) );
#2907 = PCURVE('',#1160,#2908);
#2908 = DEFINITIONAL_REPRESENTATION('',(#2909),#2913);
#2909 = LINE('',#2910,#2911);
#2910 = CARTESIAN_POINT('',(0.,0.));
#2911 = VECTOR('',#2912,1.);
#2912 = DIRECTION('',(-0.,-1.));
#2913 = ( GEOMETRIC_REPRESENTATION_CONTEXT(2) 
PARAMETRIC_REPRESENTATION_CONTEXT() REPRESENTATION_CONTEXT('2D SPACE',''
  ) );
#2914 = ORIENTED_EDGE('',*,*,#1172,.F.);
#2915 = ADVANCED_FACE('',(#2916),#1160,.T.);
#2916 = FACE_BOUND('',#2917,.T.);
#2917 = EDGE_LOOP('',(#2918,#2919,#2920,#2941));
#2918 = ORIENTED_EDGE('',*,*,#2894,.T.);
#2919 = ORIENTED_EDGE('',*,*,#1544,.T.);
#2920 = ORIENTED_EDGE('',*,*,#2921,.F.);
#2921 = EDGE_CURVE('',#1116,#1521,#2922,.T.);
#2922 = SURFACE_CURVE('',#2923,(#2927,#2934),.PCURVE_S1.);
#2923 = LINE('',#2924,#2925);
#2924 = CARTESIAN_POINT('',(-0.2266,-0.7422,-7.8E-03));
#2925 = VECTOR('',#2926,1.);
#2926 = DIRECTION('',(0.,-1.,0.));
#2927 = PCURVE('',#1160,#2928);
#2928 = DEFINITIONAL_REPRESENTATION('',(#2929),#2933);
#2929 = LINE('',#2930,#2931);
#2930 = CARTESIAN_POINT('',(0.167705098312,0.));
#2931 = VECTOR('',#2932,1.);
#2932 = DIRECTION('',(-0.,-1.));
#2933 = ( GEOMETRIC_REPRESENTATION_CONTEXT(2) 
PARAMETRIC_REPRESENTATION_CONTEXT() REPRESENTATION_CONTEXT('2D SPACE',''
  ) );
#2934 = PCURVE('',#1132,#2935);
#2935 = DEFINITIONAL_REPRESENTATION('',(#2936),#2940);
#2936 = LINE('',#2937,#2938);
#2937 = CARTESIAN_POINT('',(-0.,0.));
#2938 = VECTOR('',#2939,1.);
#2939 = DIRECTION('',(-0.,-1.));
#2940 = ( GEOMETRIC_REPRESENTATION_CONTEXT(2) 
PARAMETRIC_REPRESENTATION_CONTEXT() REPRESENTATION_CONTEXT('2D SPACE',''
  ) );
#2941 = ORIENTED_EDGE('',*,*,#1144,.F.);
#2942 = ADVANCED_FACE('',(#2943),#1132,.F.);
#2943 = FACE_BOUND('',#2944,.T.);
#2944 = EDGE_LOOP('',(#2945,#2946,#2947,#2948));
#2945 = ORIENTED_EDGE('',*,*,#2921,.T.);
#2946 = ORIENTED_EDGE('',*,*,#1520,.T.);
#2947 = ORIENTED_EDGE('',*,*,#1469,.F.);
#2948 = ORIENTED_EDGE('',*,*,#1115,.F.);
#2949 = ADVANCED_FACE('',(#2950),#1052,.T.);
#2950 = FACE_BOUND('',#2951,.T.);
#2951 = EDGE_LOOP('',(#2952,#2953,#2954,#2975));
#2952 = ORIENTED_EDGE('',*,*,#2490,.T.);
#2953 = ORIENTED_EDGE('',*,*,#1804,.T.);
#2954 = ORIENTED_EDGE('',*,*,#2955,.F.);
#2955 = EDGE_CURVE('',#1008,#1781,#2956,.T.);
#2956 = SURFACE_CURVE('',#2957,(#2961,#2968),.PCURVE_S1.);
#2957 = LINE('',#2958,#2959);
#2958 = CARTESIAN_POINT('',(-2.03E-02,-0.7422,7.8E-03));
#2959 = VECTOR('',#2960,1.);
#2960 = DIRECTION('',(0.,-1.,0.));
#2961 = PCURVE('',#1052,#2962);
#2962 = DEFINITIONAL_REPRESENTATION('',(#2963),#2967);
#2963 = LINE('',#2964,#2965);
#2964 = CARTESIAN_POINT('',(0.125,0.));
#2965 = VECTOR('',#2966,1.);
#2966 = DIRECTION('',(0.,-1.));
#2967 = ( GEOMETRIC_REPRESENTATION_CONTEXT(2) 
PARAMETRIC_REPRESENTATION_CONTEXT() REPRESENTATION_CONTEXT('2D SPACE',''
  ) );
#2968 = PCURVE('',#1024,#2969);
#2969 = DEFINITIONAL_REPRESENTATION('',(#2970),#2974);
#2970 = LINE('',#2971,#2972);
#2971 = CARTESIAN_POINT('',(-0.,0.));
#2972 = VECTOR('',#2973,1.);
#2973 = DIRECTION('',(-0.,-1.));
#2974 = ( GEOMETRIC_REPRESENTATION_CONTEXT(2) 
PARAMETRIC_REPRESENTATION_CONTEXT() REPRESENTATION_CONTEXT('2D SPACE',''
  ) );
#2975 = ORIENTED_EDGE('',*,*,#1036,.F.);
#2976 = ADVANCED_FACE('',(#2977),#1024,.F.);
#2977 = FACE_BOUND('',#2978,.T.);
#2978 = EDGE_LOOP('',(#2979,#2980,#2981,#3002));
#2979 = ORIENTED_EDGE('',*,*,#2955,.T.);
#2980 = ORIENTED_EDGE('',*,*,#1780,.T.);
#2981 = ORIENTED_EDGE('',*,*,#2982,.F.);
#2982 = EDGE_CURVE('',#980,#1758,#2983,.T.);
#2983 = SURFACE_CURVE('',#2984,(#2988,#2995),.PCURVE_S1.);
#2984 = LINE('',#2985,#2986);
#2985 = CARTESIAN_POINT('',(-1.41E-02,-0.7422,1.6E-03));
#2986 = VECTOR('',#2987,1.);
#2987 = DIRECTION('',(0.,-1.,0.));
#2988 = PCURVE('',#1024,#2989);
#2989 = DEFINITIONAL_REPRESENTATION('',(#2990),#2994);
#2990 = LINE('',#2991,#2992);
#2991 = CARTESIAN_POINT('',(-1.5883177809,0.));
#2992 = VECTOR('',#2993,1.);
#2993 = DIRECTION('',(-0.,-1.));
#2994 = ( GEOMETRIC_REPRESENTATION_CONTEXT(2) 
PARAMETRIC_REPRESENTATION_CONTEXT() REPRESENTATION_CONTEXT('2D SPACE',''
  ) );
#2995 = PCURVE('',#995,#2996);
#2996 = DEFINITIONAL_REPRESENTATION('',(#2997),#3001);
#2997 = LINE('',#2998,#2999);
#2998 = CARTESIAN_POINT('',(0.,0.));
#2999 = VECTOR('',#3000,1.);
#3000 = DIRECTION('',(0.,-1.));
#3001 = ( GEOMETRIC_REPRESENTATION_CONTEXT(2) 
PARAMETRIC_REPRESENTATION_CONTEXT() REPRESENTATION_CONTEXT('2D SPACE',''
  ) );
#3002 = ORIENTED_EDGE('',*,*,#1007,.F.);
#3003 = ADVANCED_FACE('',(#3004),#995,.T.);
#3004 = FACE_BOUND('',#3005,.T.);
#3005 = EDGE_LOOP('',(#3006,#3007,#3008,#3009));
#3006 = ORIENTED_EDGE('',*,*,#2982,.T.);
#3007 = ORIENTED_EDGE('',*,*,#1757,.T.);
#3008 = ORIENTED_EDGE('',*,*,#2785,.F.);
#3009 = ORIENTED_EDGE('',*,*,#979,.F.);
#3010 = ADVANCED_FACE('',(#3011),#1422,.F.);
#3011 = FACE_BOUND('',#3012,.T.);
#3012 = EDGE_LOOP('',(#3013,#3034,#3035,#3036));
#3013 = ORIENTED_EDGE('',*,*,#3014,.T.);
#3014 = EDGE_CURVE('',#1406,#2172,#3015,.T.);
#3015 = SEAM_CURVE('',#3016,(#3020,#3027),.PCURVE_S1.);
#3016 = LINE('',#3017,#3018);
#3017 = CARTESIAN_POINT('',(4.53E-02,-0.7422,0.1141));
#3018 = VECTOR('',#3019,1.);
#3019 = DIRECTION('',(0.,-1.,0.));
#3020 = PCURVE('',#1422,#3021);
#3021 = DEFINITIONAL_REPRESENTATION('',(#3022),#3026);
#3022 = LINE('',#3023,#3024);
#3023 = CARTESIAN_POINT('',(-0.,0.));
#3024 = VECTOR('',#3025,1.);
#3025 = DIRECTION('',(-0.,-1.));
#3026 = ( GEOMETRIC_REPRESENTATION_CONTEXT(2) 
PARAMETRIC_REPRESENTATION_CONTEXT() REPRESENTATION_CONTEXT('2D SPACE',''
  ) );
#3027 = PCURVE('',#1422,#3028);
#3028 = DEFINITIONAL_REPRESENTATION('',(#3029),#3033);
#3029 = LINE('',#3030,#3031);
#3030 = CARTESIAN_POINT('',(-6.28318530718,0.));
#3031 = VECTOR('',#3032,1.);
#3032 = DIRECTION('',(-0.,-1.));
#3033 = ( GEOMETRIC_REPRESENTATION_CONTEXT(2) 
PARAMETRIC_REPRESENTATION_CONTEXT() REPRESENTATION_CONTEXT('2D SPACE',''
  ) );
#3034 = ORIENTED_EDGE('',*,*,#2171,.T.);
#3035 = ORIENTED_EDGE('',*,*,#3014,.F.);
#3036 = ORIENTED_EDGE('',*,*,#1405,.F.);
#3037 = ADVANCED_FACE('',(#3038),#1453,.F.);
#3038 = FACE_BOUND('',#3039,.T.);
#3039 = EDGE_LOOP('',(#3040,#3061,#3062,#3063));
#3040 = ORIENTED_EDGE('',*,*,#3041,.T.);
#3041 = EDGE_CURVE('',#1437,#2198,#3042,.T.);
#3042 = SEAM_CURVE('',#3043,(#3047,#3054),.PCURVE_S1.);
#3043 = LINE('',#3044,#3045);
#3044 = CARTESIAN_POINT('',(4.53E-02,-0.7422,3.91E-02));
#3045 = VECTOR('',#3046,1.);
#3046 = DIRECTION('',(0.,-1.,0.));
#3047 = PCURVE('',#1453,#3048);
#3048 = DEFINITIONAL_REPRESENTATION('',(#3049),#3053);
#3049 = LINE('',#3050,#3051);
#3050 = CARTESIAN_POINT('',(-0.,0.));
#3051 = VECTOR('',#3052,1.);
#3052 = DIRECTION('',(-0.,-1.));
#3053 = ( GEOMETRIC_REPRESENTATION_CONTEXT(2) 
PARAMETRIC_REPRESENTATION_CONTEXT() REPRESENTATION_CONTEXT('2D SPACE',''
  ) );
#3054 = PCURVE('',#1453,#3055);
#3055 = DEFINITIONAL_REPRESENTATION('',(#3056),#3060);
#3056 = LINE('',#3057,#3058);
#3057 = CARTESIAN_POINT('',(-6.28318530718,0.));
#3058 = VECTOR('',#3059,1.);
#3059 = DIRECTION('',(-0.,-1.));
#3060 = ( GEOMETRIC_REPRESENTATION_CONTEXT(2) 
PARAMETRIC_REPRESENTATION_CONTEXT() REPRESENTATION_CONTEXT('2D SPACE',''
  ) );
#3061 = ORIENTED_EDGE('',*,*,#2197,.T.);
#3062 = ORIENTED_EDGE('',*,*,#3041,.F.);
#3063 = ORIENTED_EDGE('',*,*,#1436,.F.);
#3064 = ( GEOMETRIC_REPRESENTATION_CONTEXT(3) 
GLOBAL_UNCERTAINTY_ASSIGNED_CONTEXT((#3068)) 
GLOBAL_UNIT_ASSIGNED_CONTEXT((#3065,#3066,#3067)) REPRESENTATION_CONTEXT
('Context #1','3D Context with UNIT and UNCERTAINTY') );
#3065 = ( LENGTH_UNIT() NAMED_UNIT(*) SI_UNIT(.MILLI.,.METRE.) );
#3066 = ( NAMED_UNIT(*) PLANE_ANGLE_UNIT() SI_UNIT($,.RADIAN.) );
#3067 = ( NAMED_UNIT(*) SI_UNIT($,.STERADIAN.) SOLID_ANGLE_UNIT() );
#3068 = UNCERTAINTY_MEASURE_WITH_UNIT(LENGTH_MEASURE(1.E-07),#3065,
  'distance_accuracy_value','confusion accuracy');
#3069 = PRODUCT_RELATED_PRODUCT_CATEGORY('part',$,(#7));
ENDSEC;
END-ISO-10303-21;
