ISO-10303-21;
HEADER;
FILE_DESCRIPTION(('Open CASCADE Model'),'2;1');
FILE_NAME('Open CASCADE Shape Model','2025-07-21T08:56:47',('Author'),(
    'Open CASCADE'),'Open CASCADE STEP processor 7.7','Open CASCADE 7.7'
  ,'Unknown');
FILE_SCHEMA(('AUTOMOTIVE_DESIGN { 1 0 10303 214 1 1 1 1 }'));
ENDSEC;
DATA;
#1 = APPLICATION_PROTOCOL_DEFINITION('international standard',
  'automotive_design',2000,#2);
#2 = APPLICATION_CONTEXT(
  'core data for automotive mechanical design processes');
#3 = SHAPE_DEFINITION_REPRESENTATION(#4,#10);
#4 = PRODUCT_DEFINITION_SHAPE('','',#5);
#5 = PRODUCT_DEFINITION('design','',#6,#9);
#6 = PRODUCT_DEFINITION_FORMATION('','',#7);
#7 = PRODUCT('Open CASCADE STEP translator 7.7 1',
  'Open CASCADE STEP translator 7.7 1','',(#8));
#8 = PRODUCT_CONTEXT('',#2,'mechanical');
#9 = PRODUCT_DEFINITION_CONTEXT('part definition',#2,'design');
#10 = SHAPE_REPRESENTATION('',(#11,#15,#19),#23);
#11 = AXIS2_PLACEMENT_3D('',#12,#13,#14);
#12 = CARTESIAN_POINT('',(0.,0.,0.));
#13 = DIRECTION('',(0.,0.,1.));
#14 = DIRECTION('',(1.,0.,-0.));
#15 = AXIS2_PLACEMENT_3D('',#16,#17,#18);
#16 = CARTESIAN_POINT('',(0.,0.,0.));
#17 = DIRECTION('',(0.,0.,1.));
#18 = DIRECTION('',(1.,0.,-0.));
#19 = AXIS2_PLACEMENT_3D('',#20,#21,#22);
#20 = CARTESIAN_POINT('',(0.,0.,0.));
#21 = DIRECTION('',(0.,0.,1.));
#22 = DIRECTION('',(1.,0.,-0.));
#23 = ( GEOMETRIC_REPRESENTATION_CONTEXT(3) 
GLOBAL_UNCERTAINTY_ASSIGNED_CONTEXT((#27)) GLOBAL_UNIT_ASSIGNED_CONTEXT(
(#24,#25,#26)) REPRESENTATION_CONTEXT('Context #1',
  '3D Context with UNIT and UNCERTAINTY') );
#24 = ( LENGTH_UNIT() NAMED_UNIT(*) SI_UNIT(.MILLI.,.METRE.) );
#25 = ( NAMED_UNIT(*) PLANE_ANGLE_UNIT() SI_UNIT($,.RADIAN.) );
#26 = ( NAMED_UNIT(*) SI_UNIT($,.STERADIAN.) SOLID_ANGLE_UNIT() );
#27 = UNCERTAINTY_MEASURE_WITH_UNIT(LENGTH_MEASURE(2.E-07),#24,
  'distance_accuracy_value','confusion accuracy');
#28 = PRODUCT_RELATED_PRODUCT_CATEGORY('part',$,(#7));
#29 = SHAPE_DEFINITION_REPRESENTATION(#30,#36);
#30 = PRODUCT_DEFINITION_SHAPE('','',#31);
#31 = PRODUCT_DEFINITION('design','',#32,#35);
#32 = PRODUCT_DEFINITION_FORMATION('','',#33);
#33 = PRODUCT('Open CASCADE STEP translator 7.7 1.1',
  'Open CASCADE STEP translator 7.7 1.1','',(#34));
#34 = PRODUCT_CONTEXT('',#2,'mechanical');
#35 = PRODUCT_DEFINITION_CONTEXT('part definition',#2,'design');
#36 = ADVANCED_BREP_SHAPE_REPRESENTATION('',(#11,#37),#1803);
#37 = MANIFOLD_SOLID_BREP('',#38);
#38 = CLOSED_SHELL('',(#39,#242,#412,#645,#803,#831,#836,#979,#1037,
    #1134,#1184,#1431,#1506,#1555,#1656,#1686,#1715,#1748,#1755,#1783,
    #1791,#1796));
#39 = ADVANCED_FACE('',(#40),#55,.T.);
#40 = FACE_BOUND('',#41,.F.);
#41 = EDGE_LOOP('',(#42,#78,#106,#133,#162,#183,#216));
#42 = ORIENTED_EDGE('',*,*,#43,.F.);
#43 = EDGE_CURVE('',#44,#46,#48,.T.);
#44 = VERTEX_POINT('',#45);
#45 = CARTESIAN_POINT('',(3.469446951954E-18,-0.4688,0.));
#46 = VERTEX_POINT('',#47);
#47 = CARTESIAN_POINT('',(4.66E-02,-0.4688,0.));
#48 = SURFACE_CURVE('',#49,(#54,#66),.PCURVE_S1.);
#49 = CIRCLE('',#50,2.33E-02);
#50 = AXIS2_PLACEMENT_3D('',#51,#52,#53);
#51 = CARTESIAN_POINT('',(2.33E-02,-0.4688,0.));
#52 = DIRECTION('',(0.,0.,1.));
#53 = DIRECTION('',(-1.,0.,-0.));
#54 = PCURVE('',#55,#60);
#55 = CYLINDRICAL_SURFACE('',#56,2.33E-02);
#56 = AXIS2_PLACEMENT_3D('',#57,#58,#59);
#57 = CARTESIAN_POINT('',(2.33E-02,-0.4688,0.));
#58 = DIRECTION('',(-0.,-0.,-1.));
#59 = DIRECTION('',(-1.,0.,-0.));
#60 = DEFINITIONAL_REPRESENTATION('',(#61),#65);
#61 = LINE('',#62,#63);
#62 = CARTESIAN_POINT('',(-0.,0.));
#63 = VECTOR('',#64,1.);
#64 = DIRECTION('',(-1.,0.));
#65 = ( GEOMETRIC_REPRESENTATION_CONTEXT(2) 
PARAMETRIC_REPRESENTATION_CONTEXT() REPRESENTATION_CONTEXT('2D SPACE',''
  ) );
#66 = PCURVE('',#67,#72);
#67 = PLANE('',#68);
#68 = AXIS2_PLACEMENT_3D('',#69,#70,#71);
#69 = CARTESIAN_POINT('',(2.33E-02,-0.23565,0.));
#70 = DIRECTION('',(0.,0.,1.));
#71 = DIRECTION('',(1.,0.,-0.));
#72 = DEFINITIONAL_REPRESENTATION('',(#73),#77);
#73 = CIRCLE('',#74,2.33E-02);
#74 = AXIS2_PLACEMENT_2D('',#75,#76);
#75 = CARTESIAN_POINT('',(0.,-0.23315));
#76 = DIRECTION('',(-1.,0.));
#77 = ( GEOMETRIC_REPRESENTATION_CONTEXT(2) 
PARAMETRIC_REPRESENTATION_CONTEXT() REPRESENTATION_CONTEXT('2D SPACE',''
  ) );
#78 = ORIENTED_EDGE('',*,*,#79,.T.);
#79 = EDGE_CURVE('',#44,#80,#82,.T.);
#80 = VERTEX_POINT('',#81);
#81 = CARTESIAN_POINT('',(0.,-0.4688,7.8E-03));
#82 = SURFACE_CURVE('',#83,(#87,#94),.PCURVE_S1.);
#83 = LINE('',#84,#85);
#84 = CARTESIAN_POINT('',(3.469446951954E-18,-0.4688,0.));
#85 = VECTOR('',#86,1.);
#86 = DIRECTION('',(0.,0.,1.));
#87 = PCURVE('',#55,#88);
#88 = DEFINITIONAL_REPRESENTATION('',(#89),#93);
#89 = LINE('',#90,#91);
#90 = CARTESIAN_POINT('',(-0.,0.));
#91 = VECTOR('',#92,1.);
#92 = DIRECTION('',(-0.,-1.));
#93 = ( GEOMETRIC_REPRESENTATION_CONTEXT(2) 
PARAMETRIC_REPRESENTATION_CONTEXT() REPRESENTATION_CONTEXT('2D SPACE',''
  ) );
#94 = PCURVE('',#95,#100);
#95 = PLANE('',#96);
#96 = AXIS2_PLACEMENT_3D('',#97,#98,#99);
#97 = CARTESIAN_POINT('',(0.,-2.5E-03,0.));
#98 = DIRECTION('',(1.,0.,-0.));
#99 = DIRECTION('',(0.,-1.,0.));
#100 = DEFINITIONAL_REPRESENTATION('',(#101),#105);
#101 = LINE('',#102,#103);
#102 = CARTESIAN_POINT('',(0.4663,0.));
#103 = VECTOR('',#104,1.);
#104 = DIRECTION('',(0.,-1.));
#105 = ( GEOMETRIC_REPRESENTATION_CONTEXT(2) 
PARAMETRIC_REPRESENTATION_CONTEXT() REPRESENTATION_CONTEXT('2D SPACE',''
  ) );
#106 = ORIENTED_EDGE('',*,*,#107,.T.);
#107 = EDGE_CURVE('',#80,#108,#110,.T.);
#108 = VERTEX_POINT('',#109);
#109 = CARTESIAN_POINT('',(2.312964634636E-18,-0.4688,2.34E-02));
#110 = SURFACE_CURVE('',#111,(#115,#122),.PCURVE_S1.);
#111 = LINE('',#112,#113);
#112 = CARTESIAN_POINT('',(3.469446951954E-18,-0.4688,0.));
#113 = VECTOR('',#114,1.);
#114 = DIRECTION('',(0.,0.,1.));
#115 = PCURVE('',#55,#116);
#116 = DEFINITIONAL_REPRESENTATION('',(#117),#121);
#117 = LINE('',#118,#119);
#118 = CARTESIAN_POINT('',(-0.,0.));
#119 = VECTOR('',#120,1.);
#120 = DIRECTION('',(-0.,-1.));
#121 = ( GEOMETRIC_REPRESENTATION_CONTEXT(2) 
PARAMETRIC_REPRESENTATION_CONTEXT() REPRESENTATION_CONTEXT('2D SPACE',''
  ) );
#122 = PCURVE('',#123,#128);
#123 = CYLINDRICAL_SURFACE('',#124,2.345005330484E-02);
#124 = AXIS2_PLACEMENT_3D('',#125,#126,#127);
#125 = CARTESIAN_POINT('',(2.345E-02,-0.46875,2.34E-02));
#126 = DIRECTION('',(0.,0.,1.));
#127 = DIRECTION('',(-0.999997726878,-2.132191315304E-03,0.));
#128 = DEFINITIONAL_REPRESENTATION('',(#129),#132);
#129 = B_SPLINE_CURVE_WITH_KNOTS('',1,(#130,#131),.UNSPECIFIED.,.F.,.F.,
  (2,2),(7.8E-03,2.34E-02),.PIECEWISE_BEZIER_KNOTS.);
#130 = CARTESIAN_POINT('',(0.,-1.56E-02));
#131 = CARTESIAN_POINT('',(0.,0.));
#132 = ( GEOMETRIC_REPRESENTATION_CONTEXT(2) 
PARAMETRIC_REPRESENTATION_CONTEXT() REPRESENTATION_CONTEXT('2D SPACE',''
  ) );
#133 = ORIENTED_EDGE('',*,*,#134,.T.);
#134 = EDGE_CURVE('',#108,#135,#137,.T.);
#135 = VERTEX_POINT('',#136);
#136 = CARTESIAN_POINT('',(4.659999999964E-03,-0.48278,2.34E-02));
#137 = SURFACE_CURVE('',#138,(#143,#150),.PCURVE_S1.);
#138 = CIRCLE('',#139,2.33E-02);
#139 = AXIS2_PLACEMENT_3D('',#140,#141,#142);
#140 = CARTESIAN_POINT('',(2.33E-02,-0.4688,2.34E-02));
#141 = DIRECTION('',(0.,0.,1.));
#142 = DIRECTION('',(-1.,0.,-0.));
#143 = PCURVE('',#55,#144);
#144 = DEFINITIONAL_REPRESENTATION('',(#145),#149);
#145 = LINE('',#146,#147);
#146 = CARTESIAN_POINT('',(-0.,-2.34E-02));
#147 = VECTOR('',#148,1.);
#148 = DIRECTION('',(-1.,0.));
#149 = ( GEOMETRIC_REPRESENTATION_CONTEXT(2) 
PARAMETRIC_REPRESENTATION_CONTEXT() REPRESENTATION_CONTEXT('2D SPACE',''
  ) );
#150 = PCURVE('',#151,#156);
#151 = PLANE('',#152);
#152 = AXIS2_PLACEMENT_3D('',#153,#154,#155);
#153 = CARTESIAN_POINT('',(2.33E-02,-0.23565,2.34E-02));
#154 = DIRECTION('',(0.,0.,1.));
#155 = DIRECTION('',(1.,0.,-0.));
#156 = DEFINITIONAL_REPRESENTATION('',(#157),#161);
#157 = CIRCLE('',#158,2.33E-02);
#158 = AXIS2_PLACEMENT_2D('',#159,#160);
#159 = CARTESIAN_POINT('',(0.,-0.23315));
#160 = DIRECTION('',(-1.,0.));
#161 = ( GEOMETRIC_REPRESENTATION_CONTEXT(2) 
PARAMETRIC_REPRESENTATION_CONTEXT() REPRESENTATION_CONTEXT('2D SPACE',''
  ) );
#162 = ORIENTED_EDGE('',*,*,#163,.T.);
#163 = EDGE_CURVE('',#135,#164,#166,.T.);
#164 = VERTEX_POINT('',#165);
#165 = CARTESIAN_POINT('',(4.660000000014E-03,-0.48278,7.8E-03));
#166 = SURFACE_CURVE('',#167,(#171,#177),.PCURVE_S1.);
#167 = LINE('',#168,#169);
#168 = CARTESIAN_POINT('',(4.660000000001E-03,-0.48278,0.));
#169 = VECTOR('',#170,1.);
#170 = DIRECTION('',(-0.,-0.,-1.));
#171 = PCURVE('',#55,#172);
#172 = DEFINITIONAL_REPRESENTATION('',(#173),#176);
#173 = B_SPLINE_CURVE_WITH_KNOTS('',1,(#174,#175),.UNSPECIFIED.,.F.,.F.,
  (2,2),(-2.34006E-02,-7.7994E-03),.PIECEWISE_BEZIER_KNOTS.);
#174 = CARTESIAN_POINT('',(-0.643501108793,-2.34006E-02));
#175 = CARTESIAN_POINT('',(-0.643501108793,-7.7994E-03));
#176 = ( GEOMETRIC_REPRESENTATION_CONTEXT(2) 
PARAMETRIC_REPRESENTATION_CONTEXT() REPRESENTATION_CONTEXT('2D SPACE',''
  ) );
#177 = PCURVE('',#123,#178);
#178 = DEFINITIONAL_REPRESENTATION('',(#179),#182);
#179 = B_SPLINE_CURVE_WITH_KNOTS('',1,(#180,#181),.UNSPECIFIED.,.F.,.F.,
  (2,2),(-2.34006E-02,-7.7994E-03),.PIECEWISE_BEZIER_KNOTS.);
#180 = CARTESIAN_POINT('',(0.639236722932,5.999999999999E-07));
#181 = CARTESIAN_POINT('',(0.639236722932,-1.56006E-02));
#182 = ( GEOMETRIC_REPRESENTATION_CONTEXT(2) 
PARAMETRIC_REPRESENTATION_CONTEXT() REPRESENTATION_CONTEXT('2D SPACE',''
  ) );
#183 = ORIENTED_EDGE('',*,*,#184,.F.);
#184 = EDGE_CURVE('',#185,#164,#187,.T.);
#185 = VERTEX_POINT('',#186);
#186 = CARTESIAN_POINT('',(4.66E-02,-0.4688,7.8E-03));
#187 = SURFACE_CURVE('',#188,(#193,#200),.PCURVE_S1.);
#188 = CIRCLE('',#189,2.33E-02);
#189 = AXIS2_PLACEMENT_3D('',#190,#191,#192);
#190 = CARTESIAN_POINT('',(2.33E-02,-0.4688,7.8E-03));
#191 = DIRECTION('',(-0.,0.,-1.));
#192 = DIRECTION('',(-1.,0.,0.));
#193 = PCURVE('',#55,#194);
#194 = DEFINITIONAL_REPRESENTATION('',(#195),#199);
#195 = LINE('',#196,#197);
#196 = CARTESIAN_POINT('',(-6.28318530718,-7.8E-03));
#197 = VECTOR('',#198,1.);
#198 = DIRECTION('',(1.,-0.));
#199 = ( GEOMETRIC_REPRESENTATION_CONTEXT(2) 
PARAMETRIC_REPRESENTATION_CONTEXT() REPRESENTATION_CONTEXT('2D SPACE',''
  ) );
#200 = PCURVE('',#201,#206);
#201 = PLANE('',#202);
#202 = AXIS2_PLACEMENT_3D('',#203,#204,#205);
#203 = CARTESIAN_POINT('',(2.345E-02,-0.464401204546,7.8E-03));
#204 = DIRECTION('',(0.,0.,1.));
#205 = DIRECTION('',(1.,0.,-0.));
#206 = DEFINITIONAL_REPRESENTATION('',(#207),#215);
#207 = ( BOUNDED_CURVE() B_SPLINE_CURVE(2,(#208,#209,#210,#211,#212,#213
,#214),.UNSPECIFIED.,.T.,.F.) B_SPLINE_CURVE_WITH_KNOTS((1,2,2,2,2,1),(
    -2.094395102393,0.,2.094395102393,4.188790204786,6.28318530718,
8.377580409573),.UNSPECIFIED.) CURVE() GEOMETRIC_REPRESENTATION_ITEM() 
RATIONAL_B_SPLINE_CURVE((1.,0.5,1.,0.5,1.,0.5,1.)) REPRESENTATION_ITEM(
  '') );
#208 = CARTESIAN_POINT('',(-2.345E-02,-4.398795454104E-03));
#209 = CARTESIAN_POINT('',(-2.345E-02,3.595798836225E-02));
#210 = CARTESIAN_POINT('',(1.15E-02,1.577959645407E-02));
#211 = CARTESIAN_POINT('',(4.645E-02,-4.398795454104E-03));
#212 = CARTESIAN_POINT('',(1.15E-02,-2.457718736228E-02));
#213 = CARTESIAN_POINT('',(-2.345E-02,-4.475557927046E-02));
#214 = CARTESIAN_POINT('',(-2.345E-02,-4.398795454104E-03));
#215 = ( GEOMETRIC_REPRESENTATION_CONTEXT(2) 
PARAMETRIC_REPRESENTATION_CONTEXT() REPRESENTATION_CONTEXT('2D SPACE',''
  ) );
#216 = ORIENTED_EDGE('',*,*,#217,.F.);
#217 = EDGE_CURVE('',#46,#185,#218,.T.);
#218 = SURFACE_CURVE('',#219,(#223,#230),.PCURVE_S1.);
#219 = LINE('',#220,#221);
#220 = CARTESIAN_POINT('',(4.66E-02,-0.4688,0.));
#221 = VECTOR('',#222,1.);
#222 = DIRECTION('',(0.,0.,1.));
#223 = PCURVE('',#55,#224);
#224 = DEFINITIONAL_REPRESENTATION('',(#225),#229);
#225 = LINE('',#226,#227);
#226 = CARTESIAN_POINT('',(-3.14159265359,0.));
#227 = VECTOR('',#228,1.);
#228 = DIRECTION('',(-0.,-1.));
#229 = ( GEOMETRIC_REPRESENTATION_CONTEXT(2) 
PARAMETRIC_REPRESENTATION_CONTEXT() REPRESENTATION_CONTEXT('2D SPACE',''
  ) );
#230 = PCURVE('',#231,#236);
#231 = PLANE('',#232);
#232 = AXIS2_PLACEMENT_3D('',#233,#234,#235);
#233 = CARTESIAN_POINT('',(4.66E-02,-0.4688,0.));
#234 = DIRECTION('',(-1.,0.,0.));
#235 = DIRECTION('',(0.,1.,0.));
#236 = DEFINITIONAL_REPRESENTATION('',(#237),#241);
#237 = LINE('',#238,#239);
#238 = CARTESIAN_POINT('',(0.,0.));
#239 = VECTOR('',#240,1.);
#240 = DIRECTION('',(0.,-1.));
#241 = ( GEOMETRIC_REPRESENTATION_CONTEXT(2) 
PARAMETRIC_REPRESENTATION_CONTEXT() REPRESENTATION_CONTEXT('2D SPACE',''
  ) );
#242 = ADVANCED_FACE('',(#243,#319,#350,#381),#67,.F.);
#243 = FACE_BOUND('',#244,.F.);
#244 = EDGE_LOOP('',(#245,#246,#269,#298));
#245 = ORIENTED_EDGE('',*,*,#43,.T.);
#246 = ORIENTED_EDGE('',*,*,#247,.T.);
#247 = EDGE_CURVE('',#46,#248,#250,.T.);
#248 = VERTEX_POINT('',#249);
#249 = CARTESIAN_POINT('',(4.66E-02,-2.5E-03,0.));
#250 = SURFACE_CURVE('',#251,(#255,#262),.PCURVE_S1.);
#251 = LINE('',#252,#253);
#252 = CARTESIAN_POINT('',(4.66E-02,-0.4688,0.));
#253 = VECTOR('',#254,1.);
#254 = DIRECTION('',(0.,1.,0.));
#255 = PCURVE('',#67,#256);
#256 = DEFINITIONAL_REPRESENTATION('',(#257),#261);
#257 = LINE('',#258,#259);
#258 = CARTESIAN_POINT('',(2.33E-02,-0.23315));
#259 = VECTOR('',#260,1.);
#260 = DIRECTION('',(0.,1.));
#261 = ( GEOMETRIC_REPRESENTATION_CONTEXT(2) 
PARAMETRIC_REPRESENTATION_CONTEXT() REPRESENTATION_CONTEXT('2D SPACE',''
  ) );
#262 = PCURVE('',#231,#263);
#263 = DEFINITIONAL_REPRESENTATION('',(#264),#268);
#264 = LINE('',#265,#266);
#265 = CARTESIAN_POINT('',(0.,0.));
#266 = VECTOR('',#267,1.);
#267 = DIRECTION('',(1.,0.));
#268 = ( GEOMETRIC_REPRESENTATION_CONTEXT(2) 
PARAMETRIC_REPRESENTATION_CONTEXT() REPRESENTATION_CONTEXT('2D SPACE',''
  ) );
#269 = ORIENTED_EDGE('',*,*,#270,.T.);
#270 = EDGE_CURVE('',#248,#271,#273,.T.);
#271 = VERTEX_POINT('',#272);
#272 = CARTESIAN_POINT('',(0.,-2.5E-03,0.));
#273 = SURFACE_CURVE('',#274,(#279,#286),.PCURVE_S1.);
#274 = CIRCLE('',#275,2.33E-02);
#275 = AXIS2_PLACEMENT_3D('',#276,#277,#278);
#276 = CARTESIAN_POINT('',(2.33E-02,-2.5E-03,0.));
#277 = DIRECTION('',(0.,0.,1.));
#278 = DIRECTION('',(1.,5.770002978034E-16,-0.));
#279 = PCURVE('',#67,#280);
#280 = DEFINITIONAL_REPRESENTATION('',(#281),#285);
#281 = CIRCLE('',#282,2.33E-02);
#282 = AXIS2_PLACEMENT_2D('',#283,#284);
#283 = CARTESIAN_POINT('',(0.,0.23315));
#284 = DIRECTION('',(1.,5.770002978034E-16));
#285 = ( GEOMETRIC_REPRESENTATION_CONTEXT(2) 
PARAMETRIC_REPRESENTATION_CONTEXT() REPRESENTATION_CONTEXT('2D SPACE',''
  ) );
#286 = PCURVE('',#287,#292);
#287 = CYLINDRICAL_SURFACE('',#288,2.33E-02);
#288 = AXIS2_PLACEMENT_3D('',#289,#290,#291);
#289 = CARTESIAN_POINT('',(2.33E-02,-2.5E-03,0.));
#290 = DIRECTION('',(-0.,-0.,-1.));
#291 = DIRECTION('',(1.,5.770002978034E-16,-0.));
#292 = DEFINITIONAL_REPRESENTATION('',(#293),#297);
#293 = LINE('',#294,#295);
#294 = CARTESIAN_POINT('',(-0.,0.));
#295 = VECTOR('',#296,1.);
#296 = DIRECTION('',(-1.,0.));
#297 = ( GEOMETRIC_REPRESENTATION_CONTEXT(2) 
PARAMETRIC_REPRESENTATION_CONTEXT() REPRESENTATION_CONTEXT('2D SPACE',''
  ) );
#298 = ORIENTED_EDGE('',*,*,#299,.T.);
#299 = EDGE_CURVE('',#271,#44,#300,.T.);
#300 = SURFACE_CURVE('',#301,(#305,#312),.PCURVE_S1.);
#301 = LINE('',#302,#303);
#302 = CARTESIAN_POINT('',(0.,-2.5E-03,0.));
#303 = VECTOR('',#304,1.);
#304 = DIRECTION('',(0.,-1.,0.));
#305 = PCURVE('',#67,#306);
#306 = DEFINITIONAL_REPRESENTATION('',(#307),#311);
#307 = LINE('',#308,#309);
#308 = CARTESIAN_POINT('',(-2.33E-02,0.23315));
#309 = VECTOR('',#310,1.);
#310 = DIRECTION('',(0.,-1.));
#311 = ( GEOMETRIC_REPRESENTATION_CONTEXT(2) 
PARAMETRIC_REPRESENTATION_CONTEXT() REPRESENTATION_CONTEXT('2D SPACE',''
  ) );
#312 = PCURVE('',#95,#313);
#313 = DEFINITIONAL_REPRESENTATION('',(#314),#318);
#314 = LINE('',#315,#316);
#315 = CARTESIAN_POINT('',(0.,0.));
#316 = VECTOR('',#317,1.);
#317 = DIRECTION('',(1.,0.));
#318 = ( GEOMETRIC_REPRESENTATION_CONTEXT(2) 
PARAMETRIC_REPRESENTATION_CONTEXT() REPRESENTATION_CONTEXT('2D SPACE',''
  ) );
#319 = FACE_BOUND('',#320,.F.);
#320 = EDGE_LOOP('',(#321));
#321 = ORIENTED_EDGE('',*,*,#322,.F.);
#322 = EDGE_CURVE('',#323,#323,#325,.T.);
#323 = VERTEX_POINT('',#324);
#324 = CARTESIAN_POINT('',(3.63E-02,-0.4688,0.));
#325 = SURFACE_CURVE('',#326,(#331,#338),.PCURVE_S1.);
#326 = CIRCLE('',#327,1.04E-02);
#327 = AXIS2_PLACEMENT_3D('',#328,#329,#330);
#328 = CARTESIAN_POINT('',(2.59E-02,-0.4688,0.));
#329 = DIRECTION('',(0.,0.,1.));
#330 = DIRECTION('',(1.,0.,0.));
#331 = PCURVE('',#67,#332);
#332 = DEFINITIONAL_REPRESENTATION('',(#333),#337);
#333 = CIRCLE('',#334,1.04E-02);
#334 = AXIS2_PLACEMENT_2D('',#335,#336);
#335 = CARTESIAN_POINT('',(2.6E-03,-0.23315));
#336 = DIRECTION('',(1.,0.));
#337 = ( GEOMETRIC_REPRESENTATION_CONTEXT(2) 
PARAMETRIC_REPRESENTATION_CONTEXT() REPRESENTATION_CONTEXT('2D SPACE',''
  ) );
#338 = PCURVE('',#339,#344);
#339 = CYLINDRICAL_SURFACE('',#340,1.04E-02);
#340 = AXIS2_PLACEMENT_3D('',#341,#342,#343);
#341 = CARTESIAN_POINT('',(2.59E-02,-0.4688,0.));
#342 = DIRECTION('',(-0.,-0.,-1.));
#343 = DIRECTION('',(1.,0.,0.));
#344 = DEFINITIONAL_REPRESENTATION('',(#345),#349);
#345 = LINE('',#346,#347);
#346 = CARTESIAN_POINT('',(-0.,0.));
#347 = VECTOR('',#348,1.);
#348 = DIRECTION('',(-1.,0.));
#349 = ( GEOMETRIC_REPRESENTATION_CONTEXT(2) 
PARAMETRIC_REPRESENTATION_CONTEXT() REPRESENTATION_CONTEXT('2D SPACE',''
  ) );
#350 = FACE_BOUND('',#351,.F.);
#351 = EDGE_LOOP('',(#352));
#352 = ORIENTED_EDGE('',*,*,#353,.F.);
#353 = EDGE_CURVE('',#354,#354,#356,.T.);
#354 = VERTEX_POINT('',#355);
#355 = CARTESIAN_POINT('',(3.63E-02,-0.2357,0.));
#356 = SURFACE_CURVE('',#357,(#362,#369),.PCURVE_S1.);
#357 = CIRCLE('',#358,1.04E-02);
#358 = AXIS2_PLACEMENT_3D('',#359,#360,#361);
#359 = CARTESIAN_POINT('',(2.59E-02,-0.2357,0.));
#360 = DIRECTION('',(0.,0.,1.));
#361 = DIRECTION('',(1.,0.,0.));
#362 = PCURVE('',#67,#363);
#363 = DEFINITIONAL_REPRESENTATION('',(#364),#368);
#364 = CIRCLE('',#365,1.04E-02);
#365 = AXIS2_PLACEMENT_2D('',#366,#367);
#366 = CARTESIAN_POINT('',(2.6E-03,-5.000000000002E-05));
#367 = DIRECTION('',(1.,0.));
#368 = ( GEOMETRIC_REPRESENTATION_CONTEXT(2) 
PARAMETRIC_REPRESENTATION_CONTEXT() REPRESENTATION_CONTEXT('2D SPACE',''
  ) );
#369 = PCURVE('',#370,#375);
#370 = CYLINDRICAL_SURFACE('',#371,1.04E-02);
#371 = AXIS2_PLACEMENT_3D('',#372,#373,#374);
#372 = CARTESIAN_POINT('',(2.59E-02,-0.2357,0.));
#373 = DIRECTION('',(-0.,-0.,-1.));
#374 = DIRECTION('',(1.,0.,0.));
#375 = DEFINITIONAL_REPRESENTATION('',(#376),#380);
#376 = LINE('',#377,#378);
#377 = CARTESIAN_POINT('',(-0.,0.));
#378 = VECTOR('',#379,1.);
#379 = DIRECTION('',(-1.,0.));
#380 = ( GEOMETRIC_REPRESENTATION_CONTEXT(2) 
PARAMETRIC_REPRESENTATION_CONTEXT() REPRESENTATION_CONTEXT('2D SPACE',''
  ) );
#381 = FACE_BOUND('',#382,.F.);
#382 = EDGE_LOOP('',(#383));
#383 = ORIENTED_EDGE('',*,*,#384,.F.);
#384 = EDGE_CURVE('',#385,#385,#387,.T.);
#385 = VERTEX_POINT('',#386);
#386 = CARTESIAN_POINT('',(3.63E-02,-2.5E-03,0.));
#387 = SURFACE_CURVE('',#388,(#393,#400),.PCURVE_S1.);
#388 = CIRCLE('',#389,1.04E-02);
#389 = AXIS2_PLACEMENT_3D('',#390,#391,#392);
#390 = CARTESIAN_POINT('',(2.59E-02,-2.5E-03,0.));
#391 = DIRECTION('',(0.,0.,1.));
#392 = DIRECTION('',(1.,0.,0.));
#393 = PCURVE('',#67,#394);
#394 = DEFINITIONAL_REPRESENTATION('',(#395),#399);
#395 = CIRCLE('',#396,1.04E-02);
#396 = AXIS2_PLACEMENT_2D('',#397,#398);
#397 = CARTESIAN_POINT('',(2.6E-03,0.23315));
#398 = DIRECTION('',(1.,0.));
#399 = ( GEOMETRIC_REPRESENTATION_CONTEXT(2) 
PARAMETRIC_REPRESENTATION_CONTEXT() REPRESENTATION_CONTEXT('2D SPACE',''
  ) );
#400 = PCURVE('',#401,#406);
#401 = CYLINDRICAL_SURFACE('',#402,1.04E-02);
#402 = AXIS2_PLACEMENT_3D('',#403,#404,#405);
#403 = CARTESIAN_POINT('',(2.59E-02,-2.5E-03,0.));
#404 = DIRECTION('',(-0.,-0.,-1.));
#405 = DIRECTION('',(1.,0.,0.));
#406 = DEFINITIONAL_REPRESENTATION('',(#407),#411);
#407 = LINE('',#408,#409);
#408 = CARTESIAN_POINT('',(-0.,0.));
#409 = VECTOR('',#410,1.);
#410 = DIRECTION('',(-1.,0.));
#411 = ( GEOMETRIC_REPRESENTATION_CONTEXT(2) 
PARAMETRIC_REPRESENTATION_CONTEXT() REPRESENTATION_CONTEXT('2D SPACE',''
  ) );
#412 = ADVANCED_FACE('',(#413),#231,.F.);
#413 = FACE_BOUND('',#414,.F.);
#414 = EDGE_LOOP('',(#415,#416,#417,#438,#464,#492,#520,#546,#572,#598,
    #624));
#415 = ORIENTED_EDGE('',*,*,#247,.F.);
#416 = ORIENTED_EDGE('',*,*,#217,.T.);
#417 = ORIENTED_EDGE('',*,*,#418,.T.);
#418 = EDGE_CURVE('',#185,#419,#421,.T.);
#419 = VERTEX_POINT('',#420);
#420 = CARTESIAN_POINT('',(4.66E-02,-0.4451,7.8E-03));
#421 = SURFACE_CURVE('',#422,(#426,#432),.PCURVE_S1.);
#422 = LINE('',#423,#424);
#423 = CARTESIAN_POINT('',(4.66E-02,-0.466600602273,7.8E-03));
#424 = VECTOR('',#425,1.);
#425 = DIRECTION('',(0.,1.,-0.));
#426 = PCURVE('',#231,#427);
#427 = DEFINITIONAL_REPRESENTATION('',(#428),#431);
#428 = B_SPLINE_CURVE_WITH_KNOTS('',1,(#429,#430),.UNSPECIFIED.,.F.,.F.,
  (2,2),(-2.199397727052E-03,2.150060227295E-02),
  .PIECEWISE_BEZIER_KNOTS.);
#429 = CARTESIAN_POINT('',(0.,-7.8E-03));
#430 = CARTESIAN_POINT('',(2.37E-02,-7.8E-03));
#431 = ( GEOMETRIC_REPRESENTATION_CONTEXT(2) 
PARAMETRIC_REPRESENTATION_CONTEXT() REPRESENTATION_CONTEXT('2D SPACE',''
  ) );
#432 = PCURVE('',#201,#433);
#433 = DEFINITIONAL_REPRESENTATION('',(#434),#437);
#434 = B_SPLINE_CURVE_WITH_KNOTS('',1,(#435,#436),.UNSPECIFIED.,.F.,.F.,
  (2,2),(-2.199397727052E-03,2.150060227295E-02),
  .PIECEWISE_BEZIER_KNOTS.);
#435 = CARTESIAN_POINT('',(2.315E-02,-4.398795454104E-03));
#436 = CARTESIAN_POINT('',(2.315E-02,1.93012045459E-02));
#437 = ( GEOMETRIC_REPRESENTATION_CONTEXT(2) 
PARAMETRIC_REPRESENTATION_CONTEXT() REPRESENTATION_CONTEXT('2D SPACE',''
  ) );
#438 = ORIENTED_EDGE('',*,*,#439,.F.);
#439 = EDGE_CURVE('',#440,#419,#442,.T.);
#440 = VERTEX_POINT('',#441);
#441 = CARTESIAN_POINT('',(4.66E-02,-0.4451,2.34E-02));
#442 = SURFACE_CURVE('',#443,(#447,#453),.PCURVE_S1.);
#443 = LINE('',#444,#445);
#444 = CARTESIAN_POINT('',(4.66E-02,-0.4451,1.17E-02));
#445 = VECTOR('',#446,1.);
#446 = DIRECTION('',(-0.,0.,-1.));
#447 = PCURVE('',#231,#448);
#448 = DEFINITIONAL_REPRESENTATION('',(#449),#452);
#449 = B_SPLINE_CURVE_WITH_KNOTS('',1,(#450,#451),.UNSPECIFIED.,.F.,.F.,
  (2,2),(-1.17E-02,3.9E-03),.PIECEWISE_BEZIER_KNOTS.);
#450 = CARTESIAN_POINT('',(2.37E-02,-2.34E-02));
#451 = CARTESIAN_POINT('',(2.37E-02,-7.8E-03));
#452 = ( GEOMETRIC_REPRESENTATION_CONTEXT(2) 
PARAMETRIC_REPRESENTATION_CONTEXT() REPRESENTATION_CONTEXT('2D SPACE',''
  ) );
#453 = PCURVE('',#454,#459);
#454 = PLANE('',#455);
#455 = AXIS2_PLACEMENT_3D('',#456,#457,#458);
#456 = CARTESIAN_POINT('',(4.69E-02,-0.4451,2.34E-02));
#457 = DIRECTION('',(0.,1.,-0.));
#458 = DIRECTION('',(-1.,0.,0.));
#459 = DEFINITIONAL_REPRESENTATION('',(#460),#463);
#460 = B_SPLINE_CURVE_WITH_KNOTS('',1,(#461,#462),.UNSPECIFIED.,.F.,.F.,
  (2,2),(-1.17E-02,3.9E-03),.PIECEWISE_BEZIER_KNOTS.);
#461 = CARTESIAN_POINT('',(3.E-04,0.));
#462 = CARTESIAN_POINT('',(3.E-04,-1.56E-02));
#463 = ( GEOMETRIC_REPRESENTATION_CONTEXT(2) 
PARAMETRIC_REPRESENTATION_CONTEXT() REPRESENTATION_CONTEXT('2D SPACE',''
  ) );
#464 = ORIENTED_EDGE('',*,*,#465,.T.);
#465 = EDGE_CURVE('',#440,#466,#468,.T.);
#466 = VERTEX_POINT('',#467);
#467 = CARTESIAN_POINT('',(4.66E-02,-2.5E-03,2.34E-02));
#468 = SURFACE_CURVE('',#469,(#473,#480),.PCURVE_S1.);
#469 = LINE('',#470,#471);
#470 = CARTESIAN_POINT('',(4.66E-02,-0.4688,2.34E-02));
#471 = VECTOR('',#472,1.);
#472 = DIRECTION('',(0.,1.,0.));
#473 = PCURVE('',#231,#474);
#474 = DEFINITIONAL_REPRESENTATION('',(#475),#479);
#475 = LINE('',#476,#477);
#476 = CARTESIAN_POINT('',(0.,-2.34E-02));
#477 = VECTOR('',#478,1.);
#478 = DIRECTION('',(1.,0.));
#479 = ( GEOMETRIC_REPRESENTATION_CONTEXT(2) 
PARAMETRIC_REPRESENTATION_CONTEXT() REPRESENTATION_CONTEXT('2D SPACE',''
  ) );
#480 = PCURVE('',#481,#486);
#481 = PLANE('',#482);
#482 = AXIS2_PLACEMENT_3D('',#483,#484,#485);
#483 = CARTESIAN_POINT('',(2.33E-02,-0.23565,2.34E-02));
#484 = DIRECTION('',(0.,0.,1.));
#485 = DIRECTION('',(1.,0.,-0.));
#486 = DEFINITIONAL_REPRESENTATION('',(#487),#491);
#487 = LINE('',#488,#489);
#488 = CARTESIAN_POINT('',(2.33E-02,-0.23315));
#489 = VECTOR('',#490,1.);
#490 = DIRECTION('',(0.,1.));
#491 = ( GEOMETRIC_REPRESENTATION_CONTEXT(2) 
PARAMETRIC_REPRESENTATION_CONTEXT() REPRESENTATION_CONTEXT('2D SPACE',''
  ) );
#492 = ORIENTED_EDGE('',*,*,#493,.F.);
#493 = EDGE_CURVE('',#494,#466,#496,.T.);
#494 = VERTEX_POINT('',#495);
#495 = CARTESIAN_POINT('',(4.66E-02,-2.5E-03,1.589136900893E-02));
#496 = SURFACE_CURVE('',#497,(#501,#508),.PCURVE_S1.);
#497 = LINE('',#498,#499);
#498 = CARTESIAN_POINT('',(4.66E-02,-2.5E-03,0.));
#499 = VECTOR('',#500,1.);
#500 = DIRECTION('',(0.,0.,1.));
#501 = PCURVE('',#231,#502);
#502 = DEFINITIONAL_REPRESENTATION('',(#503),#507);
#503 = LINE('',#504,#505);
#504 = CARTESIAN_POINT('',(0.4663,0.));
#505 = VECTOR('',#506,1.);
#506 = DIRECTION('',(0.,-1.));
#507 = ( GEOMETRIC_REPRESENTATION_CONTEXT(2) 
PARAMETRIC_REPRESENTATION_CONTEXT() REPRESENTATION_CONTEXT('2D SPACE',''
  ) );
#508 = PCURVE('',#509,#514);
#509 = CYLINDRICAL_SURFACE('',#510,2.33E-02);
#510 = AXIS2_PLACEMENT_3D('',#511,#512,#513);
#511 = CARTESIAN_POINT('',(2.33E-02,-2.5E-03,0.));
#512 = DIRECTION('',(-0.,-0.,-1.));
#513 = DIRECTION('',(1.,5.770002978034E-16,-0.));
#514 = DEFINITIONAL_REPRESENTATION('',(#515),#519);
#515 = LINE('',#516,#517);
#516 = CARTESIAN_POINT('',(-0.,0.));
#517 = VECTOR('',#518,1.);
#518 = DIRECTION('',(-0.,-1.));
#519 = ( GEOMETRIC_REPRESENTATION_CONTEXT(2) 
PARAMETRIC_REPRESENTATION_CONTEXT() REPRESENTATION_CONTEXT('2D SPACE',''
  ) );
#520 = ORIENTED_EDGE('',*,*,#521,.F.);
#521 = EDGE_CURVE('',#522,#494,#524,.T.);
#522 = VERTEX_POINT('',#523);
#523 = CARTESIAN_POINT('',(4.66E-02,-3.355101130844E-03,1.674672667E-02)
  );
#524 = SURFACE_CURVE('',#525,(#529,#535),.PCURVE_S1.);
#525 = LINE('',#526,#527);
#526 = CARTESIAN_POINT('',(4.66E-02,-0.110469536086,0.123893295942));
#527 = VECTOR('',#528,1.);
#528 = DIRECTION('',(0.,0.707000723171,-0.707212823297));
#529 = PCURVE('',#231,#530);
#530 = DEFINITIONAL_REPRESENTATION('',(#531),#534);
#531 = B_SPLINE_CURVE_WITH_KNOTS('',1,(#532,#533),.UNSPECIFIED.,.F.,.F.,
  (2,2),(0.151505410736,0.152714887761),.PIECEWISE_BEZIER_KNOTS.);
#532 = CARTESIAN_POINT('',(0.465444898869,-1.674672667E-02));
#533 = CARTESIAN_POINT('',(0.4663,-1.589136900896E-02));
#534 = ( GEOMETRIC_REPRESENTATION_CONTEXT(2) 
PARAMETRIC_REPRESENTATION_CONTEXT() REPRESENTATION_CONTEXT('2D SPACE',''
  ) );
#535 = PCURVE('',#536,#541);
#536 = PLANE('',#537);
#537 = AXIS2_PLACEMENT_3D('',#538,#539,#540);
#538 = CARTESIAN_POINT('',(4.687184829189E-02,1.14904950594E-03,
    1.14870489462E-03));
#539 = DIRECTION('',(0.99939975036,2.449998946567E-02,2.449264167633E-02
    ));
#540 = DIRECTION('',(2.449263530508E-02,-0.999699830207,
    6.002496398665E-04));
#541 = DEFINITIONAL_REPRESENTATION('',(#542),#545);
#542 = B_SPLINE_CURVE_WITH_KNOTS('',1,(#543,#544),.UNSPECIFIED.,.F.,.F.,
  (2,2),(0.151505410736,0.152714887761),.PIECEWISE_BEZIER_KNOTS.);
#543 = CARTESIAN_POINT('',(4.505503052673E-03,-1.56E-02));
#544 = CARTESIAN_POINT('',(3.650145169259E-03,-1.474489909162E-02));
#545 = ( GEOMETRIC_REPRESENTATION_CONTEXT(2) 
PARAMETRIC_REPRESENTATION_CONTEXT() REPRESENTATION_CONTEXT('2D SPACE',''
  ) );
#546 = ORIENTED_EDGE('',*,*,#547,.T.);
#547 = EDGE_CURVE('',#522,#548,#550,.T.);
#548 = VERTEX_POINT('',#549);
#549 = CARTESIAN_POINT('',(4.66E-02,-2.205521128633E-02,1.674672667E-02)
  );
#550 = SURFACE_CURVE('',#551,(#555,#561),.PCURVE_S1.);
#551 = LINE('',#552,#553);
#552 = CARTESIAN_POINT('',(4.66E-02,-0.236181591545,1.674672667E-02));
#553 = VECTOR('',#554,1.);
#554 = DIRECTION('',(0.,-1.,0.));
#555 = PCURVE('',#231,#556);
#556 = DEFINITIONAL_REPRESENTATION('',(#557),#560);
#557 = B_SPLINE_CURVE_WITH_KNOTS('',1,(#558,#559),.UNSPECIFIED.,.F.,.F.,
  (2,2),(-0.233681591545,-0.212988555484),.PIECEWISE_BEZIER_KNOTS.);
#558 = CARTESIAN_POINT('',(0.4663,-1.674672667E-02));
#559 = CARTESIAN_POINT('',(0.445606963939,-1.674672667E-02));
#560 = ( GEOMETRIC_REPRESENTATION_CONTEXT(2) 
PARAMETRIC_REPRESENTATION_CONTEXT() REPRESENTATION_CONTEXT('2D SPACE',''
  ) );
#561 = PCURVE('',#562,#567);
#562 = PLANE('',#563);
#563 = AXIS2_PLACEMENT_3D('',#564,#565,#566);
#564 = CARTESIAN_POINT('',(2.315509800945E-02,-3.563183089461E-03,
    1.617215419949E-02));
#565 = DIRECTION('',(2.4499995835E-02,-0.,-0.999699830051));
#566 = DIRECTION('',(-0.999699830051,0.,-2.4499995835E-02));
#567 = DEFINITIONAL_REPRESENTATION('',(#568),#571);
#568 = B_SPLINE_CURVE_WITH_KNOTS('',1,(#569,#570),.UNSPECIFIED.,.F.,.F.,
  (2,2),(-0.233681591545,-0.212988555484),.PIECEWISE_BEZIER_KNOTS.);
#569 = CARTESIAN_POINT('',(-2.345194155865E-02,1.063183089461E-03));
#570 = CARTESIAN_POINT('',(-2.345194155865E-02,-1.962985297135E-02));
#571 = ( GEOMETRIC_REPRESENTATION_CONTEXT(2) 
PARAMETRIC_REPRESENTATION_CONTEXT() REPRESENTATION_CONTEXT('2D SPACE',''
  ) );
#572 = ORIENTED_EDGE('',*,*,#573,.F.);
#573 = EDGE_CURVE('',#574,#548,#576,.T.);
#574 = VERTEX_POINT('',#575);
#575 = CARTESIAN_POINT('',(4.66E-02,-2.206458080477E-02,
    1.142042612784E-03));
#576 = SURFACE_CURVE('',#577,(#581,#587),.PCURVE_S1.);
#577 = LINE('',#578,#579);
#578 = CARTESIAN_POINT('',(4.66E-02,-2.206499800595E-02,
    4.472051313244E-04));
#579 = VECTOR('',#580,1.);
#580 = DIRECTION('',(0.,6.004297625441E-04,0.999999819742));
#581 = PCURVE('',#231,#582);
#582 = DEFINITIONAL_REPRESENTATION('',(#583),#586);
#583 = B_SPLINE_CURVE_WITH_KNOTS('',1,(#584,#585),.UNSPECIFIED.,.F.,.F.,
  (2,2),(6.948376067094E-04,1.62995244768E-02),
  .PIECEWISE_BEZIER_KNOTS.);
#584 = CARTESIAN_POINT('',(0.446735419195,-1.142042612784E-03));
#585 = CARTESIAN_POINT('',(0.446744788714,-1.674672667E-02));
#586 = ( GEOMETRIC_REPRESENTATION_CONTEXT(2) 
PARAMETRIC_REPRESENTATION_CONTEXT() REPRESENTATION_CONTEXT('2D SPACE',''
  ) );
#587 = PCURVE('',#588,#593);
#588 = PLANE('',#589);
#589 = AXIS2_PLACEMENT_3D('',#590,#591,#592);
#590 = CARTESIAN_POINT('',(4.744007743097E-02,-2.204398655487E-02,
    1.162630686265E-03));
#591 = DIRECTION('',(2.449263530508E-02,-0.999699830207,
    6.002496398664E-04));
#592 = DIRECTION('',(-0.99939975036,-2.449998946567E-02,
    -2.449264167633E-02));
#593 = DEFINITIONAL_REPRESENTATION('',(#594),#597);
#594 = B_SPLINE_CURVE_WITH_KNOTS('',1,(#595,#596),.UNSPECIFIED.,.F.,.F.,
  (2,2),(6.948376067094E-04,1.62995244768E-02),
  .PIECEWISE_BEZIER_KNOTS.);
#595 = CARTESIAN_POINT('',(8.405819900049E-04,1.501842636848E-19));
#596 = CARTESIAN_POINT('',(4.581525018163E-04,-1.56E-02));
#597 = ( GEOMETRIC_REPRESENTATION_CONTEXT(2) 
PARAMETRIC_REPRESENTATION_CONTEXT() REPRESENTATION_CONTEXT('2D SPACE',''
  ) );
#598 = ORIENTED_EDGE('',*,*,#599,.F.);
#599 = EDGE_CURVE('',#600,#574,#602,.T.);
#600 = VERTEX_POINT('',#601);
#601 = CARTESIAN_POINT('',(4.66E-02,-2.5E-03,1.142042612784E-03));
#602 = SURFACE_CURVE('',#603,(#607,#613),.PCURVE_S1.);
#603 = LINE('',#604,#605);
#604 = CARTESIAN_POINT('',(4.66E-02,-0.236181591545,1.142042612784E-03)
  );
#605 = VECTOR('',#606,1.);
#606 = DIRECTION('',(0.,-1.,0.));
#607 = PCURVE('',#231,#608);
#608 = DEFINITIONAL_REPRESENTATION('',(#609),#612);
#609 = B_SPLINE_CURVE_WITH_KNOTS('',1,(#610,#611),.UNSPECIFIED.,.F.,.F.,
  (2,2),(-0.233681591545,-0.212988555484),.PIECEWISE_BEZIER_KNOTS.);
#610 = CARTESIAN_POINT('',(0.4663,-1.142042612784E-03));
#611 = CARTESIAN_POINT('',(0.445606963939,-1.142042612784E-03));
#612 = ( GEOMETRIC_REPRESENTATION_CONTEXT(2) 
PARAMETRIC_REPRESENTATION_CONTEXT() REPRESENTATION_CONTEXT('2D SPACE',''
  ) );
#613 = PCURVE('',#614,#619);
#614 = PLANE('',#615);
#615 = AXIS2_PLACEMENT_3D('',#616,#617,#618);
#616 = CARTESIAN_POINT('',(2.353729794448E-02,-3.563183089461E-03,
    5.76836850695E-04));
#617 = DIRECTION('',(2.4499995835E-02,-0.,-0.999699830051));
#618 = DIRECTION('',(-0.999699830051,0.,-2.4499995835E-02));
#619 = DEFINITIONAL_REPRESENTATION('',(#620),#623);
#620 = B_SPLINE_CURVE_WITH_KNOTS('',1,(#621,#622),.UNSPECIFIED.,.F.,.F.,
  (2,2),(-0.233681591545,-0.212988555484),.PIECEWISE_BEZIER_KNOTS.);
#621 = CARTESIAN_POINT('',(-2.306962686424E-02,1.063183089461E-03));
#622 = CARTESIAN_POINT('',(-2.306962686424E-02,-1.962985297135E-02));
#623 = ( GEOMETRIC_REPRESENTATION_CONTEXT(2) 
PARAMETRIC_REPRESENTATION_CONTEXT() REPRESENTATION_CONTEXT('2D SPACE',''
  ) );
#624 = ORIENTED_EDGE('',*,*,#625,.F.);
#625 = EDGE_CURVE('',#248,#600,#626,.T.);
#626 = SURFACE_CURVE('',#627,(#631,#638),.PCURVE_S1.);
#627 = LINE('',#628,#629);
#628 = CARTESIAN_POINT('',(4.66E-02,-2.5E-03,0.));
#629 = VECTOR('',#630,1.);
#630 = DIRECTION('',(0.,0.,1.));
#631 = PCURVE('',#231,#632);
#632 = DEFINITIONAL_REPRESENTATION('',(#633),#637);
#633 = LINE('',#634,#635);
#634 = CARTESIAN_POINT('',(0.4663,0.));
#635 = VECTOR('',#636,1.);
#636 = DIRECTION('',(0.,-1.));
#637 = ( GEOMETRIC_REPRESENTATION_CONTEXT(2) 
PARAMETRIC_REPRESENTATION_CONTEXT() REPRESENTATION_CONTEXT('2D SPACE',''
  ) );
#638 = PCURVE('',#287,#639);
#639 = DEFINITIONAL_REPRESENTATION('',(#640),#644);
#640 = LINE('',#641,#642);
#641 = CARTESIAN_POINT('',(-0.,0.));
#642 = VECTOR('',#643,1.);
#643 = DIRECTION('',(-0.,-1.));
#644 = ( GEOMETRIC_REPRESENTATION_CONTEXT(2) 
PARAMETRIC_REPRESENTATION_CONTEXT() REPRESENTATION_CONTEXT('2D SPACE',''
  ) );
#645 = ADVANCED_FACE('',(#646,#716),#201,.T.);
#646 = FACE_BOUND('',#647,.T.);
#647 = EDGE_LOOP('',(#648,#671,#693,#694,#695));
#648 = ORIENTED_EDGE('',*,*,#649,.T.);
#649 = EDGE_CURVE('',#650,#80,#652,.T.);
#650 = VERTEX_POINT('',#651);
#651 = CARTESIAN_POINT('',(0.,-0.4451,7.8E-03));
#652 = SURFACE_CURVE('',#653,(#657,#664),.PCURVE_S1.);
#653 = LINE('',#654,#655);
#654 = CARTESIAN_POINT('',(0.,-0.4451,7.8E-03));
#655 = VECTOR('',#656,1.);
#656 = DIRECTION('',(0.,-1.,0.));
#657 = PCURVE('',#201,#658);
#658 = DEFINITIONAL_REPRESENTATION('',(#659),#663);
#659 = LINE('',#660,#661);
#660 = CARTESIAN_POINT('',(-2.345E-02,1.93012045459E-02));
#661 = VECTOR('',#662,1.);
#662 = DIRECTION('',(0.,-1.));
#663 = ( GEOMETRIC_REPRESENTATION_CONTEXT(2) 
PARAMETRIC_REPRESENTATION_CONTEXT() REPRESENTATION_CONTEXT('2D SPACE',''
  ) );
#664 = PCURVE('',#95,#665);
#665 = DEFINITIONAL_REPRESENTATION('',(#666),#670);
#666 = LINE('',#667,#668);
#667 = CARTESIAN_POINT('',(0.4426,-7.8E-03));
#668 = VECTOR('',#669,1.);
#669 = DIRECTION('',(1.,0.));
#670 = ( GEOMETRIC_REPRESENTATION_CONTEXT(2) 
PARAMETRIC_REPRESENTATION_CONTEXT() REPRESENTATION_CONTEXT('2D SPACE',''
  ) );
#671 = ORIENTED_EDGE('',*,*,#672,.T.);
#672 = EDGE_CURVE('',#80,#164,#673,.T.);
#673 = SURFACE_CURVE('',#674,(#679,#686),.PCURVE_S1.);
#674 = CIRCLE('',#675,2.345005330484E-02);
#675 = AXIS2_PLACEMENT_3D('',#676,#677,#678);
#676 = CARTESIAN_POINT('',(2.345E-02,-0.46875,7.8E-03));
#677 = DIRECTION('',(0.,0.,1.));
#678 = DIRECTION('',(-0.999997726878,-2.132191315304E-03,0.));
#679 = PCURVE('',#201,#680);
#680 = DEFINITIONAL_REPRESENTATION('',(#681),#685);
#681 = CIRCLE('',#682,2.345005330484E-02);
#682 = AXIS2_PLACEMENT_2D('',#683,#684);
#683 = CARTESIAN_POINT('',(3.469446951954E-18,-4.348795454104E-03));
#684 = DIRECTION('',(-0.999997726878,-2.132191315304E-03));
#685 = ( GEOMETRIC_REPRESENTATION_CONTEXT(2) 
PARAMETRIC_REPRESENTATION_CONTEXT() REPRESENTATION_CONTEXT('2D SPACE',''
  ) );
#686 = PCURVE('',#123,#687);
#687 = DEFINITIONAL_REPRESENTATION('',(#688),#692);
#688 = LINE('',#689,#690);
#689 = CARTESIAN_POINT('',(0.,-1.56E-02));
#690 = VECTOR('',#691,1.);
#691 = DIRECTION('',(1.,0.));
#692 = ( GEOMETRIC_REPRESENTATION_CONTEXT(2) 
PARAMETRIC_REPRESENTATION_CONTEXT() REPRESENTATION_CONTEXT('2D SPACE',''
  ) );
#693 = ORIENTED_EDGE('',*,*,#184,.F.);
#694 = ORIENTED_EDGE('',*,*,#418,.T.);
#695 = ORIENTED_EDGE('',*,*,#696,.T.);
#696 = EDGE_CURVE('',#419,#650,#697,.T.);
#697 = SURFACE_CURVE('',#698,(#702,#709),.PCURVE_S1.);
#698 = LINE('',#699,#700);
#699 = CARTESIAN_POINT('',(4.69E-02,-0.4451,7.8E-03));
#700 = VECTOR('',#701,1.);
#701 = DIRECTION('',(-1.,0.,0.));
#702 = PCURVE('',#201,#703);
#703 = DEFINITIONAL_REPRESENTATION('',(#704),#708);
#704 = LINE('',#705,#706);
#705 = CARTESIAN_POINT('',(2.345E-02,1.93012045459E-02));
#706 = VECTOR('',#707,1.);
#707 = DIRECTION('',(-1.,0.));
#708 = ( GEOMETRIC_REPRESENTATION_CONTEXT(2) 
PARAMETRIC_REPRESENTATION_CONTEXT() REPRESENTATION_CONTEXT('2D SPACE',''
  ) );
#709 = PCURVE('',#454,#710);
#710 = DEFINITIONAL_REPRESENTATION('',(#711),#715);
#711 = LINE('',#712,#713);
#712 = CARTESIAN_POINT('',(0.,-1.56E-02));
#713 = VECTOR('',#714,1.);
#714 = DIRECTION('',(1.,0.));
#715 = ( GEOMETRIC_REPRESENTATION_CONTEXT(2) 
PARAMETRIC_REPRESENTATION_CONTEXT() REPRESENTATION_CONTEXT('2D SPACE',''
  ) );
#716 = FACE_BOUND('',#717,.T.);
#717 = EDGE_LOOP('',(#718,#749,#777));
#718 = ORIENTED_EDGE('',*,*,#719,.F.);
#719 = EDGE_CURVE('',#720,#722,#724,.T.);
#720 = VERTEX_POINT('',#721);
#721 = CARTESIAN_POINT('',(3.186363636363E-02,-0.460279727626,7.8E-03));
#722 = VERTEX_POINT('',#723);
#723 = CARTESIAN_POINT('',(3.186363636363E-02,-0.477320272374,7.8E-03));
#724 = SURFACE_CURVE('',#725,(#730,#737),.PCURVE_S1.);
#725 = CIRCLE('',#726,1.18E-02);
#726 = AXIS2_PLACEMENT_3D('',#727,#728,#729);
#727 = CARTESIAN_POINT('',(2.37E-02,-0.4688,7.8E-03));
#728 = DIRECTION('',(0.,0.,1.));
#729 = DIRECTION('',(1.,0.,0.));
#730 = PCURVE('',#201,#731);
#731 = DEFINITIONAL_REPRESENTATION('',(#732),#736);
#732 = CIRCLE('',#733,1.18E-02);
#733 = AXIS2_PLACEMENT_2D('',#734,#735);
#734 = CARTESIAN_POINT('',(2.5E-04,-4.398795454104E-03));
#735 = DIRECTION('',(1.,0.));
#736 = ( GEOMETRIC_REPRESENTATION_CONTEXT(2) 
PARAMETRIC_REPRESENTATION_CONTEXT() REPRESENTATION_CONTEXT('2D SPACE',''
  ) );
#737 = PCURVE('',#738,#743);
#738 = CYLINDRICAL_SURFACE('',#739,1.18E-02);
#739 = AXIS2_PLACEMENT_3D('',#740,#741,#742);
#740 = CARTESIAN_POINT('',(2.37E-02,-0.4688,2.34E-02));
#741 = DIRECTION('',(0.,0.,1.));
#742 = DIRECTION('',(1.,0.,0.));
#743 = DEFINITIONAL_REPRESENTATION('',(#744),#748);
#744 = LINE('',#745,#746);
#745 = CARTESIAN_POINT('',(0.,-1.56E-02));
#746 = VECTOR('',#747,1.);
#747 = DIRECTION('',(1.,0.));
#748 = ( GEOMETRIC_REPRESENTATION_CONTEXT(2) 
PARAMETRIC_REPRESENTATION_CONTEXT() REPRESENTATION_CONTEXT('2D SPACE',''
  ) );
#749 = ORIENTED_EDGE('',*,*,#750,.T.);
#750 = EDGE_CURVE('',#720,#751,#753,.T.);
#751 = VERTEX_POINT('',#752);
#752 = CARTESIAN_POINT('',(3.63E-02,-0.4688,7.8E-03));
#753 = SURFACE_CURVE('',#754,(#759,#770),.PCURVE_S1.);
#754 = CIRCLE('',#755,1.04E-02);
#755 = AXIS2_PLACEMENT_3D('',#756,#757,#758);
#756 = CARTESIAN_POINT('',(2.59E-02,-0.4688,7.8E-03));
#757 = DIRECTION('',(0.,0.,-1.));
#758 = DIRECTION('',(1.,0.,0.));
#759 = PCURVE('',#201,#760);
#760 = DEFINITIONAL_REPRESENTATION('',(#761),#769);
#761 = ( BOUNDED_CURVE() B_SPLINE_CURVE(2,(#762,#763,#764,#765,#766,#767
,#768),.UNSPECIFIED.,.T.,.F.) B_SPLINE_CURVE_WITH_KNOTS((1,2,2,2,2,1),(
    -2.094395102393,0.,2.094395102393,4.188790204786,6.28318530718,
8.377580409573),.UNSPECIFIED.) CURVE() GEOMETRIC_REPRESENTATION_ITEM() 
RATIONAL_B_SPLINE_CURVE((1.,0.5,1.,0.5,1.,0.5,1.)) REPRESENTATION_ITEM(
  '') );
#762 = CARTESIAN_POINT('',(1.285E-02,-4.398795454104E-03));
#763 = CARTESIAN_POINT('',(1.285E-02,-2.241212385282E-02));
#764 = CARTESIAN_POINT('',(-2.75E-03,-1.340545965346E-02));
#765 = CARTESIAN_POINT('',(-1.835E-02,-4.398795454104E-03));
#766 = CARTESIAN_POINT('',(-2.75E-03,4.607868745254E-03));
#767 = CARTESIAN_POINT('',(1.285E-02,1.361453294461E-02));
#768 = CARTESIAN_POINT('',(1.285E-02,-4.398795454104E-03));
#769 = ( GEOMETRIC_REPRESENTATION_CONTEXT(2) 
PARAMETRIC_REPRESENTATION_CONTEXT() REPRESENTATION_CONTEXT('2D SPACE',''
  ) );
#770 = PCURVE('',#339,#771);
#771 = DEFINITIONAL_REPRESENTATION('',(#772),#776);
#772 = LINE('',#773,#774);
#773 = CARTESIAN_POINT('',(-6.28318530718,-7.8E-03));
#774 = VECTOR('',#775,1.);
#775 = DIRECTION('',(1.,-0.));
#776 = ( GEOMETRIC_REPRESENTATION_CONTEXT(2) 
PARAMETRIC_REPRESENTATION_CONTEXT() REPRESENTATION_CONTEXT('2D SPACE',''
  ) );
#777 = ORIENTED_EDGE('',*,*,#778,.T.);
#778 = EDGE_CURVE('',#751,#722,#779,.T.);
#779 = SURFACE_CURVE('',#780,(#785,#796),.PCURVE_S1.);
#780 = CIRCLE('',#781,1.04E-02);
#781 = AXIS2_PLACEMENT_3D('',#782,#783,#784);
#782 = CARTESIAN_POINT('',(2.59E-02,-0.4688,7.8E-03));
#783 = DIRECTION('',(0.,0.,-1.));
#784 = DIRECTION('',(1.,0.,0.));
#785 = PCURVE('',#201,#786);
#786 = DEFINITIONAL_REPRESENTATION('',(#787),#795);
#787 = ( BOUNDED_CURVE() B_SPLINE_CURVE(2,(#788,#789,#790,#791,#792,#793
,#794),.UNSPECIFIED.,.T.,.F.) B_SPLINE_CURVE_WITH_KNOTS((1,2,2,2,2,1),(
    -2.094395102393,0.,2.094395102393,4.188790204786,6.28318530718,
8.377580409573),.UNSPECIFIED.) CURVE() GEOMETRIC_REPRESENTATION_ITEM() 
RATIONAL_B_SPLINE_CURVE((1.,0.5,1.,0.5,1.,0.5,1.)) REPRESENTATION_ITEM(
  '') );
#788 = CARTESIAN_POINT('',(1.285E-02,-4.398795454104E-03));
#789 = CARTESIAN_POINT('',(1.285E-02,-2.241212385282E-02));
#790 = CARTESIAN_POINT('',(-2.75E-03,-1.340545965346E-02));
#791 = CARTESIAN_POINT('',(-1.835E-02,-4.398795454104E-03));
#792 = CARTESIAN_POINT('',(-2.75E-03,4.607868745254E-03));
#793 = CARTESIAN_POINT('',(1.285E-02,1.361453294461E-02));
#794 = CARTESIAN_POINT('',(1.285E-02,-4.398795454104E-03));
#795 = ( GEOMETRIC_REPRESENTATION_CONTEXT(2) 
PARAMETRIC_REPRESENTATION_CONTEXT() REPRESENTATION_CONTEXT('2D SPACE',''
  ) );
#796 = PCURVE('',#339,#797);
#797 = DEFINITIONAL_REPRESENTATION('',(#798),#802);
#798 = LINE('',#799,#800);
#799 = CARTESIAN_POINT('',(-6.28318530718,-7.8E-03));
#800 = VECTOR('',#801,1.);
#801 = DIRECTION('',(1.,-0.));
#802 = ( GEOMETRIC_REPRESENTATION_CONTEXT(2) 
PARAMETRIC_REPRESENTATION_CONTEXT() REPRESENTATION_CONTEXT('2D SPACE',''
  ) );
#803 = ADVANCED_FACE('',(#804),#123,.F.);
#804 = FACE_BOUND('',#805,.F.);
#805 = EDGE_LOOP('',(#806,#807,#808,#809));
#806 = ORIENTED_EDGE('',*,*,#107,.F.);
#807 = ORIENTED_EDGE('',*,*,#672,.T.);
#808 = ORIENTED_EDGE('',*,*,#163,.F.);
#809 = ORIENTED_EDGE('',*,*,#810,.F.);
#810 = EDGE_CURVE('',#108,#135,#811,.T.);
#811 = SURFACE_CURVE('',#812,(#817,#824),.PCURVE_S1.);
#812 = CIRCLE('',#813,2.345005330484E-02);
#813 = AXIS2_PLACEMENT_3D('',#814,#815,#816);
#814 = CARTESIAN_POINT('',(2.345E-02,-0.46875,2.34E-02));
#815 = DIRECTION('',(0.,0.,1.));
#816 = DIRECTION('',(-0.999997726878,-2.132191315304E-03,0.));
#817 = PCURVE('',#123,#818);
#818 = DEFINITIONAL_REPRESENTATION('',(#819),#823);
#819 = LINE('',#820,#821);
#820 = CARTESIAN_POINT('',(0.,0.));
#821 = VECTOR('',#822,1.);
#822 = DIRECTION('',(1.,0.));
#823 = ( GEOMETRIC_REPRESENTATION_CONTEXT(2) 
PARAMETRIC_REPRESENTATION_CONTEXT() REPRESENTATION_CONTEXT('2D SPACE',''
  ) );
#824 = PCURVE('',#151,#825);
#825 = DEFINITIONAL_REPRESENTATION('',(#826),#830);
#826 = CIRCLE('',#827,2.345005330484E-02);
#827 = AXIS2_PLACEMENT_2D('',#828,#829);
#828 = CARTESIAN_POINT('',(1.5E-04,-0.2331));
#829 = DIRECTION('',(-0.999997726878,-2.132191315304E-03));
#830 = ( GEOMETRIC_REPRESENTATION_CONTEXT(2) 
PARAMETRIC_REPRESENTATION_CONTEXT() REPRESENTATION_CONTEXT('2D SPACE',''
  ) );
#831 = ADVANCED_FACE('',(#832),#151,.T.);
#832 = FACE_BOUND('',#833,.T.);
#833 = EDGE_LOOP('',(#834,#835));
#834 = ORIENTED_EDGE('',*,*,#810,.F.);
#835 = ORIENTED_EDGE('',*,*,#134,.T.);
#836 = ADVANCED_FACE('',(#837),#95,.F.);
#837 = FACE_BOUND('',#838,.F.);
#838 = EDGE_LOOP('',(#839,#840,#863,#889,#910,#933,#956,#977,#978));
#839 = ORIENTED_EDGE('',*,*,#299,.F.);
#840 = ORIENTED_EDGE('',*,*,#841,.T.);
#841 = EDGE_CURVE('',#271,#842,#844,.T.);
#842 = VERTEX_POINT('',#843);
#843 = CARTESIAN_POINT('',(0.,-2.5E-03,2.500749999677E-03));
#844 = SURFACE_CURVE('',#845,(#849,#856),.PCURVE_S1.);
#845 = LINE('',#846,#847);
#846 = CARTESIAN_POINT('',(0.,-2.5E-03,0.));
#847 = VECTOR('',#848,1.);
#848 = DIRECTION('',(0.,0.,1.));
#849 = PCURVE('',#95,#850);
#850 = DEFINITIONAL_REPRESENTATION('',(#851),#855);
#851 = LINE('',#852,#853);
#852 = CARTESIAN_POINT('',(0.,0.));
#853 = VECTOR('',#854,1.);
#854 = DIRECTION('',(0.,-1.));
#855 = ( GEOMETRIC_REPRESENTATION_CONTEXT(2) 
PARAMETRIC_REPRESENTATION_CONTEXT() REPRESENTATION_CONTEXT('2D SPACE',''
  ) );
#856 = PCURVE('',#287,#857);
#857 = DEFINITIONAL_REPRESENTATION('',(#858),#862);
#858 = LINE('',#859,#860);
#859 = CARTESIAN_POINT('',(-3.14159265359,0.));
#860 = VECTOR('',#861,1.);
#861 = DIRECTION('',(-0.,-1.));
#862 = ( GEOMETRIC_REPRESENTATION_CONTEXT(2) 
PARAMETRIC_REPRESENTATION_CONTEXT() REPRESENTATION_CONTEXT('2D SPACE',''
  ) );
#863 = ORIENTED_EDGE('',*,*,#864,.F.);
#864 = EDGE_CURVE('',#865,#842,#867,.T.);
#865 = VERTEX_POINT('',#866);
#866 = CARTESIAN_POINT('',(5.804357012385E-21,-1.560000405801E-02,
    1.560468405722E-02));
#867 = SURFACE_CURVE('',#868,(#872,#878),.PCURVE_S1.);
#868 = LINE('',#869,#870);
#869 = CARTESIAN_POINT('',(-3.214317648326E-17,-6.424813775126E-03,
    6.426741218431E-03));
#870 = VECTOR('',#871,1.);
#871 = DIRECTION('',(-0.,0.707000723171,-0.707212823297));
#872 = PCURVE('',#95,#873);
#873 = DEFINITIONAL_REPRESENTATION('',(#874),#877);
#874 = B_SPLINE_CURVE_WITH_KNOTS('',1,(#875,#876),.UNSPECIFIED.,.F.,.F.,
  (2,2),(-1.297762503231E-02,5.551357511378E-03),
  .PIECEWISE_BEZIER_KNOTS.);
#875 = CARTESIAN_POINT('',(1.310000405801E-02,-1.560468405722E-02));
#876 = CARTESIAN_POINT('',(-9.342679848652E-19,-2.500749999679E-03));
#877 = ( GEOMETRIC_REPRESENTATION_CONTEXT(2) 
PARAMETRIC_REPRESENTATION_CONTEXT() REPRESENTATION_CONTEXT('2D SPACE',''
  ) );
#878 = PCURVE('',#879,#884);
#879 = PLANE('',#880);
#880 = AXIS2_PLACEMENT_3D('',#881,#882,#883);
#881 = CARTESIAN_POINT('',(5.682291390779E-04,-2.319303606081E-02,
    1.39257916449E-05));
#882 = DIRECTION('',(-0.99939975036,-2.449998946567E-02,
    -2.449264167633E-02));
#883 = DIRECTION('',(-2.449263530508E-02,0.999699830207,
    -6.002496398664E-04));
#884 = DEFINITIONAL_REPRESENTATION('',(#885),#888);
#885 = B_SPLINE_CURVE_WITH_KNOTS('',1,(#886,#887),.UNSPECIFIED.,.F.,.F.,
  (2,2),(-1.297762503231E-02,5.551357511378E-03),
  .PIECEWISE_BEZIER_KNOTS.);
#886 = CARTESIAN_POINT('',(7.59531188599E-03,-1.56E-02));
#887 = CARTESIAN_POINT('',(2.06992493502E-02,-2.499999349679E-03));
#888 = ( GEOMETRIC_REPRESENTATION_CONTEXT(2) 
PARAMETRIC_REPRESENTATION_CONTEXT() REPRESENTATION_CONTEXT('2D SPACE',''
  ) );
#889 = ORIENTED_EDGE('',*,*,#890,.T.);
#890 = EDGE_CURVE('',#865,#891,#893,.T.);
#891 = VERTEX_POINT('',#892);
#892 = CARTESIAN_POINT('',(0.,-2.5E-03,1.560468405722E-02));
#893 = SURFACE_CURVE('',#894,(#898,#904),.PCURVE_S1.);
#894 = LINE('',#895,#896);
#895 = CARTESIAN_POINT('',(-1.473821630507E-18,-3.03159154473E-03,
    1.560468405722E-02));
#896 = VECTOR('',#897,1.);
#897 = DIRECTION('',(-0.,1.,-0.));
#898 = PCURVE('',#95,#899);
#899 = DEFINITIONAL_REPRESENTATION('',(#900),#903);
#900 = B_SPLINE_CURVE_WITH_KNOTS('',1,(#901,#902),.UNSPECIFIED.,.F.,.F.,
  (2,2),(-2.016144451608E-02,5.315915447303E-04),
  .PIECEWISE_BEZIER_KNOTS.);
#901 = CARTESIAN_POINT('',(2.069303606081E-02,-1.560468405722E-02));
#902 = CARTESIAN_POINT('',(0.,-1.560468405722E-02));
#903 = ( GEOMETRIC_REPRESENTATION_CONTEXT(2) 
PARAMETRIC_REPRESENTATION_CONTEXT() REPRESENTATION_CONTEXT('2D SPACE',''
  ) );
#904 = PCURVE('',#562,#905);
#905 = DEFINITIONAL_REPRESENTATION('',(#906),#909);
#906 = B_SPLINE_CURVE_WITH_KNOTS('',1,(#907,#908),.UNSPECIFIED.,.F.,.F.,
  (2,2),(-2.016144451608E-02,5.315915447303E-04),
  .PIECEWISE_BEZIER_KNOTS.);
#907 = CARTESIAN_POINT('',(2.316205056099E-02,-1.962985297135E-02));
#908 = CARTESIAN_POINT('',(2.316205056099E-02,1.063183089461E-03));
#909 = ( GEOMETRIC_REPRESENTATION_CONTEXT(2) 
PARAMETRIC_REPRESENTATION_CONTEXT() REPRESENTATION_CONTEXT('2D SPACE',''
  ) );
#910 = ORIENTED_EDGE('',*,*,#911,.T.);
#911 = EDGE_CURVE('',#891,#912,#914,.T.);
#912 = VERTEX_POINT('',#913);
#913 = CARTESIAN_POINT('',(0.,-2.5E-03,2.34E-02));
#914 = SURFACE_CURVE('',#915,(#919,#926),.PCURVE_S1.);
#915 = LINE('',#916,#917);
#916 = CARTESIAN_POINT('',(0.,-2.5E-03,0.));
#917 = VECTOR('',#918,1.);
#918 = DIRECTION('',(0.,0.,1.));
#919 = PCURVE('',#95,#920);
#920 = DEFINITIONAL_REPRESENTATION('',(#921),#925);
#921 = LINE('',#922,#923);
#922 = CARTESIAN_POINT('',(0.,0.));
#923 = VECTOR('',#924,1.);
#924 = DIRECTION('',(0.,-1.));
#925 = ( GEOMETRIC_REPRESENTATION_CONTEXT(2) 
PARAMETRIC_REPRESENTATION_CONTEXT() REPRESENTATION_CONTEXT('2D SPACE',''
  ) );
#926 = PCURVE('',#509,#927);
#927 = DEFINITIONAL_REPRESENTATION('',(#928),#932);
#928 = LINE('',#929,#930);
#929 = CARTESIAN_POINT('',(-3.14159265359,0.));
#930 = VECTOR('',#931,1.);
#931 = DIRECTION('',(-0.,-1.));
#932 = ( GEOMETRIC_REPRESENTATION_CONTEXT(2) 
PARAMETRIC_REPRESENTATION_CONTEXT() REPRESENTATION_CONTEXT('2D SPACE',''
  ) );
#933 = ORIENTED_EDGE('',*,*,#934,.T.);
#934 = EDGE_CURVE('',#912,#935,#937,.T.);
#935 = VERTEX_POINT('',#936);
#936 = CARTESIAN_POINT('',(0.,-0.4451,2.34E-02));
#937 = SURFACE_CURVE('',#938,(#942,#949),.PCURVE_S1.);
#938 = LINE('',#939,#940);
#939 = CARTESIAN_POINT('',(0.,-2.5E-03,2.34E-02));
#940 = VECTOR('',#941,1.);
#941 = DIRECTION('',(0.,-1.,0.));
#942 = PCURVE('',#95,#943);
#943 = DEFINITIONAL_REPRESENTATION('',(#944),#948);
#944 = LINE('',#945,#946);
#945 = CARTESIAN_POINT('',(0.,-2.34E-02));
#946 = VECTOR('',#947,1.);
#947 = DIRECTION('',(1.,0.));
#948 = ( GEOMETRIC_REPRESENTATION_CONTEXT(2) 
PARAMETRIC_REPRESENTATION_CONTEXT() REPRESENTATION_CONTEXT('2D SPACE',''
  ) );
#949 = PCURVE('',#481,#950);
#950 = DEFINITIONAL_REPRESENTATION('',(#951),#955);
#951 = LINE('',#952,#953);
#952 = CARTESIAN_POINT('',(-2.33E-02,0.23315));
#953 = VECTOR('',#954,1.);
#954 = DIRECTION('',(0.,-1.));
#955 = ( GEOMETRIC_REPRESENTATION_CONTEXT(2) 
PARAMETRIC_REPRESENTATION_CONTEXT() REPRESENTATION_CONTEXT('2D SPACE',''
  ) );
#956 = ORIENTED_EDGE('',*,*,#957,.T.);
#957 = EDGE_CURVE('',#935,#650,#958,.T.);
#958 = SURFACE_CURVE('',#959,(#963,#970),.PCURVE_S1.);
#959 = LINE('',#960,#961);
#960 = CARTESIAN_POINT('',(0.,-0.4451,2.34E-02));
#961 = VECTOR('',#962,1.);
#962 = DIRECTION('',(-0.,-0.,-1.));
#963 = PCURVE('',#95,#964);
#964 = DEFINITIONAL_REPRESENTATION('',(#965),#969);
#965 = LINE('',#966,#967);
#966 = CARTESIAN_POINT('',(0.4426,-2.34E-02));
#967 = VECTOR('',#968,1.);
#968 = DIRECTION('',(0.,1.));
#969 = ( GEOMETRIC_REPRESENTATION_CONTEXT(2) 
PARAMETRIC_REPRESENTATION_CONTEXT() REPRESENTATION_CONTEXT('2D SPACE',''
  ) );
#970 = PCURVE('',#454,#971);
#971 = DEFINITIONAL_REPRESENTATION('',(#972),#976);
#972 = LINE('',#973,#974);
#973 = CARTESIAN_POINT('',(4.69E-02,0.));
#974 = VECTOR('',#975,1.);
#975 = DIRECTION('',(0.,-1.));
#976 = ( GEOMETRIC_REPRESENTATION_CONTEXT(2) 
PARAMETRIC_REPRESENTATION_CONTEXT() REPRESENTATION_CONTEXT('2D SPACE',''
  ) );
#977 = ORIENTED_EDGE('',*,*,#649,.T.);
#978 = ORIENTED_EDGE('',*,*,#79,.F.);
#979 = ADVANCED_FACE('',(#980),#287,.T.);
#980 = FACE_BOUND('',#981,.F.);
#981 = EDGE_LOOP('',(#982,#983,#984,#1011,#1036));
#982 = ORIENTED_EDGE('',*,*,#270,.F.);
#983 = ORIENTED_EDGE('',*,*,#625,.T.);
#984 = ORIENTED_EDGE('',*,*,#985,.F.);
#985 = EDGE_CURVE('',#986,#600,#988,.T.);
#986 = VERTEX_POINT('',#987);
#987 = CARTESIAN_POINT('',(3.155207400937E-05,-1.287840309422E-03,
    7.732577905668E-07));
#988 = SURFACE_CURVE('',#989,(#994,#1004),.PCURVE_S1.);
#989 = ELLIPSE('',#990,2.330699605982E-02,2.33E-02);
#990 = AXIS2_PLACEMENT_3D('',#991,#992,#993);
#991 = CARTESIAN_POINT('',(2.33E-02,-2.5E-03,5.710213063919E-04));
#992 = DIRECTION('',(2.4499995835E-02,0.,-0.999699830051));
#993 = DIRECTION('',(-0.999699830051,0.,-2.4499995835E-02));
#994 = PCURVE('',#287,#995);
#995 = DEFINITIONAL_REPRESENTATION('',(#996),#1003);
#996 = B_SPLINE_CURVE_WITH_KNOTS('',5,(#997,#998,#999,#1000,#1001,#1002)
  ,.UNSPECIFIED.,.F.,.F.,(6,6),(8.748139058337E-16,3.14159265359),
  .PIECEWISE_BEZIER_KNOTS.);
#997 = CARTESIAN_POINT('',(-3.14159265359,3.252606517457E-19));
#998 = CARTESIAN_POINT('',(-2.513274122872,1.139205950811E-20));
#999 = CARTESIAN_POINT('',(-1.884955592154,-2.791537673109E-04));
#1000 = CARTESIAN_POINT('',(-1.256637061436,-8.628888454729E-04));
#1001 = CARTESIAN_POINT('',(-0.628318530718,-1.142042612784E-03));
#1002 = CARTESIAN_POINT('',(0.,-1.142042612784E-03));
#1003 = ( GEOMETRIC_REPRESENTATION_CONTEXT(2) 
PARAMETRIC_REPRESENTATION_CONTEXT() REPRESENTATION_CONTEXT('2D SPACE',''
  ) );
#1004 = PCURVE('',#614,#1005);
#1005 = DEFINITIONAL_REPRESENTATION('',(#1006),#1010);
#1006 = ELLIPSE('',#1007,2.330699605982E-02,2.33E-02);
#1007 = AXIS2_PLACEMENT_2D('',#1008,#1009);
#1008 = CARTESIAN_POINT('',(2.373691955802E-04,1.063183089461E-03));
#1009 = DIRECTION('',(1.,0.));
#1010 = ( GEOMETRIC_REPRESENTATION_CONTEXT(2) 
PARAMETRIC_REPRESENTATION_CONTEXT() REPRESENTATION_CONTEXT('2D SPACE',''
  ) );
#1011 = ORIENTED_EDGE('',*,*,#1012,.F.);
#1012 = EDGE_CURVE('',#842,#986,#1013,.T.);
#1013 = SURFACE_CURVE('',#1014,(#1019,#1029),.PCURVE_S1.);
#1014 = ELLIPSE('',#1015,0.951306123199,2.33E-02);
#1015 = AXIS2_PLACEMENT_3D('',#1016,#1017,#1018);
#1016 = CARTESIAN_POINT('',(2.33E-02,-2.5E-03,-0.948234352041));
#1017 = DIRECTION('',(-0.99939975036,-2.449998946567E-02,
    -2.449264167633E-02));
#1018 = DIRECTION('',(2.448528531148E-02,6.002495317604E-04,
    -0.999700010255));
#1019 = PCURVE('',#287,#1020);
#1020 = DEFINITIONAL_REPRESENTATION('',(#1021),#1028);
#1021 = B_SPLINE_CURVE_WITH_KNOTS('',5,(#1022,#1023,#1024,#1025,#1026,
    #1027),.UNSPECIFIED.,.F.,.F.,(6,6),(3.166102448895,3.218168843314),
  .PIECEWISE_BEZIER_KNOTS.);
#1022 = CARTESIAN_POINT('',(-3.14159265359,-2.500749999678E-03));
#1023 = CARTESIAN_POINT('',(-3.131179374706,-2.258047812897E-03));
#1024 = CARTESIAN_POINT('',(-3.120766095822,-1.886477789119E-03));
#1025 = CARTESIAN_POINT('',(-3.110352816938,-1.386094753203E-03));
#1026 = CARTESIAN_POINT('',(-3.099939538055,-7.570117717678E-04));
#1027 = CARTESIAN_POINT('',(-3.089526259171,5.999999997952E-07));
#1028 = ( GEOMETRIC_REPRESENTATION_CONTEXT(2) 
PARAMETRIC_REPRESENTATION_CONTEXT() REPRESENTATION_CONTEXT('2D SPACE',''
  ) );
#1029 = PCURVE('',#879,#1030);
#1030 = DEFINITIONAL_REPRESENTATION('',(#1031),#1035);
#1031 = ELLIPSE('',#1032,0.951306123199,2.33E-02);
#1032 = AXIS2_PLACEMENT_2D('',#1033,#1034);
#1033 = CARTESIAN_POINT('',(2.06992493502E-02,0.948520570487));
#1034 = DIRECTION('',(6.004297626379E-04,0.999999819742));
#1035 = ( GEOMETRIC_REPRESENTATION_CONTEXT(2) 
PARAMETRIC_REPRESENTATION_CONTEXT() REPRESENTATION_CONTEXT('2D SPACE',''
  ) );
#1036 = ORIENTED_EDGE('',*,*,#841,.F.);
#1037 = ADVANCED_FACE('',(#1038),#339,.F.);
#1038 = FACE_BOUND('',#1039,.T.);
#1039 = EDGE_LOOP('',(#1040,#1041,#1062,#1063,#1084,#1113,#1132,#1133));
#1040 = ORIENTED_EDGE('',*,*,#322,.F.);
#1041 = ORIENTED_EDGE('',*,*,#1042,.T.);
#1042 = EDGE_CURVE('',#323,#751,#1043,.T.);
#1043 = SEAM_CURVE('',#1044,(#1048,#1055),.PCURVE_S1.);
#1044 = LINE('',#1045,#1046);
#1045 = CARTESIAN_POINT('',(3.63E-02,-0.4688,0.));
#1046 = VECTOR('',#1047,1.);
#1047 = DIRECTION('',(0.,0.,1.));
#1048 = PCURVE('',#339,#1049);
#1049 = DEFINITIONAL_REPRESENTATION('',(#1050),#1054);
#1050 = LINE('',#1051,#1052);
#1051 = CARTESIAN_POINT('',(-6.28318530718,0.));
#1052 = VECTOR('',#1053,1.);
#1053 = DIRECTION('',(-0.,-1.));
#1054 = ( GEOMETRIC_REPRESENTATION_CONTEXT(2) 
PARAMETRIC_REPRESENTATION_CONTEXT() REPRESENTATION_CONTEXT('2D SPACE',''
  ) );
#1055 = PCURVE('',#339,#1056);
#1056 = DEFINITIONAL_REPRESENTATION('',(#1057),#1061);
#1057 = LINE('',#1058,#1059);
#1058 = CARTESIAN_POINT('',(-0.,0.));
#1059 = VECTOR('',#1060,1.);
#1060 = DIRECTION('',(-0.,-1.));
#1061 = ( GEOMETRIC_REPRESENTATION_CONTEXT(2) 
PARAMETRIC_REPRESENTATION_CONTEXT() REPRESENTATION_CONTEXT('2D SPACE',''
  ) );
#1062 = ORIENTED_EDGE('',*,*,#750,.F.);
#1063 = ORIENTED_EDGE('',*,*,#1064,.F.);
#1064 = EDGE_CURVE('',#1065,#720,#1067,.T.);
#1065 = VERTEX_POINT('',#1066);
#1066 = CARTESIAN_POINT('',(3.186363636364E-02,-0.460279727626,2.34E-02)
  );
#1067 = SURFACE_CURVE('',#1068,(#1072,#1078),.PCURVE_S1.);
#1068 = LINE('',#1069,#1070);
#1069 = CARTESIAN_POINT('',(3.186363636364E-02,-0.460279727626,0.));
#1070 = VECTOR('',#1071,1.);
#1071 = DIRECTION('',(-0.,-0.,-1.));
#1072 = PCURVE('',#339,#1073);
#1073 = DEFINITIONAL_REPRESENTATION('',(#1074),#1077);
#1074 = B_SPLINE_CURVE_WITH_KNOTS('',1,(#1075,#1076),.UNSPECIFIED.,.F.,
  .F.,(2,2),(-2.34006E-02,-7.7994E-03),.PIECEWISE_BEZIER_KNOTS.);
#1075 = CARTESIAN_POINT('',(-0.960114025731,-2.34006E-02));
#1076 = CARTESIAN_POINT('',(-0.960114025731,-7.7994E-03));
#1077 = ( GEOMETRIC_REPRESENTATION_CONTEXT(2) 
PARAMETRIC_REPRESENTATION_CONTEXT() REPRESENTATION_CONTEXT('2D SPACE',''
  ) );
#1078 = PCURVE('',#738,#1079);
#1079 = DEFINITIONAL_REPRESENTATION('',(#1080),#1083);
#1080 = B_SPLINE_CURVE_WITH_KNOTS('',1,(#1081,#1082),.UNSPECIFIED.,.F.,
  .F.,(2,2),(-2.34006E-02,-7.7994E-03),.PIECEWISE_BEZIER_KNOTS.);
#1081 = CARTESIAN_POINT('',(0.806770955032,5.999999999999E-07));
#1082 = CARTESIAN_POINT('',(0.806770955032,-1.56006E-02));
#1083 = ( GEOMETRIC_REPRESENTATION_CONTEXT(2) 
PARAMETRIC_REPRESENTATION_CONTEXT() REPRESENTATION_CONTEXT('2D SPACE',''
  ) );
#1084 = ORIENTED_EDGE('',*,*,#1085,.T.);
#1085 = EDGE_CURVE('',#1065,#1086,#1088,.T.);
#1086 = VERTEX_POINT('',#1087);
#1087 = CARTESIAN_POINT('',(3.186363636364E-02,-0.477320272374,2.34E-02)
  );
#1088 = SURFACE_CURVE('',#1089,(#1094,#1101),.PCURVE_S1.);
#1089 = CIRCLE('',#1090,1.04E-02);
#1090 = AXIS2_PLACEMENT_3D('',#1091,#1092,#1093);
#1091 = CARTESIAN_POINT('',(2.59E-02,-0.4688,2.34E-02));
#1092 = DIRECTION('',(0.,0.,1.));
#1093 = DIRECTION('',(1.,0.,0.));
#1094 = PCURVE('',#339,#1095);
#1095 = DEFINITIONAL_REPRESENTATION('',(#1096),#1100);
#1096 = LINE('',#1097,#1098);
#1097 = CARTESIAN_POINT('',(-0.,-2.34E-02));
#1098 = VECTOR('',#1099,1.);
#1099 = DIRECTION('',(-1.,0.));
#1100 = ( GEOMETRIC_REPRESENTATION_CONTEXT(2) 
PARAMETRIC_REPRESENTATION_CONTEXT() REPRESENTATION_CONTEXT('2D SPACE',''
  ) );
#1101 = PCURVE('',#1102,#1107);
#1102 = PLANE('',#1103);
#1103 = AXIS2_PLACEMENT_3D('',#1104,#1105,#1106);
#1104 = CARTESIAN_POINT('',(2.33E-02,-0.23565,2.34E-02));
#1105 = DIRECTION('',(0.,0.,1.));
#1106 = DIRECTION('',(1.,0.,-0.));
#1107 = DEFINITIONAL_REPRESENTATION('',(#1108),#1112);
#1108 = CIRCLE('',#1109,1.04E-02);
#1109 = AXIS2_PLACEMENT_2D('',#1110,#1111);
#1110 = CARTESIAN_POINT('',(2.6E-03,-0.23315));
#1111 = DIRECTION('',(1.,0.));
#1112 = ( GEOMETRIC_REPRESENTATION_CONTEXT(2) 
PARAMETRIC_REPRESENTATION_CONTEXT() REPRESENTATION_CONTEXT('2D SPACE',''
  ) );
#1113 = ORIENTED_EDGE('',*,*,#1114,.T.);
#1114 = EDGE_CURVE('',#1086,#722,#1115,.T.);
#1115 = SURFACE_CURVE('',#1116,(#1120,#1126),.PCURVE_S1.);
#1116 = LINE('',#1117,#1118);
#1117 = CARTESIAN_POINT('',(3.186363636364E-02,-0.477320272374,0.));
#1118 = VECTOR('',#1119,1.);
#1119 = DIRECTION('',(-0.,-0.,-1.));
#1120 = PCURVE('',#339,#1121);
#1121 = DEFINITIONAL_REPRESENTATION('',(#1122),#1125);
#1122 = B_SPLINE_CURVE_WITH_KNOTS('',1,(#1123,#1124),.UNSPECIFIED.,.F.,
  .F.,(2,2),(-2.34006E-02,-7.7994E-03),.PIECEWISE_BEZIER_KNOTS.);
#1123 = CARTESIAN_POINT('',(-5.323071281448,-2.34006E-02));
#1124 = CARTESIAN_POINT('',(-5.323071281448,-7.7994E-03));
#1125 = ( GEOMETRIC_REPRESENTATION_CONTEXT(2) 
PARAMETRIC_REPRESENTATION_CONTEXT() REPRESENTATION_CONTEXT('2D SPACE',''
  ) );
#1126 = PCURVE('',#738,#1127);
#1127 = DEFINITIONAL_REPRESENTATION('',(#1128),#1131);
#1128 = B_SPLINE_CURVE_WITH_KNOTS('',1,(#1129,#1130),.UNSPECIFIED.,.F.,
  .F.,(2,2),(-2.34006E-02,-7.7994E-03),.PIECEWISE_BEZIER_KNOTS.);
#1129 = CARTESIAN_POINT('',(5.476414352147,5.999999999999E-07));
#1130 = CARTESIAN_POINT('',(5.476414352147,-1.56006E-02));
#1131 = ( GEOMETRIC_REPRESENTATION_CONTEXT(2) 
PARAMETRIC_REPRESENTATION_CONTEXT() REPRESENTATION_CONTEXT('2D SPACE',''
  ) );
#1132 = ORIENTED_EDGE('',*,*,#778,.F.);
#1133 = ORIENTED_EDGE('',*,*,#1042,.F.);
#1134 = ADVANCED_FACE('',(#1135),#370,.F.);
#1135 = FACE_BOUND('',#1136,.T.);
#1136 = EDGE_LOOP('',(#1137,#1160,#1182,#1183));
#1137 = ORIENTED_EDGE('',*,*,#1138,.T.);
#1138 = EDGE_CURVE('',#354,#1139,#1141,.T.);
#1139 = VERTEX_POINT('',#1140);
#1140 = CARTESIAN_POINT('',(3.63E-02,-0.2357,2.34E-02));
#1141 = SEAM_CURVE('',#1142,(#1146,#1153),.PCURVE_S1.);
#1142 = LINE('',#1143,#1144);
#1143 = CARTESIAN_POINT('',(3.63E-02,-0.2357,0.));
#1144 = VECTOR('',#1145,1.);
#1145 = DIRECTION('',(0.,0.,1.));
#1146 = PCURVE('',#370,#1147);
#1147 = DEFINITIONAL_REPRESENTATION('',(#1148),#1152);
#1148 = LINE('',#1149,#1150);
#1149 = CARTESIAN_POINT('',(-0.,0.));
#1150 = VECTOR('',#1151,1.);
#1151 = DIRECTION('',(-0.,-1.));
#1152 = ( GEOMETRIC_REPRESENTATION_CONTEXT(2) 
PARAMETRIC_REPRESENTATION_CONTEXT() REPRESENTATION_CONTEXT('2D SPACE',''
  ) );
#1153 = PCURVE('',#370,#1154);
#1154 = DEFINITIONAL_REPRESENTATION('',(#1155),#1159);
#1155 = LINE('',#1156,#1157);
#1156 = CARTESIAN_POINT('',(-6.28318530718,0.));
#1157 = VECTOR('',#1158,1.);
#1158 = DIRECTION('',(-0.,-1.));
#1159 = ( GEOMETRIC_REPRESENTATION_CONTEXT(2) 
PARAMETRIC_REPRESENTATION_CONTEXT() REPRESENTATION_CONTEXT('2D SPACE',''
  ) );
#1160 = ORIENTED_EDGE('',*,*,#1161,.T.);
#1161 = EDGE_CURVE('',#1139,#1139,#1162,.T.);
#1162 = SURFACE_CURVE('',#1163,(#1168,#1175),.PCURVE_S1.);
#1163 = CIRCLE('',#1164,1.04E-02);
#1164 = AXIS2_PLACEMENT_3D('',#1165,#1166,#1167);
#1165 = CARTESIAN_POINT('',(2.59E-02,-0.2357,2.34E-02));
#1166 = DIRECTION('',(0.,0.,1.));
#1167 = DIRECTION('',(1.,0.,0.));
#1168 = PCURVE('',#370,#1169);
#1169 = DEFINITIONAL_REPRESENTATION('',(#1170),#1174);
#1170 = LINE('',#1171,#1172);
#1171 = CARTESIAN_POINT('',(-0.,-2.34E-02));
#1172 = VECTOR('',#1173,1.);
#1173 = DIRECTION('',(-1.,0.));
#1174 = ( GEOMETRIC_REPRESENTATION_CONTEXT(2) 
PARAMETRIC_REPRESENTATION_CONTEXT() REPRESENTATION_CONTEXT('2D SPACE',''
  ) );
#1175 = PCURVE('',#481,#1176);
#1176 = DEFINITIONAL_REPRESENTATION('',(#1177),#1181);
#1177 = CIRCLE('',#1178,1.04E-02);
#1178 = AXIS2_PLACEMENT_2D('',#1179,#1180);
#1179 = CARTESIAN_POINT('',(2.6E-03,-5.000000000002E-05));
#1180 = DIRECTION('',(1.,0.));
#1181 = ( GEOMETRIC_REPRESENTATION_CONTEXT(2) 
PARAMETRIC_REPRESENTATION_CONTEXT() REPRESENTATION_CONTEXT('2D SPACE',''
  ) );
#1182 = ORIENTED_EDGE('',*,*,#1138,.F.);
#1183 = ORIENTED_EDGE('',*,*,#353,.F.);
#1184 = ADVANCED_FACE('',(#1185),#401,.F.);
#1185 = FACE_BOUND('',#1186,.T.);
#1186 = EDGE_LOOP('',(#1187,#1188,#1211,#1239,#1273,#1301,#1324,#1346,
    #1347,#1375,#1404,#1430));
#1187 = ORIENTED_EDGE('',*,*,#384,.F.);
#1188 = ORIENTED_EDGE('',*,*,#1189,.T.);
#1189 = EDGE_CURVE('',#385,#1190,#1192,.T.);
#1190 = VERTEX_POINT('',#1191);
#1191 = CARTESIAN_POINT('',(3.63E-02,-2.5E-03,8.896168850655E-04));
#1192 = SEAM_CURVE('',#1193,(#1197,#1204),.PCURVE_S1.);
#1193 = LINE('',#1194,#1195);
#1194 = CARTESIAN_POINT('',(3.63E-02,-2.5E-03,0.));
#1195 = VECTOR('',#1196,1.);
#1196 = DIRECTION('',(0.,0.,1.));
#1197 = PCURVE('',#401,#1198);
#1198 = DEFINITIONAL_REPRESENTATION('',(#1199),#1203);
#1199 = LINE('',#1200,#1201);
#1200 = CARTESIAN_POINT('',(-6.28318530718,0.));
#1201 = VECTOR('',#1202,1.);
#1202 = DIRECTION('',(-0.,-1.));
#1203 = ( GEOMETRIC_REPRESENTATION_CONTEXT(2) 
PARAMETRIC_REPRESENTATION_CONTEXT() REPRESENTATION_CONTEXT('2D SPACE',''
  ) );
#1204 = PCURVE('',#401,#1205);
#1205 = DEFINITIONAL_REPRESENTATION('',(#1206),#1210);
#1206 = LINE('',#1207,#1208);
#1207 = CARTESIAN_POINT('',(-0.,0.));
#1208 = VECTOR('',#1209,1.);
#1209 = DIRECTION('',(-0.,-1.));
#1210 = ( GEOMETRIC_REPRESENTATION_CONTEXT(2) 
PARAMETRIC_REPRESENTATION_CONTEXT() REPRESENTATION_CONTEXT('2D SPACE',''
  ) );
#1211 = ORIENTED_EDGE('',*,*,#1212,.F.);
#1212 = EDGE_CURVE('',#1213,#1190,#1215,.T.);
#1213 = VERTEX_POINT('',#1214);
#1214 = CARTESIAN_POINT('',(3.54330508311E-02,1.657035223776E-03,
    8.683702564388E-04));
#1215 = SURFACE_CURVE('',#1216,(#1221,#1232),.PCURVE_S1.);
#1216 = ELLIPSE('',#1217,1.040312270481E-02,1.04E-02);
#1217 = AXIS2_PLACEMENT_3D('',#1218,#1219,#1220);
#1218 = CARTESIAN_POINT('',(2.59E-02,-2.5E-03,6.347404221266E-04));
#1219 = DIRECTION('',(2.4499995835E-02,0.,-0.999699830051));
#1220 = DIRECTION('',(-0.999699830051,0.,-2.4499995835E-02));
#1221 = PCURVE('',#401,#1222);
#1222 = DEFINITIONAL_REPRESENTATION('',(#1223),#1231);
#1223 = B_SPLINE_CURVE_WITH_KNOTS('',6,(#1224,#1225,#1226,#1227,#1228,
    #1229,#1230),.UNSPECIFIED.,.F.,.F.,(7,7),(3.14159265359,
    9.424777960769),.PIECEWISE_BEZIER_KNOTS.);
#1224 = CARTESIAN_POINT('',(-6.28318530718,-8.896168850655E-04));
#1225 = CARTESIAN_POINT('',(-5.235987755983,-8.896168850655E-04));
#1226 = CARTESIAN_POINT('',(-4.188790204786,-5.761782521871E-04));
#1227 = CARTESIAN_POINT('',(-3.14159265359,2.675741136842E-04));
#1228 = CARTESIAN_POINT('',(-2.094395102393,-5.761782521871E-04));
#1229 = CARTESIAN_POINT('',(-1.047197551197,-8.896168850655E-04));
#1230 = CARTESIAN_POINT('',(-3.19744231092E-14,-8.896168850655E-04));
#1231 = ( GEOMETRIC_REPRESENTATION_CONTEXT(2) 
PARAMETRIC_REPRESENTATION_CONTEXT() REPRESENTATION_CONTEXT('2D SPACE',''
  ) );
#1232 = PCURVE('',#614,#1233);
#1233 = DEFINITIONAL_REPRESENTATION('',(#1234),#1238);
#1234 = ELLIPSE('',#1235,1.040312270481E-02,1.04E-02);
#1235 = AXIS2_PLACEMENT_2D('',#1236,#1237);
#1236 = CARTESIAN_POINT('',(-2.363411480623E-03,1.063183089461E-03));
#1237 = DIRECTION('',(1.,0.));
#1238 = ( GEOMETRIC_REPRESENTATION_CONTEXT(2) 
PARAMETRIC_REPRESENTATION_CONTEXT() REPRESENTATION_CONTEXT('2D SPACE',''
  ) );
#1239 = ORIENTED_EDGE('',*,*,#1240,.T.);
#1240 = EDGE_CURVE('',#1213,#1241,#1243,.T.);
#1241 = VERTEX_POINT('',#1242);
#1242 = CARTESIAN_POINT('',(3.490891772571E-02,2.696094823178E-03,
    1.646020919904E-02));
#1243 = SURFACE_CURVE('',#1244,(#1250,#1259),.PCURVE_S1.);
#1244 = B_SPLINE_CURVE_WITH_KNOTS('',4,(#1245,#1246,#1247,#1248,#1249),
  .UNSPECIFIED.,.F.,.F.,(5,5),(0.,1.),.PIECEWISE_BEZIER_KNOTS.);
#1245 = CARTESIAN_POINT('',(3.543306943861E-02,1.656992552159E-03,
    8.677705323034E-04));
#1246 = CARTESIAN_POINT('',(3.531749700292E-02,1.922030326659E-03,
    4.592709447832E-03));
#1247 = CARTESIAN_POINT('',(3.519159097175E-02,2.183950867387E-03,
    8.422915268618E-03));
#1248 = CARTESIAN_POINT('',(3.505536922393E-02,2.442181656347E-03,
    1.237299247559E-02));
#1249 = CARTESIAN_POINT('',(3.49088962392E-02,2.696132076002E-03,
    1.646080885262E-02));
#1250 = PCURVE('',#401,#1251);
#1251 = DEFINITIONAL_REPRESENTATION('',(#1252),#1258);
#1252 = B_SPLINE_CURVE_WITH_KNOTS('',4,(#1253,#1254,#1255,#1256,#1257),
  .UNSPECIFIED.,.F.,.F.,(5,5),(0.,1.),.PIECEWISE_BEZIER_KNOTS.);
#1253 = CARTESIAN_POINT('',(-0.41120134907,-8.677705323032E-04));
#1254 = CARTESIAN_POINT('',(-0.43900328382,-4.592709447832E-03));
#1255 = CARTESIAN_POINT('',(-0.466927632727,-8.422915268618E-03));
#1256 = CARTESIAN_POINT('',(-0.494980528039,-1.237299247559E-02));
#1257 = CARTESIAN_POINT('',(-0.523169377473,-1.646080885262E-02));
#1258 = ( GEOMETRIC_REPRESENTATION_CONTEXT(2) 
PARAMETRIC_REPRESENTATION_CONTEXT() REPRESENTATION_CONTEXT('2D SPACE',''
  ) );
#1259 = PCURVE('',#1260,#1265);
#1260 = CYLINDRICAL_SURFACE('',#1261,1.18E-02);
#1261 = AXIS2_PLACEMENT_3D('',#1262,#1263,#1264);
#1262 = CARTESIAN_POINT('',(2.368577408354E-02,5.806497503363E-04,
    5.804756077289E-04));
#1263 = DIRECTION('',(2.4499995835E-02,-1.362764378966E-20,
    -0.999699830051));
#1264 = DIRECTION('',(0.99939975036,2.449998946567E-02,
    2.449264167633E-02));
#1265 = DEFINITIONAL_REPRESENTATION('',(#1266),#1272);
#1266 = B_SPLINE_CURVE_WITH_KNOTS('',4,(#1267,#1268,#1269,#1270,#1271),
  .UNSPECIFIED.,.F.,.F.,(5,5),(0.,1.),.PIECEWISE_BEZIER_KNOTS.);
#1267 = CARTESIAN_POINT('',(6.21634529117,5.999999999999E-07));
#1268 = CARTESIAN_POINT('',(6.193790435633,-3.726052324998E-03));
#1269 = CARTESIAN_POINT('',(6.171438759514,-7.558193130336E-03));
#1270 = CARTESIAN_POINT('',(6.149310712367,-1.151042207509E-02));
#1271 = CARTESIAN_POINT('',(6.127435070501,-1.56006E-02));
#1272 = ( GEOMETRIC_REPRESENTATION_CONTEXT(2) 
PARAMETRIC_REPRESENTATION_CONTEXT() REPRESENTATION_CONTEXT('2D SPACE',''
  ) );
#1273 = ORIENTED_EDGE('',*,*,#1274,.T.);
#1274 = EDGE_CURVE('',#1241,#1275,#1277,.T.);
#1275 = VERTEX_POINT('',#1276);
#1276 = CARTESIAN_POINT('',(3.63E-02,-2.5E-03,1.649430094228E-02));
#1277 = SURFACE_CURVE('',#1278,(#1283,#1294),.PCURVE_S1.);
#1278 = ELLIPSE('',#1279,1.040312270481E-02,1.04E-02);
#1279 = AXIS2_PLACEMENT_3D('',#1280,#1281,#1282);
#1280 = CARTESIAN_POINT('',(2.59E-02,-2.5E-03,1.623942447934E-02));
#1281 = DIRECTION('',(2.4499995835E-02,0.,-0.999699830051));
#1282 = DIRECTION('',(-0.999699830051,0.,-2.4499995835E-02));
#1283 = PCURVE('',#401,#1284);
#1284 = DEFINITIONAL_REPRESENTATION('',(#1285),#1293);
#1285 = B_SPLINE_CURVE_WITH_KNOTS('',6,(#1286,#1287,#1288,#1289,#1290,
    #1291,#1292),.UNSPECIFIED.,.F.,.F.,(7,7),(3.14159265359,
    9.424777960769),.PIECEWISE_BEZIER_KNOTS.);
#1286 = CARTESIAN_POINT('',(-6.28318530718,-1.649430094228E-02));
#1287 = CARTESIAN_POINT('',(-5.235987755983,-1.649430094228E-02));
#1288 = CARTESIAN_POINT('',(-4.188790204786,-1.61808623094E-02));
#1289 = CARTESIAN_POINT('',(-3.14159265359,-1.533710994353E-02));
#1290 = CARTESIAN_POINT('',(-2.094395102393,-1.61808623094E-02));
#1291 = CARTESIAN_POINT('',(-1.047197551197,-1.649430094228E-02));
#1292 = CARTESIAN_POINT('',(-3.19744231092E-14,-1.649430094228E-02));
#1293 = ( GEOMETRIC_REPRESENTATION_CONTEXT(2) 
PARAMETRIC_REPRESENTATION_CONTEXT() REPRESENTATION_CONTEXT('2D SPACE',''
  ) );
#1294 = PCURVE('',#562,#1295);
#1295 = DEFINITIONAL_REPRESENTATION('',(#1296),#1300);
#1296 = ELLIPSE('',#1297,1.040312270481E-02,1.04E-02);
#1297 = AXIS2_PLACEMENT_2D('',#1298,#1299);
#1298 = CARTESIAN_POINT('',(-2.745726175031E-03,1.063183089461E-03));
#1299 = DIRECTION('',(1.,0.));
#1300 = ( GEOMETRIC_REPRESENTATION_CONTEXT(2) 
PARAMETRIC_REPRESENTATION_CONTEXT() REPRESENTATION_CONTEXT('2D SPACE',''
  ) );
#1301 = ORIENTED_EDGE('',*,*,#1302,.T.);
#1302 = EDGE_CURVE('',#1275,#1303,#1305,.T.);
#1303 = VERTEX_POINT('',#1304);
#1304 = CARTESIAN_POINT('',(3.63E-02,-2.5E-03,2.34E-02));
#1305 = SEAM_CURVE('',#1306,(#1310,#1317),.PCURVE_S1.);
#1306 = LINE('',#1307,#1308);
#1307 = CARTESIAN_POINT('',(3.63E-02,-2.5E-03,0.));
#1308 = VECTOR('',#1309,1.);
#1309 = DIRECTION('',(0.,0.,1.));
#1310 = PCURVE('',#401,#1311);
#1311 = DEFINITIONAL_REPRESENTATION('',(#1312),#1316);
#1312 = LINE('',#1313,#1314);
#1313 = CARTESIAN_POINT('',(-6.28318530718,0.));
#1314 = VECTOR('',#1315,1.);
#1315 = DIRECTION('',(-0.,-1.));
#1316 = ( GEOMETRIC_REPRESENTATION_CONTEXT(2) 
PARAMETRIC_REPRESENTATION_CONTEXT() REPRESENTATION_CONTEXT('2D SPACE',''
  ) );
#1317 = PCURVE('',#401,#1318);
#1318 = DEFINITIONAL_REPRESENTATION('',(#1319),#1323);
#1319 = LINE('',#1320,#1321);
#1320 = CARTESIAN_POINT('',(-0.,0.));
#1321 = VECTOR('',#1322,1.);
#1322 = DIRECTION('',(-0.,-1.));
#1323 = ( GEOMETRIC_REPRESENTATION_CONTEXT(2) 
PARAMETRIC_REPRESENTATION_CONTEXT() REPRESENTATION_CONTEXT('2D SPACE',''
  ) );
#1324 = ORIENTED_EDGE('',*,*,#1325,.T.);
#1325 = EDGE_CURVE('',#1303,#1303,#1326,.T.);
#1326 = SURFACE_CURVE('',#1327,(#1332,#1339),.PCURVE_S1.);
#1327 = CIRCLE('',#1328,1.04E-02);
#1328 = AXIS2_PLACEMENT_3D('',#1329,#1330,#1331);
#1329 = CARTESIAN_POINT('',(2.59E-02,-2.5E-03,2.34E-02));
#1330 = DIRECTION('',(0.,0.,1.));
#1331 = DIRECTION('',(1.,0.,0.));
#1332 = PCURVE('',#401,#1333);
#1333 = DEFINITIONAL_REPRESENTATION('',(#1334),#1338);
#1334 = LINE('',#1335,#1336);
#1335 = CARTESIAN_POINT('',(-0.,-2.34E-02));
#1336 = VECTOR('',#1337,1.);
#1337 = DIRECTION('',(-1.,0.));
#1338 = ( GEOMETRIC_REPRESENTATION_CONTEXT(2) 
PARAMETRIC_REPRESENTATION_CONTEXT() REPRESENTATION_CONTEXT('2D SPACE',''
  ) );
#1339 = PCURVE('',#481,#1340);
#1340 = DEFINITIONAL_REPRESENTATION('',(#1341),#1345);
#1341 = CIRCLE('',#1342,1.04E-02);
#1342 = AXIS2_PLACEMENT_2D('',#1343,#1344);
#1343 = CARTESIAN_POINT('',(2.6E-03,0.23315));
#1344 = DIRECTION('',(1.,0.));
#1345 = ( GEOMETRIC_REPRESENTATION_CONTEXT(2) 
PARAMETRIC_REPRESENTATION_CONTEXT() REPRESENTATION_CONTEXT('2D SPACE',''
  ) );
#1346 = ORIENTED_EDGE('',*,*,#1302,.F.);
#1347 = ORIENTED_EDGE('',*,*,#1348,.T.);
#1348 = EDGE_CURVE('',#1275,#1349,#1351,.T.);
#1349 = VERTEX_POINT('',#1350);
#1350 = CARTESIAN_POINT('',(1.926013464205E-02,-1.050451048024E-02,
    1.607669896042E-02));
#1351 = SURFACE_CURVE('',#1352,(#1357,#1368),.PCURVE_S1.);
#1352 = ELLIPSE('',#1353,1.040312270481E-02,1.04E-02);
#1353 = AXIS2_PLACEMENT_3D('',#1354,#1355,#1356);
#1354 = CARTESIAN_POINT('',(2.59E-02,-2.5E-03,1.623942447934E-02));
#1355 = DIRECTION('',(2.4499995835E-02,0.,-0.999699830051));
#1356 = DIRECTION('',(-0.999699830051,0.,-2.4499995835E-02));
#1357 = PCURVE('',#401,#1358);
#1358 = DEFINITIONAL_REPRESENTATION('',(#1359),#1367);
#1359 = B_SPLINE_CURVE_WITH_KNOTS('',6,(#1360,#1361,#1362,#1363,#1364,
    #1365,#1366),.UNSPECIFIED.,.F.,.F.,(7,7),(3.14159265359,
    9.424777960769),.PIECEWISE_BEZIER_KNOTS.);
#1360 = CARTESIAN_POINT('',(-6.28318530718,-1.649430094228E-02));
#1361 = CARTESIAN_POINT('',(-5.235987755983,-1.649430094228E-02));
#1362 = CARTESIAN_POINT('',(-4.188790204786,-1.61808623094E-02));
#1363 = CARTESIAN_POINT('',(-3.14159265359,-1.533710994353E-02));
#1364 = CARTESIAN_POINT('',(-2.094395102393,-1.61808623094E-02));
#1365 = CARTESIAN_POINT('',(-1.047197551197,-1.649430094228E-02));
#1366 = CARTESIAN_POINT('',(-3.19744231092E-14,-1.649430094228E-02));
#1367 = ( GEOMETRIC_REPRESENTATION_CONTEXT(2) 
PARAMETRIC_REPRESENTATION_CONTEXT() REPRESENTATION_CONTEXT('2D SPACE',''
  ) );
#1368 = PCURVE('',#562,#1369);
#1369 = DEFINITIONAL_REPRESENTATION('',(#1370),#1374);
#1370 = ELLIPSE('',#1371,1.040312270481E-02,1.04E-02);
#1371 = AXIS2_PLACEMENT_2D('',#1372,#1373);
#1372 = CARTESIAN_POINT('',(-2.745726175031E-03,1.063183089461E-03));
#1373 = DIRECTION('',(1.,0.));
#1374 = ( GEOMETRIC_REPRESENTATION_CONTEXT(2) 
PARAMETRIC_REPRESENTATION_CONTEXT() REPRESENTATION_CONTEXT('2D SPACE',''
  ) );
#1375 = ORIENTED_EDGE('',*,*,#1376,.F.);
#1376 = EDGE_CURVE('',#1377,#1349,#1379,.T.);
#1377 = VERTEX_POINT('',#1378);
#1378 = CARTESIAN_POINT('',(1.892819736278E-02,-1.021712174244E-02,
    4.63879999388E-04));
#1379 = SURFACE_CURVE('',#1380,(#1386,#1395),.PCURVE_S1.);
#1380 = B_SPLINE_CURVE_WITH_KNOTS('',4,(#1381,#1382,#1383,#1384,#1385),
  .UNSPECIFIED.,.F.,.F.,(5,5),(0.,1.),.PIECEWISE_BEZIER_KNOTS.);
#1381 = CARTESIAN_POINT('',(1.892818335162E-02,-1.021710908445E-02,
    4.632794758551E-04));
#1382 = CARTESIAN_POINT('',(1.901339087252E-02,-1.029408754961E-02,
    4.115291540191E-03));
#1383 = CARTESIAN_POINT('',(1.909745362909E-02,-1.036775369695E-02,
    7.923823970878E-03));
#1384 = CARTESIAN_POINT('',(1.9179900732E-02,-1.043795540522E-02,
    1.190532478161E-02));
#1385 = CARTESIAN_POINT('',(1.926014619165E-02,-1.05045200608E-02,
    1.607729942362E-02));
#1386 = PCURVE('',#401,#1387);
#1387 = DEFINITIONAL_REPRESENTATION('',(#1388),#1394);
#1388 = B_SPLINE_CURVE_WITH_KNOTS('',4,(#1389,#1390,#1391,#1392,#1393),
  .UNSPECIFIED.,.F.,.F.,(5,5),(0.,1.),.PIECEWISE_BEZIER_KNOTS.);
#1389 = CARTESIAN_POINT('',(-3.977685733643,-4.632794758548E-04));
#1390 = CARTESIAN_POINT('',(-3.988727111958,-4.115291540191E-03));
#1391 = CARTESIAN_POINT('',(-3.999473299483,-7.92382397088E-03));
#1392 = CARTESIAN_POINT('',(-4.00988452255,-1.190532478161E-02));
#1393 = CARTESIAN_POINT('',(-4.019909540794,-1.607729942362E-02));
#1394 = ( GEOMETRIC_REPRESENTATION_CONTEXT(2) 
PARAMETRIC_REPRESENTATION_CONTEXT() REPRESENTATION_CONTEXT('2D SPACE',''
  ) );
#1395 = PCURVE('',#1260,#1396);
#1396 = DEFINITIONAL_REPRESENTATION('',(#1397),#1403);
#1397 = B_SPLINE_CURVE_WITH_KNOTS('',4,(#1398,#1399,#1400,#1401,#1402),
  .UNSPECIFIED.,.F.,.F.,(5,5),(0.,1.),.PIECEWISE_BEZIER_KNOTS.);
#1398 = CARTESIAN_POINT('',(2.010427751444,5.999999999999E-07));
#1399 = CARTESIAN_POINT('',(1.994252522194,-3.648228256154E-03));
#1400 = CARTESIAN_POINT('',(1.977981876614,-7.453557942667E-03));
#1401 = CARTESIAN_POINT('',(1.961614972462,-1.143184367283E-02));
#1402 = CARTESIAN_POINT('',(1.945157422705,-1.56006E-02));
#1403 = ( GEOMETRIC_REPRESENTATION_CONTEXT(2) 
PARAMETRIC_REPRESENTATION_CONTEXT() REPRESENTATION_CONTEXT('2D SPACE',''
  ) );
#1404 = ORIENTED_EDGE('',*,*,#1405,.F.);
#1405 = EDGE_CURVE('',#1190,#1377,#1406,.T.);
#1406 = SURFACE_CURVE('',#1407,(#1412,#1423),.PCURVE_S1.);
#1407 = ELLIPSE('',#1408,1.040312270481E-02,1.04E-02);
#1408 = AXIS2_PLACEMENT_3D('',#1409,#1410,#1411);
#1409 = CARTESIAN_POINT('',(2.59E-02,-2.5E-03,6.347404221266E-04));
#1410 = DIRECTION('',(2.4499995835E-02,0.,-0.999699830051));
#1411 = DIRECTION('',(-0.999699830051,0.,-2.4499995835E-02));
#1412 = PCURVE('',#401,#1413);
#1413 = DEFINITIONAL_REPRESENTATION('',(#1414),#1422);
#1414 = B_SPLINE_CURVE_WITH_KNOTS('',6,(#1415,#1416,#1417,#1418,#1419,
    #1420,#1421),.UNSPECIFIED.,.F.,.F.,(7,7),(3.14159265359,
    9.424777960769),.PIECEWISE_BEZIER_KNOTS.);
#1415 = CARTESIAN_POINT('',(-6.28318530718,-8.896168850655E-04));
#1416 = CARTESIAN_POINT('',(-5.235987755983,-8.896168850655E-04));
#1417 = CARTESIAN_POINT('',(-4.188790204786,-5.761782521871E-04));
#1418 = CARTESIAN_POINT('',(-3.14159265359,2.675741136842E-04));
#1419 = CARTESIAN_POINT('',(-2.094395102393,-5.761782521871E-04));
#1420 = CARTESIAN_POINT('',(-1.047197551197,-8.896168850655E-04));
#1421 = CARTESIAN_POINT('',(-3.19744231092E-14,-8.896168850655E-04));
#1422 = ( GEOMETRIC_REPRESENTATION_CONTEXT(2) 
PARAMETRIC_REPRESENTATION_CONTEXT() REPRESENTATION_CONTEXT('2D SPACE',''
  ) );
#1423 = PCURVE('',#614,#1424);
#1424 = DEFINITIONAL_REPRESENTATION('',(#1425),#1429);
#1425 = ELLIPSE('',#1426,1.040312270481E-02,1.04E-02);
#1426 = AXIS2_PLACEMENT_2D('',#1427,#1428);
#1427 = CARTESIAN_POINT('',(-2.363411480623E-03,1.063183089461E-03));
#1428 = DIRECTION('',(1.,0.));
#1429 = ( GEOMETRIC_REPRESENTATION_CONTEXT(2) 
PARAMETRIC_REPRESENTATION_CONTEXT() REPRESENTATION_CONTEXT('2D SPACE',''
  ) );
#1430 = ORIENTED_EDGE('',*,*,#1189,.F.);
#1431 = ADVANCED_FACE('',(#1432,#1480),#614,.F.);
#1432 = FACE_BOUND('',#1433,.F.);
#1433 = EDGE_LOOP('',(#1434,#1457,#1458,#1459));
#1434 = ORIENTED_EDGE('',*,*,#1435,.T.);
#1435 = EDGE_CURVE('',#1436,#986,#1438,.T.);
#1436 = VERTEX_POINT('',#1437);
#1437 = CARTESIAN_POINT('',(5.682291390779E-04,-2.319303606081E-02,
    1.39257916449E-05));
#1438 = SURFACE_CURVE('',#1439,(#1443,#1450),.PCURVE_S1.);
#1439 = LINE('',#1440,#1441);
#1440 = CARTESIAN_POINT('',(5.682291390779E-04,-2.319303606081E-02,
    1.39257916449E-05));
#1441 = VECTOR('',#1442,1.);
#1442 = DIRECTION('',(-2.449263530508E-02,0.999699830207,
    -6.002496398664E-04));
#1443 = PCURVE('',#614,#1444);
#1444 = DEFINITIONAL_REPRESENTATION('',(#1445),#1449);
#1445 = LINE('',#1446,#1447);
#1446 = CARTESIAN_POINT('',(2.297596549979E-02,-1.962985297135E-02));
#1447 = VECTOR('',#1448,1.);
#1448 = DIRECTION('',(2.449998946567E-02,0.999699830207));
#1449 = ( GEOMETRIC_REPRESENTATION_CONTEXT(2) 
PARAMETRIC_REPRESENTATION_CONTEXT() REPRESENTATION_CONTEXT('2D SPACE',''
  ) );
#1450 = PCURVE('',#879,#1451);
#1451 = DEFINITIONAL_REPRESENTATION('',(#1452),#1456);
#1452 = LINE('',#1453,#1454);
#1453 = CARTESIAN_POINT('',(0.,0.));
#1454 = VECTOR('',#1455,1.);
#1455 = DIRECTION('',(1.,1.017869258741E-19));
#1456 = ( GEOMETRIC_REPRESENTATION_CONTEXT(2) 
PARAMETRIC_REPRESENTATION_CONTEXT() REPRESENTATION_CONTEXT('2D SPACE',''
  ) );
#1457 = ORIENTED_EDGE('',*,*,#985,.T.);
#1458 = ORIENTED_EDGE('',*,*,#599,.T.);
#1459 = ORIENTED_EDGE('',*,*,#1460,.T.);
#1460 = EDGE_CURVE('',#574,#1436,#1461,.T.);
#1461 = SURFACE_CURVE('',#1462,(#1466,#1473),.PCURVE_S1.);
#1462 = LINE('',#1463,#1464);
#1463 = CARTESIAN_POINT('',(4.744007743097E-02,-2.204398655487E-02,
    1.162630686265E-03));
#1464 = VECTOR('',#1465,1.);
#1465 = DIRECTION('',(-0.99939975036,-2.449998946567E-02,
    -2.449264167633E-02));
#1466 = PCURVE('',#614,#1467);
#1467 = DEFINITIONAL_REPRESENTATION('',(#1468),#1472);
#1468 = LINE('',#1469,#1470);
#1469 = CARTESIAN_POINT('',(-2.390995653692E-02,-1.848080346541E-02));
#1470 = VECTOR('',#1471,1.);
#1471 = DIRECTION('',(0.999699830207,-2.449998946567E-02));
#1472 = ( GEOMETRIC_REPRESENTATION_CONTEXT(2) 
PARAMETRIC_REPRESENTATION_CONTEXT() REPRESENTATION_CONTEXT('2D SPACE',''
  ) );
#1473 = PCURVE('',#588,#1474);
#1474 = DEFINITIONAL_REPRESENTATION('',(#1475),#1479);
#1475 = LINE('',#1476,#1477);
#1476 = CARTESIAN_POINT('',(-0.,0.));
#1477 = VECTOR('',#1478,1.);
#1478 = DIRECTION('',(1.,2.653191068854E-18));
#1479 = ( GEOMETRIC_REPRESENTATION_CONTEXT(2) 
PARAMETRIC_REPRESENTATION_CONTEXT() REPRESENTATION_CONTEXT('2D SPACE',''
  ) );
#1480 = FACE_BOUND('',#1481,.F.);
#1481 = EDGE_LOOP('',(#1482,#1504,#1505));
#1482 = ORIENTED_EDGE('',*,*,#1483,.F.);
#1483 = EDGE_CURVE('',#1377,#1213,#1484,.T.);
#1484 = SURFACE_CURVE('',#1485,(#1490,#1497),.PCURVE_S1.);
#1485 = CIRCLE('',#1486,1.18E-02);
#1486 = AXIS2_PLACEMENT_3D('',#1487,#1488,#1489);
#1487 = CARTESIAN_POINT('',(2.368577408354E-02,5.806497503363E-04,
    5.804756077289E-04));
#1488 = DIRECTION('',(2.4499995835E-02,-1.362764378966E-20,
    -0.999699830051));
#1489 = DIRECTION('',(0.99939975036,2.449998946567E-02,
    2.449264167633E-02));
#1490 = PCURVE('',#614,#1491);
#1491 = DEFINITIONAL_REPRESENTATION('',(#1492),#1496);
#1492 = CIRCLE('',#1493,1.18E-02);
#1493 = AXIS2_PLACEMENT_2D('',#1494,#1495);
#1494 = CARTESIAN_POINT('',(-1.485207205114E-04,4.143832839797E-03));
#1495 = DIRECTION('',(-0.999699830207,2.449998946567E-02));
#1496 = ( GEOMETRIC_REPRESENTATION_CONTEXT(2) 
PARAMETRIC_REPRESENTATION_CONTEXT() REPRESENTATION_CONTEXT('2D SPACE',''
  ) );
#1497 = PCURVE('',#1260,#1498);
#1498 = DEFINITIONAL_REPRESENTATION('',(#1499),#1503);
#1499 = LINE('',#1500,#1501);
#1500 = CARTESIAN_POINT('',(0.,0.));
#1501 = VECTOR('',#1502,1.);
#1502 = DIRECTION('',(1.,0.));
#1503 = ( GEOMETRIC_REPRESENTATION_CONTEXT(2) 
PARAMETRIC_REPRESENTATION_CONTEXT() REPRESENTATION_CONTEXT('2D SPACE',''
  ) );
#1504 = ORIENTED_EDGE('',*,*,#1405,.F.);
#1505 = ORIENTED_EDGE('',*,*,#1212,.F.);
#1506 = ADVANCED_FACE('',(#1507),#588,.F.);
#1507 = FACE_BOUND('',#1508,.F.);
#1508 = EDGE_LOOP('',(#1509,#1510,#1511,#1534));
#1509 = ORIENTED_EDGE('',*,*,#1460,.F.);
#1510 = ORIENTED_EDGE('',*,*,#573,.T.);
#1511 = ORIENTED_EDGE('',*,*,#1512,.T.);
#1512 = EDGE_CURVE('',#548,#1513,#1515,.T.);
#1513 = VERTEX_POINT('',#1514);
#1514 = CARTESIAN_POINT('',(1.860292040519E-04,-2.319303606081E-02,
    1.560924314044E-02));
#1515 = SURFACE_CURVE('',#1516,(#1520,#1527),.PCURVE_S1.);
#1516 = LINE('',#1517,#1518);
#1517 = CARTESIAN_POINT('',(4.705787749594E-02,-2.204398655487E-02,
    1.675794803506E-02));
#1518 = VECTOR('',#1519,1.);
#1519 = DIRECTION('',(-0.99939975036,-2.449998946567E-02,
    -2.449264167633E-02));
#1520 = PCURVE('',#588,#1521);
#1521 = DEFINITIONAL_REPRESENTATION('',(#1522),#1526);
#1522 = LINE('',#1523,#1524);
#1523 = CARTESIAN_POINT('',(-1.746926364452E-18,-1.56E-02));
#1524 = VECTOR('',#1525,1.);
#1525 = DIRECTION('',(1.,2.653191068854E-18));
#1526 = ( GEOMETRIC_REPRESENTATION_CONTEXT(2) 
PARAMETRIC_REPRESENTATION_CONTEXT() REPRESENTATION_CONTEXT('2D SPACE',''
  ) );
#1527 = PCURVE('',#562,#1528);
#1528 = DEFINITIONAL_REPRESENTATION('',(#1529),#1533);
#1529 = LINE('',#1530,#1531);
#1530 = CARTESIAN_POINT('',(-2.390995653692E-02,-1.848080346541E-02));
#1531 = VECTOR('',#1532,1.);
#1532 = DIRECTION('',(0.999699830207,-2.449998946567E-02));
#1533 = ( GEOMETRIC_REPRESENTATION_CONTEXT(2) 
PARAMETRIC_REPRESENTATION_CONTEXT() REPRESENTATION_CONTEXT('2D SPACE',''
  ) );
#1534 = ORIENTED_EDGE('',*,*,#1535,.F.);
#1535 = EDGE_CURVE('',#1436,#1513,#1536,.T.);
#1536 = SURFACE_CURVE('',#1537,(#1541,#1548),.PCURVE_S1.);
#1537 = LINE('',#1538,#1539);
#1538 = CARTESIAN_POINT('',(5.682291390779E-04,-2.319303606081E-02,
    1.39257916449E-05));
#1539 = VECTOR('',#1540,1.);
#1540 = DIRECTION('',(-2.4499995835E-02,-0.,0.999699830051));
#1541 = PCURVE('',#588,#1542);
#1542 = DEFINITIONAL_REPRESENTATION('',(#1543),#1547);
#1543 = LINE('',#1544,#1545);
#1544 = CARTESIAN_POINT('',(4.69E-02,2.333514468175E-19));
#1545 = VECTOR('',#1546,1.);
#1546 = DIRECTION('',(4.283619987624E-18,-1.));
#1547 = ( GEOMETRIC_REPRESENTATION_CONTEXT(2) 
PARAMETRIC_REPRESENTATION_CONTEXT() REPRESENTATION_CONTEXT('2D SPACE',''
  ) );
#1548 = PCURVE('',#879,#1549);
#1549 = DEFINITIONAL_REPRESENTATION('',(#1550),#1554);
#1550 = LINE('',#1551,#1552);
#1551 = CARTESIAN_POINT('',(0.,0.));
#1552 = VECTOR('',#1553,1.);
#1553 = DIRECTION('',(7.330693293579E-20,-1.));
#1554 = ( GEOMETRIC_REPRESENTATION_CONTEXT(2) 
PARAMETRIC_REPRESENTATION_CONTEXT() REPRESENTATION_CONTEXT('2D SPACE',''
  ) );
#1555 = ADVANCED_FACE('',(#1556,#1630),#562,.T.);
#1556 = FACE_BOUND('',#1557,.T.);
#1557 = EDGE_LOOP('',(#1558,#1579,#1580,#1607,#1628,#1629));
#1558 = ORIENTED_EDGE('',*,*,#1559,.T.);
#1559 = EDGE_CURVE('',#1513,#865,#1560,.T.);
#1560 = SURFACE_CURVE('',#1561,(#1565,#1572),.PCURVE_S1.);
#1561 = LINE('',#1562,#1563);
#1562 = CARTESIAN_POINT('',(1.860292040519E-04,-2.319303606081E-02,
    1.560924314044E-02));
#1563 = VECTOR('',#1564,1.);
#1564 = DIRECTION('',(-2.449263530508E-02,0.999699830207,
    -6.002496398664E-04));
#1565 = PCURVE('',#562,#1566);
#1566 = DEFINITIONAL_REPRESENTATION('',(#1567),#1571);
#1567 = LINE('',#1568,#1569);
#1568 = CARTESIAN_POINT('',(2.297596549979E-02,-1.962985297135E-02));
#1569 = VECTOR('',#1570,1.);
#1570 = DIRECTION('',(2.449998946567E-02,0.999699830207));
#1571 = ( GEOMETRIC_REPRESENTATION_CONTEXT(2) 
PARAMETRIC_REPRESENTATION_CONTEXT() REPRESENTATION_CONTEXT('2D SPACE',''
  ) );
#1572 = PCURVE('',#879,#1573);
#1573 = DEFINITIONAL_REPRESENTATION('',(#1574),#1578);
#1574 = LINE('',#1575,#1576);
#1575 = CARTESIAN_POINT('',(3.230256839754E-22,-1.56E-02));
#1576 = VECTOR('',#1577,1.);
#1577 = DIRECTION('',(1.,1.017869258741E-19));
#1578 = ( GEOMETRIC_REPRESENTATION_CONTEXT(2) 
PARAMETRIC_REPRESENTATION_CONTEXT() REPRESENTATION_CONTEXT('2D SPACE',''
  ) );
#1579 = ORIENTED_EDGE('',*,*,#890,.T.);
#1580 = ORIENTED_EDGE('',*,*,#1581,.T.);
#1581 = EDGE_CURVE('',#891,#1582,#1584,.T.);
#1582 = VERTEX_POINT('',#1583);
#1583 = CARTESIAN_POINT('',(4.653714940957E-02,-7.89769805733E-04,
    1.674518636844E-02));
#1584 = SURFACE_CURVE('',#1585,(#1590,#1597),.PCURVE_S1.);
#1585 = ELLIPSE('',#1586,2.330699605982E-02,2.33E-02);
#1586 = AXIS2_PLACEMENT_3D('',#1587,#1588,#1589);
#1587 = CARTESIAN_POINT('',(2.33E-02,-2.5E-03,1.617570536361E-02));
#1588 = DIRECTION('',(2.4499995835E-02,0.,-0.999699830051));
#1589 = DIRECTION('',(-0.999699830051,0.,-2.4499995835E-02));
#1590 = PCURVE('',#562,#1591);
#1591 = DEFINITIONAL_REPRESENTATION('',(#1592),#1596);
#1592 = ELLIPSE('',#1593,2.330699605982E-02,2.33E-02);
#1593 = AXIS2_PLACEMENT_2D('',#1594,#1595);
#1594 = CARTESIAN_POINT('',(-1.449454988281E-04,1.063183089461E-03));
#1595 = DIRECTION('',(1.,0.));
#1596 = ( GEOMETRIC_REPRESENTATION_CONTEXT(2) 
PARAMETRIC_REPRESENTATION_CONTEXT() REPRESENTATION_CONTEXT('2D SPACE',''
  ) );
#1597 = PCURVE('',#509,#1598);
#1598 = DEFINITIONAL_REPRESENTATION('',(#1599),#1606);
#1599 = B_SPLINE_CURVE_WITH_KNOTS('',5,(#1600,#1601,#1602,#1603,#1604,
    #1605),.UNSPECIFIED.,.F.,.F.,(6,6),(8.748139058337E-16,3.14159265359
    ),.PIECEWISE_BEZIER_KNOTS.);
#1600 = CARTESIAN_POINT('',(-3.14159265359,-1.560468405722E-02));
#1601 = CARTESIAN_POINT('',(-2.513274122872,-1.560468405722E-02));
#1602 = CARTESIAN_POINT('',(-1.884955592154,-1.588383782453E-02));
#1603 = CARTESIAN_POINT('',(-1.256637061436,-1.646757290269E-02));
#1604 = CARTESIAN_POINT('',(-0.628318530718,-1.674672667E-02));
#1605 = CARTESIAN_POINT('',(0.,-1.674672667E-02));
#1606 = ( GEOMETRIC_REPRESENTATION_CONTEXT(2) 
PARAMETRIC_REPRESENTATION_CONTEXT() REPRESENTATION_CONTEXT('2D SPACE',''
  ) );
#1607 = ORIENTED_EDGE('',*,*,#1608,.T.);
#1608 = EDGE_CURVE('',#1582,#522,#1609,.T.);
#1609 = SURFACE_CURVE('',#1610,(#1614,#1621),.PCURVE_S1.);
#1610 = LINE('',#1611,#1612);
#1611 = CARTESIAN_POINT('',(4.648964835686E-02,1.14904950594E-03,
    1.674402224342E-02));
#1612 = VECTOR('',#1613,1.);
#1613 = DIRECTION('',(2.449263530508E-02,-0.999699830207,
    6.002496398665E-04));
#1614 = PCURVE('',#562,#1615);
#1615 = DEFINITIONAL_REPRESENTATION('',(#1616),#1620);
#1616 = LINE('',#1617,#1618);
#1617 = CARTESIAN_POINT('',(-2.334155678132E-02,4.7122325954E-03));
#1618 = VECTOR('',#1619,1.);
#1619 = DIRECTION('',(-2.449998946567E-02,-0.999699830207));
#1620 = ( GEOMETRIC_REPRESENTATION_CONTEXT(2) 
PARAMETRIC_REPRESENTATION_CONTEXT() REPRESENTATION_CONTEXT('2D SPACE',''
  ) );
#1621 = PCURVE('',#536,#1622);
#1622 = DEFINITIONAL_REPRESENTATION('',(#1623),#1627);
#1623 = LINE('',#1624,#1625);
#1624 = CARTESIAN_POINT('',(1.823271437717E-19,-1.56E-02));
#1625 = VECTOR('',#1626,1.);
#1626 = DIRECTION('',(1.,-1.40441774909E-19));
#1627 = ( GEOMETRIC_REPRESENTATION_CONTEXT(2) 
PARAMETRIC_REPRESENTATION_CONTEXT() REPRESENTATION_CONTEXT('2D SPACE',''
  ) );
#1628 = ORIENTED_EDGE('',*,*,#547,.T.);
#1629 = ORIENTED_EDGE('',*,*,#1512,.T.);
#1630 = FACE_BOUND('',#1631,.T.);
#1631 = EDGE_LOOP('',(#1632,#1654,#1655));
#1632 = ORIENTED_EDGE('',*,*,#1633,.F.);
#1633 = EDGE_CURVE('',#1349,#1241,#1634,.T.);
#1634 = SURFACE_CURVE('',#1635,(#1640,#1647),.PCURVE_S1.);
#1635 = CIRCLE('',#1636,1.18E-02);
#1636 = AXIS2_PLACEMENT_3D('',#1637,#1638,#1639);
#1637 = CARTESIAN_POINT('',(2.330357414851E-02,5.806497503363E-04,
    1.617579295653E-02));
#1638 = DIRECTION('',(2.4499995835E-02,-1.362764378966E-20,
    -0.999699830051));
#1639 = DIRECTION('',(0.99939975036,2.449998946567E-02,
    2.449264167633E-02));
#1640 = PCURVE('',#562,#1641);
#1641 = DEFINITIONAL_REPRESENTATION('',(#1642),#1646);
#1642 = CIRCLE('',#1643,1.18E-02);
#1643 = AXIS2_PLACEMENT_2D('',#1644,#1645);
#1644 = CARTESIAN_POINT('',(-1.485207205114E-04,4.143832839797E-03));
#1645 = DIRECTION('',(-0.999699830207,2.449998946567E-02));
#1646 = ( GEOMETRIC_REPRESENTATION_CONTEXT(2) 
PARAMETRIC_REPRESENTATION_CONTEXT() REPRESENTATION_CONTEXT('2D SPACE',''
  ) );
#1647 = PCURVE('',#1260,#1648);
#1648 = DEFINITIONAL_REPRESENTATION('',(#1649),#1653);
#1649 = LINE('',#1650,#1651);
#1650 = CARTESIAN_POINT('',(0.,-1.56E-02));
#1651 = VECTOR('',#1652,1.);
#1652 = DIRECTION('',(1.,0.));
#1653 = ( GEOMETRIC_REPRESENTATION_CONTEXT(2) 
PARAMETRIC_REPRESENTATION_CONTEXT() REPRESENTATION_CONTEXT('2D SPACE',''
  ) );
#1654 = ORIENTED_EDGE('',*,*,#1348,.F.);
#1655 = ORIENTED_EDGE('',*,*,#1274,.F.);
#1656 = ADVANCED_FACE('',(#1657),#536,.F.);
#1657 = FACE_BOUND('',#1658,.F.);
#1658 = EDGE_LOOP('',(#1659,#1684,#1685));
#1659 = ORIENTED_EDGE('',*,*,#1660,.T.);
#1660 = EDGE_CURVE('',#494,#1582,#1661,.T.);
#1661 = SURFACE_CURVE('',#1662,(#1667,#1674),.PCURVE_S1.);
#1662 = ELLIPSE('',#1663,0.951306123199,2.33E-02);
#1663 = AXIS2_PLACEMENT_3D('',#1664,#1665,#1666);
#1664 = CARTESIAN_POINT('',(2.33E-02,-2.5E-03,0.96662647105));
#1665 = DIRECTION('',(0.99939975036,2.449998946567E-02,
    2.449264167633E-02));
#1666 = DIRECTION('',(2.448528531148E-02,6.002495317604E-04,
    -0.999700010255));
#1667 = PCURVE('',#536,#1668);
#1668 = DEFINITIONAL_REPRESENTATION('',(#1669),#1673);
#1669 = ELLIPSE('',#1670,0.951306123199,2.33E-02);
#1670 = AXIS2_PLACEMENT_2D('',#1671,#1672);
#1671 = CARTESIAN_POINT('',(3.650145169259E-03,-0.965765468928));
#1672 = DIRECTION('',(-6.004297626379E-04,0.999999819742));
#1673 = ( GEOMETRIC_REPRESENTATION_CONTEXT(2) 
PARAMETRIC_REPRESENTATION_CONTEXT() REPRESENTATION_CONTEXT('2D SPACE',''
  ) );
#1674 = PCURVE('',#509,#1675);
#1675 = DEFINITIONAL_REPRESENTATION('',(#1676),#1683);
#1676 = B_SPLINE_CURVE_WITH_KNOTS('',5,(#1677,#1678,#1679,#1680,#1681,
    #1682),.UNSPECIFIED.,.F.,.F.,(6,6),(6.258675511875,6.358537109527),
  .PIECEWISE_BEZIER_KNOTS.);
#1677 = CARTESIAN_POINT('',(0.,-1.589136900893E-02));
#1678 = CARTESIAN_POINT('',(-1.997231953055E-02,-1.542587435741E-02));
#1679 = CARTESIAN_POINT('',(-3.99446390611E-02,-1.543443229913E-02));
#1680 = CARTESIAN_POINT('',(-5.991695859165E-02,-1.591742986157E-02));
#1681 = CARTESIAN_POINT('',(-7.98892781222E-02,-1.687446532687E-02));
#1682 = CARTESIAN_POINT('',(-9.986159765275E-02,-1.830435023211E-02));
#1683 = ( GEOMETRIC_REPRESENTATION_CONTEXT(2) 
PARAMETRIC_REPRESENTATION_CONTEXT() REPRESENTATION_CONTEXT('2D SPACE',''
  ) );
#1684 = ORIENTED_EDGE('',*,*,#1608,.T.);
#1685 = ORIENTED_EDGE('',*,*,#521,.T.);
#1686 = ADVANCED_FACE('',(#1687),#509,.T.);
#1687 = FACE_BOUND('',#1688,.F.);
#1688 = EDGE_LOOP('',(#1689,#1690,#1691,#1713,#1714));
#1689 = ORIENTED_EDGE('',*,*,#1660,.F.);
#1690 = ORIENTED_EDGE('',*,*,#493,.T.);
#1691 = ORIENTED_EDGE('',*,*,#1692,.T.);
#1692 = EDGE_CURVE('',#466,#912,#1693,.T.);
#1693 = SURFACE_CURVE('',#1694,(#1699,#1706),.PCURVE_S1.);
#1694 = CIRCLE('',#1695,2.33E-02);
#1695 = AXIS2_PLACEMENT_3D('',#1696,#1697,#1698);
#1696 = CARTESIAN_POINT('',(2.33E-02,-2.5E-03,2.34E-02));
#1697 = DIRECTION('',(0.,0.,1.));
#1698 = DIRECTION('',(1.,5.770002978034E-16,-0.));
#1699 = PCURVE('',#509,#1700);
#1700 = DEFINITIONAL_REPRESENTATION('',(#1701),#1705);
#1701 = LINE('',#1702,#1703);
#1702 = CARTESIAN_POINT('',(-0.,-2.34E-02));
#1703 = VECTOR('',#1704,1.);
#1704 = DIRECTION('',(-1.,0.));
#1705 = ( GEOMETRIC_REPRESENTATION_CONTEXT(2) 
PARAMETRIC_REPRESENTATION_CONTEXT() REPRESENTATION_CONTEXT('2D SPACE',''
  ) );
#1706 = PCURVE('',#481,#1707);
#1707 = DEFINITIONAL_REPRESENTATION('',(#1708),#1712);
#1708 = CIRCLE('',#1709,2.33E-02);
#1709 = AXIS2_PLACEMENT_2D('',#1710,#1711);
#1710 = CARTESIAN_POINT('',(0.,0.23315));
#1711 = DIRECTION('',(1.,5.770002978034E-16));
#1712 = ( GEOMETRIC_REPRESENTATION_CONTEXT(2) 
PARAMETRIC_REPRESENTATION_CONTEXT() REPRESENTATION_CONTEXT('2D SPACE',''
  ) );
#1713 = ORIENTED_EDGE('',*,*,#911,.F.);
#1714 = ORIENTED_EDGE('',*,*,#1581,.T.);
#1715 = ADVANCED_FACE('',(#1716,#1742,#1745),#481,.T.);
#1716 = FACE_BOUND('',#1717,.T.);
#1717 = EDGE_LOOP('',(#1718,#1719,#1740,#1741));
#1718 = ORIENTED_EDGE('',*,*,#934,.T.);
#1719 = ORIENTED_EDGE('',*,*,#1720,.F.);
#1720 = EDGE_CURVE('',#440,#935,#1721,.T.);
#1721 = SURFACE_CURVE('',#1722,(#1726,#1733),.PCURVE_S1.);
#1722 = LINE('',#1723,#1724);
#1723 = CARTESIAN_POINT('',(4.69E-02,-0.4451,2.34E-02));
#1724 = VECTOR('',#1725,1.);
#1725 = DIRECTION('',(-1.,0.,0.));
#1726 = PCURVE('',#481,#1727);
#1727 = DEFINITIONAL_REPRESENTATION('',(#1728),#1732);
#1728 = LINE('',#1729,#1730);
#1729 = CARTESIAN_POINT('',(2.36E-02,-0.20945));
#1730 = VECTOR('',#1731,1.);
#1731 = DIRECTION('',(-1.,0.));
#1732 = ( GEOMETRIC_REPRESENTATION_CONTEXT(2) 
PARAMETRIC_REPRESENTATION_CONTEXT() REPRESENTATION_CONTEXT('2D SPACE',''
  ) );
#1733 = PCURVE('',#454,#1734);
#1734 = DEFINITIONAL_REPRESENTATION('',(#1735),#1739);
#1735 = LINE('',#1736,#1737);
#1736 = CARTESIAN_POINT('',(0.,0.));
#1737 = VECTOR('',#1738,1.);
#1738 = DIRECTION('',(1.,0.));
#1739 = ( GEOMETRIC_REPRESENTATION_CONTEXT(2) 
PARAMETRIC_REPRESENTATION_CONTEXT() REPRESENTATION_CONTEXT('2D SPACE',''
  ) );
#1740 = ORIENTED_EDGE('',*,*,#465,.T.);
#1741 = ORIENTED_EDGE('',*,*,#1692,.T.);
#1742 = FACE_BOUND('',#1743,.T.);
#1743 = EDGE_LOOP('',(#1744));
#1744 = ORIENTED_EDGE('',*,*,#1161,.F.);
#1745 = FACE_BOUND('',#1746,.T.);
#1746 = EDGE_LOOP('',(#1747));
#1747 = ORIENTED_EDGE('',*,*,#1325,.F.);
#1748 = ADVANCED_FACE('',(#1749),#454,.F.);
#1749 = FACE_BOUND('',#1750,.F.);
#1750 = EDGE_LOOP('',(#1751,#1752,#1753,#1754));
#1751 = ORIENTED_EDGE('',*,*,#1720,.F.);
#1752 = ORIENTED_EDGE('',*,*,#439,.T.);
#1753 = ORIENTED_EDGE('',*,*,#696,.T.);
#1754 = ORIENTED_EDGE('',*,*,#957,.F.);
#1755 = ADVANCED_FACE('',(#1756),#738,.T.);
#1756 = FACE_BOUND('',#1757,.T.);
#1757 = EDGE_LOOP('',(#1758,#1780,#1781,#1782));
#1758 = ORIENTED_EDGE('',*,*,#1759,.F.);
#1759 = EDGE_CURVE('',#1065,#1086,#1760,.T.);
#1760 = SURFACE_CURVE('',#1761,(#1766,#1773),.PCURVE_S1.);
#1761 = CIRCLE('',#1762,1.18E-02);
#1762 = AXIS2_PLACEMENT_3D('',#1763,#1764,#1765);
#1763 = CARTESIAN_POINT('',(2.37E-02,-0.4688,2.34E-02));
#1764 = DIRECTION('',(0.,0.,1.));
#1765 = DIRECTION('',(1.,0.,0.));
#1766 = PCURVE('',#738,#1767);
#1767 = DEFINITIONAL_REPRESENTATION('',(#1768),#1772);
#1768 = LINE('',#1769,#1770);
#1769 = CARTESIAN_POINT('',(0.,0.));
#1770 = VECTOR('',#1771,1.);
#1771 = DIRECTION('',(1.,0.));
#1772 = ( GEOMETRIC_REPRESENTATION_CONTEXT(2) 
PARAMETRIC_REPRESENTATION_CONTEXT() REPRESENTATION_CONTEXT('2D SPACE',''
  ) );
#1773 = PCURVE('',#1102,#1774);
#1774 = DEFINITIONAL_REPRESENTATION('',(#1775),#1779);
#1775 = CIRCLE('',#1776,1.18E-02);
#1776 = AXIS2_PLACEMENT_2D('',#1777,#1778);
#1777 = CARTESIAN_POINT('',(4.E-04,-0.23315));
#1778 = DIRECTION('',(1.,0.));
#1779 = ( GEOMETRIC_REPRESENTATION_CONTEXT(2) 
PARAMETRIC_REPRESENTATION_CONTEXT() REPRESENTATION_CONTEXT('2D SPACE',''
  ) );
#1780 = ORIENTED_EDGE('',*,*,#1064,.T.);
#1781 = ORIENTED_EDGE('',*,*,#719,.T.);
#1782 = ORIENTED_EDGE('',*,*,#1114,.F.);
#1783 = ADVANCED_FACE('',(#1784),#879,.F.);
#1784 = FACE_BOUND('',#1785,.F.);
#1785 = EDGE_LOOP('',(#1786,#1787,#1788,#1789,#1790));
#1786 = ORIENTED_EDGE('',*,*,#1435,.F.);
#1787 = ORIENTED_EDGE('',*,*,#1535,.T.);
#1788 = ORIENTED_EDGE('',*,*,#1559,.T.);
#1789 = ORIENTED_EDGE('',*,*,#864,.T.);
#1790 = ORIENTED_EDGE('',*,*,#1012,.T.);
#1791 = ADVANCED_FACE('',(#1792),#1102,.T.);
#1792 = FACE_BOUND('',#1793,.T.);
#1793 = EDGE_LOOP('',(#1794,#1795));
#1794 = ORIENTED_EDGE('',*,*,#1085,.F.);
#1795 = ORIENTED_EDGE('',*,*,#1759,.T.);
#1796 = ADVANCED_FACE('',(#1797),#1260,.T.);
#1797 = FACE_BOUND('',#1798,.T.);
#1798 = EDGE_LOOP('',(#1799,#1800,#1801,#1802));
#1799 = ORIENTED_EDGE('',*,*,#1483,.F.);
#1800 = ORIENTED_EDGE('',*,*,#1376,.T.);
#1801 = ORIENTED_EDGE('',*,*,#1633,.T.);
#1802 = ORIENTED_EDGE('',*,*,#1240,.F.);
#1803 = ( GEOMETRIC_REPRESENTATION_CONTEXT(3) 
GLOBAL_UNCERTAINTY_ASSIGNED_CONTEXT((#1807)) 
GLOBAL_UNIT_ASSIGNED_CONTEXT((#1804,#1805,#1806)) REPRESENTATION_CONTEXT
('Context #1','3D Context with UNIT and UNCERTAINTY') );
#1804 = ( LENGTH_UNIT() NAMED_UNIT(*) SI_UNIT(.MILLI.,.METRE.) );
#1805 = ( NAMED_UNIT(*) PLANE_ANGLE_UNIT() SI_UNIT($,.RADIAN.) );
#1806 = ( NAMED_UNIT(*) SI_UNIT($,.STERADIAN.) SOLID_ANGLE_UNIT() );
#1807 = UNCERTAINTY_MEASURE_WITH_UNIT(LENGTH_MEASURE(2.E-07),#1804,
  'distance_accuracy_value','confusion accuracy');
#1808 = CONTEXT_DEPENDENT_SHAPE_REPRESENTATION(#1809,#1811);
#1809 = ( REPRESENTATION_RELATIONSHIP('','',#36,#10) 
REPRESENTATION_RELATIONSHIP_WITH_TRANSFORMATION(#1810) 
SHAPE_REPRESENTATION_RELATIONSHIP() );
#1810 = ITEM_DEFINED_TRANSFORMATION('','',#11,#15);
#1811 = PRODUCT_DEFINITION_SHAPE('Placement','Placement of an item',
  #1812);
#1812 = NEXT_ASSEMBLY_USAGE_OCCURRENCE('1','','',#5,#31,$);
#1813 = PRODUCT_RELATED_PRODUCT_CATEGORY('part',$,(#33));
#1814 = SHAPE_DEFINITION_REPRESENTATION(#1815,#1821);
#1815 = PRODUCT_DEFINITION_SHAPE('','',#1816);
#1816 = PRODUCT_DEFINITION('design','',#1817,#1820);
#1817 = PRODUCT_DEFINITION_FORMATION('','',#1818);
#1818 = PRODUCT('Open CASCADE STEP translator 7.7 1.2',
  'Open CASCADE STEP translator 7.7 1.2','',(#1819));
#1819 = PRODUCT_CONTEXT('',#2,'mechanical');
#1820 = PRODUCT_DEFINITION_CONTEXT('part definition',#2,'design');
#1821 = ADVANCED_BREP_SHAPE_REPRESENTATION('',(#11,#1822),#2472);
#1822 = MANIFOLD_SOLID_BREP('',#1823);
#1823 = CLOSED_SHELL('',(#1824,#1944,#2020,#2091,#2138,#2250,#2326,#2399
    ,#2446,#2459));
#1824 = ADVANCED_FACE('',(#1825),#1839,.F.);
#1825 = FACE_BOUND('',#1826,.F.);
#1826 = EDGE_LOOP('',(#1827,#1862,#1890,#1918));
#1827 = ORIENTED_EDGE('',*,*,#1828,.T.);
#1828 = EDGE_CURVE('',#1829,#1831,#1833,.T.);
#1829 = VERTEX_POINT('',#1830);
#1830 = CARTESIAN_POINT('',(0.,0.,0.));
#1831 = VERTEX_POINT('',#1832);
#1832 = CARTESIAN_POINT('',(0.,0.,7.8E-03));
#1833 = SURFACE_CURVE('',#1834,(#1838,#1850),.PCURVE_S1.);
#1834 = LINE('',#1835,#1836);
#1835 = CARTESIAN_POINT('',(0.,0.,0.));
#1836 = VECTOR('',#1837,1.);
#1837 = DIRECTION('',(0.,0.,1.));
#1838 = PCURVE('',#1839,#1844);
#1839 = PLANE('',#1840);
#1840 = AXIS2_PLACEMENT_3D('',#1841,#1842,#1843);
#1841 = CARTESIAN_POINT('',(0.,0.,0.));
#1842 = DIRECTION('',(-1.,0.,0.));
#1843 = DIRECTION('',(0.,1.,0.));
#1844 = DEFINITIONAL_REPRESENTATION('',(#1845),#1849);
#1845 = LINE('',#1846,#1847);
#1846 = CARTESIAN_POINT('',(0.,0.));
#1847 = VECTOR('',#1848,1.);
#1848 = DIRECTION('',(0.,-1.));
#1849 = ( GEOMETRIC_REPRESENTATION_CONTEXT(2) 
PARAMETRIC_REPRESENTATION_CONTEXT() REPRESENTATION_CONTEXT('2D SPACE',''
  ) );
#1850 = PCURVE('',#1851,#1856);
#1851 = PLANE('',#1852);
#1852 = AXIS2_PLACEMENT_3D('',#1853,#1854,#1855);
#1853 = CARTESIAN_POINT('',(-0.75,0.,0.));
#1854 = DIRECTION('',(0.,1.,0.));
#1855 = DIRECTION('',(1.,0.,0.));
#1856 = DEFINITIONAL_REPRESENTATION('',(#1857),#1861);
#1857 = LINE('',#1858,#1859);
#1858 = CARTESIAN_POINT('',(0.75,0.));
#1859 = VECTOR('',#1860,1.);
#1860 = DIRECTION('',(0.,-1.));
#1861 = ( GEOMETRIC_REPRESENTATION_CONTEXT(2) 
PARAMETRIC_REPRESENTATION_CONTEXT() REPRESENTATION_CONTEXT('2D SPACE',''
  ) );
#1862 = ORIENTED_EDGE('',*,*,#1863,.T.);
#1863 = EDGE_CURVE('',#1831,#1864,#1866,.T.);
#1864 = VERTEX_POINT('',#1865);
#1865 = CARTESIAN_POINT('',(0.,4.74E-02,7.8E-03));
#1866 = SURFACE_CURVE('',#1867,(#1871,#1878),.PCURVE_S1.);
#1867 = LINE('',#1868,#1869);
#1868 = CARTESIAN_POINT('',(0.,0.,7.8E-03));
#1869 = VECTOR('',#1870,1.);
#1870 = DIRECTION('',(0.,1.,0.));
#1871 = PCURVE('',#1839,#1872);
#1872 = DEFINITIONAL_REPRESENTATION('',(#1873),#1877);
#1873 = LINE('',#1874,#1875);
#1874 = CARTESIAN_POINT('',(0.,-7.8E-03));
#1875 = VECTOR('',#1876,1.);
#1876 = DIRECTION('',(1.,0.));
#1877 = ( GEOMETRIC_REPRESENTATION_CONTEXT(2) 
PARAMETRIC_REPRESENTATION_CONTEXT() REPRESENTATION_CONTEXT('2D SPACE',''
  ) );
#1878 = PCURVE('',#1879,#1884);
#1879 = PLANE('',#1880);
#1880 = AXIS2_PLACEMENT_3D('',#1881,#1882,#1883);
#1881 = CARTESIAN_POINT('',(-0.375,2.37E-02,7.8E-03));
#1882 = DIRECTION('',(0.,0.,1.));
#1883 = DIRECTION('',(1.,0.,-0.));
#1884 = DEFINITIONAL_REPRESENTATION('',(#1885),#1889);
#1885 = LINE('',#1886,#1887);
#1886 = CARTESIAN_POINT('',(0.375,-2.37E-02));
#1887 = VECTOR('',#1888,1.);
#1888 = DIRECTION('',(0.,1.));
#1889 = ( GEOMETRIC_REPRESENTATION_CONTEXT(2) 
PARAMETRIC_REPRESENTATION_CONTEXT() REPRESENTATION_CONTEXT('2D SPACE',''
  ) );
#1890 = ORIENTED_EDGE('',*,*,#1891,.F.);
#1891 = EDGE_CURVE('',#1892,#1864,#1894,.T.);
#1892 = VERTEX_POINT('',#1893);
#1893 = CARTESIAN_POINT('',(0.,4.74E-02,0.));
#1894 = SURFACE_CURVE('',#1895,(#1899,#1906),.PCURVE_S1.);
#1895 = LINE('',#1896,#1897);
#1896 = CARTESIAN_POINT('',(0.,4.74E-02,0.));
#1897 = VECTOR('',#1898,1.);
#1898 = DIRECTION('',(0.,0.,1.));
#1899 = PCURVE('',#1839,#1900);
#1900 = DEFINITIONAL_REPRESENTATION('',(#1901),#1905);
#1901 = LINE('',#1902,#1903);
#1902 = CARTESIAN_POINT('',(4.74E-02,0.));
#1903 = VECTOR('',#1904,1.);
#1904 = DIRECTION('',(0.,-1.));
#1905 = ( GEOMETRIC_REPRESENTATION_CONTEXT(2) 
PARAMETRIC_REPRESENTATION_CONTEXT() REPRESENTATION_CONTEXT('2D SPACE',''
  ) );
#1906 = PCURVE('',#1907,#1912);
#1907 = PLANE('',#1908);
#1908 = AXIS2_PLACEMENT_3D('',#1909,#1910,#1911);
#1909 = CARTESIAN_POINT('',(0.,4.74E-02,0.));
#1910 = DIRECTION('',(0.,-1.,0.));
#1911 = DIRECTION('',(-1.,0.,0.));
#1912 = DEFINITIONAL_REPRESENTATION('',(#1913),#1917);
#1913 = LINE('',#1914,#1915);
#1914 = CARTESIAN_POINT('',(0.,-0.));
#1915 = VECTOR('',#1916,1.);
#1916 = DIRECTION('',(0.,-1.));
#1917 = ( GEOMETRIC_REPRESENTATION_CONTEXT(2) 
PARAMETRIC_REPRESENTATION_CONTEXT() REPRESENTATION_CONTEXT('2D SPACE',''
  ) );
#1918 = ORIENTED_EDGE('',*,*,#1919,.F.);
#1919 = EDGE_CURVE('',#1829,#1892,#1920,.T.);
#1920 = SURFACE_CURVE('',#1921,(#1925,#1932),.PCURVE_S1.);
#1921 = LINE('',#1922,#1923);
#1922 = CARTESIAN_POINT('',(0.,0.,0.));
#1923 = VECTOR('',#1924,1.);
#1924 = DIRECTION('',(0.,1.,0.));
#1925 = PCURVE('',#1839,#1926);
#1926 = DEFINITIONAL_REPRESENTATION('',(#1927),#1931);
#1927 = LINE('',#1928,#1929);
#1928 = CARTESIAN_POINT('',(0.,0.));
#1929 = VECTOR('',#1930,1.);
#1930 = DIRECTION('',(1.,0.));
#1931 = ( GEOMETRIC_REPRESENTATION_CONTEXT(2) 
PARAMETRIC_REPRESENTATION_CONTEXT() REPRESENTATION_CONTEXT('2D SPACE',''
  ) );
#1932 = PCURVE('',#1933,#1938);
#1933 = PLANE('',#1934);
#1934 = AXIS2_PLACEMENT_3D('',#1935,#1936,#1937);
#1935 = CARTESIAN_POINT('',(-0.375,2.37E-02,0.));
#1936 = DIRECTION('',(0.,0.,1.));
#1937 = DIRECTION('',(1.,0.,-0.));
#1938 = DEFINITIONAL_REPRESENTATION('',(#1939),#1943);
#1939 = LINE('',#1940,#1941);
#1940 = CARTESIAN_POINT('',(0.375,-2.37E-02));
#1941 = VECTOR('',#1942,1.);
#1942 = DIRECTION('',(0.,1.));
#1943 = ( GEOMETRIC_REPRESENTATION_CONTEXT(2) 
PARAMETRIC_REPRESENTATION_CONTEXT() REPRESENTATION_CONTEXT('2D SPACE',''
  ) );
#1944 = ADVANCED_FACE('',(#1945),#1907,.F.);
#1945 = FACE_BOUND('',#1946,.F.);
#1946 = EDGE_LOOP('',(#1947,#1948,#1971,#1999));
#1947 = ORIENTED_EDGE('',*,*,#1891,.T.);
#1948 = ORIENTED_EDGE('',*,*,#1949,.T.);
#1949 = EDGE_CURVE('',#1864,#1950,#1952,.T.);
#1950 = VERTEX_POINT('',#1951);
#1951 = CARTESIAN_POINT('',(-0.75,4.74E-02,7.8E-03));
#1952 = SURFACE_CURVE('',#1953,(#1957,#1964),.PCURVE_S1.);
#1953 = LINE('',#1954,#1955);
#1954 = CARTESIAN_POINT('',(0.,4.74E-02,7.8E-03));
#1955 = VECTOR('',#1956,1.);
#1956 = DIRECTION('',(-1.,0.,0.));
#1957 = PCURVE('',#1907,#1958);
#1958 = DEFINITIONAL_REPRESENTATION('',(#1959),#1963);
#1959 = LINE('',#1960,#1961);
#1960 = CARTESIAN_POINT('',(0.,-7.8E-03));
#1961 = VECTOR('',#1962,1.);
#1962 = DIRECTION('',(1.,0.));
#1963 = ( GEOMETRIC_REPRESENTATION_CONTEXT(2) 
PARAMETRIC_REPRESENTATION_CONTEXT() REPRESENTATION_CONTEXT('2D SPACE',''
  ) );
#1964 = PCURVE('',#1879,#1965);
#1965 = DEFINITIONAL_REPRESENTATION('',(#1966),#1970);
#1966 = LINE('',#1967,#1968);
#1967 = CARTESIAN_POINT('',(0.375,2.37E-02));
#1968 = VECTOR('',#1969,1.);
#1969 = DIRECTION('',(-1.,0.));
#1970 = ( GEOMETRIC_REPRESENTATION_CONTEXT(2) 
PARAMETRIC_REPRESENTATION_CONTEXT() REPRESENTATION_CONTEXT('2D SPACE',''
  ) );
#1971 = ORIENTED_EDGE('',*,*,#1972,.F.);
#1972 = EDGE_CURVE('',#1973,#1950,#1975,.T.);
#1973 = VERTEX_POINT('',#1974);
#1974 = CARTESIAN_POINT('',(-0.75,4.74E-02,0.));
#1975 = SURFACE_CURVE('',#1976,(#1980,#1987),.PCURVE_S1.);
#1976 = LINE('',#1977,#1978);
#1977 = CARTESIAN_POINT('',(-0.75,4.74E-02,0.));
#1978 = VECTOR('',#1979,1.);
#1979 = DIRECTION('',(0.,0.,1.));
#1980 = PCURVE('',#1907,#1981);
#1981 = DEFINITIONAL_REPRESENTATION('',(#1982),#1986);
#1982 = LINE('',#1983,#1984);
#1983 = CARTESIAN_POINT('',(0.75,0.));
#1984 = VECTOR('',#1985,1.);
#1985 = DIRECTION('',(0.,-1.));
#1986 = ( GEOMETRIC_REPRESENTATION_CONTEXT(2) 
PARAMETRIC_REPRESENTATION_CONTEXT() REPRESENTATION_CONTEXT('2D SPACE',''
  ) );
#1987 = PCURVE('',#1988,#1993);
#1988 = PLANE('',#1989);
#1989 = AXIS2_PLACEMENT_3D('',#1990,#1991,#1992);
#1990 = CARTESIAN_POINT('',(-0.75,4.74E-02,0.));
#1991 = DIRECTION('',(1.,0.,-0.));
#1992 = DIRECTION('',(0.,-1.,0.));
#1993 = DEFINITIONAL_REPRESENTATION('',(#1994),#1998);
#1994 = LINE('',#1995,#1996);
#1995 = CARTESIAN_POINT('',(0.,0.));
#1996 = VECTOR('',#1997,1.);
#1997 = DIRECTION('',(0.,-1.));
#1998 = ( GEOMETRIC_REPRESENTATION_CONTEXT(2) 
PARAMETRIC_REPRESENTATION_CONTEXT() REPRESENTATION_CONTEXT('2D SPACE',''
  ) );
#1999 = ORIENTED_EDGE('',*,*,#2000,.F.);
#2000 = EDGE_CURVE('',#1892,#1973,#2001,.T.);
#2001 = SURFACE_CURVE('',#2002,(#2006,#2013),.PCURVE_S1.);
#2002 = LINE('',#2003,#2004);
#2003 = CARTESIAN_POINT('',(0.,4.74E-02,0.));
#2004 = VECTOR('',#2005,1.);
#2005 = DIRECTION('',(-1.,0.,0.));
#2006 = PCURVE('',#1907,#2007);
#2007 = DEFINITIONAL_REPRESENTATION('',(#2008),#2012);
#2008 = LINE('',#2009,#2010);
#2009 = CARTESIAN_POINT('',(0.,-0.));
#2010 = VECTOR('',#2011,1.);
#2011 = DIRECTION('',(1.,0.));
#2012 = ( GEOMETRIC_REPRESENTATION_CONTEXT(2) 
PARAMETRIC_REPRESENTATION_CONTEXT() REPRESENTATION_CONTEXT('2D SPACE',''
  ) );
#2013 = PCURVE('',#1933,#2014);
#2014 = DEFINITIONAL_REPRESENTATION('',(#2015),#2019);
#2015 = LINE('',#2016,#2017);
#2016 = CARTESIAN_POINT('',(0.375,2.37E-02));
#2017 = VECTOR('',#2018,1.);
#2018 = DIRECTION('',(-1.,0.));
#2019 = ( GEOMETRIC_REPRESENTATION_CONTEXT(2) 
PARAMETRIC_REPRESENTATION_CONTEXT() REPRESENTATION_CONTEXT('2D SPACE',''
  ) );
#2020 = ADVANCED_FACE('',(#2021),#1988,.F.);
#2021 = FACE_BOUND('',#2022,.F.);
#2022 = EDGE_LOOP('',(#2023,#2024,#2047,#2070));
#2023 = ORIENTED_EDGE('',*,*,#1972,.T.);
#2024 = ORIENTED_EDGE('',*,*,#2025,.T.);
#2025 = EDGE_CURVE('',#1950,#2026,#2028,.T.);
#2026 = VERTEX_POINT('',#2027);
#2027 = CARTESIAN_POINT('',(-0.75,0.,7.8E-03));
#2028 = SURFACE_CURVE('',#2029,(#2033,#2040),.PCURVE_S1.);
#2029 = LINE('',#2030,#2031);
#2030 = CARTESIAN_POINT('',(-0.75,4.74E-02,7.8E-03));
#2031 = VECTOR('',#2032,1.);
#2032 = DIRECTION('',(0.,-1.,0.));
#2033 = PCURVE('',#1988,#2034);
#2034 = DEFINITIONAL_REPRESENTATION('',(#2035),#2039);
#2035 = LINE('',#2036,#2037);
#2036 = CARTESIAN_POINT('',(0.,-7.8E-03));
#2037 = VECTOR('',#2038,1.);
#2038 = DIRECTION('',(1.,0.));
#2039 = ( GEOMETRIC_REPRESENTATION_CONTEXT(2) 
PARAMETRIC_REPRESENTATION_CONTEXT() REPRESENTATION_CONTEXT('2D SPACE',''
  ) );
#2040 = PCURVE('',#1879,#2041);
#2041 = DEFINITIONAL_REPRESENTATION('',(#2042),#2046);
#2042 = LINE('',#2043,#2044);
#2043 = CARTESIAN_POINT('',(-0.375,2.37E-02));
#2044 = VECTOR('',#2045,1.);
#2045 = DIRECTION('',(0.,-1.));
#2046 = ( GEOMETRIC_REPRESENTATION_CONTEXT(2) 
PARAMETRIC_REPRESENTATION_CONTEXT() REPRESENTATION_CONTEXT('2D SPACE',''
  ) );
#2047 = ORIENTED_EDGE('',*,*,#2048,.F.);
#2048 = EDGE_CURVE('',#2049,#2026,#2051,.T.);
#2049 = VERTEX_POINT('',#2050);
#2050 = CARTESIAN_POINT('',(-0.75,0.,0.));
#2051 = SURFACE_CURVE('',#2052,(#2056,#2063),.PCURVE_S1.);
#2052 = LINE('',#2053,#2054);
#2053 = CARTESIAN_POINT('',(-0.75,0.,0.));
#2054 = VECTOR('',#2055,1.);
#2055 = DIRECTION('',(0.,0.,1.));
#2056 = PCURVE('',#1988,#2057);
#2057 = DEFINITIONAL_REPRESENTATION('',(#2058),#2062);
#2058 = LINE('',#2059,#2060);
#2059 = CARTESIAN_POINT('',(4.74E-02,0.));
#2060 = VECTOR('',#2061,1.);
#2061 = DIRECTION('',(0.,-1.));
#2062 = ( GEOMETRIC_REPRESENTATION_CONTEXT(2) 
PARAMETRIC_REPRESENTATION_CONTEXT() REPRESENTATION_CONTEXT('2D SPACE',''
  ) );
#2063 = PCURVE('',#1851,#2064);
#2064 = DEFINITIONAL_REPRESENTATION('',(#2065),#2069);
#2065 = LINE('',#2066,#2067);
#2066 = CARTESIAN_POINT('',(0.,0.));
#2067 = VECTOR('',#2068,1.);
#2068 = DIRECTION('',(0.,-1.));
#2069 = ( GEOMETRIC_REPRESENTATION_CONTEXT(2) 
PARAMETRIC_REPRESENTATION_CONTEXT() REPRESENTATION_CONTEXT('2D SPACE',''
  ) );
#2070 = ORIENTED_EDGE('',*,*,#2071,.F.);
#2071 = EDGE_CURVE('',#1973,#2049,#2072,.T.);
#2072 = SURFACE_CURVE('',#2073,(#2077,#2084),.PCURVE_S1.);
#2073 = LINE('',#2074,#2075);
#2074 = CARTESIAN_POINT('',(-0.75,4.74E-02,0.));
#2075 = VECTOR('',#2076,1.);
#2076 = DIRECTION('',(0.,-1.,0.));
#2077 = PCURVE('',#1988,#2078);
#2078 = DEFINITIONAL_REPRESENTATION('',(#2079),#2083);
#2079 = LINE('',#2080,#2081);
#2080 = CARTESIAN_POINT('',(0.,0.));
#2081 = VECTOR('',#2082,1.);
#2082 = DIRECTION('',(1.,0.));
#2083 = ( GEOMETRIC_REPRESENTATION_CONTEXT(2) 
PARAMETRIC_REPRESENTATION_CONTEXT() REPRESENTATION_CONTEXT('2D SPACE',''
  ) );
#2084 = PCURVE('',#1933,#2085);
#2085 = DEFINITIONAL_REPRESENTATION('',(#2086),#2090);
#2086 = LINE('',#2087,#2088);
#2087 = CARTESIAN_POINT('',(-0.375,2.37E-02));
#2088 = VECTOR('',#2089,1.);
#2089 = DIRECTION('',(0.,-1.));
#2090 = ( GEOMETRIC_REPRESENTATION_CONTEXT(2) 
PARAMETRIC_REPRESENTATION_CONTEXT() REPRESENTATION_CONTEXT('2D SPACE',''
  ) );
#2091 = ADVANCED_FACE('',(#2092),#1851,.F.);
#2092 = FACE_BOUND('',#2093,.F.);
#2093 = EDGE_LOOP('',(#2094,#2095,#2116,#2117));
#2094 = ORIENTED_EDGE('',*,*,#2048,.T.);
#2095 = ORIENTED_EDGE('',*,*,#2096,.T.);
#2096 = EDGE_CURVE('',#2026,#1831,#2097,.T.);
#2097 = SURFACE_CURVE('',#2098,(#2102,#2109),.PCURVE_S1.);
#2098 = LINE('',#2099,#2100);
#2099 = CARTESIAN_POINT('',(-0.75,0.,7.8E-03));
#2100 = VECTOR('',#2101,1.);
#2101 = DIRECTION('',(1.,0.,0.));
#2102 = PCURVE('',#1851,#2103);
#2103 = DEFINITIONAL_REPRESENTATION('',(#2104),#2108);
#2104 = LINE('',#2105,#2106);
#2105 = CARTESIAN_POINT('',(0.,-7.8E-03));
#2106 = VECTOR('',#2107,1.);
#2107 = DIRECTION('',(1.,0.));
#2108 = ( GEOMETRIC_REPRESENTATION_CONTEXT(2) 
PARAMETRIC_REPRESENTATION_CONTEXT() REPRESENTATION_CONTEXT('2D SPACE',''
  ) );
#2109 = PCURVE('',#1879,#2110);
#2110 = DEFINITIONAL_REPRESENTATION('',(#2111),#2115);
#2111 = LINE('',#2112,#2113);
#2112 = CARTESIAN_POINT('',(-0.375,-2.37E-02));
#2113 = VECTOR('',#2114,1.);
#2114 = DIRECTION('',(1.,0.));
#2115 = ( GEOMETRIC_REPRESENTATION_CONTEXT(2) 
PARAMETRIC_REPRESENTATION_CONTEXT() REPRESENTATION_CONTEXT('2D SPACE',''
  ) );
#2116 = ORIENTED_EDGE('',*,*,#1828,.F.);
#2117 = ORIENTED_EDGE('',*,*,#2118,.F.);
#2118 = EDGE_CURVE('',#2049,#1829,#2119,.T.);
#2119 = SURFACE_CURVE('',#2120,(#2124,#2131),.PCURVE_S1.);
#2120 = LINE('',#2121,#2122);
#2121 = CARTESIAN_POINT('',(-0.75,0.,0.));
#2122 = VECTOR('',#2123,1.);
#2123 = DIRECTION('',(1.,0.,0.));
#2124 = PCURVE('',#1851,#2125);
#2125 = DEFINITIONAL_REPRESENTATION('',(#2126),#2130);
#2126 = LINE('',#2127,#2128);
#2127 = CARTESIAN_POINT('',(0.,0.));
#2128 = VECTOR('',#2129,1.);
#2129 = DIRECTION('',(1.,0.));
#2130 = ( GEOMETRIC_REPRESENTATION_CONTEXT(2) 
PARAMETRIC_REPRESENTATION_CONTEXT() REPRESENTATION_CONTEXT('2D SPACE',''
  ) );
#2131 = PCURVE('',#1933,#2132);
#2132 = DEFINITIONAL_REPRESENTATION('',(#2133),#2137);
#2133 = LINE('',#2134,#2135);
#2134 = CARTESIAN_POINT('',(-0.375,-2.37E-02));
#2135 = VECTOR('',#2136,1.);
#2136 = DIRECTION('',(1.,0.));
#2137 = ( GEOMETRIC_REPRESENTATION_CONTEXT(2) 
PARAMETRIC_REPRESENTATION_CONTEXT() REPRESENTATION_CONTEXT('2D SPACE',''
  ) );
#2138 = ADVANCED_FACE('',(#2139),#2153,.F.);
#2139 = FACE_BOUND('',#2140,.T.);
#2140 = EDGE_LOOP('',(#2141,#2176,#2200,#2228));
#2141 = ORIENTED_EDGE('',*,*,#2142,.T.);
#2142 = EDGE_CURVE('',#2143,#2145,#2147,.T.);
#2143 = VERTEX_POINT('',#2144);
#2144 = CARTESIAN_POINT('',(-0.7263,3.16E-02,0.));
#2145 = VERTEX_POINT('',#2146);
#2146 = CARTESIAN_POINT('',(-0.7263,3.16E-02,7.8E-03));
#2147 = SURFACE_CURVE('',#2148,(#2152,#2164),.PCURVE_S1.);
#2148 = LINE('',#2149,#2150);
#2149 = CARTESIAN_POINT('',(-0.7263,3.16E-02,0.));
#2150 = VECTOR('',#2151,1.);
#2151 = DIRECTION('',(0.,0.,1.));
#2152 = PCURVE('',#2153,#2158);
#2153 = CYLINDRICAL_SURFACE('',#2154,1.185010548476E-02);
#2154 = AXIS2_PLACEMENT_3D('',#2155,#2156,#2157);
#2155 = CARTESIAN_POINT('',(-0.72635,1.975E-02,0.));
#2156 = DIRECTION('',(-0.,-0.,-1.));
#2157 = DIRECTION('',(4.219371723255E-03,0.999991098412,-0.));
#2158 = DEFINITIONAL_REPRESENTATION('',(#2159),#2163);
#2159 = LINE('',#2160,#2161);
#2160 = CARTESIAN_POINT('',(-0.,0.));
#2161 = VECTOR('',#2162,1.);
#2162 = DIRECTION('',(-0.,-1.));
#2163 = ( GEOMETRIC_REPRESENTATION_CONTEXT(2) 
PARAMETRIC_REPRESENTATION_CONTEXT() REPRESENTATION_CONTEXT('2D SPACE',''
  ) );
#2164 = PCURVE('',#2165,#2170);
#2165 = PLANE('',#2166);
#2166 = AXIS2_PLACEMENT_3D('',#2167,#2168,#2169);
#2167 = CARTESIAN_POINT('',(-2.37E-02,3.16E-02,0.));
#2168 = DIRECTION('',(0.,-1.,0.));
#2169 = DIRECTION('',(-1.,0.,0.));
#2170 = DEFINITIONAL_REPRESENTATION('',(#2171),#2175);
#2171 = LINE('',#2172,#2173);
#2172 = CARTESIAN_POINT('',(0.7026,0.));
#2173 = VECTOR('',#2174,1.);
#2174 = DIRECTION('',(0.,-1.));
#2175 = ( GEOMETRIC_REPRESENTATION_CONTEXT(2) 
PARAMETRIC_REPRESENTATION_CONTEXT() REPRESENTATION_CONTEXT('2D SPACE',''
  ) );
#2176 = ORIENTED_EDGE('',*,*,#2177,.T.);
#2177 = EDGE_CURVE('',#2145,#2178,#2180,.T.);
#2178 = VERTEX_POINT('',#2179);
#2179 = CARTESIAN_POINT('',(-0.7263,7.9E-03,7.8E-03));
#2180 = SURFACE_CURVE('',#2181,(#2186,#2193),.PCURVE_S1.);
#2181 = CIRCLE('',#2182,1.185010548476E-02);
#2182 = AXIS2_PLACEMENT_3D('',#2183,#2184,#2185);
#2183 = CARTESIAN_POINT('',(-0.72635,1.975E-02,7.8E-03));
#2184 = DIRECTION('',(0.,0.,1.));
#2185 = DIRECTION('',(4.219371723255E-03,0.999991098412,-0.));
#2186 = PCURVE('',#2153,#2187);
#2187 = DEFINITIONAL_REPRESENTATION('',(#2188),#2192);
#2188 = LINE('',#2189,#2190);
#2189 = CARTESIAN_POINT('',(-0.,-7.8E-03));
#2190 = VECTOR('',#2191,1.);
#2191 = DIRECTION('',(-1.,0.));
#2192 = ( GEOMETRIC_REPRESENTATION_CONTEXT(2) 
PARAMETRIC_REPRESENTATION_CONTEXT() REPRESENTATION_CONTEXT('2D SPACE',''
  ) );
#2193 = PCURVE('',#1879,#2194);
#2194 = DEFINITIONAL_REPRESENTATION('',(#2195),#2199);
#2195 = CIRCLE('',#2196,1.185010548476E-02);
#2196 = AXIS2_PLACEMENT_2D('',#2197,#2198);
#2197 = CARTESIAN_POINT('',(-0.35135,-3.95E-03));
#2198 = DIRECTION('',(4.219371723255E-03,0.999991098412));
#2199 = ( GEOMETRIC_REPRESENTATION_CONTEXT(2) 
PARAMETRIC_REPRESENTATION_CONTEXT() REPRESENTATION_CONTEXT('2D SPACE',''
  ) );
#2200 = ORIENTED_EDGE('',*,*,#2201,.F.);
#2201 = EDGE_CURVE('',#2202,#2178,#2204,.T.);
#2202 = VERTEX_POINT('',#2203);
#2203 = CARTESIAN_POINT('',(-0.7263,7.9E-03,0.));
#2204 = SURFACE_CURVE('',#2205,(#2209,#2216),.PCURVE_S1.);
#2205 = LINE('',#2206,#2207);
#2206 = CARTESIAN_POINT('',(-0.7263,7.9E-03,0.));
#2207 = VECTOR('',#2208,1.);
#2208 = DIRECTION('',(0.,0.,1.));
#2209 = PCURVE('',#2153,#2210);
#2210 = DEFINITIONAL_REPRESENTATION('',(#2211),#2215);
#2211 = LINE('',#2212,#2213);
#2212 = CARTESIAN_POINT('',(-3.150031422076,0.));
#2213 = VECTOR('',#2214,1.);
#2214 = DIRECTION('',(-0.,-1.));
#2215 = ( GEOMETRIC_REPRESENTATION_CONTEXT(2) 
PARAMETRIC_REPRESENTATION_CONTEXT() REPRESENTATION_CONTEXT('2D SPACE',''
  ) );
#2216 = PCURVE('',#2217,#2222);
#2217 = PLANE('',#2218);
#2218 = AXIS2_PLACEMENT_3D('',#2219,#2220,#2221);
#2219 = CARTESIAN_POINT('',(-0.7263,7.9E-03,0.));
#2220 = DIRECTION('',(-7.407017403829E-18,1.,0.));
#2221 = DIRECTION('',(1.,7.407017403829E-18,0.));
#2222 = DEFINITIONAL_REPRESENTATION('',(#2223),#2227);
#2223 = LINE('',#2224,#2225);
#2224 = CARTESIAN_POINT('',(0.,0.));
#2225 = VECTOR('',#2226,1.);
#2226 = DIRECTION('',(0.,-1.));
#2227 = ( GEOMETRIC_REPRESENTATION_CONTEXT(2) 
PARAMETRIC_REPRESENTATION_CONTEXT() REPRESENTATION_CONTEXT('2D SPACE',''
  ) );
#2228 = ORIENTED_EDGE('',*,*,#2229,.F.);
#2229 = EDGE_CURVE('',#2143,#2202,#2230,.T.);
#2230 = SURFACE_CURVE('',#2231,(#2236,#2243),.PCURVE_S1.);
#2231 = CIRCLE('',#2232,1.185010548476E-02);
#2232 = AXIS2_PLACEMENT_3D('',#2233,#2234,#2235);
#2233 = CARTESIAN_POINT('',(-0.72635,1.975E-02,0.));
#2234 = DIRECTION('',(0.,0.,1.));
#2235 = DIRECTION('',(4.219371723255E-03,0.999991098412,-0.));
#2236 = PCURVE('',#2153,#2237);
#2237 = DEFINITIONAL_REPRESENTATION('',(#2238),#2242);
#2238 = LINE('',#2239,#2240);
#2239 = CARTESIAN_POINT('',(-0.,0.));
#2240 = VECTOR('',#2241,1.);
#2241 = DIRECTION('',(-1.,0.));
#2242 = ( GEOMETRIC_REPRESENTATION_CONTEXT(2) 
PARAMETRIC_REPRESENTATION_CONTEXT() REPRESENTATION_CONTEXT('2D SPACE',''
  ) );
#2243 = PCURVE('',#1933,#2244);
#2244 = DEFINITIONAL_REPRESENTATION('',(#2245),#2249);
#2245 = CIRCLE('',#2246,1.185010548476E-02);
#2246 = AXIS2_PLACEMENT_2D('',#2247,#2248);
#2247 = CARTESIAN_POINT('',(-0.35135,-3.95E-03));
#2248 = DIRECTION('',(4.219371723255E-03,0.999991098412));
#2249 = ( GEOMETRIC_REPRESENTATION_CONTEXT(2) 
PARAMETRIC_REPRESENTATION_CONTEXT() REPRESENTATION_CONTEXT('2D SPACE',''
  ) );
#2250 = ADVANCED_FACE('',(#2251),#2165,.T.);
#2251 = FACE_BOUND('',#2252,.T.);
#2252 = EDGE_LOOP('',(#2253,#2283,#2304,#2305));
#2253 = ORIENTED_EDGE('',*,*,#2254,.T.);
#2254 = EDGE_CURVE('',#2255,#2257,#2259,.T.);
#2255 = VERTEX_POINT('',#2256);
#2256 = CARTESIAN_POINT('',(-2.37E-02,3.16E-02,0.));
#2257 = VERTEX_POINT('',#2258);
#2258 = CARTESIAN_POINT('',(-2.37E-02,3.16E-02,7.8E-03));
#2259 = SURFACE_CURVE('',#2260,(#2264,#2271),.PCURVE_S1.);
#2260 = LINE('',#2261,#2262);
#2261 = CARTESIAN_POINT('',(-2.37E-02,3.16E-02,0.));
#2262 = VECTOR('',#2263,1.);
#2263 = DIRECTION('',(0.,0.,1.));
#2264 = PCURVE('',#2165,#2265);
#2265 = DEFINITIONAL_REPRESENTATION('',(#2266),#2270);
#2266 = LINE('',#2267,#2268);
#2267 = CARTESIAN_POINT('',(0.,-0.));
#2268 = VECTOR('',#2269,1.);
#2269 = DIRECTION('',(0.,-1.));
#2270 = ( GEOMETRIC_REPRESENTATION_CONTEXT(2) 
PARAMETRIC_REPRESENTATION_CONTEXT() REPRESENTATION_CONTEXT('2D SPACE',''
  ) );
#2271 = PCURVE('',#2272,#2277);
#2272 = CYLINDRICAL_SURFACE('',#2273,1.185010548476E-02);
#2273 = AXIS2_PLACEMENT_3D('',#2274,#2275,#2276);
#2274 = CARTESIAN_POINT('',(-2.365E-02,1.975E-02,0.));
#2275 = DIRECTION('',(-0.,-0.,-1.));
#2276 = DIRECTION('',(-4.219371723257E-03,-0.999991098412,0.));
#2277 = DEFINITIONAL_REPRESENTATION('',(#2278),#2282);
#2278 = LINE('',#2279,#2280);
#2279 = CARTESIAN_POINT('',(-3.150031422076,0.));
#2280 = VECTOR('',#2281,1.);
#2281 = DIRECTION('',(-0.,-1.));
#2282 = ( GEOMETRIC_REPRESENTATION_CONTEXT(2) 
PARAMETRIC_REPRESENTATION_CONTEXT() REPRESENTATION_CONTEXT('2D SPACE',''
  ) );
#2283 = ORIENTED_EDGE('',*,*,#2284,.T.);
#2284 = EDGE_CURVE('',#2257,#2145,#2285,.T.);
#2285 = SURFACE_CURVE('',#2286,(#2290,#2297),.PCURVE_S1.);
#2286 = LINE('',#2287,#2288);
#2287 = CARTESIAN_POINT('',(-2.37E-02,3.16E-02,7.8E-03));
#2288 = VECTOR('',#2289,1.);
#2289 = DIRECTION('',(-1.,0.,0.));
#2290 = PCURVE('',#2165,#2291);
#2291 = DEFINITIONAL_REPRESENTATION('',(#2292),#2296);
#2292 = LINE('',#2293,#2294);
#2293 = CARTESIAN_POINT('',(0.,-7.8E-03));
#2294 = VECTOR('',#2295,1.);
#2295 = DIRECTION('',(1.,0.));
#2296 = ( GEOMETRIC_REPRESENTATION_CONTEXT(2) 
PARAMETRIC_REPRESENTATION_CONTEXT() REPRESENTATION_CONTEXT('2D SPACE',''
  ) );
#2297 = PCURVE('',#1879,#2298);
#2298 = DEFINITIONAL_REPRESENTATION('',(#2299),#2303);
#2299 = LINE('',#2300,#2301);
#2300 = CARTESIAN_POINT('',(0.3513,7.9E-03));
#2301 = VECTOR('',#2302,1.);
#2302 = DIRECTION('',(-1.,0.));
#2303 = ( GEOMETRIC_REPRESENTATION_CONTEXT(2) 
PARAMETRIC_REPRESENTATION_CONTEXT() REPRESENTATION_CONTEXT('2D SPACE',''
  ) );
#2304 = ORIENTED_EDGE('',*,*,#2142,.F.);
#2305 = ORIENTED_EDGE('',*,*,#2306,.F.);
#2306 = EDGE_CURVE('',#2255,#2143,#2307,.T.);
#2307 = SURFACE_CURVE('',#2308,(#2312,#2319),.PCURVE_S1.);
#2308 = LINE('',#2309,#2310);
#2309 = CARTESIAN_POINT('',(-2.37E-02,3.16E-02,0.));
#2310 = VECTOR('',#2311,1.);
#2311 = DIRECTION('',(-1.,0.,0.));
#2312 = PCURVE('',#2165,#2313);
#2313 = DEFINITIONAL_REPRESENTATION('',(#2314),#2318);
#2314 = LINE('',#2315,#2316);
#2315 = CARTESIAN_POINT('',(0.,-0.));
#2316 = VECTOR('',#2317,1.);
#2317 = DIRECTION('',(1.,0.));
#2318 = ( GEOMETRIC_REPRESENTATION_CONTEXT(2) 
PARAMETRIC_REPRESENTATION_CONTEXT() REPRESENTATION_CONTEXT('2D SPACE',''
  ) );
#2319 = PCURVE('',#1933,#2320);
#2320 = DEFINITIONAL_REPRESENTATION('',(#2321),#2325);
#2321 = LINE('',#2322,#2323);
#2322 = CARTESIAN_POINT('',(0.3513,7.9E-03));
#2323 = VECTOR('',#2324,1.);
#2324 = DIRECTION('',(-1.,0.));
#2325 = ( GEOMETRIC_REPRESENTATION_CONTEXT(2) 
PARAMETRIC_REPRESENTATION_CONTEXT() REPRESENTATION_CONTEXT('2D SPACE',''
  ) );
#2326 = ADVANCED_FACE('',(#2327),#2272,.F.);
#2327 = FACE_BOUND('',#2328,.T.);
#2328 = EDGE_LOOP('',(#2329,#2354,#2376,#2377));
#2329 = ORIENTED_EDGE('',*,*,#2330,.T.);
#2330 = EDGE_CURVE('',#2331,#2333,#2335,.T.);
#2331 = VERTEX_POINT('',#2332);
#2332 = CARTESIAN_POINT('',(-2.37E-02,7.9E-03,0.));
#2333 = VERTEX_POINT('',#2334);
#2334 = CARTESIAN_POINT('',(-2.37E-02,7.9E-03,7.8E-03));
#2335 = SURFACE_CURVE('',#2336,(#2340,#2347),.PCURVE_S1.);
#2336 = LINE('',#2337,#2338);
#2337 = CARTESIAN_POINT('',(-2.37E-02,7.9E-03,0.));
#2338 = VECTOR('',#2339,1.);
#2339 = DIRECTION('',(0.,0.,1.));
#2340 = PCURVE('',#2272,#2341);
#2341 = DEFINITIONAL_REPRESENTATION('',(#2342),#2346);
#2342 = LINE('',#2343,#2344);
#2343 = CARTESIAN_POINT('',(-0.,0.));
#2344 = VECTOR('',#2345,1.);
#2345 = DIRECTION('',(-0.,-1.));
#2346 = ( GEOMETRIC_REPRESENTATION_CONTEXT(2) 
PARAMETRIC_REPRESENTATION_CONTEXT() REPRESENTATION_CONTEXT('2D SPACE',''
  ) );
#2347 = PCURVE('',#2217,#2348);
#2348 = DEFINITIONAL_REPRESENTATION('',(#2349),#2353);
#2349 = LINE('',#2350,#2351);
#2350 = CARTESIAN_POINT('',(0.7026,0.));
#2351 = VECTOR('',#2352,1.);
#2352 = DIRECTION('',(0.,-1.));
#2353 = ( GEOMETRIC_REPRESENTATION_CONTEXT(2) 
PARAMETRIC_REPRESENTATION_CONTEXT() REPRESENTATION_CONTEXT('2D SPACE',''
  ) );
#2354 = ORIENTED_EDGE('',*,*,#2355,.T.);
#2355 = EDGE_CURVE('',#2333,#2257,#2356,.T.);
#2356 = SURFACE_CURVE('',#2357,(#2362,#2369),.PCURVE_S1.);
#2357 = CIRCLE('',#2358,1.185010548476E-02);
#2358 = AXIS2_PLACEMENT_3D('',#2359,#2360,#2361);
#2359 = CARTESIAN_POINT('',(-2.365E-02,1.975E-02,7.8E-03));
#2360 = DIRECTION('',(0.,0.,1.));
#2361 = DIRECTION('',(-4.219371723257E-03,-0.999991098412,0.));
#2362 = PCURVE('',#2272,#2363);
#2363 = DEFINITIONAL_REPRESENTATION('',(#2364),#2368);
#2364 = LINE('',#2365,#2366);
#2365 = CARTESIAN_POINT('',(-0.,-7.8E-03));
#2366 = VECTOR('',#2367,1.);
#2367 = DIRECTION('',(-1.,0.));
#2368 = ( GEOMETRIC_REPRESENTATION_CONTEXT(2) 
PARAMETRIC_REPRESENTATION_CONTEXT() REPRESENTATION_CONTEXT('2D SPACE',''
  ) );
#2369 = PCURVE('',#1879,#2370);
#2370 = DEFINITIONAL_REPRESENTATION('',(#2371),#2375);
#2371 = CIRCLE('',#2372,1.185010548476E-02);
#2372 = AXIS2_PLACEMENT_2D('',#2373,#2374);
#2373 = CARTESIAN_POINT('',(0.35135,-3.95E-03));
#2374 = DIRECTION('',(-4.219371723257E-03,-0.999991098412));
#2375 = ( GEOMETRIC_REPRESENTATION_CONTEXT(2) 
PARAMETRIC_REPRESENTATION_CONTEXT() REPRESENTATION_CONTEXT('2D SPACE',''
  ) );
#2376 = ORIENTED_EDGE('',*,*,#2254,.F.);
#2377 = ORIENTED_EDGE('',*,*,#2378,.F.);
#2378 = EDGE_CURVE('',#2331,#2255,#2379,.T.);
#2379 = SURFACE_CURVE('',#2380,(#2385,#2392),.PCURVE_S1.);
#2380 = CIRCLE('',#2381,1.185010548476E-02);
#2381 = AXIS2_PLACEMENT_3D('',#2382,#2383,#2384);
#2382 = CARTESIAN_POINT('',(-2.365E-02,1.975E-02,0.));
#2383 = DIRECTION('',(0.,0.,1.));
#2384 = DIRECTION('',(-4.219371723257E-03,-0.999991098412,0.));
#2385 = PCURVE('',#2272,#2386);
#2386 = DEFINITIONAL_REPRESENTATION('',(#2387),#2391);
#2387 = LINE('',#2388,#2389);
#2388 = CARTESIAN_POINT('',(-0.,0.));
#2389 = VECTOR('',#2390,1.);
#2390 = DIRECTION('',(-1.,0.));
#2391 = ( GEOMETRIC_REPRESENTATION_CONTEXT(2) 
PARAMETRIC_REPRESENTATION_CONTEXT() REPRESENTATION_CONTEXT('2D SPACE',''
  ) );
#2392 = PCURVE('',#1933,#2393);
#2393 = DEFINITIONAL_REPRESENTATION('',(#2394),#2398);
#2394 = CIRCLE('',#2395,1.185010548476E-02);
#2395 = AXIS2_PLACEMENT_2D('',#2396,#2397);
#2396 = CARTESIAN_POINT('',(0.35135,-3.95E-03));
#2397 = DIRECTION('',(-4.219371723257E-03,-0.999991098412));
#2398 = ( GEOMETRIC_REPRESENTATION_CONTEXT(2) 
PARAMETRIC_REPRESENTATION_CONTEXT() REPRESENTATION_CONTEXT('2D SPACE',''
  ) );
#2399 = ADVANCED_FACE('',(#2400),#2217,.T.);
#2400 = FACE_BOUND('',#2401,.T.);
#2401 = EDGE_LOOP('',(#2402,#2403,#2424,#2425));
#2402 = ORIENTED_EDGE('',*,*,#2201,.T.);
#2403 = ORIENTED_EDGE('',*,*,#2404,.T.);
#2404 = EDGE_CURVE('',#2178,#2333,#2405,.T.);
#2405 = SURFACE_CURVE('',#2406,(#2410,#2417),.PCURVE_S1.);
#2406 = LINE('',#2407,#2408);
#2407 = CARTESIAN_POINT('',(-0.7263,7.9E-03,7.8E-03));
#2408 = VECTOR('',#2409,1.);
#2409 = DIRECTION('',(1.,7.407017403829E-18,0.));
#2410 = PCURVE('',#2217,#2411);
#2411 = DEFINITIONAL_REPRESENTATION('',(#2412),#2416);
#2412 = LINE('',#2413,#2414);
#2413 = CARTESIAN_POINT('',(0.,-7.8E-03));
#2414 = VECTOR('',#2415,1.);
#2415 = DIRECTION('',(1.,0.));
#2416 = ( GEOMETRIC_REPRESENTATION_CONTEXT(2) 
PARAMETRIC_REPRESENTATION_CONTEXT() REPRESENTATION_CONTEXT('2D SPACE',''
  ) );
#2417 = PCURVE('',#1879,#2418);
#2418 = DEFINITIONAL_REPRESENTATION('',(#2419),#2423);
#2419 = LINE('',#2420,#2421);
#2420 = CARTESIAN_POINT('',(-0.3513,-1.58E-02));
#2421 = VECTOR('',#2422,1.);
#2422 = DIRECTION('',(1.,7.407017403829E-18));
#2423 = ( GEOMETRIC_REPRESENTATION_CONTEXT(2) 
PARAMETRIC_REPRESENTATION_CONTEXT() REPRESENTATION_CONTEXT('2D SPACE',''
  ) );
#2424 = ORIENTED_EDGE('',*,*,#2330,.F.);
#2425 = ORIENTED_EDGE('',*,*,#2426,.F.);
#2426 = EDGE_CURVE('',#2202,#2331,#2427,.T.);
#2427 = SURFACE_CURVE('',#2428,(#2432,#2439),.PCURVE_S1.);
#2428 = LINE('',#2429,#2430);
#2429 = CARTESIAN_POINT('',(-0.7263,7.9E-03,0.));
#2430 = VECTOR('',#2431,1.);
#2431 = DIRECTION('',(1.,7.407017403829E-18,0.));
#2432 = PCURVE('',#2217,#2433);
#2433 = DEFINITIONAL_REPRESENTATION('',(#2434),#2438);
#2434 = LINE('',#2435,#2436);
#2435 = CARTESIAN_POINT('',(0.,0.));
#2436 = VECTOR('',#2437,1.);
#2437 = DIRECTION('',(1.,0.));
#2438 = ( GEOMETRIC_REPRESENTATION_CONTEXT(2) 
PARAMETRIC_REPRESENTATION_CONTEXT() REPRESENTATION_CONTEXT('2D SPACE',''
  ) );
#2439 = PCURVE('',#1933,#2440);
#2440 = DEFINITIONAL_REPRESENTATION('',(#2441),#2445);
#2441 = LINE('',#2442,#2443);
#2442 = CARTESIAN_POINT('',(-0.3513,-1.58E-02));
#2443 = VECTOR('',#2444,1.);
#2444 = DIRECTION('',(1.,7.407017403829E-18));
#2445 = ( GEOMETRIC_REPRESENTATION_CONTEXT(2) 
PARAMETRIC_REPRESENTATION_CONTEXT() REPRESENTATION_CONTEXT('2D SPACE',''
  ) );
#2446 = ADVANCED_FACE('',(#2447,#2453),#1933,.F.);
#2447 = FACE_BOUND('',#2448,.F.);
#2448 = EDGE_LOOP('',(#2449,#2450,#2451,#2452));
#2449 = ORIENTED_EDGE('',*,*,#1919,.T.);
#2450 = ORIENTED_EDGE('',*,*,#2000,.T.);
#2451 = ORIENTED_EDGE('',*,*,#2071,.T.);
#2452 = ORIENTED_EDGE('',*,*,#2118,.T.);
#2453 = FACE_BOUND('',#2454,.F.);
#2454 = EDGE_LOOP('',(#2455,#2456,#2457,#2458));
#2455 = ORIENTED_EDGE('',*,*,#2229,.F.);
#2456 = ORIENTED_EDGE('',*,*,#2306,.F.);
#2457 = ORIENTED_EDGE('',*,*,#2378,.F.);
#2458 = ORIENTED_EDGE('',*,*,#2426,.F.);
#2459 = ADVANCED_FACE('',(#2460,#2466),#1879,.T.);
#2460 = FACE_BOUND('',#2461,.T.);
#2461 = EDGE_LOOP('',(#2462,#2463,#2464,#2465));
#2462 = ORIENTED_EDGE('',*,*,#1863,.T.);
#2463 = ORIENTED_EDGE('',*,*,#1949,.T.);
#2464 = ORIENTED_EDGE('',*,*,#2025,.T.);
#2465 = ORIENTED_EDGE('',*,*,#2096,.T.);
#2466 = FACE_BOUND('',#2467,.T.);
#2467 = EDGE_LOOP('',(#2468,#2469,#2470,#2471));
#2468 = ORIENTED_EDGE('',*,*,#2177,.F.);
#2469 = ORIENTED_EDGE('',*,*,#2284,.F.);
#2470 = ORIENTED_EDGE('',*,*,#2355,.F.);
#2471 = ORIENTED_EDGE('',*,*,#2404,.F.);
#2472 = ( GEOMETRIC_REPRESENTATION_CONTEXT(3) 
GLOBAL_UNCERTAINTY_ASSIGNED_CONTEXT((#2476)) 
GLOBAL_UNIT_ASSIGNED_CONTEXT((#2473,#2474,#2475)) REPRESENTATION_CONTEXT
('Context #1','3D Context with UNIT and UNCERTAINTY') );
#2473 = ( LENGTH_UNIT() NAMED_UNIT(*) SI_UNIT(.MILLI.,.METRE.) );
#2474 = ( NAMED_UNIT(*) PLANE_ANGLE_UNIT() SI_UNIT($,.RADIAN.) );
#2475 = ( NAMED_UNIT(*) SI_UNIT($,.STERADIAN.) SOLID_ANGLE_UNIT() );
#2476 = UNCERTAINTY_MEASURE_WITH_UNIT(LENGTH_MEASURE(1.E-07),#2473,
  'distance_accuracy_value','confusion accuracy');
#2477 = CONTEXT_DEPENDENT_SHAPE_REPRESENTATION(#2478,#2480);
#2478 = ( REPRESENTATION_RELATIONSHIP('','',#1821,#10) 
REPRESENTATION_RELATIONSHIP_WITH_TRANSFORMATION(#2479) 
SHAPE_REPRESENTATION_RELATIONSHIP() );
#2479 = ITEM_DEFINED_TRANSFORMATION('','',#11,#19);
#2480 = PRODUCT_DEFINITION_SHAPE('Placement','Placement of an item',
  #2481);
#2481 = NEXT_ASSEMBLY_USAGE_OCCURRENCE('2','','',#5,#1816,$);
#2482 = PRODUCT_RELATED_PRODUCT_CATEGORY('part',$,(#1818));
ENDSEC;
END-ISO-10303-21;
