ISO-10303-21;
HEADER;
FILE_DESCRIPTION(('Open CASCADE Model'),'2;1');
FILE_NAME('Open CASCADE Shape Model','2025-07-21T10:48:24',('Author'),(
    'Open CASCADE'),'Open CASCADE STEP processor 7.7','Open CASCADE 7.7'
  ,'Unknown');
FILE_SCHEMA(('AUTOMOTIVE_DESIGN { 1 0 10303 214 1 1 1 1 }'));
ENDSEC;
DATA;
#1 = APPLICATION_PROTOCOL_DEFINITION('international standard',
  'automotive_design',2000,#2);
#2 = APPLICATION_CONTEXT(
  'core data for automotive mechanical design processes');
#3 = SHAPE_DEFINITION_REPRESENTATION(#4,#10);
#4 = PRODUCT_DEFINITION_SHAPE('','',#5);
#5 = PRODUCT_DEFINITION('design','',#6,#9);
#6 = PRODUCT_DEFINITION_FORMATION('','',#7);
#7 = PRODUCT('Open CASCADE STEP translator 7.7 1',
  'Open CASCADE STEP translator 7.7 1','',(#8));
#8 = PRODUCT_CONTEXT('',#2,'mechanical');
#9 = PRODUCT_DEFINITION_CONTEXT('part definition',#2,'design');
#10 = ADVANCED_BREP_SHAPE_REPRESENTATION('',(#11,#15),#1783);
#11 = AXIS2_PLACEMENT_3D('',#12,#13,#14);
#12 = CARTESIAN_POINT('',(0.,0.,0.));
#13 = DIRECTION('',(0.,0.,1.));
#14 = DIRECTION('',(1.,0.,-0.));
#15 = MANIFOLD_SOLID_BREP('',#16);
#16 = CLOSED_SHELL('',(#17,#1251,#1356,#1436,#1508,#1604,#1656,#1660,
    #1687,#1714,#1751,#1778));
#17 = ADVANCED_FACE('',(#18,#640,#847,#1049),#33,.T.);
#18 = FACE_BOUND('',#19,.F.);
#19 = EDGE_LOOP('',(#20,#56,#79,#106,#107,#131,#157,#362,#562,#583,#616)
  );
#20 = ORIENTED_EDGE('',*,*,#21,.F.);
#21 = EDGE_CURVE('',#22,#24,#26,.T.);
#22 = VERTEX_POINT('',#23);
#23 = CARTESIAN_POINT('',(4.69E-02,0.,0.));
#24 = VERTEX_POINT('',#25);
#25 = CARTESIAN_POINT('',(-4.59E-02,1.053733886763E-15,0.));
#26 = SURFACE_CURVE('',#27,(#32,#44),.PCURVE_S1.);
#27 = CIRCLE('',#28,4.64E-02);
#28 = AXIS2_PLACEMENT_3D('',#29,#30,#31);
#29 = CARTESIAN_POINT('',(5.E-04,0.,0.));
#30 = DIRECTION('',(0.,0.,1.));
#31 = DIRECTION('',(1.,0.,0.));
#32 = PCURVE('',#33,#38);
#33 = CYLINDRICAL_SURFACE('',#34,4.64E-02);
#34 = AXIS2_PLACEMENT_3D('',#35,#36,#37);
#35 = CARTESIAN_POINT('',(5.E-04,0.,0.));
#36 = DIRECTION('',(-0.,-0.,-1.));
#37 = DIRECTION('',(1.,0.,0.));
#38 = DEFINITIONAL_REPRESENTATION('',(#39),#43);
#39 = LINE('',#40,#41);
#40 = CARTESIAN_POINT('',(-0.,0.));
#41 = VECTOR('',#42,1.);
#42 = DIRECTION('',(-1.,0.));
#43 = ( GEOMETRIC_REPRESENTATION_CONTEXT(2) 
PARAMETRIC_REPRESENTATION_CONTEXT() REPRESENTATION_CONTEXT('2D SPACE',''
  ) );
#44 = PCURVE('',#45,#50);
#45 = PLANE('',#46);
#46 = AXIS2_PLACEMENT_3D('',#47,#48,#49);
#47 = CARTESIAN_POINT('',(5.E-04,-9.537206043847E-20,0.));
#48 = DIRECTION('',(0.,0.,1.));
#49 = DIRECTION('',(1.,0.,-0.));
#50 = DEFINITIONAL_REPRESENTATION('',(#51),#55);
#51 = CIRCLE('',#52,4.64E-02);
#52 = AXIS2_PLACEMENT_2D('',#53,#54);
#53 = CARTESIAN_POINT('',(4.553649124439E-18,9.537206043847E-20));
#54 = DIRECTION('',(1.,0.));
#55 = ( GEOMETRIC_REPRESENTATION_CONTEXT(2) 
PARAMETRIC_REPRESENTATION_CONTEXT() REPRESENTATION_CONTEXT('2D SPACE',''
  ) );
#56 = ORIENTED_EDGE('',*,*,#57,.T.);
#57 = EDGE_CURVE('',#22,#58,#60,.T.);
#58 = VERTEX_POINT('',#59);
#59 = CARTESIAN_POINT('',(4.69E-02,0.,0.75));
#60 = SEAM_CURVE('',#61,(#65,#72),.PCURVE_S1.);
#61 = LINE('',#62,#63);
#62 = CARTESIAN_POINT('',(4.69E-02,0.,0.));
#63 = VECTOR('',#64,1.);
#64 = DIRECTION('',(0.,0.,1.));
#65 = PCURVE('',#33,#66);
#66 = DEFINITIONAL_REPRESENTATION('',(#67),#71);
#67 = LINE('',#68,#69);
#68 = CARTESIAN_POINT('',(-6.28318530718,0.));
#69 = VECTOR('',#70,1.);
#70 = DIRECTION('',(-0.,-1.));
#71 = ( GEOMETRIC_REPRESENTATION_CONTEXT(2) 
PARAMETRIC_REPRESENTATION_CONTEXT() REPRESENTATION_CONTEXT('2D SPACE',''
  ) );
#72 = PCURVE('',#33,#73);
#73 = DEFINITIONAL_REPRESENTATION('',(#74),#78);
#74 = LINE('',#75,#76);
#75 = CARTESIAN_POINT('',(-0.,0.));
#76 = VECTOR('',#77,1.);
#77 = DIRECTION('',(-0.,-1.));
#78 = ( GEOMETRIC_REPRESENTATION_CONTEXT(2) 
PARAMETRIC_REPRESENTATION_CONTEXT() REPRESENTATION_CONTEXT('2D SPACE',''
  ) );
#79 = ORIENTED_EDGE('',*,*,#80,.T.);
#80 = EDGE_CURVE('',#58,#58,#81,.T.);
#81 = SURFACE_CURVE('',#82,(#87,#94),.PCURVE_S1.);
#82 = CIRCLE('',#83,4.64E-02);
#83 = AXIS2_PLACEMENT_3D('',#84,#85,#86);
#84 = CARTESIAN_POINT('',(5.E-04,0.,0.75));
#85 = DIRECTION('',(0.,0.,1.));
#86 = DIRECTION('',(1.,0.,0.));
#87 = PCURVE('',#33,#88);
#88 = DEFINITIONAL_REPRESENTATION('',(#89),#93);
#89 = LINE('',#90,#91);
#90 = CARTESIAN_POINT('',(-0.,-0.75));
#91 = VECTOR('',#92,1.);
#92 = DIRECTION('',(-1.,0.));
#93 = ( GEOMETRIC_REPRESENTATION_CONTEXT(2) 
PARAMETRIC_REPRESENTATION_CONTEXT() REPRESENTATION_CONTEXT('2D SPACE',''
  ) );
#94 = PCURVE('',#95,#100);
#95 = PLANE('',#96);
#96 = AXIS2_PLACEMENT_3D('',#97,#98,#99);
#97 = CARTESIAN_POINT('',(5.E-04,-9.537206043847E-20,0.75));
#98 = DIRECTION('',(0.,0.,1.));
#99 = DIRECTION('',(1.,0.,-0.));
#100 = DEFINITIONAL_REPRESENTATION('',(#101),#105);
#101 = CIRCLE('',#102,4.64E-02);
#102 = AXIS2_PLACEMENT_2D('',#103,#104);
#103 = CARTESIAN_POINT('',(4.553649124439E-18,9.537206043847E-20));
#104 = DIRECTION('',(1.,0.));
#105 = ( GEOMETRIC_REPRESENTATION_CONTEXT(2) 
PARAMETRIC_REPRESENTATION_CONTEXT() REPRESENTATION_CONTEXT('2D SPACE',''
  ) );
#106 = ORIENTED_EDGE('',*,*,#57,.F.);
#107 = ORIENTED_EDGE('',*,*,#108,.F.);
#108 = EDGE_CURVE('',#109,#22,#111,.T.);
#109 = VERTEX_POINT('',#110);
#110 = CARTESIAN_POINT('',(-6.74373751286E-17,-4.639730595627E-02,0.));
#111 = SURFACE_CURVE('',#112,(#117,#124),.PCURVE_S1.);
#112 = CIRCLE('',#113,4.64E-02);
#113 = AXIS2_PLACEMENT_3D('',#114,#115,#116);
#114 = CARTESIAN_POINT('',(5.E-04,0.,0.));
#115 = DIRECTION('',(0.,0.,1.));
#116 = DIRECTION('',(1.,0.,0.));
#117 = PCURVE('',#33,#118);
#118 = DEFINITIONAL_REPRESENTATION('',(#119),#123);
#119 = LINE('',#120,#121);
#120 = CARTESIAN_POINT('',(-0.,0.));
#121 = VECTOR('',#122,1.);
#122 = DIRECTION('',(-1.,0.));
#123 = ( GEOMETRIC_REPRESENTATION_CONTEXT(2) 
PARAMETRIC_REPRESENTATION_CONTEXT() REPRESENTATION_CONTEXT('2D SPACE',''
  ) );
#124 = PCURVE('',#45,#125);
#125 = DEFINITIONAL_REPRESENTATION('',(#126),#130);
#126 = CIRCLE('',#127,4.64E-02);
#127 = AXIS2_PLACEMENT_2D('',#128,#129);
#128 = CARTESIAN_POINT('',(4.553649124439E-18,9.537206043847E-20));
#129 = DIRECTION('',(1.,0.));
#130 = ( GEOMETRIC_REPRESENTATION_CONTEXT(2) 
PARAMETRIC_REPRESENTATION_CONTEXT() REPRESENTATION_CONTEXT('2D SPACE',''
  ) );
#131 = ORIENTED_EDGE('',*,*,#132,.F.);
#132 = EDGE_CURVE('',#133,#109,#135,.T.);
#133 = VERTEX_POINT('',#134);
#134 = CARTESIAN_POINT('',(2.980896169754E-18,-4.639730607543E-02,
    4.67012658329E-02));
#135 = SURFACE_CURVE('',#136,(#140,#146),.PCURVE_S1.);
#136 = LINE('',#137,#138);
#137 = CARTESIAN_POINT('',(0.,-4.639730595627E-02,0.));
#138 = VECTOR('',#139,1.);
#139 = DIRECTION('',(-0.,-0.,-1.));
#140 = PCURVE('',#33,#141);
#141 = DEFINITIONAL_REPRESENTATION('',(#142),#145);
#142 = B_SPLINE_CURVE_WITH_KNOTS('',1,(#143,#144),.UNSPECIFIED.,.F.,.F.,
  (2,2),(-0.1375,6.E-07),.PIECEWISE_BEZIER_KNOTS.);
#143 = CARTESIAN_POINT('',(-4.701612909757,-0.1375));
#144 = CARTESIAN_POINT('',(-4.701612909757,6.E-07));
#145 = ( GEOMETRIC_REPRESENTATION_CONTEXT(2) 
PARAMETRIC_REPRESENTATION_CONTEXT() REPRESENTATION_CONTEXT('2D SPACE',''
  ) );
#146 = PCURVE('',#147,#152);
#147 = PLANE('',#148);
#148 = AXIS2_PLACEMENT_3D('',#149,#150,#151);
#149 = CARTESIAN_POINT('',(0.,-0.125,0.));
#150 = DIRECTION('',(-1.,0.,0.));
#151 = DIRECTION('',(0.,1.,0.));
#152 = DEFINITIONAL_REPRESENTATION('',(#153),#156);
#153 = B_SPLINE_CURVE_WITH_KNOTS('',1,(#154,#155),.UNSPECIFIED.,.F.,.F.,
  (2,2),(-0.1375,6.E-07),.PIECEWISE_BEZIER_KNOTS.);
#154 = CARTESIAN_POINT('',(7.860269404373E-02,-0.1375));
#155 = CARTESIAN_POINT('',(7.860269404373E-02,6.E-07));
#156 = ( GEOMETRIC_REPRESENTATION_CONTEXT(2) 
PARAMETRIC_REPRESENTATION_CONTEXT() REPRESENTATION_CONTEXT('2D SPACE',''
  ) );
#157 = ORIENTED_EDGE('',*,*,#158,.T.);
#158 = EDGE_CURVE('',#133,#159,#161,.T.);
#159 = VERTEX_POINT('',#160);
#160 = CARTESIAN_POINT('',(1.6E-02,-4.373454012563E-02,6.25E-02));
#161 = SURFACE_CURVE('',#162,(#225,#291),.PCURVE_S1.);
#162 = B_SPLINE_CURVE_WITH_KNOTS('',7,(#163,#164,#165,#166,#167,#168,
    #169,#170,#171,#172,#173,#174,#175,#176,#177,#178,#179,#180,#181,
    #182,#183,#184,#185,#186,#187,#188,#189,#190,#191,#192,#193,#194,
    #195,#196,#197,#198,#199,#200,#201,#202,#203,#204,#205,#206,#207,
    #208,#209,#210,#211,#212,#213,#214,#215,#216,#217,#218,#219,#220,
    #221,#222,#223,#224),.UNSPECIFIED.,.T.,.F.,(8,6,6,6,6,6,6,6,6,6,8),(
    0.,0.174899273487,0.229011865529,0.287901005624,0.368722499938,
    0.49672038922,0.674007287939,0.726181438585,0.788363459776,
    0.870143254146,1.),.UNSPECIFIED.);
#163 = CARTESIAN_POINT('',(1.6E-02,-4.373454012563E-02,6.25E-02));
#164 = CARTESIAN_POINT('',(1.6E-02,-4.373454012563E-02,
    6.510528870668E-02));
#165 = CARTESIAN_POINT('',(1.54987917768E-02,-4.391219605346E-02,
    6.766975827525E-02));
#166 = CARTESIAN_POINT('',(1.452479835208E-02,-4.425727011873E-02,
    7.009700214447E-02));
#167 = CARTESIAN_POINT('',(1.311611965366E-02,-4.471612371538E-02,
    7.230081706888E-02));
#168 = CARTESIAN_POINT('',(1.132691965592E-02,-4.519940504775E-02,
    7.418877425587E-02));
#169 = CARTESIAN_POINT('',(9.25718229366E-03,-4.56203267696E-02,
    7.567478477E-02));
#170 = CARTESIAN_POINT('',(6.375394270139E-03,-4.603165056422E-02,
    7.70628204278E-02));
#171 = CARTESIAN_POINT('',(5.677612855728E-03,-4.61192346778E-02,
    7.735208793056E-02));
#172 = CARTESIAN_POINT('',(4.965482542205E-03,-4.619587937447E-02,
    7.760181980693E-02));
#173 = CARTESIAN_POINT('',(4.241505310172E-03,-4.626049675845E-02,
    7.781134778172E-02));
#174 = CARTESIAN_POINT('',(3.508182474866E-03,-4.631224398571E-02,
    7.798016325591E-02));
#175 = CARTESIAN_POINT('',(2.768014686154E-03,-4.635052326406E-02,
    7.81079173067E-02));
#176 = CARTESIAN_POINT('',(1.213270623206E-03,-4.640159941512E-02,
    7.828855976899E-02));
#177 = CARTESIAN_POINT('',(3.984617883561E-04,-4.641183567555E-02,
    7.833377289923E-02));
#178 = CARTESIAN_POINT('',(-4.183443454976E-04,-4.640530495547E-02,
    7.83299955006E-02));
#179 = CARTESIAN_POINT('',(-1.234206615174E-03,-4.638189684476E-02,
    7.827710284278E-02));
#180 = CARTESIAN_POINT('',(-2.045846462402E-03,-4.634184013999E-02,
    7.81751114946E-02));
#181 = CARTESIAN_POINT('',(-2.849671471404E-03,-4.628576678232E-02,
    7.802438077578E-02));
#182 = CARTESIAN_POINT('',(-4.728942017844E-03,-4.611734530758E-02,
    7.755329457886E-02));
#183 = CARTESIAN_POINT('',(-5.795792566401E-03,-4.599156396833E-02,
    7.719025189356E-02));
#184 = CARTESIAN_POINT('',(-6.833713636708E-03,-4.584016846451E-02,
    7.673811758228E-02));
#185 = CARTESIAN_POINT('',(-7.83425648082E-03,-4.566694603107E-02,
    7.619919371898E-02));
#186 = CARTESIAN_POINT('',(-8.789160518282E-03,-4.547673445103E-02,
    7.557665302219E-02));
#187 = CARTESIAN_POINT('',(-9.690353336126E-03,-4.527542205547E-02,
    7.487453885499E-02));
#188 = CARTESIAN_POINT('',(-1.185963024886E-02,-4.474453576457E-02,
    7.286758028559E-02));
#189 = CARTESIAN_POINT('',(-1.304606192533E-02,-4.44057031101E-02,
    7.143984710364E-02));
#190 = CARTESIAN_POINT('',(-1.403920361849E-02,-4.408286845378E-02,
    6.984178658202E-02));
#191 = CARTESIAN_POINT('',(-1.480697853162E-02,-4.381057306934E-02,
    6.811205852761E-02));
#192 = CARTESIAN_POINT('',(-1.53297289235E-02,-4.361720395574E-02,
    6.629111624412E-02));
#193 = CARTESIAN_POINT('',(-1.559604455287E-02,-4.351870135049E-02,
    6.441789969466E-02));
#194 = CARTESIAN_POINT('',(-1.560539706319E-02,-4.351524122619E-02,
    5.992195262531E-02));
#195 = CARTESIAN_POINT('',(-1.510736449346E-02,-4.369951913103E-02,
    5.735176034665E-02));
#196 = CARTESIAN_POINT('',(-1.413481682555E-02,-4.405950455941E-02,
    5.491884894621E-02));
#197 = CARTESIAN_POINT('',(-1.272581930037E-02,-4.454028378861E-02,
    5.270933723975E-02));
#198 = CARTESIAN_POINT('',(-1.093421540555E-02,-4.505041234159E-02,
    5.081624211353E-02));
#199 = CARTESIAN_POINT('',(-8.860558094713E-03,-4.5500736142E-02,
    4.932684121089E-02));
#200 = CARTESIAN_POINT('',(-6.00763528954E-03,-4.594607419214E-02,
    4.795270871043E-02));
#201 = CARTESIAN_POINT('',(-5.343644827837E-03,-4.603875638859E-02,
    4.767538686022E-02));
#202 = CARTESIAN_POINT('',(-4.666513323957E-03,-4.61216850923E-02,
    4.743390693891E-02));
#203 = CARTESIAN_POINT('',(-3.978401517062E-03,-4.61938870966E-02,
    4.722885515705E-02));
#204 = CARTESIAN_POINT('',(-3.281470315879E-03,-4.625459207544E-02,
    4.706068619612E-02));
#205 = CARTESIAN_POINT('',(-2.577880798704E-03,-4.63032325834E-02,
    4.692972320853E-02));
#206 = CARTESIAN_POINT('',(-1.025884834738E-03,-4.638260149102E-02,
    4.672464502733E-02));
#207 = CARTESIAN_POINT('',(-1.762432391779E-04,-4.640807646863E-02,
    4.666634414552E-02));
#208 = CARTESIAN_POINT('',(6.762216035532E-04,-4.641534515356E-02,
    4.666135219941E-02));
#209 = CARTESIAN_POINT('',(1.528174373703E-03,-4.640420113195E-02,
    4.670985105422E-02));
#210 = CARTESIAN_POINT('',(2.375881358908E-03,-4.637483333691E-02,
    4.681185989625E-02));
#211 = CARTESIAN_POINT('',(3.215238411609E-03,-4.632790397444E-02,
    4.696698771599E-02));
#212 = CARTESIAN_POINT('',(5.128864685417E-03,-4.618140588369E-02,
    4.744668603583E-02));
#213 = CARTESIAN_POINT('',(6.195689225165E-03,-4.606966390198E-02,
    4.78097105712E-02));
#214 = CARTESIAN_POINT('',(7.233615383803E-03,-4.593206106746E-02,
    4.826183345602E-02));
#215 = CARTESIAN_POINT('',(8.234179085704E-03,-4.577229547424E-02,
    4.880075575214E-02));
#216 = CARTESIAN_POINT('',(9.189109321517E-03,-4.559510274739E-02,
    4.942330552464E-02));
#217 = CARTESIAN_POINT('',(1.009032814817E-02,-4.540625604292E-02,
    5.012543784177E-02));
#218 = CARTESIAN_POINT('',(1.226317305413E-02,-4.490500899581E-02,
    5.213569742569E-02));
#219 = CARTESIAN_POINT('',(1.345217370119E-02,-4.458244518835E-02,
    5.356756863428E-02));
#220 = CARTESIAN_POINT('',(1.44468124828E-02,-4.427370510384E-02,
    5.517050182239E-02));
#221 = CARTESIAN_POINT('',(1.521481047926E-02,-4.401287631614E-02,
    5.690561846582E-02));
#222 = CARTESIAN_POINT('',(1.573634842434E-02,-4.382795643888E-02,
    5.873210218387E-02));
#223 = CARTESIAN_POINT('',(1.6E-02,-4.373454012563E-02,
    6.061053846084E-02));
#224 = CARTESIAN_POINT('',(1.6E-02,-4.373454012563E-02,6.25E-02));
#225 = PCURVE('',#33,#226);
#226 = DEFINITIONAL_REPRESENTATION('',(#227),#290);
#227 = B_SPLINE_CURVE_WITH_KNOTS('',7,(#228,#229,#230,#231,#232,#233,
    #234,#235,#236,#237,#238,#239,#240,#241,#242,#243,#244,#245,#246,
    #247,#248,#249,#250,#251,#252,#253,#254,#255,#256,#257,#258,#259,
    #260,#261,#262,#263,#264,#265,#266,#267,#268,#269,#270,#271,#272,
    #273,#274,#275,#276,#277,#278,#279,#280,#281,#282,#283,#284,#285,
    #286,#287,#288,#289),.UNSPECIFIED.,.T.,.F.,(8,6,6,6,6,6,6,6,6,6,8),(
    0.,0.174899273487,0.229011865529,0.287901005624,0.368722499938,
    0.49672038922,0.674007287939,0.726181438585,0.788363459776,
    0.870143254146,1.),.UNSPECIFIED.);
#228 = CARTESIAN_POINT('',(-5.05298796109,-6.25E-02));
#229 = CARTESIAN_POINT('',(-5.05298796109,-6.510528870668E-02));
#230 = CARTESIAN_POINT('',(-5.041527820638,-6.766975827525E-02));
#231 = CARTESIAN_POINT('',(-5.019256974523,-7.009700214448E-02));
#232 = CARTESIAN_POINT('',(-4.987339813464,-7.230081706888E-02));
#233 = CARTESIAN_POINT('',(-4.947517651716,-7.418877425587E-02));
#234 = CARTESIAN_POINT('',(-4.902076545989,-7.567478477E-02));
#235 = CARTESIAN_POINT('',(-4.839339593717,-7.70628204278E-02));
#236 = CARTESIAN_POINT('',(-4.824185585688,-7.735208793056E-02));
#237 = CARTESIAN_POINT('',(-4.808753130676,-7.760181980693E-02));
#238 = CARTESIAN_POINT('',(-4.793092639789,-7.781134778172E-02));
#239 = CARTESIAN_POINT('',(-4.777253318349,-7.798016325591E-02));
#240 = CARTESIAN_POINT('',(-4.761283165888,-7.81079173067E-02));
#241 = CARTESIAN_POINT('',(-4.727757674323,-7.828855976899E-02));
#242 = CARTESIAN_POINT('',(-4.710199346464,-7.833377289923E-02));
#243 = CARTESIAN_POINT('',(-4.692601202631,-7.83299955006E-02));
#244 = CARTESIAN_POINT('',(-4.675017480759,-7.827710284278E-02));
#245 = CARTESIAN_POINT('',(-4.657509754384,-7.81751114946E-02));
#246 = CARTESIAN_POINT('',(-4.640147240385,-7.802438077578E-02));
#247 = CARTESIAN_POINT('',(-4.59948339394,-7.755329457886E-02));
#248 = CARTESIAN_POINT('',(-4.576341926507,-7.719025189356E-02));
#249 = CARTESIAN_POINT('',(-4.553749098349,-7.673811758228E-02));
#250 = CARTESIAN_POINT('',(-4.531876581864,-7.619919371898E-02));
#251 = CARTESIAN_POINT('',(-4.510901327907,-7.557665302219E-02));
#252 = CARTESIAN_POINT('',(-4.491005565788,-7.487453885499E-02));
#253 = CARTESIAN_POINT('',(-4.442874227228,-7.286758028559E-02));
#254 = CARTESIAN_POINT('',(-4.416302652527,-7.143984710364E-02));
#255 = CARTESIAN_POINT('',(-4.393812929686,-6.984178658202E-02));
#256 = CARTESIAN_POINT('',(-4.37626172213,-6.811205852761E-02));
#257 = CARTESIAN_POINT('',(-4.364246552983,-6.629111624412E-02));
#258 = CARTESIAN_POINT('',(-4.358127808857,-6.441789969466E-02));
#259 = CARTESIAN_POINT('',(-4.357912893848,-5.992195262531E-02));
#260 = CARTESIAN_POINT('',(-4.3693572721,-5.735176034665E-02));
#261 = CARTESIAN_POINT('',(-4.39170833934,-5.491884894622E-02));
#262 = CARTESIAN_POINT('',(-4.423781444249,-5.270933723974E-02));
#263 = CARTESIAN_POINT('',(-4.463805974725,-5.081624211353E-02));
#264 = CARTESIAN_POINT('',(-4.50945942879,-4.932684121089E-02));
#265 = CARTESIAN_POINT('',(-4.571689428643,-4.795270871043E-02));
#266 = CARTESIAN_POINT('',(-4.586136243711,-4.767538686022E-02));
#267 = CARTESIAN_POINT('',(-4.60083532468,-4.743390693891E-02));
#268 = CARTESIAN_POINT('',(-4.615742844577,-4.722885515705E-02));
#269 = CARTESIAN_POINT('',(-4.630816031847,-4.706068619612E-02));
#270 = CARTESIAN_POINT('',(-4.64601317035,-4.692972320853E-02));
#271 = CARTESIAN_POINT('',(-4.679505069003,-4.672464502733E-02));
#272 = CARTESIAN_POINT('',(-4.697820475367,-4.666634414552E-02));
#273 = CARTESIAN_POINT('',(-4.716186407735,-4.666135219941E-02));
#274 = CARTESIAN_POINT('',(-4.734541339991,-4.670985105422E-02));
#275 = CARTESIAN_POINT('',(-4.752815251083,-4.681185989625E-02));
#276 = CARTESIAN_POINT('',(-4.770929245495,-4.696698771599E-02));
#277 = CARTESIAN_POINT('',(-4.812291867884,-4.744668603583E-02));
#278 = CARTESIAN_POINT('',(-4.835399355307,-4.78097105712E-02));
#279 = CARTESIAN_POINT('',(-4.85795136404,-4.826183345602E-02));
#280 = CARTESIAN_POINT('',(-4.879776781276,-4.880075575214E-02));
#281 = CARTESIAN_POINT('',(-4.900699653327,-4.942330552464E-02));
#282 = CARTESIAN_POINT('',(-4.920539185635,-5.012543784177E-02));
#283 = CARTESIAN_POINT('',(-4.968597614871,-5.213569742569E-02));
#284 = CARTESIAN_POINT('',(-4.995128488477,-5.356756863428E-02));
#285 = CARTESIAN_POINT('',(-5.017557131692,-5.517050182239E-02));
#286 = CARTESIAN_POINT('',(-5.035031946049,-5.690561846583E-02));
#287 = CARTESIAN_POINT('',(-5.046960522176,-5.873210218387E-02));
#288 = CARTESIAN_POINT('',(-5.05298796109,-6.061053846084E-02));
#289 = CARTESIAN_POINT('',(-5.05298796109,-6.25E-02));
#290 = ( GEOMETRIC_REPRESENTATION_CONTEXT(2) 
PARAMETRIC_REPRESENTATION_CONTEXT() REPRESENTATION_CONTEXT('2D SPACE',''
  ) );
#291 = PCURVE('',#292,#297);
#292 = CYLINDRICAL_SURFACE('',#293,1.58E-02);
#293 = AXIS2_PLACEMENT_3D('',#294,#295,#296);
#294 = CARTESIAN_POINT('',(2.E-04,0.,6.25E-02));
#295 = DIRECTION('',(0.,-1.,0.));
#296 = DIRECTION('',(1.,0.,0.));
#297 = DEFINITIONAL_REPRESENTATION('',(#298),#361);
#298 = B_SPLINE_CURVE_WITH_KNOTS('',7,(#299,#300,#301,#302,#303,#304,
    #305,#306,#307,#308,#309,#310,#311,#312,#313,#314,#315,#316,#317,
    #318,#319,#320,#321,#322,#323,#324,#325,#326,#327,#328,#329,#330,
    #331,#332,#333,#334,#335,#336,#337,#338,#339,#340,#341,#342,#343,
    #344,#345,#346,#347,#348,#349,#350,#351,#352,#353,#354,#355,#356,
    #357,#358,#359,#360),.UNSPECIFIED.,.F.,.F.,(8,6,6,6,6,6,6,6,6,6,8),(
    0.,0.174899273487,0.229011865529,0.287901005624,0.368722499938,
    0.49672038922,0.674007287939,0.726181438585,0.788363459776,
    0.870143254146,1.),.UNSPECIFIED.);
#299 = CARTESIAN_POINT('',(0.,4.373454012563E-02));
#300 = CARTESIAN_POINT('',(0.164891690296,4.373454012563E-02));
#301 = CARTESIAN_POINT('',(0.327201154201,4.391219605346E-02));
#302 = CARTESIAN_POINT('',(0.488140723165,4.425727011873E-02));
#303 = CARTESIAN_POINT('',(0.648570986381,4.471612371538E-02));
#304 = CARTESIAN_POINT('',(0.808487360253,4.519940504775E-02));
#305 = CARTESIAN_POINT('',(0.967319249384,4.56203267696E-02));
#306 = CARTESIAN_POINT('',(1.16976528746,4.603165056422E-02));
#307 = CARTESIAN_POINT('',(1.217498438127,4.61192346778E-02));
#308 = CARTESIAN_POINT('',(1.265142857221,4.619587937447E-02));
#309 = CARTESIAN_POINT('',(1.31271274402,4.626049675845E-02));
#310 = CARTESIAN_POINT('',(1.360222954524,4.631224398571E-02));
#311 = CARTESIAN_POINT('',(1.407689001462,4.635052326406E-02));
#312 = CARTESIAN_POINT('',(1.50675248994,4.640159941512E-02));
#313 = CARTESIAN_POINT('',(1.558308846795,4.641183567555E-02));
#314 = CARTESIAN_POINT('',(1.609856166942,4.640530495547E-02));
#315 = CARTESIAN_POINT('',(1.66143311482,4.638189684476E-02));
#316 = CARTESIAN_POINT('',(1.7130570965,4.634184013999E-02));
#317 = CARTESIAN_POINT('',(1.764724378976,4.628576678232E-02));
#318 = CARTESIAN_POINT('',(1.887345632296,4.611734530758E-02));
#319 = CARTESIAN_POINT('',(1.958426129554,4.599156396833E-02));
#320 = CARTESIAN_POINT('',(2.029687660018,4.584016846451E-02));
#321 = CARTESIAN_POINT('',(2.101168571364,4.566694603107E-02));
#322 = CARTESIAN_POINT('',(2.172909600152,4.547673445103E-02));
#323 = CARTESIAN_POINT('',(2.24495387182,4.527542205547E-02));
#324 = CARTESIAN_POINT('',(2.431996536562,4.474453576457E-02));
#325 = CARTESIAN_POINT('',(2.54847747827,4.44057031101E-02));
#326 = CARTESIAN_POINT('',(2.665781702623,4.408286845378E-02));
#327 = CARTESIAN_POINT('',(2.783513644836,4.381057306934E-02));
#328 = CARTESIAN_POINT('',(2.901616575228,4.361720395574E-02));
#329 = CARTESIAN_POINT('',(3.020206337332,4.351870135049E-02));
#330 = CARTESIAN_POINT('',(3.304760564985,4.351524122619E-02));
#331 = CARTESIAN_POINT('',(3.467366382255,4.369951913103E-02));
#332 = CARTESIAN_POINT('',(3.628583459052,4.405950455941E-02));
#333 = CARTESIAN_POINT('',(3.789303631587,4.454028378861E-02));
#334 = CARTESIAN_POINT('',(3.949526267663,4.505041234159E-02));
#335 = CARTESIAN_POINT('',(4.108674752446,4.5500736142E-02));
#336 = CARTESIAN_POINT('',(4.309093004633,4.594607419214E-02));
#337 = CARTESIAN_POINT('',(4.354571275242,4.603875638859E-02));
#338 = CARTESIAN_POINT('',(4.39996914643,4.61216850923E-02));
#339 = CARTESIAN_POINT('',(4.445298971989,4.61938870966E-02));
#340 = CARTESIAN_POINT('',(4.490573641166,4.625459207544E-02));
#341 = CARTESIAN_POINT('',(4.535806578655,4.63032325834E-02));
#342 = CARTESIAN_POINT('',(4.634888013842,4.638260149102E-02));
#343 = CARTESIAN_POINT('',(4.68868343621,4.640807646863E-02));
#344 = CARTESIAN_POINT('',(4.742467541982,4.641534515356E-02));
#345 = CARTESIAN_POINT('',(4.796284670611,4.640420113195E-02));
#346 = CARTESIAN_POINT('',(4.850154120117,4.637483333691E-02));
#347 = CARTESIAN_POINT('',(4.904070296482,4.632790397444E-02));
#348 = CARTESIAN_POINT('',(5.028933239992,4.618140588369E-02));
#349 = CARTESIAN_POINT('',(5.10001181651,4.606966390198E-02));
#350 = CARTESIAN_POINT('',(5.17127339438,4.593206106746E-02));
#351 = CARTESIAN_POINT('',(5.242755455366,4.577229547424E-02));
#352 = CARTESIAN_POINT('',(5.314498161207,4.559510274739E-02));
#353 = CARTESIAN_POINT('',(5.386544353616,4.540625604292E-02));
#354 = CARTESIAN_POINT('',(5.573894663249,4.490500899581E-02));
#355 = CARTESIAN_POINT('',(5.690672845349,4.458244518835E-02));
#356 = CARTESIAN_POINT('',(5.808275671658,4.427370510384E-02));
#357 = CARTESIAN_POINT('',(5.926309222022,4.401287631614E-02));
#358 = CARTESIAN_POINT('',(6.044713788387,4.382795643888E-02));
#359 = CARTESIAN_POINT('',(6.163599133815,4.373454012563E-02));
#360 = CARTESIAN_POINT('',(6.28318530718,4.373454012563E-02));
#361 = ( GEOMETRIC_REPRESENTATION_CONTEXT(2) 
PARAMETRIC_REPRESENTATION_CONTEXT() REPRESENTATION_CONTEXT('2D SPACE',''
  ) );
#362 = ORIENTED_EDGE('',*,*,#363,.T.);
#363 = EDGE_CURVE('',#159,#364,#366,.T.);
#364 = VERTEX_POINT('',#365);
#365 = CARTESIAN_POINT('',(-3.28538636719E-19,-4.639730597353E-02,
    7.829873414079E-02));
#366 = SURFACE_CURVE('',#367,(#430,#496),.PCURVE_S1.);
#367 = B_SPLINE_CURVE_WITH_KNOTS('',7,(#368,#369,#370,#371,#372,#373,
    #374,#375,#376,#377,#378,#379,#380,#381,#382,#383,#384,#385,#386,
    #387,#388,#389,#390,#391,#392,#393,#394,#395,#396,#397,#398,#399,
    #400,#401,#402,#403,#404,#405,#406,#407,#408,#409,#410,#411,#412,
    #413,#414,#415,#416,#417,#418,#419,#420,#421,#422,#423,#424,#425,
    #426,#427,#428,#429),.UNSPECIFIED.,.T.,.F.,(8,6,6,6,6,6,6,6,6,6,8),(
    0.,0.174899273487,0.229011865529,0.287901005624,0.368722499938,
    0.49672038922,0.674007287939,0.726181438585,0.788363459776,
    0.870143254146,1.),.UNSPECIFIED.);
#368 = CARTESIAN_POINT('',(1.6E-02,-4.373454012563E-02,6.25E-02));
#369 = CARTESIAN_POINT('',(1.6E-02,-4.373454012563E-02,
    6.510528870668E-02));
#370 = CARTESIAN_POINT('',(1.54987917768E-02,-4.391219605346E-02,
    6.766975827525E-02));
#371 = CARTESIAN_POINT('',(1.452479835208E-02,-4.425727011873E-02,
    7.009700214447E-02));
#372 = CARTESIAN_POINT('',(1.311611965366E-02,-4.471612371538E-02,
    7.230081706888E-02));
#373 = CARTESIAN_POINT('',(1.132691965592E-02,-4.519940504775E-02,
    7.418877425587E-02));
#374 = CARTESIAN_POINT('',(9.25718229366E-03,-4.56203267696E-02,
    7.567478477E-02));
#375 = CARTESIAN_POINT('',(6.375394270139E-03,-4.603165056422E-02,
    7.70628204278E-02));
#376 = CARTESIAN_POINT('',(5.677612855728E-03,-4.61192346778E-02,
    7.735208793056E-02));
#377 = CARTESIAN_POINT('',(4.965482542205E-03,-4.619587937447E-02,
    7.760181980693E-02));
#378 = CARTESIAN_POINT('',(4.241505310172E-03,-4.626049675845E-02,
    7.781134778172E-02));
#379 = CARTESIAN_POINT('',(3.508182474866E-03,-4.631224398571E-02,
    7.798016325591E-02));
#380 = CARTESIAN_POINT('',(2.768014686154E-03,-4.635052326406E-02,
    7.81079173067E-02));
#381 = CARTESIAN_POINT('',(1.213270623206E-03,-4.640159941512E-02,
    7.828855976899E-02));
#382 = CARTESIAN_POINT('',(3.984617883561E-04,-4.641183567555E-02,
    7.833377289923E-02));
#383 = CARTESIAN_POINT('',(-4.183443454976E-04,-4.640530495547E-02,
    7.83299955006E-02));
#384 = CARTESIAN_POINT('',(-1.234206615174E-03,-4.638189684476E-02,
    7.827710284278E-02));
#385 = CARTESIAN_POINT('',(-2.045846462402E-03,-4.634184013999E-02,
    7.81751114946E-02));
#386 = CARTESIAN_POINT('',(-2.849671471404E-03,-4.628576678232E-02,
    7.802438077578E-02));
#387 = CARTESIAN_POINT('',(-4.728942017844E-03,-4.611734530758E-02,
    7.755329457886E-02));
#388 = CARTESIAN_POINT('',(-5.795792566401E-03,-4.599156396833E-02,
    7.719025189356E-02));
#389 = CARTESIAN_POINT('',(-6.833713636708E-03,-4.584016846451E-02,
    7.673811758228E-02));
#390 = CARTESIAN_POINT('',(-7.83425648082E-03,-4.566694603107E-02,
    7.619919371898E-02));
#391 = CARTESIAN_POINT('',(-8.789160518282E-03,-4.547673445103E-02,
    7.557665302219E-02));
#392 = CARTESIAN_POINT('',(-9.690353336126E-03,-4.527542205547E-02,
    7.487453885499E-02));
#393 = CARTESIAN_POINT('',(-1.185963024886E-02,-4.474453576457E-02,
    7.286758028559E-02));
#394 = CARTESIAN_POINT('',(-1.304606192533E-02,-4.44057031101E-02,
    7.143984710364E-02));
#395 = CARTESIAN_POINT('',(-1.403920361849E-02,-4.408286845378E-02,
    6.984178658202E-02));
#396 = CARTESIAN_POINT('',(-1.480697853162E-02,-4.381057306934E-02,
    6.811205852761E-02));
#397 = CARTESIAN_POINT('',(-1.53297289235E-02,-4.361720395574E-02,
    6.629111624412E-02));
#398 = CARTESIAN_POINT('',(-1.559604455287E-02,-4.351870135049E-02,
    6.441789969466E-02));
#399 = CARTESIAN_POINT('',(-1.560539706319E-02,-4.351524122619E-02,
    5.992195262531E-02));
#400 = CARTESIAN_POINT('',(-1.510736449346E-02,-4.369951913103E-02,
    5.735176034665E-02));
#401 = CARTESIAN_POINT('',(-1.413481682555E-02,-4.405950455941E-02,
    5.491884894621E-02));
#402 = CARTESIAN_POINT('',(-1.272581930037E-02,-4.454028378861E-02,
    5.270933723975E-02));
#403 = CARTESIAN_POINT('',(-1.093421540555E-02,-4.505041234159E-02,
    5.081624211353E-02));
#404 = CARTESIAN_POINT('',(-8.860558094713E-03,-4.5500736142E-02,
    4.932684121089E-02));
#405 = CARTESIAN_POINT('',(-6.00763528954E-03,-4.594607419214E-02,
    4.795270871043E-02));
#406 = CARTESIAN_POINT('',(-5.343644827837E-03,-4.603875638859E-02,
    4.767538686022E-02));
#407 = CARTESIAN_POINT('',(-4.666513323957E-03,-4.61216850923E-02,
    4.743390693891E-02));
#408 = CARTESIAN_POINT('',(-3.978401517062E-03,-4.61938870966E-02,
    4.722885515705E-02));
#409 = CARTESIAN_POINT('',(-3.281470315879E-03,-4.625459207544E-02,
    4.706068619612E-02));
#410 = CARTESIAN_POINT('',(-2.577880798704E-03,-4.63032325834E-02,
    4.692972320853E-02));
#411 = CARTESIAN_POINT('',(-1.025884834738E-03,-4.638260149102E-02,
    4.672464502733E-02));
#412 = CARTESIAN_POINT('',(-1.762432391779E-04,-4.640807646863E-02,
    4.666634414552E-02));
#413 = CARTESIAN_POINT('',(6.762216035532E-04,-4.641534515356E-02,
    4.666135219941E-02));
#414 = CARTESIAN_POINT('',(1.528174373703E-03,-4.640420113195E-02,
    4.670985105422E-02));
#415 = CARTESIAN_POINT('',(2.375881358908E-03,-4.637483333691E-02,
    4.681185989625E-02));
#416 = CARTESIAN_POINT('',(3.215238411609E-03,-4.632790397444E-02,
    4.696698771599E-02));
#417 = CARTESIAN_POINT('',(5.128864685417E-03,-4.618140588369E-02,
    4.744668603583E-02));
#418 = CARTESIAN_POINT('',(6.195689225165E-03,-4.606966390198E-02,
    4.78097105712E-02));
#419 = CARTESIAN_POINT('',(7.233615383803E-03,-4.593206106746E-02,
    4.826183345602E-02));
#420 = CARTESIAN_POINT('',(8.234179085704E-03,-4.577229547424E-02,
    4.880075575214E-02));
#421 = CARTESIAN_POINT('',(9.189109321517E-03,-4.559510274739E-02,
    4.942330552464E-02));
#422 = CARTESIAN_POINT('',(1.009032814817E-02,-4.540625604292E-02,
    5.012543784177E-02));
#423 = CARTESIAN_POINT('',(1.226317305413E-02,-4.490500899581E-02,
    5.213569742569E-02));
#424 = CARTESIAN_POINT('',(1.345217370119E-02,-4.458244518835E-02,
    5.356756863428E-02));
#425 = CARTESIAN_POINT('',(1.44468124828E-02,-4.427370510384E-02,
    5.517050182239E-02));
#426 = CARTESIAN_POINT('',(1.521481047926E-02,-4.401287631614E-02,
    5.690561846582E-02));
#427 = CARTESIAN_POINT('',(1.573634842434E-02,-4.382795643888E-02,
    5.873210218387E-02));
#428 = CARTESIAN_POINT('',(1.6E-02,-4.373454012563E-02,
    6.061053846084E-02));
#429 = CARTESIAN_POINT('',(1.6E-02,-4.373454012563E-02,6.25E-02));
#430 = PCURVE('',#33,#431);
#431 = DEFINITIONAL_REPRESENTATION('',(#432),#495);
#432 = B_SPLINE_CURVE_WITH_KNOTS('',7,(#433,#434,#435,#436,#437,#438,
    #439,#440,#441,#442,#443,#444,#445,#446,#447,#448,#449,#450,#451,
    #452,#453,#454,#455,#456,#457,#458,#459,#460,#461,#462,#463,#464,
    #465,#466,#467,#468,#469,#470,#471,#472,#473,#474,#475,#476,#477,
    #478,#479,#480,#481,#482,#483,#484,#485,#486,#487,#488,#489,#490,
    #491,#492,#493,#494),.UNSPECIFIED.,.T.,.F.,(8,6,6,6,6,6,6,6,6,6,8),(
    0.,0.174899273487,0.229011865529,0.287901005624,0.368722499938,
    0.49672038922,0.674007287939,0.726181438585,0.788363459776,
    0.870143254146,1.),.UNSPECIFIED.);
#433 = CARTESIAN_POINT('',(-5.05298796109,-6.25E-02));
#434 = CARTESIAN_POINT('',(-5.05298796109,-6.510528870668E-02));
#435 = CARTESIAN_POINT('',(-5.041527820638,-6.766975827525E-02));
#436 = CARTESIAN_POINT('',(-5.019256974523,-7.009700214448E-02));
#437 = CARTESIAN_POINT('',(-4.987339813464,-7.230081706888E-02));
#438 = CARTESIAN_POINT('',(-4.947517651716,-7.418877425587E-02));
#439 = CARTESIAN_POINT('',(-4.902076545989,-7.567478477E-02));
#440 = CARTESIAN_POINT('',(-4.839339593717,-7.70628204278E-02));
#441 = CARTESIAN_POINT('',(-4.824185585688,-7.735208793056E-02));
#442 = CARTESIAN_POINT('',(-4.808753130676,-7.760181980693E-02));
#443 = CARTESIAN_POINT('',(-4.793092639789,-7.781134778172E-02));
#444 = CARTESIAN_POINT('',(-4.777253318349,-7.798016325591E-02));
#445 = CARTESIAN_POINT('',(-4.761283165888,-7.81079173067E-02));
#446 = CARTESIAN_POINT('',(-4.727757674323,-7.828855976899E-02));
#447 = CARTESIAN_POINT('',(-4.710199346464,-7.833377289923E-02));
#448 = CARTESIAN_POINT('',(-4.692601202631,-7.83299955006E-02));
#449 = CARTESIAN_POINT('',(-4.675017480759,-7.827710284278E-02));
#450 = CARTESIAN_POINT('',(-4.657509754384,-7.81751114946E-02));
#451 = CARTESIAN_POINT('',(-4.640147240385,-7.802438077578E-02));
#452 = CARTESIAN_POINT('',(-4.59948339394,-7.755329457886E-02));
#453 = CARTESIAN_POINT('',(-4.576341926507,-7.719025189356E-02));
#454 = CARTESIAN_POINT('',(-4.553749098349,-7.673811758228E-02));
#455 = CARTESIAN_POINT('',(-4.531876581864,-7.619919371898E-02));
#456 = CARTESIAN_POINT('',(-4.510901327907,-7.557665302219E-02));
#457 = CARTESIAN_POINT('',(-4.491005565788,-7.487453885499E-02));
#458 = CARTESIAN_POINT('',(-4.442874227228,-7.286758028559E-02));
#459 = CARTESIAN_POINT('',(-4.416302652527,-7.143984710364E-02));
#460 = CARTESIAN_POINT('',(-4.393812929686,-6.984178658202E-02));
#461 = CARTESIAN_POINT('',(-4.37626172213,-6.811205852761E-02));
#462 = CARTESIAN_POINT('',(-4.364246552983,-6.629111624412E-02));
#463 = CARTESIAN_POINT('',(-4.358127808857,-6.441789969466E-02));
#464 = CARTESIAN_POINT('',(-4.357912893848,-5.992195262531E-02));
#465 = CARTESIAN_POINT('',(-4.3693572721,-5.735176034665E-02));
#466 = CARTESIAN_POINT('',(-4.39170833934,-5.491884894622E-02));
#467 = CARTESIAN_POINT('',(-4.423781444249,-5.270933723974E-02));
#468 = CARTESIAN_POINT('',(-4.463805974725,-5.081624211353E-02));
#469 = CARTESIAN_POINT('',(-4.50945942879,-4.932684121089E-02));
#470 = CARTESIAN_POINT('',(-4.571689428643,-4.795270871043E-02));
#471 = CARTESIAN_POINT('',(-4.586136243711,-4.767538686022E-02));
#472 = CARTESIAN_POINT('',(-4.60083532468,-4.743390693891E-02));
#473 = CARTESIAN_POINT('',(-4.615742844577,-4.722885515705E-02));
#474 = CARTESIAN_POINT('',(-4.630816031847,-4.706068619612E-02));
#475 = CARTESIAN_POINT('',(-4.64601317035,-4.692972320853E-02));
#476 = CARTESIAN_POINT('',(-4.679505069003,-4.672464502733E-02));
#477 = CARTESIAN_POINT('',(-4.697820475367,-4.666634414552E-02));
#478 = CARTESIAN_POINT('',(-4.716186407735,-4.666135219941E-02));
#479 = CARTESIAN_POINT('',(-4.734541339991,-4.670985105422E-02));
#480 = CARTESIAN_POINT('',(-4.752815251083,-4.681185989625E-02));
#481 = CARTESIAN_POINT('',(-4.770929245495,-4.696698771599E-02));
#482 = CARTESIAN_POINT('',(-4.812291867884,-4.744668603583E-02));
#483 = CARTESIAN_POINT('',(-4.835399355307,-4.78097105712E-02));
#484 = CARTESIAN_POINT('',(-4.85795136404,-4.826183345602E-02));
#485 = CARTESIAN_POINT('',(-4.879776781276,-4.880075575214E-02));
#486 = CARTESIAN_POINT('',(-4.900699653327,-4.942330552464E-02));
#487 = CARTESIAN_POINT('',(-4.920539185635,-5.012543784177E-02));
#488 = CARTESIAN_POINT('',(-4.968597614871,-5.213569742569E-02));
#489 = CARTESIAN_POINT('',(-4.995128488477,-5.356756863428E-02));
#490 = CARTESIAN_POINT('',(-5.017557131692,-5.517050182239E-02));
#491 = CARTESIAN_POINT('',(-5.035031946049,-5.690561846583E-02));
#492 = CARTESIAN_POINT('',(-5.046960522176,-5.873210218387E-02));
#493 = CARTESIAN_POINT('',(-5.05298796109,-6.061053846084E-02));
#494 = CARTESIAN_POINT('',(-5.05298796109,-6.25E-02));
#495 = ( GEOMETRIC_REPRESENTATION_CONTEXT(2) 
PARAMETRIC_REPRESENTATION_CONTEXT() REPRESENTATION_CONTEXT('2D SPACE',''
  ) );
#496 = PCURVE('',#292,#497);
#497 = DEFINITIONAL_REPRESENTATION('',(#498),#561);
#498 = B_SPLINE_CURVE_WITH_KNOTS('',7,(#499,#500,#501,#502,#503,#504,
    #505,#506,#507,#508,#509,#510,#511,#512,#513,#514,#515,#516,#517,
    #518,#519,#520,#521,#522,#523,#524,#525,#526,#527,#528,#529,#530,
    #531,#532,#533,#534,#535,#536,#537,#538,#539,#540,#541,#542,#543,
    #544,#545,#546,#547,#548,#549,#550,#551,#552,#553,#554,#555,#556,
    #557,#558,#559,#560),.UNSPECIFIED.,.F.,.F.,(8,6,6,6,6,6,6,6,6,6,8),(
    0.,0.174899273487,0.229011865529,0.287901005624,0.368722499938,
    0.49672038922,0.674007287939,0.726181438585,0.788363459776,
    0.870143254146,1.),.UNSPECIFIED.);
#499 = CARTESIAN_POINT('',(0.,4.373454012563E-02));
#500 = CARTESIAN_POINT('',(0.164891690296,4.373454012563E-02));
#501 = CARTESIAN_POINT('',(0.327201154201,4.391219605346E-02));
#502 = CARTESIAN_POINT('',(0.488140723165,4.425727011873E-02));
#503 = CARTESIAN_POINT('',(0.648570986381,4.471612371538E-02));
#504 = CARTESIAN_POINT('',(0.808487360253,4.519940504775E-02));
#505 = CARTESIAN_POINT('',(0.967319249384,4.56203267696E-02));
#506 = CARTESIAN_POINT('',(1.16976528746,4.603165056422E-02));
#507 = CARTESIAN_POINT('',(1.217498438127,4.61192346778E-02));
#508 = CARTESIAN_POINT('',(1.265142857221,4.619587937447E-02));
#509 = CARTESIAN_POINT('',(1.31271274402,4.626049675845E-02));
#510 = CARTESIAN_POINT('',(1.360222954524,4.631224398571E-02));
#511 = CARTESIAN_POINT('',(1.407689001462,4.635052326406E-02));
#512 = CARTESIAN_POINT('',(1.50675248994,4.640159941512E-02));
#513 = CARTESIAN_POINT('',(1.558308846795,4.641183567555E-02));
#514 = CARTESIAN_POINT('',(1.609856166942,4.640530495547E-02));
#515 = CARTESIAN_POINT('',(1.66143311482,4.638189684476E-02));
#516 = CARTESIAN_POINT('',(1.7130570965,4.634184013999E-02));
#517 = CARTESIAN_POINT('',(1.764724378976,4.628576678232E-02));
#518 = CARTESIAN_POINT('',(1.887345632296,4.611734530758E-02));
#519 = CARTESIAN_POINT('',(1.958426129554,4.599156396833E-02));
#520 = CARTESIAN_POINT('',(2.029687660018,4.584016846451E-02));
#521 = CARTESIAN_POINT('',(2.101168571364,4.566694603107E-02));
#522 = CARTESIAN_POINT('',(2.172909600152,4.547673445103E-02));
#523 = CARTESIAN_POINT('',(2.24495387182,4.527542205547E-02));
#524 = CARTESIAN_POINT('',(2.431996536562,4.474453576457E-02));
#525 = CARTESIAN_POINT('',(2.54847747827,4.44057031101E-02));
#526 = CARTESIAN_POINT('',(2.665781702623,4.408286845378E-02));
#527 = CARTESIAN_POINT('',(2.783513644836,4.381057306934E-02));
#528 = CARTESIAN_POINT('',(2.901616575228,4.361720395574E-02));
#529 = CARTESIAN_POINT('',(3.020206337332,4.351870135049E-02));
#530 = CARTESIAN_POINT('',(3.304760564985,4.351524122619E-02));
#531 = CARTESIAN_POINT('',(3.467366382255,4.369951913103E-02));
#532 = CARTESIAN_POINT('',(3.628583459052,4.405950455941E-02));
#533 = CARTESIAN_POINT('',(3.789303631587,4.454028378861E-02));
#534 = CARTESIAN_POINT('',(3.949526267663,4.505041234159E-02));
#535 = CARTESIAN_POINT('',(4.108674752446,4.5500736142E-02));
#536 = CARTESIAN_POINT('',(4.309093004633,4.594607419214E-02));
#537 = CARTESIAN_POINT('',(4.354571275242,4.603875638859E-02));
#538 = CARTESIAN_POINT('',(4.39996914643,4.61216850923E-02));
#539 = CARTESIAN_POINT('',(4.445298971989,4.61938870966E-02));
#540 = CARTESIAN_POINT('',(4.490573641166,4.625459207544E-02));
#541 = CARTESIAN_POINT('',(4.535806578655,4.63032325834E-02));
#542 = CARTESIAN_POINT('',(4.634888013842,4.638260149102E-02));
#543 = CARTESIAN_POINT('',(4.68868343621,4.640807646863E-02));
#544 = CARTESIAN_POINT('',(4.742467541982,4.641534515356E-02));
#545 = CARTESIAN_POINT('',(4.796284670611,4.640420113195E-02));
#546 = CARTESIAN_POINT('',(4.850154120117,4.637483333691E-02));
#547 = CARTESIAN_POINT('',(4.904070296482,4.632790397444E-02));
#548 = CARTESIAN_POINT('',(5.028933239992,4.618140588369E-02));
#549 = CARTESIAN_POINT('',(5.10001181651,4.606966390198E-02));
#550 = CARTESIAN_POINT('',(5.17127339438,4.593206106746E-02));
#551 = CARTESIAN_POINT('',(5.242755455366,4.577229547424E-02));
#552 = CARTESIAN_POINT('',(5.314498161207,4.559510274739E-02));
#553 = CARTESIAN_POINT('',(5.386544353616,4.540625604292E-02));
#554 = CARTESIAN_POINT('',(5.573894663249,4.490500899581E-02));
#555 = CARTESIAN_POINT('',(5.690672845349,4.458244518835E-02));
#556 = CARTESIAN_POINT('',(5.808275671658,4.427370510384E-02));
#557 = CARTESIAN_POINT('',(5.926309222022,4.401287631614E-02));
#558 = CARTESIAN_POINT('',(6.044713788387,4.382795643888E-02));
#559 = CARTESIAN_POINT('',(6.163599133815,4.373454012563E-02));
#560 = CARTESIAN_POINT('',(6.28318530718,4.373454012563E-02));
#561 = ( GEOMETRIC_REPRESENTATION_CONTEXT(2) 
PARAMETRIC_REPRESENTATION_CONTEXT() REPRESENTATION_CONTEXT('2D SPACE',''
  ) );
#562 = ORIENTED_EDGE('',*,*,#563,.F.);
#563 = EDGE_CURVE('',#564,#364,#566,.T.);
#564 = VERTEX_POINT('',#565);
#565 = CARTESIAN_POINT('',(0.,-4.639730595627E-02,0.125));
#566 = SURFACE_CURVE('',#567,(#571,#577),.PCURVE_S1.);
#567 = LINE('',#568,#569);
#568 = CARTESIAN_POINT('',(0.,-4.639730595627E-02,0.));
#569 = VECTOR('',#570,1.);
#570 = DIRECTION('',(-0.,-0.,-1.));
#571 = PCURVE('',#33,#572);
#572 = DEFINITIONAL_REPRESENTATION('',(#573),#576);
#573 = B_SPLINE_CURVE_WITH_KNOTS('',1,(#574,#575),.UNSPECIFIED.,.F.,.F.,
  (2,2),(-0.1375,6.E-07),.PIECEWISE_BEZIER_KNOTS.);
#574 = CARTESIAN_POINT('',(-4.701612909757,-0.1375));
#575 = CARTESIAN_POINT('',(-4.701612909757,6.E-07));
#576 = ( GEOMETRIC_REPRESENTATION_CONTEXT(2) 
PARAMETRIC_REPRESENTATION_CONTEXT() REPRESENTATION_CONTEXT('2D SPACE',''
  ) );
#577 = PCURVE('',#147,#578);
#578 = DEFINITIONAL_REPRESENTATION('',(#579),#582);
#579 = B_SPLINE_CURVE_WITH_KNOTS('',1,(#580,#581),.UNSPECIFIED.,.F.,.F.,
  (2,2),(-0.1375,6.E-07),.PIECEWISE_BEZIER_KNOTS.);
#580 = CARTESIAN_POINT('',(7.860269404373E-02,-0.1375));
#581 = CARTESIAN_POINT('',(7.860269404373E-02,6.E-07));
#582 = ( GEOMETRIC_REPRESENTATION_CONTEXT(2) 
PARAMETRIC_REPRESENTATION_CONTEXT() REPRESENTATION_CONTEXT('2D SPACE',''
  ) );
#583 = ORIENTED_EDGE('',*,*,#584,.T.);
#584 = EDGE_CURVE('',#564,#585,#587,.T.);
#585 = VERTEX_POINT('',#586);
#586 = CARTESIAN_POINT('',(-4.59E-02,0.,0.125));
#587 = SURFACE_CURVE('',#588,(#593,#600),.PCURVE_S1.);
#588 = CIRCLE('',#589,4.64E-02);
#589 = AXIS2_PLACEMENT_3D('',#590,#591,#592);
#590 = CARTESIAN_POINT('',(5.E-04,0.,0.125));
#591 = DIRECTION('',(0.,0.,-1.));
#592 = DIRECTION('',(1.,0.,0.));
#593 = PCURVE('',#33,#594);
#594 = DEFINITIONAL_REPRESENTATION('',(#595),#599);
#595 = LINE('',#596,#597);
#596 = CARTESIAN_POINT('',(-6.28318530718,-0.125));
#597 = VECTOR('',#598,1.);
#598 = DIRECTION('',(1.,-0.));
#599 = ( GEOMETRIC_REPRESENTATION_CONTEXT(2) 
PARAMETRIC_REPRESENTATION_CONTEXT() REPRESENTATION_CONTEXT('2D SPACE',''
  ) );
#600 = PCURVE('',#601,#606);
#601 = PLANE('',#602);
#602 = AXIS2_PLACEMENT_3D('',#603,#604,#605);
#603 = CARTESIAN_POINT('',(-6.25E-02,-6.25E-02,0.125));
#604 = DIRECTION('',(0.,0.,1.));
#605 = DIRECTION('',(1.,0.,-0.));
#606 = DEFINITIONAL_REPRESENTATION('',(#607),#615);
#607 = ( BOUNDED_CURVE() B_SPLINE_CURVE(2,(#608,#609,#610,#611,#612,#613
,#614),.UNSPECIFIED.,.T.,.F.) B_SPLINE_CURVE_WITH_KNOTS((1,2,2,2,2,1),(
    -2.094395102393,0.,2.094395102393,4.188790204786,6.28318530718,
8.377580409573),.UNSPECIFIED.) CURVE() GEOMETRIC_REPRESENTATION_ITEM() 
RATIONAL_B_SPLINE_CURVE((1.,0.5,1.,0.5,1.,0.5,1.)) REPRESENTATION_ITEM(
  '') );
#608 = CARTESIAN_POINT('',(0.1094,6.25E-02));
#609 = CARTESIAN_POINT('',(0.1094,-1.78671574712E-02));
#610 = CARTESIAN_POINT('',(3.98E-02,2.23164212644E-02));
#611 = CARTESIAN_POINT('',(-2.98E-02,6.25E-02));
#612 = CARTESIAN_POINT('',(3.98E-02,0.102683578736));
#613 = CARTESIAN_POINT('',(0.1094,0.142867157471));
#614 = CARTESIAN_POINT('',(0.1094,6.25E-02));
#615 = ( GEOMETRIC_REPRESENTATION_CONTEXT(2) 
PARAMETRIC_REPRESENTATION_CONTEXT() REPRESENTATION_CONTEXT('2D SPACE',''
  ) );
#616 = ORIENTED_EDGE('',*,*,#617,.T.);
#617 = EDGE_CURVE('',#585,#24,#618,.T.);
#618 = SURFACE_CURVE('',#619,(#623,#629),.PCURVE_S1.);
#619 = LINE('',#620,#621);
#620 = CARTESIAN_POINT('',(-4.59E-02,0.,0.));
#621 = VECTOR('',#622,1.);
#622 = DIRECTION('',(-0.,-0.,-1.));
#623 = PCURVE('',#33,#624);
#624 = DEFINITIONAL_REPRESENTATION('',(#625),#628);
#625 = B_SPLINE_CURVE_WITH_KNOTS('',1,(#626,#627),.UNSPECIFIED.,.F.,.F.,
  (2,2),(-0.1375,6.E-07),.PIECEWISE_BEZIER_KNOTS.);
#626 = CARTESIAN_POINT('',(-3.14159265359,-0.1375));
#627 = CARTESIAN_POINT('',(-3.14159265359,6.E-07));
#628 = ( GEOMETRIC_REPRESENTATION_CONTEXT(2) 
PARAMETRIC_REPRESENTATION_CONTEXT() REPRESENTATION_CONTEXT('2D SPACE',''
  ) );
#629 = PCURVE('',#630,#635);
#630 = PLANE('',#631);
#631 = AXIS2_PLACEMENT_3D('',#632,#633,#634);
#632 = CARTESIAN_POINT('',(0.,0.,0.));
#633 = DIRECTION('',(0.,-1.,0.));
#634 = DIRECTION('',(-1.,0.,0.));
#635 = DEFINITIONAL_REPRESENTATION('',(#636),#639);
#636 = B_SPLINE_CURVE_WITH_KNOTS('',1,(#637,#638),.UNSPECIFIED.,.F.,.F.,
  (2,2),(-0.1375,6.E-07),.PIECEWISE_BEZIER_KNOTS.);
#637 = CARTESIAN_POINT('',(4.59E-02,-0.1375));
#638 = CARTESIAN_POINT('',(4.59E-02,6.E-07));
#639 = ( GEOMETRIC_REPRESENTATION_CONTEXT(2) 
PARAMETRIC_REPRESENTATION_CONTEXT() REPRESENTATION_CONTEXT('2D SPACE',''
  ) );
#640 = FACE_BOUND('',#641,.F.);
#641 = EDGE_LOOP('',(#642));
#642 = ORIENTED_EDGE('',*,*,#643,.F.);
#643 = EDGE_CURVE('',#644,#644,#646,.T.);
#644 = VERTEX_POINT('',#645);
#645 = CARTESIAN_POINT('',(1.6E-02,4.373454012563E-02,0.6875));
#646 = SURFACE_CURVE('',#647,(#710,#776),.PCURVE_S1.);
#647 = B_SPLINE_CURVE_WITH_KNOTS('',7,(#648,#649,#650,#651,#652,#653,
    #654,#655,#656,#657,#658,#659,#660,#661,#662,#663,#664,#665,#666,
    #667,#668,#669,#670,#671,#672,#673,#674,#675,#676,#677,#678,#679,
    #680,#681,#682,#683,#684,#685,#686,#687,#688,#689,#690,#691,#692,
    #693,#694,#695,#696,#697,#698,#699,#700,#701,#702,#703,#704,#705,
    #706,#707,#708,#709),.UNSPECIFIED.,.T.,.F.,(8,6,6,6,6,6,6,6,6,6,8),(
    0.,0.174899347823,0.229011960062,0.287901122162,0.368722627798,
    0.496720507039,0.674007391872,0.726181538439,0.788363554797,
    0.870143323558,1.),.UNSPECIFIED.);
#648 = CARTESIAN_POINT('',(1.6E-02,4.373454012563E-02,0.6875));
#649 = CARTESIAN_POINT('',(1.6E-02,4.373454012563E-02,0.69010528886));
#650 = CARTESIAN_POINT('',(1.549879189127E-02,4.39121960307E-02,
    0.692669757749));
#651 = CARTESIAN_POINT('',(1.452479798458E-02,4.425727018789E-02,
    0.695097002975));
#652 = CARTESIAN_POINT('',(1.311612016325E-02,4.471612362641E-02,
    0.697300816366));
#653 = CARTESIAN_POINT('',(1.1326919297E-02,4.519940510469E-02,
    0.699188774562));
#654 = CARTESIAN_POINT('',(9.257182407678E-03,4.562032675333E-02,
    0.700674784715));
#655 = CARTESIAN_POINT('',(6.375394270147E-03,4.603165056422E-02,
    0.702062820428));
#656 = CARTESIAN_POINT('',(5.677612855737E-03,4.61192346778E-02,
    0.702352087931));
#657 = CARTESIAN_POINT('',(4.965482542215E-03,4.619587937447E-02,
    0.702601819807));
#658 = CARTESIAN_POINT('',(4.241505310183E-03,4.626049675844E-02,
    0.702811347782));
#659 = CARTESIAN_POINT('',(3.508182474877E-03,4.631224398571E-02,
    0.702980163256));
#660 = CARTESIAN_POINT('',(2.768014686166E-03,4.635052326406E-02,
    0.703107917307));
#661 = CARTESIAN_POINT('',(1.213270622853E-03,4.640159941513E-02,
    0.703288559769));
#662 = CARTESIAN_POINT('',(3.984617882814E-04,4.641183567555E-02,
    0.703333772899));
#663 = CARTESIAN_POINT('',(-4.183443454666E-04,4.640530495546E-02,
    0.703329995501));
#664 = CARTESIAN_POINT('',(-1.234206615218E-03,4.638189684475E-02,
    0.703277102843));
#665 = CARTESIAN_POINT('',(-2.045846462412E-03,4.634184014E-02,
    0.703175111495));
#666 = CARTESIAN_POINT('',(-2.849671471185E-03,4.628576678234E-02,
    0.703024380776));
#667 = CARTESIAN_POINT('',(-4.728941764177E-03,4.611734533031E-02,
    0.702553294642));
#668 = CARTESIAN_POINT('',(-5.795792503772E-03,4.599156396002E-02,
    0.70219025185));
#669 = CARTESIAN_POINT('',(-6.833713791676E-03,4.584016843125E-02,
    0.701738117461));
#670 = CARTESIAN_POINT('',(-7.834256663863E-03,4.566694600668E-02,
    0.70119919364));
#671 = CARTESIAN_POINT('',(-8.789160525838E-03,4.547673446489E-02,
    0.700576653085));
#672 = CARTESIAN_POINT('',(-9.690353152646E-03,4.527542210037E-02,
    0.699874539025));
#673 = CARTESIAN_POINT('',(-1.185963024884E-02,4.474453576457E-02,
    0.697867580286));
#674 = CARTESIAN_POINT('',(-1.304606192536E-02,4.440570311009E-02,
    0.696439847104));
#675 = CARTESIAN_POINT('',(-1.403920361848E-02,4.408286845378E-02,
    0.694841786582));
#676 = CARTESIAN_POINT('',(-1.480697853159E-02,4.381057306935E-02,
    0.693112058528));
#677 = CARTESIAN_POINT('',(-1.532972892351E-02,4.361720395573E-02,
    0.691291116244));
#678 = CARTESIAN_POINT('',(-1.559604455287E-02,4.351870135049E-02,
    0.689417899695));
#679 = CARTESIAN_POINT('',(-1.560539706319E-02,4.351524122619E-02,
    0.684921952625));
#680 = CARTESIAN_POINT('',(-1.510736449331E-02,4.369951913105E-02,
    0.682351760347));
#681 = CARTESIAN_POINT('',(-1.413481682622E-02,4.40595045593E-02,
    0.679918848946));
#682 = CARTESIAN_POINT('',(-1.272581929919E-02,4.454028378882E-02,
    0.67770933724));
#683 = CARTESIAN_POINT('',(-1.093421540652E-02,4.505041234142E-02,
    0.675816242114));
#684 = CARTESIAN_POINT('',(-8.8605580944E-03,4.550073614204E-02,
    0.674326841211));
#685 = CARTESIAN_POINT('',(-6.007635289547E-03,4.594607419214E-02,
    0.67295270871));
#686 = CARTESIAN_POINT('',(-5.343644827845E-03,4.603875638859E-02,
    0.67267538686));
#687 = CARTESIAN_POINT('',(-4.666513323965E-03,4.61216850923E-02,
    0.672433906939));
#688 = CARTESIAN_POINT('',(-3.978401517071E-03,4.61938870966E-02,
    0.672228855157));
#689 = CARTESIAN_POINT('',(-3.281470315888E-03,4.625459207544E-02,
    0.672060686196));
#690 = CARTESIAN_POINT('',(-2.577880798714E-03,4.630323258339E-02,
    0.671929723209));
#691 = CARTESIAN_POINT('',(-1.025884834368E-03,4.638260149104E-02,
    0.671724645027));
#692 = CARTESIAN_POINT('',(-1.762432390838E-04,4.640807646859E-02,
    0.671666344146));
#693 = CARTESIAN_POINT('',(6.762216029741E-04,4.641534515356E-02,
    0.671661352199));
#694 = CARTESIAN_POINT('',(1.52817437288E-03,4.6404201132E-02,
    0.671709851054));
#695 = CARTESIAN_POINT('',(2.375881358817E-03,4.637483333693E-02,
    0.671811859896));
#696 = CARTESIAN_POINT('',(3.215238412643E-03,4.632790397436E-02,
    0.671966987716));
#697 = CARTESIAN_POINT('',(5.128864428123E-03,4.618140590339E-02,
    0.672446685971));
#698 = CARTESIAN_POINT('',(6.195689161537E-03,4.606966389283E-02,
    0.672809710616));
#699 = CARTESIAN_POINT('',(7.233615540846E-03,4.593206103593E-02,
    0.673261833579));
#700 = CARTESIAN_POINT('',(8.23417927131E-03,4.577229545198E-02,
    0.673800755832));
#701 = CARTESIAN_POINT('',(9.189109329297E-03,4.559510276142E-02,
    0.674423305461));
#702 = CARTESIAN_POINT('',(1.009032796229E-02,4.54062560858E-02,
    0.67512543767));
#703 = CARTESIAN_POINT('',(1.226317305412E-02,4.490500899581E-02,
    0.677135697426));
#704 = CARTESIAN_POINT('',(1.345217370119E-02,4.458244518835E-02,
    0.678567568634));
#705 = CARTESIAN_POINT('',(1.44468124828E-02,4.427370510384E-02,
    0.680170501822));
#706 = CARTESIAN_POINT('',(1.521481047926E-02,4.401287631614E-02,
    0.681905618466));
#707 = CARTESIAN_POINT('',(1.573634842434E-02,4.382795643888E-02,
    0.683732102184));
#708 = CARTESIAN_POINT('',(1.6E-02,4.373454012563E-02,0.685610538461));
#709 = CARTESIAN_POINT('',(1.6E-02,4.373454012563E-02,0.6875));
#710 = PCURVE('',#33,#711);
#711 = DEFINITIONAL_REPRESENTATION('',(#712),#775);
#712 = B_SPLINE_CURVE_WITH_KNOTS('',7,(#713,#714,#715,#716,#717,#718,
    #719,#720,#721,#722,#723,#724,#725,#726,#727,#728,#729,#730,#731,
    #732,#733,#734,#735,#736,#737,#738,#739,#740,#741,#742,#743,#744,
    #745,#746,#747,#748,#749,#750,#751,#752,#753,#754,#755,#756,#757,
    #758,#759,#760,#761,#762,#763,#764,#765,#766,#767,#768,#769,#770,
    #771,#772,#773,#774),.UNSPECIFIED.,.F.,.F.,(8,6,6,6,6,6,6,6,6,6,8),(
    0.,0.174899347823,0.229011960062,0.287901122162,0.368722627798,
    0.496720507039,0.674007391872,0.726181538439,0.788363554797,
    0.870143323558,1.),.UNSPECIFIED.);
#713 = CARTESIAN_POINT('',(-1.230197346089,-0.6875));
#714 = CARTESIAN_POINT('',(-1.230197346089,-0.69010528886));
#715 = CARTESIAN_POINT('',(-1.241657484019,-0.692669757749));
#716 = CARTESIAN_POINT('',(-1.263928340734,-0.695097002975));
#717 = CARTESIAN_POINT('',(-1.295845482549,-0.697300816366));
#718 = CARTESIAN_POINT('',(-1.335667663302,-0.699188774562));
#719 = CARTESIAN_POINT('',(-1.381108758708,-0.700674784715));
#720 = CARTESIAN_POINT('',(-1.443845713463,-0.702062820428));
#721 = CARTESIAN_POINT('',(-1.458999721491,-0.702352087931));
#722 = CARTESIAN_POINT('',(-1.474432176503,-0.702601819807));
#723 = CARTESIAN_POINT('',(-1.49009266739,-0.702811347782));
#724 = CARTESIAN_POINT('',(-1.505931988831,-0.702980163256));
#725 = CARTESIAN_POINT('',(-1.521902141291,-0.703107917307));
#726 = CARTESIAN_POINT('',(-1.555427632864,-0.703288559769));
#727 = CARTESIAN_POINT('',(-1.572985960718,-0.703333772899));
#728 = CARTESIAN_POINT('',(-1.590584104548,-0.703329995501));
#729 = CARTESIAN_POINT('',(-1.608167826422,-0.703277102843));
#730 = CARTESIAN_POINT('',(-1.625675552795,-0.703175111495));
#731 = CARTESIAN_POINT('',(-1.643038066789,-0.703024380776));
#732 = CARTESIAN_POINT('',(-1.68370190775,-0.702553294642));
#733 = CARTESIAN_POINT('',(-1.706843379366,-0.70219025185));
#734 = CARTESIAN_POINT('',(-1.72943621225,-0.701738117461));
#735 = CARTESIAN_POINT('',(-1.751308729302,-0.70119919364));
#736 = CARTESIAN_POINT('',(-1.772283979383,-0.700576653085));
#737 = CARTESIAN_POINT('',(-1.792179737321,-0.699874539025));
#738 = CARTESIAN_POINT('',(-1.840311079951,-0.697867580286));
#739 = CARTESIAN_POINT('',(-1.866882654653,-0.696439847104));
#740 = CARTESIAN_POINT('',(-1.889372377493,-0.694841786582));
#741 = CARTESIAN_POINT('',(-1.906923585049,-0.693112058528));
#742 = CARTESIAN_POINT('',(-1.918938754197,-0.691291116244));
#743 = CARTESIAN_POINT('',(-1.925057498322,-0.689417899695));
#744 = CARTESIAN_POINT('',(-1.925272413332,-0.684921952625));
#745 = CARTESIAN_POINT('',(-1.913828035076,-0.682351760347));
#746 = CARTESIAN_POINT('',(-1.891476967855,-0.679918848946));
#747 = CARTESIAN_POINT('',(-1.859403862905,-0.67770933724));
#748 = CARTESIAN_POINT('',(-1.819379332476,-0.675816242114));
#749 = CARTESIAN_POINT('',(-1.773725878382,-0.674326841211));
#750 = CARTESIAN_POINT('',(-1.711495878537,-0.67295270871));
#751 = CARTESIAN_POINT('',(-1.697049063469,-0.67267538686));
#752 = CARTESIAN_POINT('',(-1.6823499825,-0.672433906939));
#753 = CARTESIAN_POINT('',(-1.667442462602,-0.672228855157));
#754 = CARTESIAN_POINT('',(-1.652369275332,-0.672060686196));
#755 = CARTESIAN_POINT('',(-1.63717213683,-0.671929723209));
#756 = CARTESIAN_POINT('',(-1.603680238169,-0.671724645027));
#757 = CARTESIAN_POINT('',(-1.58536483181,-0.671666344146));
#758 = CARTESIAN_POINT('',(-1.566998899457,-0.671661352199));
#759 = CARTESIAN_POINT('',(-1.548643967207,-0.671709851054));
#760 = CARTESIAN_POINT('',(-1.530370056099,-0.671811859896));
#761 = CARTESIAN_POINT('',(-1.512256061663,-0.671966987716));
#762 = CARTESIAN_POINT('',(-1.470893444857,-0.672446685971));
#763 = CARTESIAN_POINT('',(-1.447785953203,-0.672809710616));
#764 = CARTESIAN_POINT('',(-1.425233939683,-0.673261833579));
#765 = CARTESIAN_POINT('',(-1.403408521868,-0.673800755832));
#766 = CARTESIAN_POINT('',(-1.382485653733,-0.674423305461));
#767 = CARTESIAN_POINT('',(-1.362646125656,-0.67512543767));
#768 = CARTESIAN_POINT('',(-1.314587692309,-0.677135697426));
#769 = CARTESIAN_POINT('',(-1.288056818703,-0.678567568634));
#770 = CARTESIAN_POINT('',(-1.265628175487,-0.680170501822));
#771 = CARTESIAN_POINT('',(-1.248153361131,-0.681905618466));
#772 = CARTESIAN_POINT('',(-1.236224785003,-0.683732102184));
#773 = CARTESIAN_POINT('',(-1.230197346089,-0.685610538461));
#774 = CARTESIAN_POINT('',(-1.230197346089,-0.6875));
#775 = ( GEOMETRIC_REPRESENTATION_CONTEXT(2) 
PARAMETRIC_REPRESENTATION_CONTEXT() REPRESENTATION_CONTEXT('2D SPACE',''
  ) );
#776 = PCURVE('',#777,#782);
#777 = CYLINDRICAL_SURFACE('',#778,1.58E-02);
#778 = AXIS2_PLACEMENT_3D('',#779,#780,#781);
#779 = CARTESIAN_POINT('',(2.E-04,0.,0.6875));
#780 = DIRECTION('',(0.,-1.,0.));
#781 = DIRECTION('',(1.,0.,0.));
#782 = DEFINITIONAL_REPRESENTATION('',(#783),#846);
#783 = B_SPLINE_CURVE_WITH_KNOTS('',7,(#784,#785,#786,#787,#788,#789,
    #790,#791,#792,#793,#794,#795,#796,#797,#798,#799,#800,#801,#802,
    #803,#804,#805,#806,#807,#808,#809,#810,#811,#812,#813,#814,#815,
    #816,#817,#818,#819,#820,#821,#822,#823,#824,#825,#826,#827,#828,
    #829,#830,#831,#832,#833,#834,#835,#836,#837,#838,#839,#840,#841,
    #842,#843,#844,#845),.UNSPECIFIED.,.F.,.F.,(8,6,6,6,6,6,6,6,6,6,8),(
    0.,0.174899347823,0.229011960062,0.287901122162,0.368722627798,
    0.496720507039,0.674007391872,0.726181538439,0.788363554797,
    0.870143323558,1.),.UNSPECIFIED.);
#784 = CARTESIAN_POINT('',(0.,-4.373454012563E-02));
#785 = CARTESIAN_POINT('',(0.164891699989,-4.373454012563E-02));
#786 = CARTESIAN_POINT('',(0.327201117281,-4.39121960307E-02));
#787 = CARTESIAN_POINT('',(0.488140787909,-4.425727018789E-02));
#788 = CARTESIAN_POINT('',(0.64857092397,-4.471612362641E-02));
#789 = CARTESIAN_POINT('',(0.808487393119,-4.519940510469E-02));
#790 = CARTESIAN_POINT('',(0.967319241374,-4.562032675333E-02));
#791 = CARTESIAN_POINT('',(1.16976528746,-4.603165056422E-02));
#792 = CARTESIAN_POINT('',(1.217498438126,-4.61192346778E-02));
#793 = CARTESIAN_POINT('',(1.26514285722,-4.619587937447E-02));
#794 = CARTESIAN_POINT('',(1.312712744019,-4.626049675844E-02));
#795 = CARTESIAN_POINT('',(1.360222954524,-4.631224398571E-02));
#796 = CARTESIAN_POINT('',(1.407689001462,-4.635052326406E-02));
#797 = CARTESIAN_POINT('',(1.506752489963,-4.640159941513E-02));
#798 = CARTESIAN_POINT('',(1.558308846799,-4.641183567555E-02));
#799 = CARTESIAN_POINT('',(1.60985616694,-4.640530495546E-02));
#800 = CARTESIAN_POINT('',(1.661433114823,-4.638189684475E-02));
#801 = CARTESIAN_POINT('',(1.713057096501,-4.634184014E-02));
#802 = CARTESIAN_POINT('',(1.764724378961,-4.628576678234E-02));
#803 = CARTESIAN_POINT('',(1.887345615745,-4.611734533031E-02));
#804 = CARTESIAN_POINT('',(1.958426127277,-4.599156396002E-02));
#805 = CARTESIAN_POINT('',(2.029687672616,-4.584016843125E-02));
#806 = CARTESIAN_POINT('',(2.101168584256,-4.566694600668E-02));
#807 = CARTESIAN_POINT('',(2.172909598606,-4.547673446489E-02));
#808 = CARTESIAN_POINT('',(2.244953855999,-4.527542210037E-02));
#809 = CARTESIAN_POINT('',(2.43199653656,-4.474453576457E-02));
#810 = CARTESIAN_POINT('',(2.548477478272,-4.440570311009E-02));
#811 = CARTESIAN_POINT('',(2.665781702623,-4.408286845378E-02));
#812 = CARTESIAN_POINT('',(2.783513644834,-4.381057306935E-02));
#813 = CARTESIAN_POINT('',(2.901616575226,-4.361720395573E-02));
#814 = CARTESIAN_POINT('',(3.020206337333,-4.351870135049E-02));
#815 = CARTESIAN_POINT('',(3.304760565003,-4.351524122619E-02));
#816 = CARTESIAN_POINT('',(3.467366382217,-4.369951913105E-02));
#817 = CARTESIAN_POINT('',(3.628583459054,-4.40595045593E-02));
#818 = CARTESIAN_POINT('',(3.789303631646,-4.454028378882E-02));
#819 = CARTESIAN_POINT('',(3.949526267599,-4.505041234142E-02));
#820 = CARTESIAN_POINT('',(4.108674752468,-4.550073614204E-02));
#821 = CARTESIAN_POINT('',(4.309093004632,-4.594607419214E-02));
#822 = CARTESIAN_POINT('',(4.354571275241,-4.603875638859E-02));
#823 = CARTESIAN_POINT('',(4.399969146429,-4.61216850923E-02));
#824 = CARTESIAN_POINT('',(4.445298971989,-4.61938870966E-02));
#825 = CARTESIAN_POINT('',(4.490573641165,-4.625459207544E-02));
#826 = CARTESIAN_POINT('',(4.535806578655,-4.630323258339E-02));
#827 = CARTESIAN_POINT('',(4.634888013866,-4.638260149104E-02));
#828 = CARTESIAN_POINT('',(4.688683436217,-4.640807646859E-02));
#829 = CARTESIAN_POINT('',(4.742467541946,-4.641534515356E-02));
#830 = CARTESIAN_POINT('',(4.796284670557,-4.6404201132E-02));
#831 = CARTESIAN_POINT('',(4.85015412011,-4.637483333693E-02));
#832 = CARTESIAN_POINT('',(4.904070296549,-4.632790397436E-02));
#833 = CARTESIAN_POINT('',(5.028933223204,-4.618140590339E-02));
#834 = CARTESIAN_POINT('',(5.100011814191,-4.606966389283E-02));
#835 = CARTESIAN_POINT('',(5.171273407147,-4.593206103593E-02));
#836 = CARTESIAN_POINT('',(5.242755468438,-4.577229545198E-02));
#837 = CARTESIAN_POINT('',(5.31449815965,-4.559510276142E-02));
#838 = CARTESIAN_POINT('',(5.386544337588,-4.54062560858E-02));
#839 = CARTESIAN_POINT('',(5.573894663248,-4.490500899581E-02));
#840 = CARTESIAN_POINT('',(5.690672845348,-4.458244518835E-02));
#841 = CARTESIAN_POINT('',(5.808275671658,-4.427370510384E-02));
#842 = CARTESIAN_POINT('',(5.926309222022,-4.401287631614E-02));
#843 = CARTESIAN_POINT('',(6.044713788386,-4.382795643888E-02));
#844 = CARTESIAN_POINT('',(6.163599133814,-4.373454012563E-02));
#845 = CARTESIAN_POINT('',(6.28318530718,-4.373454012563E-02));
#846 = ( GEOMETRIC_REPRESENTATION_CONTEXT(2) 
PARAMETRIC_REPRESENTATION_CONTEXT() REPRESENTATION_CONTEXT('2D SPACE',''
  ) );
#847 = FACE_BOUND('',#848,.F.);
#848 = EDGE_LOOP('',(#849));
#849 = ORIENTED_EDGE('',*,*,#850,.T.);
#850 = EDGE_CURVE('',#851,#851,#853,.T.);
#851 = VERTEX_POINT('',#852);
#852 = CARTESIAN_POINT('',(1.6E-02,-4.373454012563E-02,0.6875));
#853 = SURFACE_CURVE('',#854,(#917,#983),.PCURVE_S1.);
#854 = B_SPLINE_CURVE_WITH_KNOTS('',7,(#855,#856,#857,#858,#859,#860,
    #861,#862,#863,#864,#865,#866,#867,#868,#869,#870,#871,#872,#873,
    #874,#875,#876,#877,#878,#879,#880,#881,#882,#883,#884,#885,#886,
    #887,#888,#889,#890,#891,#892,#893,#894,#895,#896,#897,#898,#899,
    #900,#901,#902,#903,#904,#905,#906,#907,#908,#909,#910,#911,#912,
    #913,#914,#915,#916),.UNSPECIFIED.,.T.,.F.,(8,6,6,6,6,6,6,6,6,6,8),(
    0.,0.174899359717,0.229011975636,0.287901141726,0.368722652855,
    0.496720533634,0.67400741121,0.726181555633,0.788363569413,
    0.870143335091,1.),.UNSPECIFIED.);
#855 = CARTESIAN_POINT('',(1.6E-02,-4.373454012563E-02,0.6875));
#856 = CARTESIAN_POINT('',(1.6E-02,-4.373454012563E-02,0.69010528886));
#857 = CARTESIAN_POINT('',(1.549879189127E-02,-4.39121960307E-02,
    0.692669757749));
#858 = CARTESIAN_POINT('',(1.452479798459E-02,-4.425727018789E-02,
    0.695097002975));
#859 = CARTESIAN_POINT('',(1.311612016323E-02,-4.471612362641E-02,
    0.697300816366));
#860 = CARTESIAN_POINT('',(1.132691929702E-02,-4.519940510469E-02,
    0.699188774562));
#861 = CARTESIAN_POINT('',(9.257182407676E-03,-4.562032675333E-02,
    0.700674784715));
#862 = CARTESIAN_POINT('',(6.375394270147E-03,-4.603165056422E-02,
    0.702062820428));
#863 = CARTESIAN_POINT('',(5.677612855737E-03,-4.61192346778E-02,
    0.702352087931));
#864 = CARTESIAN_POINT('',(4.965482542215E-03,-4.619587937447E-02,
    0.702601819807));
#865 = CARTESIAN_POINT('',(4.241505310183E-03,-4.626049675844E-02,
    0.702811347782));
#866 = CARTESIAN_POINT('',(3.508182474877E-03,-4.631224398571E-02,
    0.702980163256));
#867 = CARTESIAN_POINT('',(2.768014686166E-03,-4.635052326406E-02,
    0.703107917307));
#868 = CARTESIAN_POINT('',(1.213270623059E-03,-4.640159941512E-02,
    0.703288559769));
#869 = CARTESIAN_POINT('',(3.984617885366E-04,-4.641183567554E-02,
    0.703333772899));
#870 = CARTESIAN_POINT('',(-4.183443452585E-04,-4.640530495547E-02,
    0.703329995501));
#871 = CARTESIAN_POINT('',(-1.234206615181E-03,-4.638189684477E-02,
    0.703277102843));
#872 = CARTESIAN_POINT('',(-2.045846462651E-03,-4.634184013999E-02,
    0.703175111495));
#873 = CARTESIAN_POINT('',(-2.849671471607E-03,-4.62857667823E-02,
    0.703024380776));
#874 = CARTESIAN_POINT('',(-4.728941763828E-03,-4.611734533035E-02,
    0.702553294643));
#875 = CARTESIAN_POINT('',(-5.795792503681E-03,-4.599156396001E-02,
    0.70219025185));
#876 = CARTESIAN_POINT('',(-6.833713791882E-03,-4.584016843121E-02,
    0.701738117461));
#877 = CARTESIAN_POINT('',(-7.83425666411E-03,-4.566694600665E-02,
    0.70119919364));
#878 = CARTESIAN_POINT('',(-8.789160525852E-03,-4.547673446491E-02,
    0.700576653085));
#879 = CARTESIAN_POINT('',(-9.690353152402E-03,-4.527542210043E-02,
    0.699874539025));
#880 = CARTESIAN_POINT('',(-1.185963017483E-02,-4.474453578269E-02,
    0.697867580354));
#881 = CARTESIAN_POINT('',(-1.304606204222E-02,-4.440570308008E-02,
    0.696439846917));
#882 = CARTESIAN_POINT('',(-1.403920359524E-02,-4.408286846064E-02,
    0.694841786715));
#883 = CARTESIAN_POINT('',(-1.480697845461E-02,-4.38105730894E-02,
    0.693112058638));
#884 = CARTESIAN_POINT('',(-1.532972897541E-02,-4.36172039417E-02,
    0.69129111603));
#885 = CARTESIAN_POINT('',(-1.559604455266E-02,-4.351870135057E-02,
    0.689417899794));
#886 = CARTESIAN_POINT('',(-1.560539706319E-02,-4.351524122619E-02,
    0.684921952625));
#887 = CARTESIAN_POINT('',(-1.510736449347E-02,-4.369951913103E-02,
    0.682351760347));
#888 = CARTESIAN_POINT('',(-1.413481682554E-02,-4.405950455941E-02,
    0.679918848946));
#889 = CARTESIAN_POINT('',(-1.27258193004E-02,-4.45402837886E-02,
    0.67770933724));
#890 = CARTESIAN_POINT('',(-1.093421540553E-02,-4.505041234159E-02,
    0.675816242114));
#891 = CARTESIAN_POINT('',(-8.860558094731E-03,-4.550073614199E-02,
    0.674326841211));
#892 = CARTESIAN_POINT('',(-6.007635289547E-03,-4.594607419214E-02,
    0.67295270871));
#893 = CARTESIAN_POINT('',(-5.343644827845E-03,-4.603875638859E-02,
    0.67267538686));
#894 = CARTESIAN_POINT('',(-4.666513323966E-03,-4.61216850923E-02,
    0.672433906939));
#895 = CARTESIAN_POINT('',(-3.978401517071E-03,-4.61938870966E-02,
    0.672228855157));
#896 = CARTESIAN_POINT('',(-3.281470315888E-03,-4.625459207544E-02,
    0.672060686196));
#897 = CARTESIAN_POINT('',(-2.577880798713E-03,-4.630323258339E-02,
    0.671929723209));
#898 = CARTESIAN_POINT('',(-1.025884834694E-03,-4.638260149102E-02,
    0.671724645027));
#899 = CARTESIAN_POINT('',(-1.762432388521E-04,-4.64080764686E-02,
    0.671666344146));
#900 = CARTESIAN_POINT('',(6.762216034569E-04,-4.641534515357E-02,
    0.671661352199));
#901 = CARTESIAN_POINT('',(1.528174373151E-03,-4.6404201132E-02,
    0.671709851054));
#902 = CARTESIAN_POINT('',(2.375881358776E-03,-4.637483333692E-02,
    0.671811859896));
#903 = CARTESIAN_POINT('',(3.215238412559E-03,-4.632790397437E-02,
    0.671966987716));
#904 = CARTESIAN_POINT('',(5.128864432332E-03,-4.618140590307E-02,
    0.672446685972));
#905 = CARTESIAN_POINT('',(6.195689162578E-03,-4.606966389298E-02,
    0.672809710615));
#906 = CARTESIAN_POINT('',(7.233615538276E-03,-4.593206103644E-02,
    0.673261833577));
#907 = CARTESIAN_POINT('',(8.234179268269E-03,-4.577229545235E-02,
    0.673800755831));
#908 = CARTESIAN_POINT('',(9.189109329162E-03,-4.559510276119E-02,
    0.674423305462));
#909 = CARTESIAN_POINT('',(1.009032796532E-02,-4.54062560851E-02,
    0.675125437673));
#910 = CARTESIAN_POINT('',(1.226317298116E-02,-4.490500901265E-02,
    0.677135697358));
#911 = CARTESIAN_POINT('',(1.345217381625E-02,-4.458244516044E-02,
    0.678567568818));
#912 = CARTESIAN_POINT('',(1.444681246011E-02,-4.427370511019E-02,
    0.680170501692));
#913 = CARTESIAN_POINT('',(1.521481040344E-02,-4.401287633481E-02,
    0.681905618357));
#914 = CARTESIAN_POINT('',(1.573634847516E-02,-4.38279564259E-02,
    0.683732102394));
#915 = CARTESIAN_POINT('',(1.6E-02,-4.373454012563E-02,0.685610538363));
#916 = CARTESIAN_POINT('',(1.6E-02,-4.373454012563E-02,0.6875));
#917 = PCURVE('',#33,#918);
#918 = DEFINITIONAL_REPRESENTATION('',(#919),#982);
#919 = B_SPLINE_CURVE_WITH_KNOTS('',7,(#920,#921,#922,#923,#924,#925,
    #926,#927,#928,#929,#930,#931,#932,#933,#934,#935,#936,#937,#938,
    #939,#940,#941,#942,#943,#944,#945,#946,#947,#948,#949,#950,#951,
    #952,#953,#954,#955,#956,#957,#958,#959,#960,#961,#962,#963,#964,
    #965,#966,#967,#968,#969,#970,#971,#972,#973,#974,#975,#976,#977,
    #978,#979,#980,#981),.UNSPECIFIED.,.T.,.F.,(8,6,6,6,6,6,6,6,6,6,8),(
    0.,0.174899359717,0.229011975636,0.287901141726,0.368722652855,
    0.496720533634,0.67400741121,0.726181555633,0.788363569413,
    0.870143335091,1.),.UNSPECIFIED.);
#920 = CARTESIAN_POINT('',(-5.05298796109,-0.6875));
#921 = CARTESIAN_POINT('',(-5.05298796109,-0.69010528886));
#922 = CARTESIAN_POINT('',(-5.04152782316,-0.692669757749));
#923 = CARTESIAN_POINT('',(-5.019256966446,-0.695097002975));
#924 = CARTESIAN_POINT('',(-4.98733982463,-0.697300816366));
#925 = CARTESIAN_POINT('',(-4.947517643878,-0.699188774562));
#926 = CARTESIAN_POINT('',(-4.902076548472,-0.700674784715));
#927 = CARTESIAN_POINT('',(-4.839339593717,-0.702062820428));
#928 = CARTESIAN_POINT('',(-4.824185585688,-0.702352087931));
#929 = CARTESIAN_POINT('',(-4.808753130676,-0.702601819807));
#930 = CARTESIAN_POINT('',(-4.79309263979,-0.702811347782));
#931 = CARTESIAN_POINT('',(-4.777253318349,-0.702980163256));
#932 = CARTESIAN_POINT('',(-4.761283165888,-0.703107917307));
#933 = CARTESIAN_POINT('',(-4.72775767432,-0.703288559769));
#934 = CARTESIAN_POINT('',(-4.710199346468,-0.703333772899));
#935 = CARTESIAN_POINT('',(-4.692601202637,-0.703329995501));
#936 = CARTESIAN_POINT('',(-4.675017480758,-0.703277102843));
#937 = CARTESIAN_POINT('',(-4.657509754379,-0.703175111495));
#938 = CARTESIAN_POINT('',(-4.640147240381,-0.703024380776));
#939 = CARTESIAN_POINT('',(-4.599483399437,-0.702553294643));
#940 = CARTESIAN_POINT('',(-4.576341927816,-0.70219025185));
#941 = CARTESIAN_POINT('',(-4.553749094925,-0.701738117461));
#942 = CARTESIAN_POINT('',(-4.531876577872,-0.70119919364));
#943 = CARTESIAN_POINT('',(-4.510901327796,-0.700576653085));
#944 = CARTESIAN_POINT('',(-4.491005569864,-0.699874539025));
#945 = CARTESIAN_POINT('',(-4.442874228871,-0.697867580354));
#946 = CARTESIAN_POINT('',(-4.416302649926,-0.696439846917));
#947 = CARTESIAN_POINT('',(-4.393812930209,-0.694841786715));
#948 = CARTESIAN_POINT('',(-4.376261723846,-0.693112058638));
#949 = CARTESIAN_POINT('',(-4.364246551823,-0.69129111603));
#950 = CARTESIAN_POINT('',(-4.358127808862,-0.689417899794));
#951 = CARTESIAN_POINT('',(-4.357912893848,-0.684921952625));
#952 = CARTESIAN_POINT('',(-4.3693572721,-0.682351760347));
#953 = CARTESIAN_POINT('',(-4.39170833934,-0.679918848946));
#954 = CARTESIAN_POINT('',(-4.423781444248,-0.67770933724));
#955 = CARTESIAN_POINT('',(-4.463805974725,-0.675816242114));
#956 = CARTESIAN_POINT('',(-4.50945942879,-0.674326841211));
#957 = CARTESIAN_POINT('',(-4.571689428643,-0.67295270871));
#958 = CARTESIAN_POINT('',(-4.58613624371,-0.67267538686));
#959 = CARTESIAN_POINT('',(-4.600835324679,-0.672433906939));
#960 = CARTESIAN_POINT('',(-4.615742844577,-0.672228855157));
#961 = CARTESIAN_POINT('',(-4.630816031847,-0.672060686196));
#962 = CARTESIAN_POINT('',(-4.646013170349,-0.671929723209));
#963 = CARTESIAN_POINT('',(-4.679505069004,-0.671724645027));
#964 = CARTESIAN_POINT('',(-4.697820475374,-0.671666344146));
#965 = CARTESIAN_POINT('',(-4.716186407733,-0.671661352199));
#966 = CARTESIAN_POINT('',(-4.734541339979,-0.671709851054));
#967 = CARTESIAN_POINT('',(-4.75281525108,-0.671811859896));
#968 = CARTESIAN_POINT('',(-4.770929245515,-0.671966987716));
#969 = CARTESIAN_POINT('',(-4.812291862414,-0.672446685972));
#970 = CARTESIAN_POINT('',(-4.835399353998,-0.672809710615));
#971 = CARTESIAN_POINT('',(-4.85795136744,-0.673261833577));
#972 = CARTESIAN_POINT('',(-4.879776785246,-0.673800755831));
#973 = CARTESIAN_POINT('',(-4.900699653444,-0.674423305462));
#974 = CARTESIAN_POINT('',(-4.920539181591,-0.675125437673));
#975 = CARTESIAN_POINT('',(-4.968597613257,-0.677135697358));
#976 = CARTESIAN_POINT('',(-4.995128491029,-0.678567568818));
#977 = CARTESIAN_POINT('',(-5.017557131184,-0.680170501692));
#978 = CARTESIAN_POINT('',(-5.035031944365,-0.681905618357));
#979 = CARTESIAN_POINT('',(-5.046960523308,-0.683732102394));
#980 = CARTESIAN_POINT('',(-5.05298796109,-0.685610538363));
#981 = CARTESIAN_POINT('',(-5.05298796109,-0.6875));
#982 = ( GEOMETRIC_REPRESENTATION_CONTEXT(2) 
PARAMETRIC_REPRESENTATION_CONTEXT() REPRESENTATION_CONTEXT('2D SPACE',''
  ) );
#983 = PCURVE('',#777,#984);
#984 = DEFINITIONAL_REPRESENTATION('',(#985),#1048);
#985 = B_SPLINE_CURVE_WITH_KNOTS('',7,(#986,#987,#988,#989,#990,#991,
    #992,#993,#994,#995,#996,#997,#998,#999,#1000,#1001,#1002,#1003,
    #1004,#1005,#1006,#1007,#1008,#1009,#1010,#1011,#1012,#1013,#1014,
    #1015,#1016,#1017,#1018,#1019,#1020,#1021,#1022,#1023,#1024,#1025,
    #1026,#1027,#1028,#1029,#1030,#1031,#1032,#1033,#1034,#1035,#1036,
    #1037,#1038,#1039,#1040,#1041,#1042,#1043,#1044,#1045,#1046,#1047),
  .UNSPECIFIED.,.F.,.F.,(8,6,6,6,6,6,6,6,6,6,8),(0.,0.174899359717,
    0.229011975636,0.287901141726,0.368722652855,0.496720533634,
    0.67400741121,0.726181555633,0.788363569413,0.870143335091,1.),
  .UNSPECIFIED.);
#986 = CARTESIAN_POINT('',(0.,4.373454012563E-02));
#987 = CARTESIAN_POINT('',(0.16489169999,4.373454012563E-02));
#988 = CARTESIAN_POINT('',(0.32720111728,4.39121960307E-02));
#989 = CARTESIAN_POINT('',(0.488140787909,4.425727018789E-02));
#990 = CARTESIAN_POINT('',(0.648570923971,4.471612362641E-02));
#991 = CARTESIAN_POINT('',(0.808487393118,4.519940510469E-02));
#992 = CARTESIAN_POINT('',(0.967319241374,4.562032675333E-02));
#993 = CARTESIAN_POINT('',(1.16976528746,4.603165056422E-02));
#994 = CARTESIAN_POINT('',(1.217498438126,4.61192346778E-02));
#995 = CARTESIAN_POINT('',(1.26514285722,4.619587937447E-02));
#996 = CARTESIAN_POINT('',(1.312712744019,4.626049675844E-02));
#997 = CARTESIAN_POINT('',(1.360222954524,4.631224398571E-02));
#998 = CARTESIAN_POINT('',(1.407689001462,4.635052326406E-02));
#999 = CARTESIAN_POINT('',(1.50675248995,4.640159941512E-02));
#1000 = CARTESIAN_POINT('',(1.558308846783,4.641183567554E-02));
#1001 = CARTESIAN_POINT('',(1.609856166926,4.640530495547E-02));
#1002 = CARTESIAN_POINT('',(1.66143311482,4.638189684477E-02));
#1003 = CARTESIAN_POINT('',(1.713057096516,4.634184013999E-02));
#1004 = CARTESIAN_POINT('',(1.764724378989,4.62857667823E-02));
#1005 = CARTESIAN_POINT('',(1.887345615722,4.611734533035E-02));
#1006 = CARTESIAN_POINT('',(1.958426127273,4.599156396001E-02));
#1007 = CARTESIAN_POINT('',(2.029687672633,4.584016843121E-02));
#1008 = CARTESIAN_POINT('',(2.101168584273,4.566694600665E-02));
#1009 = CARTESIAN_POINT('',(2.172909598604,4.547673446491E-02));
#1010 = CARTESIAN_POINT('',(2.244953855978,4.527542210043E-02));
#1011 = CARTESIAN_POINT('',(2.431996530178,4.474453578269E-02));
#1012 = CARTESIAN_POINT('',(2.548477493119,4.440570308008E-02));
#1013 = CARTESIAN_POINT('',(2.665781693784,4.408286846064E-02));
#1014 = CARTESIAN_POINT('',(2.783513635921,4.38105730894E-02));
#1015 = CARTESIAN_POINT('',(2.901616589979,4.36172039417E-02));
#1016 = CARTESIAN_POINT('',(3.020206331031,4.351870135057E-02));
#1017 = CARTESIAN_POINT('',(3.304760564982,4.351524122619E-02));
#1018 = CARTESIAN_POINT('',(3.46736638226,4.369951913103E-02));
#1019 = CARTESIAN_POINT('',(3.628583459046,4.405950455941E-02));
#1020 = CARTESIAN_POINT('',(3.789303631588,4.45402837886E-02));
#1021 = CARTESIAN_POINT('',(3.949526267663,4.505041234159E-02));
#1022 = CARTESIAN_POINT('',(4.108674752445,4.550073614199E-02));
#1023 = CARTESIAN_POINT('',(4.309093004632,4.594607419214E-02));
#1024 = CARTESIAN_POINT('',(4.354571275241,4.603875638859E-02));
#1025 = CARTESIAN_POINT('',(4.399969146429,4.61216850923E-02));
#1026 = CARTESIAN_POINT('',(4.445298971989,4.61938870966E-02));
#1027 = CARTESIAN_POINT('',(4.490573641165,4.625459207544E-02));
#1028 = CARTESIAN_POINT('',(4.535806578655,4.630323258339E-02));
#1029 = CARTESIAN_POINT('',(4.634888013845,4.638260149102E-02));
#1030 = CARTESIAN_POINT('',(4.688683436231,4.64080764686E-02));
#1031 = CARTESIAN_POINT('',(4.742467541976,4.641534515357E-02));
#1032 = CARTESIAN_POINT('',(4.796284670575,4.6404201132E-02));
#1033 = CARTESIAN_POINT('',(4.850154120108,4.637483333692E-02));
#1034 = CARTESIAN_POINT('',(4.904070296544,4.632790397437E-02));
#1035 = CARTESIAN_POINT('',(5.028933223479,4.618140590307E-02));
#1036 = CARTESIAN_POINT('',(5.100011814229,4.606966389298E-02));
#1037 = CARTESIAN_POINT('',(5.171273406938,4.593206103644E-02));
#1038 = CARTESIAN_POINT('',(5.242755468224,4.577229545235E-02));
#1039 = CARTESIAN_POINT('',(5.314498159675,4.559510276119E-02));
#1040 = CARTESIAN_POINT('',(5.38654433785,4.54062560851E-02));
#1041 = CARTESIAN_POINT('',(5.573894656957,4.490500901265E-02));
#1042 = CARTESIAN_POINT('',(5.69067285997,4.458244516044E-02));
#1043 = CARTESIAN_POINT('',(5.808275662974,4.427370511019E-02));
#1044 = CARTESIAN_POINT('',(5.926309213238,4.401287633481E-02));
#1045 = CARTESIAN_POINT('',(6.04471380288,4.38279564259E-02));
#1046 = CARTESIAN_POINT('',(6.163599127641,4.373454012563E-02));
#1047 = CARTESIAN_POINT('',(6.28318530718,4.373454012563E-02));
#1048 = ( GEOMETRIC_REPRESENTATION_CONTEXT(2) 
PARAMETRIC_REPRESENTATION_CONTEXT() REPRESENTATION_CONTEXT('2D SPACE',''
  ) );
#1049 = FACE_BOUND('',#1050,.F.);
#1050 = EDGE_LOOP('',(#1051));
#1051 = ORIENTED_EDGE('',*,*,#1052,.F.);
#1052 = EDGE_CURVE('',#1053,#1053,#1055,.T.);
#1053 = VERTEX_POINT('',#1054);
#1054 = CARTESIAN_POINT('',(1.6E-02,4.373454012563E-02,6.25E-02));
#1055 = SURFACE_CURVE('',#1056,(#1119,#1185),.PCURVE_S1.);
#1056 = B_SPLINE_CURVE_WITH_KNOTS('',7,(#1057,#1058,#1059,#1060,#1061,
    #1062,#1063,#1064,#1065,#1066,#1067,#1068,#1069,#1070,#1071,#1072,
    #1073,#1074,#1075,#1076,#1077,#1078,#1079,#1080,#1081,#1082,#1083,
    #1084,#1085,#1086,#1087,#1088,#1089,#1090,#1091,#1092,#1093,#1094,
    #1095,#1096,#1097,#1098,#1099,#1100,#1101,#1102,#1103,#1104,#1105,
    #1106,#1107,#1108,#1109,#1110,#1111,#1112,#1113,#1114,#1115,#1116,
    #1117,#1118),.UNSPECIFIED.,.T.,.F.,(8,6,6,6,6,6,6,6,6,6,8),(0.,
    0.174899347671,0.229011959869,0.287901121925,0.368722627547,
    0.496720506765,0.674007391543,0.726181538085,0.788363554309,
    0.870143323127,1.),.UNSPECIFIED.);
#1057 = CARTESIAN_POINT('',(1.6E-02,4.373454012563E-02,6.25E-02));
#1058 = CARTESIAN_POINT('',(1.6E-02,4.373454012563E-02,
    6.510528886008E-02));
#1059 = CARTESIAN_POINT('',(1.549879189115E-02,4.391219603071E-02,
    6.76697577482E-02));
#1060 = CARTESIAN_POINT('',(1.452479798511E-02,4.425727018781E-02,
    7.009700297531E-02));
#1061 = CARTESIAN_POINT('',(1.311612016231E-02,4.471612362656E-02,
    7.230081636641E-02));
#1062 = CARTESIAN_POINT('',(1.132691929778E-02,4.519940510457E-02,
    7.41887745621E-02));
#1063 = CARTESIAN_POINT('',(9.257182407405E-03,4.562032675337E-02,
    7.567478471521E-02));
#1064 = CARTESIAN_POINT('',(6.375394270139E-03,4.603165056422E-02,
    7.70628204278E-02));
#1065 = CARTESIAN_POINT('',(5.677612855728E-03,4.61192346778E-02,
    7.735208793056E-02));
#1066 = CARTESIAN_POINT('',(4.965482542205E-03,4.619587937447E-02,
    7.760181980693E-02));
#1067 = CARTESIAN_POINT('',(4.241505310172E-03,4.626049675845E-02,
    7.781134778172E-02));
#1068 = CARTESIAN_POINT('',(3.508182474866E-03,4.631224398571E-02,
    7.798016325591E-02));
#1069 = CARTESIAN_POINT('',(2.768014686154E-03,4.635052326406E-02,
    7.81079173067E-02));
#1070 = CARTESIAN_POINT('',(1.213270622828E-03,4.640159941513E-02,
    7.828855976903E-02));
#1071 = CARTESIAN_POINT('',(3.98461788354E-04,4.641183567554E-02,
    7.83337728992E-02));
#1072 = CARTESIAN_POINT('',(-4.183443452205E-04,4.640530495546E-02,
    7.832999550058E-02));
#1073 = CARTESIAN_POINT('',(-1.234206614968E-03,4.638189684478E-02,
    7.827710284282E-02));
#1074 = CARTESIAN_POINT('',(-2.04584646248E-03,4.634184014E-02,
    7.817511149462E-02));
#1075 = CARTESIAN_POINT('',(-2.849671471653E-03,4.62857667823E-02,
    7.802438077572E-02));
#1076 = CARTESIAN_POINT('',(-4.728941764168E-03,4.611734533031E-02,
    7.755329464245E-02));
#1077 = CARTESIAN_POINT('',(-5.795792503777E-03,4.599156396002E-02,
    7.719025184979E-02));
#1078 = CARTESIAN_POINT('',(-6.833713791697E-03,4.584016843125E-02,
    7.673811746113E-02));
#1079 = CARTESIAN_POINT('',(-7.834256663885E-03,4.566694600668E-02,
    7.61991936403E-02));
#1080 = CARTESIAN_POINT('',(-8.789160525845E-03,4.547673446489E-02,
    7.557665308458E-02));
#1081 = CARTESIAN_POINT('',(-9.690353152637E-03,4.527542210037E-02,
    7.487453902474E-02));
#1082 = CARTESIAN_POINT('',(-1.185963024887E-02,4.474453576457E-02,
    7.286758028558E-02));
#1083 = CARTESIAN_POINT('',(-1.304606192533E-02,4.44057031101E-02,
    7.143984710363E-02));
#1084 = CARTESIAN_POINT('',(-1.403920361849E-02,4.408286845378E-02,
    6.984178658203E-02));
#1085 = CARTESIAN_POINT('',(-1.480697853162E-02,4.381057306934E-02,
    6.811205852761E-02));
#1086 = CARTESIAN_POINT('',(-1.532972892351E-02,4.361720395574E-02,
    6.629111624411E-02));
#1087 = CARTESIAN_POINT('',(-1.559604455287E-02,4.351870135049E-02,
    6.441789969465E-02));
#1088 = CARTESIAN_POINT('',(-1.560539706319E-02,4.351524122619E-02,
    5.992195262534E-02));
#1089 = CARTESIAN_POINT('',(-1.510736449346E-02,4.369951913103E-02,
    5.73517603466E-02));
#1090 = CARTESIAN_POINT('',(-1.413481682555E-02,4.405950455941E-02,
    5.491884894628E-02));
#1091 = CARTESIAN_POINT('',(-1.272581930037E-02,4.454028378861E-02,
    5.27093372397E-02));
#1092 = CARTESIAN_POINT('',(-1.093421540553E-02,4.505041234159E-02,
    5.081624211354E-02));
#1093 = CARTESIAN_POINT('',(-8.860558094725E-03,4.550073614199E-02,
    4.932684121089E-02));
#1094 = CARTESIAN_POINT('',(-6.00763528954E-03,4.594607419214E-02,
    4.795270871043E-02));
#1095 = CARTESIAN_POINT('',(-5.343644827837E-03,4.603875638859E-02,
    4.767538686022E-02));
#1096 = CARTESIAN_POINT('',(-4.666513323957E-03,4.61216850923E-02,
    4.743390693891E-02));
#1097 = CARTESIAN_POINT('',(-3.978401517062E-03,4.61938870966E-02,
    4.722885515705E-02));
#1098 = CARTESIAN_POINT('',(-3.281470315879E-03,4.625459207544E-02,
    4.706068619612E-02));
#1099 = CARTESIAN_POINT('',(-2.577880798704E-03,4.63032325834E-02,
    4.692972320853E-02));
#1100 = CARTESIAN_POINT('',(-1.025884835792E-03,4.638260149097E-02,
    4.672464502747E-02));
#1101 = CARTESIAN_POINT('',(-1.762432395262E-04,4.640807646861E-02,
    4.666634414556E-02));
#1102 = CARTESIAN_POINT('',(6.762216035367E-04,4.64153451536E-02,
    4.666135219931E-02));
#1103 = CARTESIAN_POINT('',(1.528174373665E-03,4.640420113199E-02,
    4.670985105411E-02));
#1104 = CARTESIAN_POINT('',(2.375881359228E-03,4.637483333689E-02,
    4.681185989632E-02));
#1105 = CARTESIAN_POINT('',(3.215238412666E-03,4.632790397436E-02,
    4.696698771626E-02));
#1106 = CARTESIAN_POINT('',(5.12886443121E-03,4.618140590315E-02,
    4.74466859721E-02));
#1107 = CARTESIAN_POINT('',(6.195689162318E-03,4.606966389293E-02,
    4.780971061499E-02));
#1108 = CARTESIAN_POINT('',(7.233615538991E-03,4.59320610363E-02,
    4.826183357732E-02));
#1109 = CARTESIAN_POINT('',(8.234179269102E-03,4.577229545224E-02,
    4.880075583095E-02));
#1110 = CARTESIAN_POINT('',(9.189109329196E-03,4.559510276126E-02,
    4.942330546221E-02));
#1111 = CARTESIAN_POINT('',(1.009032796449E-02,4.54062560853E-02,
    5.012543767184E-02));
#1112 = CARTESIAN_POINT('',(1.226317305416E-02,4.490500899581E-02,
    5.213569742571E-02));
#1113 = CARTESIAN_POINT('',(1.345217370117E-02,4.458244518835E-02,
    5.356756863426E-02));
#1114 = CARTESIAN_POINT('',(1.444681248279E-02,4.427370510384E-02,
    5.517050182236E-02));
#1115 = CARTESIAN_POINT('',(1.521481047927E-02,4.401287631614E-02,
    5.690561846583E-02));
#1116 = CARTESIAN_POINT('',(1.573634842434E-02,4.382795643888E-02,
    5.873210218389E-02));
#1117 = CARTESIAN_POINT('',(1.6E-02,4.373454012563E-02,
    6.061053846083E-02));
#1118 = CARTESIAN_POINT('',(1.6E-02,4.373454012563E-02,6.25E-02));
#1119 = PCURVE('',#33,#1120);
#1120 = DEFINITIONAL_REPRESENTATION('',(#1121),#1184);
#1121 = B_SPLINE_CURVE_WITH_KNOTS('',7,(#1122,#1123,#1124,#1125,#1126,
    #1127,#1128,#1129,#1130,#1131,#1132,#1133,#1134,#1135,#1136,#1137,
    #1138,#1139,#1140,#1141,#1142,#1143,#1144,#1145,#1146,#1147,#1148,
    #1149,#1150,#1151,#1152,#1153,#1154,#1155,#1156,#1157,#1158,#1159,
    #1160,#1161,#1162,#1163,#1164,#1165,#1166,#1167,#1168,#1169,#1170,
    #1171,#1172,#1173,#1174,#1175,#1176,#1177,#1178,#1179,#1180,#1181,
    #1182,#1183),.UNSPECIFIED.,.F.,.F.,(8,6,6,6,6,6,6,6,6,6,8),(0.,
    0.174899347671,0.229011959869,0.287901121925,0.368722627547,
    0.496720506765,0.674007391543,0.726181538085,0.788363554309,
    0.870143323127,1.),.UNSPECIFIED.);
#1122 = CARTESIAN_POINT('',(-1.230197346089,-6.25E-02));
#1123 = CARTESIAN_POINT('',(-1.230197346089,-6.510528886008E-02));
#1124 = CARTESIAN_POINT('',(-1.241657484022,-6.76697577482E-02));
#1125 = CARTESIAN_POINT('',(-1.263928340722,-7.009700297531E-02));
#1126 = CARTESIAN_POINT('',(-1.29584548257,-7.230081636641E-02));
#1127 = CARTESIAN_POINT('',(-1.335667663285,-7.41887745621E-02));
#1128 = CARTESIAN_POINT('',(-1.381108758714,-7.567478471521E-02));
#1129 = CARTESIAN_POINT('',(-1.443845713463,-7.70628204278E-02));
#1130 = CARTESIAN_POINT('',(-1.458999721492,-7.735208793056E-02));
#1131 = CARTESIAN_POINT('',(-1.474432176504,-7.760181980693E-02));
#1132 = CARTESIAN_POINT('',(-1.49009266739,-7.781134778172E-02));
#1133 = CARTESIAN_POINT('',(-1.505931988831,-7.798016325591E-02));
#1134 = CARTESIAN_POINT('',(-1.521902141292,-7.81079173067E-02));
#1135 = CARTESIAN_POINT('',(-1.555427632865,-7.828855976903E-02));
#1136 = CARTESIAN_POINT('',(-1.572985960716,-7.83337728992E-02));
#1137 = CARTESIAN_POINT('',(-1.590584104542,-7.832999550058E-02));
#1138 = CARTESIAN_POINT('',(-1.608167826417,-7.827710284282E-02));
#1139 = CARTESIAN_POINT('',(-1.625675552797,-7.817511149462E-02));
#1140 = CARTESIAN_POINT('',(-1.6430380668,-7.802438077572E-02));
#1141 = CARTESIAN_POINT('',(-1.68370190775,-7.755329464245E-02));
#1142 = CARTESIAN_POINT('',(-1.706843379366,-7.719025184979E-02));
#1143 = CARTESIAN_POINT('',(-1.729436212251,-7.673811746113E-02));
#1144 = CARTESIAN_POINT('',(-1.751308729303,-7.61991936403E-02));
#1145 = CARTESIAN_POINT('',(-1.772283979383,-7.557665308458E-02));
#1146 = CARTESIAN_POINT('',(-1.792179737321,-7.487453902474E-02));
#1147 = CARTESIAN_POINT('',(-1.840311079951,-7.286758028558E-02));
#1148 = CARTESIAN_POINT('',(-1.866882654652,-7.143984710363E-02));
#1149 = CARTESIAN_POINT('',(-1.889372377493,-6.984178658203E-02));
#1150 = CARTESIAN_POINT('',(-1.90692358505,-6.811205852761E-02));
#1151 = CARTESIAN_POINT('',(-1.918938754197,-6.629111624411E-02));
#1152 = CARTESIAN_POINT('',(-1.925057498323,-6.441789969465E-02));
#1153 = CARTESIAN_POINT('',(-1.925272413332,-5.992195262534E-02));
#1154 = CARTESIAN_POINT('',(-1.913828035079,-5.73517603466E-02));
#1155 = CARTESIAN_POINT('',(-1.89147696784,-5.491884894627E-02));
#1156 = CARTESIAN_POINT('',(-1.859403862931,-5.27093372397E-02));
#1157 = CARTESIAN_POINT('',(-1.819379332454,-5.081624211354E-02));
#1158 = CARTESIAN_POINT('',(-1.773725878389,-4.932684121089E-02));
#1159 = CARTESIAN_POINT('',(-1.711495878537,-4.795270871043E-02));
#1160 = CARTESIAN_POINT('',(-1.697049063469,-4.767538686022E-02));
#1161 = CARTESIAN_POINT('',(-1.6823499825,-4.743390693891E-02));
#1162 = CARTESIAN_POINT('',(-1.667442462602,-4.722885515705E-02));
#1163 = CARTESIAN_POINT('',(-1.652369275332,-4.706068619612E-02));
#1164 = CARTESIAN_POINT('',(-1.63717213683,-4.692972320853E-02));
#1165 = CARTESIAN_POINT('',(-1.603680238199,-4.672464502747E-02));
#1166 = CARTESIAN_POINT('',(-1.58536483182,-4.666634414556E-02));
#1167 = CARTESIAN_POINT('',(-1.566998899445,-4.666135219931E-02));
#1168 = CARTESIAN_POINT('',(-1.54864396719,-4.670985105411E-02));
#1169 = CARTESIAN_POINT('',(-1.53037005609,-4.681185989632E-02));
#1170 = CARTESIAN_POINT('',(-1.512256061662,-4.696698771626E-02));
#1171 = CARTESIAN_POINT('',(-1.47089344479,-4.74466859721E-02));
#1172 = CARTESIAN_POINT('',(-1.447785953187,-4.780971061499E-02));
#1173 = CARTESIAN_POINT('',(-1.425233939724,-4.826183357732E-02));
#1174 = CARTESIAN_POINT('',(-1.403408521916,-4.880075583095E-02));
#1175 = CARTESIAN_POINT('',(-1.382485653735,-4.942330546221E-02));
#1176 = CARTESIAN_POINT('',(-1.362646125607,-5.012543767184E-02));
#1177 = CARTESIAN_POINT('',(-1.314587692308,-5.213569742571E-02));
#1178 = CARTESIAN_POINT('',(-1.288056818704,-5.356756863426E-02));
#1179 = CARTESIAN_POINT('',(-1.265628175488,-5.517050182236E-02));
#1180 = CARTESIAN_POINT('',(-1.248153361131,-5.690561846583E-02));
#1181 = CARTESIAN_POINT('',(-1.236224785003,-5.873210218389E-02));
#1182 = CARTESIAN_POINT('',(-1.230197346089,-6.061053846083E-02));
#1183 = CARTESIAN_POINT('',(-1.230197346089,-6.25E-02));
#1184 = ( GEOMETRIC_REPRESENTATION_CONTEXT(2) 
PARAMETRIC_REPRESENTATION_CONTEXT() REPRESENTATION_CONTEXT('2D SPACE',''
  ) );
#1185 = PCURVE('',#292,#1186);
#1186 = DEFINITIONAL_REPRESENTATION('',(#1187),#1250);
#1187 = B_SPLINE_CURVE_WITH_KNOTS('',7,(#1188,#1189,#1190,#1191,#1192,
    #1193,#1194,#1195,#1196,#1197,#1198,#1199,#1200,#1201,#1202,#1203,
    #1204,#1205,#1206,#1207,#1208,#1209,#1210,#1211,#1212,#1213,#1214,
    #1215,#1216,#1217,#1218,#1219,#1220,#1221,#1222,#1223,#1224,#1225,
    #1226,#1227,#1228,#1229,#1230,#1231,#1232,#1233,#1234,#1235,#1236,
    #1237,#1238,#1239,#1240,#1241,#1242,#1243,#1244,#1245,#1246,#1247,
    #1248,#1249),.UNSPECIFIED.,.F.,.F.,(8,6,6,6,6,6,6,6,6,6,8),(0.,
    0.174899347671,0.229011959869,0.287901121925,0.368722627547,
    0.496720506765,0.674007391543,0.726181538085,0.788363554309,
    0.870143323127,1.),.UNSPECIFIED.);
#1188 = CARTESIAN_POINT('',(0.,-4.373454012563E-02));
#1189 = CARTESIAN_POINT('',(0.164891700005,-4.373454012563E-02));
#1190 = CARTESIAN_POINT('',(0.327201117249,-4.391219603071E-02));
#1191 = CARTESIAN_POINT('',(0.488140787914,-4.425727018781E-02));
#1192 = CARTESIAN_POINT('',(0.648570924016,-4.471612362656E-02));
#1193 = CARTESIAN_POINT('',(0.808487393068,-4.519940510457E-02));
#1194 = CARTESIAN_POINT('',(0.967319241393,-4.562032675337E-02));
#1195 = CARTESIAN_POINT('',(1.16976528746,-4.603165056422E-02));
#1196 = CARTESIAN_POINT('',(1.217498438127,-4.61192346778E-02));
#1197 = CARTESIAN_POINT('',(1.265142857221,-4.619587937447E-02));
#1198 = CARTESIAN_POINT('',(1.31271274402,-4.626049675845E-02));
#1199 = CARTESIAN_POINT('',(1.360222954524,-4.631224398571E-02));
#1200 = CARTESIAN_POINT('',(1.407689001462,-4.635052326406E-02));
#1201 = CARTESIAN_POINT('',(1.506752489964,-4.640159941513E-02));
#1202 = CARTESIAN_POINT('',(1.558308846795,-4.641183567554E-02));
#1203 = CARTESIAN_POINT('',(1.609856166924,-4.640530495546E-02));
#1204 = CARTESIAN_POINT('',(1.661433114806,-4.638189684478E-02));
#1205 = CARTESIAN_POINT('',(1.713057096505,-4.634184014E-02));
#1206 = CARTESIAN_POINT('',(1.764724378992,-4.62857667823E-02));
#1207 = CARTESIAN_POINT('',(1.887345615744,-4.611734533031E-02));
#1208 = CARTESIAN_POINT('',(1.958426127277,-4.599156396002E-02));
#1209 = CARTESIAN_POINT('',(2.029687672618,-4.584016843125E-02));
#1210 = CARTESIAN_POINT('',(2.101168584257,-4.566694600668E-02));
#1211 = CARTESIAN_POINT('',(2.172909598606,-4.547673446489E-02));
#1212 = CARTESIAN_POINT('',(2.244953855999,-4.527542210037E-02));
#1213 = CARTESIAN_POINT('',(2.431996536562,-4.474453576457E-02));
#1214 = CARTESIAN_POINT('',(2.54847747827,-4.44057031101E-02));
#1215 = CARTESIAN_POINT('',(2.665781702622,-4.408286845378E-02));
#1216 = CARTESIAN_POINT('',(2.783513644836,-4.381057306934E-02));
#1217 = CARTESIAN_POINT('',(2.901616575229,-4.361720395574E-02));
#1218 = CARTESIAN_POINT('',(3.020206337332,-4.351870135049E-02));
#1219 = CARTESIAN_POINT('',(3.304760564983,-4.351524122619E-02));
#1220 = CARTESIAN_POINT('',(3.467366382259,-4.369951913103E-02));
#1221 = CARTESIAN_POINT('',(3.628583459047,-4.405950455941E-02));
#1222 = CARTESIAN_POINT('',(3.78930363159,-4.454028378861E-02));
#1223 = CARTESIAN_POINT('',(3.949526267663,-4.505041234159E-02));
#1224 = CARTESIAN_POINT('',(4.108674752445,-4.550073614199E-02));
#1225 = CARTESIAN_POINT('',(4.309093004633,-4.594607419214E-02));
#1226 = CARTESIAN_POINT('',(4.354571275242,-4.603875638859E-02));
#1227 = CARTESIAN_POINT('',(4.39996914643,-4.61216850923E-02));
#1228 = CARTESIAN_POINT('',(4.445298971989,-4.61938870966E-02));
#1229 = CARTESIAN_POINT('',(4.490573641166,-4.625459207544E-02));
#1230 = CARTESIAN_POINT('',(4.535806578655,-4.63032325834E-02));
#1231 = CARTESIAN_POINT('',(4.634888013775,-4.638260149097E-02));
#1232 = CARTESIAN_POINT('',(4.688683436189,-4.640807646861E-02));
#1233 = CARTESIAN_POINT('',(4.742467541982,-4.64153451536E-02));
#1234 = CARTESIAN_POINT('',(4.796284670607,-4.640420113199E-02));
#1235 = CARTESIAN_POINT('',(4.850154120136,-4.637483333689E-02));
#1236 = CARTESIAN_POINT('',(4.904070296551,-4.632790397436E-02));
#1237 = CARTESIAN_POINT('',(5.028933223406,-4.618140590315E-02));
#1238 = CARTESIAN_POINT('',(5.100011814221,-4.606966389293E-02));
#1239 = CARTESIAN_POINT('',(5.171273406996,-4.59320610363E-02));
#1240 = CARTESIAN_POINT('',(5.242755468282,-4.577229545224E-02));
#1241 = CARTESIAN_POINT('',(5.314498159668,-4.559510276126E-02));
#1242 = CARTESIAN_POINT('',(5.386544337778,-4.54062560853E-02));
#1243 = CARTESIAN_POINT('',(5.573894663251,-4.490500899581E-02));
#1244 = CARTESIAN_POINT('',(5.690672845347,-4.458244518835E-02));
#1245 = CARTESIAN_POINT('',(5.808275671656,-4.427370510384E-02));
#1246 = CARTESIAN_POINT('',(5.926309222022,-4.401287631614E-02));
#1247 = CARTESIAN_POINT('',(6.044713788388,-4.382795643888E-02));
#1248 = CARTESIAN_POINT('',(6.163599133814,-4.373454012563E-02));
#1249 = CARTESIAN_POINT('',(6.28318530718,-4.373454012563E-02));
#1250 = ( GEOMETRIC_REPRESENTATION_CONTEXT(2) 
PARAMETRIC_REPRESENTATION_CONTEXT() REPRESENTATION_CONTEXT('2D SPACE',''
  ) );
#1251 = ADVANCED_FACE('',(#1252),#45,.F.);
#1252 = FACE_BOUND('',#1253,.F.);
#1253 = EDGE_LOOP('',(#1254,#1255,#1256,#1279,#1307,#1335));
#1254 = ORIENTED_EDGE('',*,*,#108,.T.);
#1255 = ORIENTED_EDGE('',*,*,#21,.T.);
#1256 = ORIENTED_EDGE('',*,*,#1257,.T.);
#1257 = EDGE_CURVE('',#24,#1258,#1260,.T.);
#1258 = VERTEX_POINT('',#1259);
#1259 = CARTESIAN_POINT('',(-0.125,0.,0.));
#1260 = SURFACE_CURVE('',#1261,(#1265,#1272),.PCURVE_S1.);
#1261 = LINE('',#1262,#1263);
#1262 = CARTESIAN_POINT('',(0.,0.,0.));
#1263 = VECTOR('',#1264,1.);
#1264 = DIRECTION('',(-1.,0.,0.));
#1265 = PCURVE('',#45,#1266);
#1266 = DEFINITIONAL_REPRESENTATION('',(#1267),#1271);
#1267 = LINE('',#1268,#1269);
#1268 = CARTESIAN_POINT('',(-5.E-04,9.537206043847E-20));
#1269 = VECTOR('',#1270,1.);
#1270 = DIRECTION('',(-1.,0.));
#1271 = ( GEOMETRIC_REPRESENTATION_CONTEXT(2) 
PARAMETRIC_REPRESENTATION_CONTEXT() REPRESENTATION_CONTEXT('2D SPACE',''
  ) );
#1272 = PCURVE('',#630,#1273);
#1273 = DEFINITIONAL_REPRESENTATION('',(#1274),#1278);
#1274 = LINE('',#1275,#1276);
#1275 = CARTESIAN_POINT('',(0.,-0.));
#1276 = VECTOR('',#1277,1.);
#1277 = DIRECTION('',(1.,0.));
#1278 = ( GEOMETRIC_REPRESENTATION_CONTEXT(2) 
PARAMETRIC_REPRESENTATION_CONTEXT() REPRESENTATION_CONTEXT('2D SPACE',''
  ) );
#1279 = ORIENTED_EDGE('',*,*,#1280,.T.);
#1280 = EDGE_CURVE('',#1258,#1281,#1283,.T.);
#1281 = VERTEX_POINT('',#1282);
#1282 = CARTESIAN_POINT('',(-0.125,-0.125,0.));
#1283 = SURFACE_CURVE('',#1284,(#1288,#1295),.PCURVE_S1.);
#1284 = LINE('',#1285,#1286);
#1285 = CARTESIAN_POINT('',(-0.125,0.,0.));
#1286 = VECTOR('',#1287,1.);
#1287 = DIRECTION('',(0.,-1.,0.));
#1288 = PCURVE('',#45,#1289);
#1289 = DEFINITIONAL_REPRESENTATION('',(#1290),#1294);
#1290 = LINE('',#1291,#1292);
#1291 = CARTESIAN_POINT('',(-0.1255,9.537206043847E-20));
#1292 = VECTOR('',#1293,1.);
#1293 = DIRECTION('',(0.,-1.));
#1294 = ( GEOMETRIC_REPRESENTATION_CONTEXT(2) 
PARAMETRIC_REPRESENTATION_CONTEXT() REPRESENTATION_CONTEXT('2D SPACE',''
  ) );
#1295 = PCURVE('',#1296,#1301);
#1296 = PLANE('',#1297);
#1297 = AXIS2_PLACEMENT_3D('',#1298,#1299,#1300);
#1298 = CARTESIAN_POINT('',(-0.125,0.,0.));
#1299 = DIRECTION('',(1.,0.,-0.));
#1300 = DIRECTION('',(0.,-1.,0.));
#1301 = DEFINITIONAL_REPRESENTATION('',(#1302),#1306);
#1302 = LINE('',#1303,#1304);
#1303 = CARTESIAN_POINT('',(0.,0.));
#1304 = VECTOR('',#1305,1.);
#1305 = DIRECTION('',(1.,0.));
#1306 = ( GEOMETRIC_REPRESENTATION_CONTEXT(2) 
PARAMETRIC_REPRESENTATION_CONTEXT() REPRESENTATION_CONTEXT('2D SPACE',''
  ) );
#1307 = ORIENTED_EDGE('',*,*,#1308,.T.);
#1308 = EDGE_CURVE('',#1281,#1309,#1311,.T.);
#1309 = VERTEX_POINT('',#1310);
#1310 = CARTESIAN_POINT('',(0.,-0.125,0.));
#1311 = SURFACE_CURVE('',#1312,(#1316,#1323),.PCURVE_S1.);
#1312 = LINE('',#1313,#1314);
#1313 = CARTESIAN_POINT('',(-0.125,-0.125,0.));
#1314 = VECTOR('',#1315,1.);
#1315 = DIRECTION('',(1.,0.,0.));
#1316 = PCURVE('',#45,#1317);
#1317 = DEFINITIONAL_REPRESENTATION('',(#1318),#1322);
#1318 = LINE('',#1319,#1320);
#1319 = CARTESIAN_POINT('',(-0.1255,-0.125));
#1320 = VECTOR('',#1321,1.);
#1321 = DIRECTION('',(1.,0.));
#1322 = ( GEOMETRIC_REPRESENTATION_CONTEXT(2) 
PARAMETRIC_REPRESENTATION_CONTEXT() REPRESENTATION_CONTEXT('2D SPACE',''
  ) );
#1323 = PCURVE('',#1324,#1329);
#1324 = PLANE('',#1325);
#1325 = AXIS2_PLACEMENT_3D('',#1326,#1327,#1328);
#1326 = CARTESIAN_POINT('',(-0.125,-0.125,0.));
#1327 = DIRECTION('',(0.,1.,0.));
#1328 = DIRECTION('',(1.,0.,0.));
#1329 = DEFINITIONAL_REPRESENTATION('',(#1330),#1334);
#1330 = LINE('',#1331,#1332);
#1331 = CARTESIAN_POINT('',(0.,0.));
#1332 = VECTOR('',#1333,1.);
#1333 = DIRECTION('',(1.,0.));
#1334 = ( GEOMETRIC_REPRESENTATION_CONTEXT(2) 
PARAMETRIC_REPRESENTATION_CONTEXT() REPRESENTATION_CONTEXT('2D SPACE',''
  ) );
#1335 = ORIENTED_EDGE('',*,*,#1336,.T.);
#1336 = EDGE_CURVE('',#1309,#109,#1337,.T.);
#1337 = SURFACE_CURVE('',#1338,(#1342,#1349),.PCURVE_S1.);
#1338 = LINE('',#1339,#1340);
#1339 = CARTESIAN_POINT('',(0.,-0.125,0.));
#1340 = VECTOR('',#1341,1.);
#1341 = DIRECTION('',(0.,1.,0.));
#1342 = PCURVE('',#45,#1343);
#1343 = DEFINITIONAL_REPRESENTATION('',(#1344),#1348);
#1344 = LINE('',#1345,#1346);
#1345 = CARTESIAN_POINT('',(-5.E-04,-0.125));
#1346 = VECTOR('',#1347,1.);
#1347 = DIRECTION('',(0.,1.));
#1348 = ( GEOMETRIC_REPRESENTATION_CONTEXT(2) 
PARAMETRIC_REPRESENTATION_CONTEXT() REPRESENTATION_CONTEXT('2D SPACE',''
  ) );
#1349 = PCURVE('',#147,#1350);
#1350 = DEFINITIONAL_REPRESENTATION('',(#1351),#1355);
#1351 = LINE('',#1352,#1353);
#1352 = CARTESIAN_POINT('',(0.,0.));
#1353 = VECTOR('',#1354,1.);
#1354 = DIRECTION('',(1.,0.));
#1355 = ( GEOMETRIC_REPRESENTATION_CONTEXT(2) 
PARAMETRIC_REPRESENTATION_CONTEXT() REPRESENTATION_CONTEXT('2D SPACE',''
  ) );
#1356 = ADVANCED_FACE('',(#1357,#1405),#630,.F.);
#1357 = FACE_BOUND('',#1358,.F.);
#1358 = EDGE_LOOP('',(#1359,#1360,#1361,#1384));
#1359 = ORIENTED_EDGE('',*,*,#1257,.F.);
#1360 = ORIENTED_EDGE('',*,*,#617,.F.);
#1361 = ORIENTED_EDGE('',*,*,#1362,.T.);
#1362 = EDGE_CURVE('',#585,#1363,#1365,.T.);
#1363 = VERTEX_POINT('',#1364);
#1364 = CARTESIAN_POINT('',(-0.125,0.,0.125));
#1365 = SURFACE_CURVE('',#1366,(#1370,#1377),.PCURVE_S1.);
#1366 = LINE('',#1367,#1368);
#1367 = CARTESIAN_POINT('',(0.,0.,0.125));
#1368 = VECTOR('',#1369,1.);
#1369 = DIRECTION('',(-1.,0.,0.));
#1370 = PCURVE('',#630,#1371);
#1371 = DEFINITIONAL_REPRESENTATION('',(#1372),#1376);
#1372 = LINE('',#1373,#1374);
#1373 = CARTESIAN_POINT('',(0.,-0.125));
#1374 = VECTOR('',#1375,1.);
#1375 = DIRECTION('',(1.,0.));
#1376 = ( GEOMETRIC_REPRESENTATION_CONTEXT(2) 
PARAMETRIC_REPRESENTATION_CONTEXT() REPRESENTATION_CONTEXT('2D SPACE',''
  ) );
#1377 = PCURVE('',#601,#1378);
#1378 = DEFINITIONAL_REPRESENTATION('',(#1379),#1383);
#1379 = LINE('',#1380,#1381);
#1380 = CARTESIAN_POINT('',(6.25E-02,6.25E-02));
#1381 = VECTOR('',#1382,1.);
#1382 = DIRECTION('',(-1.,0.));
#1383 = ( GEOMETRIC_REPRESENTATION_CONTEXT(2) 
PARAMETRIC_REPRESENTATION_CONTEXT() REPRESENTATION_CONTEXT('2D SPACE',''
  ) );
#1384 = ORIENTED_EDGE('',*,*,#1385,.F.);
#1385 = EDGE_CURVE('',#1258,#1363,#1386,.T.);
#1386 = SURFACE_CURVE('',#1387,(#1391,#1398),.PCURVE_S1.);
#1387 = LINE('',#1388,#1389);
#1388 = CARTESIAN_POINT('',(-0.125,0.,0.));
#1389 = VECTOR('',#1390,1.);
#1390 = DIRECTION('',(0.,0.,1.));
#1391 = PCURVE('',#630,#1392);
#1392 = DEFINITIONAL_REPRESENTATION('',(#1393),#1397);
#1393 = LINE('',#1394,#1395);
#1394 = CARTESIAN_POINT('',(0.125,0.));
#1395 = VECTOR('',#1396,1.);
#1396 = DIRECTION('',(0.,-1.));
#1397 = ( GEOMETRIC_REPRESENTATION_CONTEXT(2) 
PARAMETRIC_REPRESENTATION_CONTEXT() REPRESENTATION_CONTEXT('2D SPACE',''
  ) );
#1398 = PCURVE('',#1296,#1399);
#1399 = DEFINITIONAL_REPRESENTATION('',(#1400),#1404);
#1400 = LINE('',#1401,#1402);
#1401 = CARTESIAN_POINT('',(0.,0.));
#1402 = VECTOR('',#1403,1.);
#1403 = DIRECTION('',(0.,-1.));
#1404 = ( GEOMETRIC_REPRESENTATION_CONTEXT(2) 
PARAMETRIC_REPRESENTATION_CONTEXT() REPRESENTATION_CONTEXT('2D SPACE',''
  ) );
#1405 = FACE_BOUND('',#1406,.F.);
#1406 = EDGE_LOOP('',(#1407));
#1407 = ORIENTED_EDGE('',*,*,#1408,.F.);
#1408 = EDGE_CURVE('',#1409,#1409,#1411,.T.);
#1409 = VERTEX_POINT('',#1410);
#1410 = CARTESIAN_POINT('',(-4.65E-02,0.,6.25E-02));
#1411 = SURFACE_CURVE('',#1412,(#1417,#1424),.PCURVE_S1.);
#1412 = CIRCLE('',#1413,1.58E-02);
#1413 = AXIS2_PLACEMENT_3D('',#1414,#1415,#1416);
#1414 = CARTESIAN_POINT('',(-6.23E-02,0.,6.25E-02));
#1415 = DIRECTION('',(0.,-1.,0.));
#1416 = DIRECTION('',(1.,0.,0.));
#1417 = PCURVE('',#630,#1418);
#1418 = DEFINITIONAL_REPRESENTATION('',(#1419),#1423);
#1419 = CIRCLE('',#1420,1.58E-02);
#1420 = AXIS2_PLACEMENT_2D('',#1421,#1422);
#1421 = CARTESIAN_POINT('',(6.23E-02,-6.25E-02));
#1422 = DIRECTION('',(-1.,-0.));
#1423 = ( GEOMETRIC_REPRESENTATION_CONTEXT(2) 
PARAMETRIC_REPRESENTATION_CONTEXT() REPRESENTATION_CONTEXT('2D SPACE',''
  ) );
#1424 = PCURVE('',#1425,#1430);
#1425 = CYLINDRICAL_SURFACE('',#1426,1.58E-02);
#1426 = AXIS2_PLACEMENT_3D('',#1427,#1428,#1429);
#1427 = CARTESIAN_POINT('',(-6.23E-02,-0.125,6.25E-02));
#1428 = DIRECTION('',(0.,-1.,0.));
#1429 = DIRECTION('',(1.,0.,0.));
#1430 = DEFINITIONAL_REPRESENTATION('',(#1431),#1435);
#1431 = LINE('',#1432,#1433);
#1432 = CARTESIAN_POINT('',(0.,-0.125));
#1433 = VECTOR('',#1434,1.);
#1434 = DIRECTION('',(1.,0.));
#1435 = ( GEOMETRIC_REPRESENTATION_CONTEXT(2) 
PARAMETRIC_REPRESENTATION_CONTEXT() REPRESENTATION_CONTEXT('2D SPACE',''
  ) );
#1436 = ADVANCED_FACE('',(#1437),#601,.T.);
#1437 = FACE_BOUND('',#1438,.T.);
#1438 = EDGE_LOOP('',(#1439,#1464,#1485,#1486,#1487));
#1439 = ORIENTED_EDGE('',*,*,#1440,.T.);
#1440 = EDGE_CURVE('',#1441,#1443,#1445,.T.);
#1441 = VERTEX_POINT('',#1442);
#1442 = CARTESIAN_POINT('',(-0.125,-0.125,0.125));
#1443 = VERTEX_POINT('',#1444);
#1444 = CARTESIAN_POINT('',(0.,-0.125,0.125));
#1445 = SURFACE_CURVE('',#1446,(#1450,#1457),.PCURVE_S1.);
#1446 = LINE('',#1447,#1448);
#1447 = CARTESIAN_POINT('',(-0.125,-0.125,0.125));
#1448 = VECTOR('',#1449,1.);
#1449 = DIRECTION('',(1.,0.,0.));
#1450 = PCURVE('',#601,#1451);
#1451 = DEFINITIONAL_REPRESENTATION('',(#1452),#1456);
#1452 = LINE('',#1453,#1454);
#1453 = CARTESIAN_POINT('',(-6.25E-02,-6.25E-02));
#1454 = VECTOR('',#1455,1.);
#1455 = DIRECTION('',(1.,0.));
#1456 = ( GEOMETRIC_REPRESENTATION_CONTEXT(2) 
PARAMETRIC_REPRESENTATION_CONTEXT() REPRESENTATION_CONTEXT('2D SPACE',''
  ) );
#1457 = PCURVE('',#1324,#1458);
#1458 = DEFINITIONAL_REPRESENTATION('',(#1459),#1463);
#1459 = LINE('',#1460,#1461);
#1460 = CARTESIAN_POINT('',(0.,-0.125));
#1461 = VECTOR('',#1462,1.);
#1462 = DIRECTION('',(1.,0.));
#1463 = ( GEOMETRIC_REPRESENTATION_CONTEXT(2) 
PARAMETRIC_REPRESENTATION_CONTEXT() REPRESENTATION_CONTEXT('2D SPACE',''
  ) );
#1464 = ORIENTED_EDGE('',*,*,#1465,.T.);
#1465 = EDGE_CURVE('',#1443,#564,#1466,.T.);
#1466 = SURFACE_CURVE('',#1467,(#1471,#1478),.PCURVE_S1.);
#1467 = LINE('',#1468,#1469);
#1468 = CARTESIAN_POINT('',(0.,-0.125,0.125));
#1469 = VECTOR('',#1470,1.);
#1470 = DIRECTION('',(0.,1.,0.));
#1471 = PCURVE('',#601,#1472);
#1472 = DEFINITIONAL_REPRESENTATION('',(#1473),#1477);
#1473 = LINE('',#1474,#1475);
#1474 = CARTESIAN_POINT('',(6.25E-02,-6.25E-02));
#1475 = VECTOR('',#1476,1.);
#1476 = DIRECTION('',(0.,1.));
#1477 = ( GEOMETRIC_REPRESENTATION_CONTEXT(2) 
PARAMETRIC_REPRESENTATION_CONTEXT() REPRESENTATION_CONTEXT('2D SPACE',''
  ) );
#1478 = PCURVE('',#147,#1479);
#1479 = DEFINITIONAL_REPRESENTATION('',(#1480),#1484);
#1480 = LINE('',#1481,#1482);
#1481 = CARTESIAN_POINT('',(0.,-0.125));
#1482 = VECTOR('',#1483,1.);
#1483 = DIRECTION('',(1.,0.));
#1484 = ( GEOMETRIC_REPRESENTATION_CONTEXT(2) 
PARAMETRIC_REPRESENTATION_CONTEXT() REPRESENTATION_CONTEXT('2D SPACE',''
  ) );
#1485 = ORIENTED_EDGE('',*,*,#584,.T.);
#1486 = ORIENTED_EDGE('',*,*,#1362,.T.);
#1487 = ORIENTED_EDGE('',*,*,#1488,.T.);
#1488 = EDGE_CURVE('',#1363,#1441,#1489,.T.);
#1489 = SURFACE_CURVE('',#1490,(#1494,#1501),.PCURVE_S1.);
#1490 = LINE('',#1491,#1492);
#1491 = CARTESIAN_POINT('',(-0.125,0.,0.125));
#1492 = VECTOR('',#1493,1.);
#1493 = DIRECTION('',(0.,-1.,0.));
#1494 = PCURVE('',#601,#1495);
#1495 = DEFINITIONAL_REPRESENTATION('',(#1496),#1500);
#1496 = LINE('',#1497,#1498);
#1497 = CARTESIAN_POINT('',(-6.25E-02,6.25E-02));
#1498 = VECTOR('',#1499,1.);
#1499 = DIRECTION('',(0.,-1.));
#1500 = ( GEOMETRIC_REPRESENTATION_CONTEXT(2) 
PARAMETRIC_REPRESENTATION_CONTEXT() REPRESENTATION_CONTEXT('2D SPACE',''
  ) );
#1501 = PCURVE('',#1296,#1502);
#1502 = DEFINITIONAL_REPRESENTATION('',(#1503),#1507);
#1503 = LINE('',#1504,#1505);
#1504 = CARTESIAN_POINT('',(0.,-0.125));
#1505 = VECTOR('',#1506,1.);
#1506 = DIRECTION('',(1.,0.));
#1507 = ( GEOMETRIC_REPRESENTATION_CONTEXT(2) 
PARAMETRIC_REPRESENTATION_CONTEXT() REPRESENTATION_CONTEXT('2D SPACE',''
  ) );
#1508 = ADVANCED_FACE('',(#1509),#147,.F.);
#1509 = FACE_BOUND('',#1510,.F.);
#1510 = EDGE_LOOP('',(#1511,#1512,#1533,#1534,#1535,#1556,#1584,#1603));
#1511 = ORIENTED_EDGE('',*,*,#1336,.F.);
#1512 = ORIENTED_EDGE('',*,*,#1513,.T.);
#1513 = EDGE_CURVE('',#1309,#1443,#1514,.T.);
#1514 = SURFACE_CURVE('',#1515,(#1519,#1526),.PCURVE_S1.);
#1515 = LINE('',#1516,#1517);
#1516 = CARTESIAN_POINT('',(0.,-0.125,0.));
#1517 = VECTOR('',#1518,1.);
#1518 = DIRECTION('',(0.,0.,1.));
#1519 = PCURVE('',#147,#1520);
#1520 = DEFINITIONAL_REPRESENTATION('',(#1521),#1525);
#1521 = LINE('',#1522,#1523);
#1522 = CARTESIAN_POINT('',(0.,0.));
#1523 = VECTOR('',#1524,1.);
#1524 = DIRECTION('',(0.,-1.));
#1525 = ( GEOMETRIC_REPRESENTATION_CONTEXT(2) 
PARAMETRIC_REPRESENTATION_CONTEXT() REPRESENTATION_CONTEXT('2D SPACE',''
  ) );
#1526 = PCURVE('',#1324,#1527);
#1527 = DEFINITIONAL_REPRESENTATION('',(#1528),#1532);
#1528 = LINE('',#1529,#1530);
#1529 = CARTESIAN_POINT('',(0.125,0.));
#1530 = VECTOR('',#1531,1.);
#1531 = DIRECTION('',(0.,-1.));
#1532 = ( GEOMETRIC_REPRESENTATION_CONTEXT(2) 
PARAMETRIC_REPRESENTATION_CONTEXT() REPRESENTATION_CONTEXT('2D SPACE',''
  ) );
#1533 = ORIENTED_EDGE('',*,*,#1465,.T.);
#1534 = ORIENTED_EDGE('',*,*,#563,.T.);
#1535 = ORIENTED_EDGE('',*,*,#1536,.F.);
#1536 = EDGE_CURVE('',#1537,#364,#1539,.T.);
#1537 = VERTEX_POINT('',#1538);
#1538 = CARTESIAN_POINT('',(0.,0.,7.829873412651E-02));
#1539 = SURFACE_CURVE('',#1540,(#1544,#1550),.PCURVE_S1.);
#1540 = LINE('',#1541,#1542);
#1541 = CARTESIAN_POINT('',(0.,0.,7.829873412651E-02));
#1542 = VECTOR('',#1543,1.);
#1543 = DIRECTION('',(0.,-1.,0.));
#1544 = PCURVE('',#147,#1545);
#1545 = DEFINITIONAL_REPRESENTATION('',(#1546),#1549);
#1546 = B_SPLINE_CURVE_WITH_KNOTS('',1,(#1547,#1548),.UNSPECIFIED.,.F.,
  .F.,(2,2),(-1.25E-02,4.641594515356E-02),.PIECEWISE_BEZIER_KNOTS.);
#1547 = CARTESIAN_POINT('',(0.1375,-7.829873412651E-02));
#1548 = CARTESIAN_POINT('',(7.858405484644E-02,-7.829873412651E-02));
#1549 = ( GEOMETRIC_REPRESENTATION_CONTEXT(2) 
PARAMETRIC_REPRESENTATION_CONTEXT() REPRESENTATION_CONTEXT('2D SPACE',''
  ) );
#1550 = PCURVE('',#292,#1551);
#1551 = DEFINITIONAL_REPRESENTATION('',(#1552),#1555);
#1552 = B_SPLINE_CURVE_WITH_KNOTS('',1,(#1553,#1554),.UNSPECIFIED.,.F.,
  .F.,(2,2),(-1.25E-02,4.641594515356E-02),.PIECEWISE_BEZIER_KNOTS.);
#1553 = CARTESIAN_POINT('',(1.583454892707,-1.25E-02));
#1554 = CARTESIAN_POINT('',(1.583454892707,4.641594515356E-02));
#1555 = ( GEOMETRIC_REPRESENTATION_CONTEXT(2) 
PARAMETRIC_REPRESENTATION_CONTEXT() REPRESENTATION_CONTEXT('2D SPACE',''
  ) );
#1556 = ORIENTED_EDGE('',*,*,#1557,.F.);
#1557 = EDGE_CURVE('',#1558,#1537,#1560,.T.);
#1558 = VERTEX_POINT('',#1559);
#1559 = CARTESIAN_POINT('',(0.,0.,4.670126587349E-02));
#1560 = SURFACE_CURVE('',#1561,(#1565,#1572),.PCURVE_S1.);
#1561 = LINE('',#1562,#1563);
#1562 = CARTESIAN_POINT('',(0.,0.,0.));
#1563 = VECTOR('',#1564,1.);
#1564 = DIRECTION('',(0.,0.,1.));
#1565 = PCURVE('',#147,#1566);
#1566 = DEFINITIONAL_REPRESENTATION('',(#1567),#1571);
#1567 = LINE('',#1568,#1569);
#1568 = CARTESIAN_POINT('',(0.125,0.));
#1569 = VECTOR('',#1570,1.);
#1570 = DIRECTION('',(0.,-1.));
#1571 = ( GEOMETRIC_REPRESENTATION_CONTEXT(2) 
PARAMETRIC_REPRESENTATION_CONTEXT() REPRESENTATION_CONTEXT('2D SPACE',''
  ) );
#1572 = PCURVE('',#1573,#1578);
#1573 = PLANE('',#1574);
#1574 = AXIS2_PLACEMENT_3D('',#1575,#1576,#1577);
#1575 = CARTESIAN_POINT('',(0.,0.,0.));
#1576 = DIRECTION('',(0.,-1.,0.));
#1577 = DIRECTION('',(-1.,0.,0.));
#1578 = DEFINITIONAL_REPRESENTATION('',(#1579),#1583);
#1579 = LINE('',#1580,#1581);
#1580 = CARTESIAN_POINT('',(0.,-0.));
#1581 = VECTOR('',#1582,1.);
#1582 = DIRECTION('',(0.,-1.));
#1583 = ( GEOMETRIC_REPRESENTATION_CONTEXT(2) 
PARAMETRIC_REPRESENTATION_CONTEXT() REPRESENTATION_CONTEXT('2D SPACE',''
  ) );
#1584 = ORIENTED_EDGE('',*,*,#1585,.T.);
#1585 = EDGE_CURVE('',#1558,#133,#1586,.T.);
#1586 = SURFACE_CURVE('',#1587,(#1591,#1597),.PCURVE_S1.);
#1587 = LINE('',#1588,#1589);
#1588 = CARTESIAN_POINT('',(0.,0.,4.670126587349E-02));
#1589 = VECTOR('',#1590,1.);
#1590 = DIRECTION('',(0.,-1.,0.));
#1591 = PCURVE('',#147,#1592);
#1592 = DEFINITIONAL_REPRESENTATION('',(#1593),#1596);
#1593 = B_SPLINE_CURVE_WITH_KNOTS('',1,(#1594,#1595),.UNSPECIFIED.,.F.,
  .F.,(2,2),(-1.25E-02,4.641594515356E-02),.PIECEWISE_BEZIER_KNOTS.);
#1594 = CARTESIAN_POINT('',(0.1375,-4.670126587349E-02));
#1595 = CARTESIAN_POINT('',(7.858405484644E-02,-4.670126587349E-02));
#1596 = ( GEOMETRIC_REPRESENTATION_CONTEXT(2) 
PARAMETRIC_REPRESENTATION_CONTEXT() REPRESENTATION_CONTEXT('2D SPACE',''
  ) );
#1597 = PCURVE('',#292,#1598);
#1598 = DEFINITIONAL_REPRESENTATION('',(#1599),#1602);
#1599 = B_SPLINE_CURVE_WITH_KNOTS('',1,(#1600,#1601),.UNSPECIFIED.,.F.,
  .F.,(2,2),(-1.25E-02,4.641594515356E-02),.PIECEWISE_BEZIER_KNOTS.);
#1600 = CARTESIAN_POINT('',(4.699730414473,-1.25E-02));
#1601 = CARTESIAN_POINT('',(4.699730414473,4.641594515356E-02));
#1602 = ( GEOMETRIC_REPRESENTATION_CONTEXT(2) 
PARAMETRIC_REPRESENTATION_CONTEXT() REPRESENTATION_CONTEXT('2D SPACE',''
  ) );
#1603 = ORIENTED_EDGE('',*,*,#132,.T.);
#1604 = ADVANCED_FACE('',(#1605),#292,.F.);
#1605 = FACE_BOUND('',#1606,.F.);
#1606 = EDGE_LOOP('',(#1607,#1628,#1629,#1630,#1631,#1632,#1654,#1655));
#1607 = ORIENTED_EDGE('',*,*,#1608,.F.);
#1608 = EDGE_CURVE('',#1053,#159,#1609,.T.);
#1609 = SEAM_CURVE('',#1610,(#1614,#1621),.PCURVE_S1.);
#1610 = LINE('',#1611,#1612);
#1611 = CARTESIAN_POINT('',(1.6E-02,6.25E-02,6.25E-02));
#1612 = VECTOR('',#1613,1.);
#1613 = DIRECTION('',(0.,-1.,0.));
#1614 = PCURVE('',#292,#1615);
#1615 = DEFINITIONAL_REPRESENTATION('',(#1616),#1620);
#1616 = LINE('',#1617,#1618);
#1617 = CARTESIAN_POINT('',(0.,-6.25E-02));
#1618 = VECTOR('',#1619,1.);
#1619 = DIRECTION('',(-0.,1.));
#1620 = ( GEOMETRIC_REPRESENTATION_CONTEXT(2) 
PARAMETRIC_REPRESENTATION_CONTEXT() REPRESENTATION_CONTEXT('2D SPACE',''
  ) );
#1621 = PCURVE('',#292,#1622);
#1622 = DEFINITIONAL_REPRESENTATION('',(#1623),#1627);
#1623 = LINE('',#1624,#1625);
#1624 = CARTESIAN_POINT('',(6.28318530718,-6.25E-02));
#1625 = VECTOR('',#1626,1.);
#1626 = DIRECTION('',(-0.,1.));
#1627 = ( GEOMETRIC_REPRESENTATION_CONTEXT(2) 
PARAMETRIC_REPRESENTATION_CONTEXT() REPRESENTATION_CONTEXT('2D SPACE',''
  ) );
#1628 = ORIENTED_EDGE('',*,*,#1052,.T.);
#1629 = ORIENTED_EDGE('',*,*,#1608,.T.);
#1630 = ORIENTED_EDGE('',*,*,#158,.F.);
#1631 = ORIENTED_EDGE('',*,*,#1585,.F.);
#1632 = ORIENTED_EDGE('',*,*,#1633,.F.);
#1633 = EDGE_CURVE('',#1537,#1558,#1634,.T.);
#1634 = SURFACE_CURVE('',#1635,(#1640,#1647),.PCURVE_S1.);
#1635 = CIRCLE('',#1636,1.58E-02);
#1636 = AXIS2_PLACEMENT_3D('',#1637,#1638,#1639);
#1637 = CARTESIAN_POINT('',(2.E-04,0.,6.25E-02));
#1638 = DIRECTION('',(0.,-1.,0.));
#1639 = DIRECTION('',(1.,0.,0.));
#1640 = PCURVE('',#292,#1641);
#1641 = DEFINITIONAL_REPRESENTATION('',(#1642),#1646);
#1642 = LINE('',#1643,#1644);
#1643 = CARTESIAN_POINT('',(0.,0.));
#1644 = VECTOR('',#1645,1.);
#1645 = DIRECTION('',(1.,0.));
#1646 = ( GEOMETRIC_REPRESENTATION_CONTEXT(2) 
PARAMETRIC_REPRESENTATION_CONTEXT() REPRESENTATION_CONTEXT('2D SPACE',''
  ) );
#1647 = PCURVE('',#1573,#1648);
#1648 = DEFINITIONAL_REPRESENTATION('',(#1649),#1653);
#1649 = CIRCLE('',#1650,1.58E-02);
#1650 = AXIS2_PLACEMENT_2D('',#1651,#1652);
#1651 = CARTESIAN_POINT('',(-2.E-04,-6.25E-02));
#1652 = DIRECTION('',(-1.,-0.));
#1653 = ( GEOMETRIC_REPRESENTATION_CONTEXT(2) 
PARAMETRIC_REPRESENTATION_CONTEXT() REPRESENTATION_CONTEXT('2D SPACE',''
  ) );
#1654 = ORIENTED_EDGE('',*,*,#1536,.T.);
#1655 = ORIENTED_EDGE('',*,*,#363,.F.);
#1656 = ADVANCED_FACE('',(#1657),#95,.T.);
#1657 = FACE_BOUND('',#1658,.T.);
#1658 = EDGE_LOOP('',(#1659));
#1659 = ORIENTED_EDGE('',*,*,#80,.T.);
#1660 = ADVANCED_FACE('',(#1661),#777,.F.);
#1661 = FACE_BOUND('',#1662,.F.);
#1662 = EDGE_LOOP('',(#1663,#1664,#1685,#1686));
#1663 = ORIENTED_EDGE('',*,*,#643,.T.);
#1664 = ORIENTED_EDGE('',*,*,#1665,.T.);
#1665 = EDGE_CURVE('',#644,#851,#1666,.T.);
#1666 = SEAM_CURVE('',#1667,(#1671,#1678),.PCURVE_S1.);
#1667 = LINE('',#1668,#1669);
#1668 = CARTESIAN_POINT('',(1.6E-02,6.25E-02,0.6875));
#1669 = VECTOR('',#1670,1.);
#1670 = DIRECTION('',(0.,-1.,0.));
#1671 = PCURVE('',#777,#1672);
#1672 = DEFINITIONAL_REPRESENTATION('',(#1673),#1677);
#1673 = LINE('',#1674,#1675);
#1674 = CARTESIAN_POINT('',(0.,-6.25E-02));
#1675 = VECTOR('',#1676,1.);
#1676 = DIRECTION('',(-0.,1.));
#1677 = ( GEOMETRIC_REPRESENTATION_CONTEXT(2) 
PARAMETRIC_REPRESENTATION_CONTEXT() REPRESENTATION_CONTEXT('2D SPACE',''
  ) );
#1678 = PCURVE('',#777,#1679);
#1679 = DEFINITIONAL_REPRESENTATION('',(#1680),#1684);
#1680 = LINE('',#1681,#1682);
#1681 = CARTESIAN_POINT('',(6.28318530718,-6.25E-02));
#1682 = VECTOR('',#1683,1.);
#1683 = DIRECTION('',(-0.,1.));
#1684 = ( GEOMETRIC_REPRESENTATION_CONTEXT(2) 
PARAMETRIC_REPRESENTATION_CONTEXT() REPRESENTATION_CONTEXT('2D SPACE',''
  ) );
#1685 = ORIENTED_EDGE('',*,*,#850,.F.);
#1686 = ORIENTED_EDGE('',*,*,#1665,.F.);
#1687 = ADVANCED_FACE('',(#1688),#1296,.F.);
#1688 = FACE_BOUND('',#1689,.F.);
#1689 = EDGE_LOOP('',(#1690,#1691,#1692,#1713));
#1690 = ORIENTED_EDGE('',*,*,#1385,.T.);
#1691 = ORIENTED_EDGE('',*,*,#1488,.T.);
#1692 = ORIENTED_EDGE('',*,*,#1693,.F.);
#1693 = EDGE_CURVE('',#1281,#1441,#1694,.T.);
#1694 = SURFACE_CURVE('',#1695,(#1699,#1706),.PCURVE_S1.);
#1695 = LINE('',#1696,#1697);
#1696 = CARTESIAN_POINT('',(-0.125,-0.125,0.));
#1697 = VECTOR('',#1698,1.);
#1698 = DIRECTION('',(0.,0.,1.));
#1699 = PCURVE('',#1296,#1700);
#1700 = DEFINITIONAL_REPRESENTATION('',(#1701),#1705);
#1701 = LINE('',#1702,#1703);
#1702 = CARTESIAN_POINT('',(0.125,0.));
#1703 = VECTOR('',#1704,1.);
#1704 = DIRECTION('',(0.,-1.));
#1705 = ( GEOMETRIC_REPRESENTATION_CONTEXT(2) 
PARAMETRIC_REPRESENTATION_CONTEXT() REPRESENTATION_CONTEXT('2D SPACE',''
  ) );
#1706 = PCURVE('',#1324,#1707);
#1707 = DEFINITIONAL_REPRESENTATION('',(#1708),#1712);
#1708 = LINE('',#1709,#1710);
#1709 = CARTESIAN_POINT('',(0.,0.));
#1710 = VECTOR('',#1711,1.);
#1711 = DIRECTION('',(0.,-1.));
#1712 = ( GEOMETRIC_REPRESENTATION_CONTEXT(2) 
PARAMETRIC_REPRESENTATION_CONTEXT() REPRESENTATION_CONTEXT('2D SPACE',''
  ) );
#1713 = ORIENTED_EDGE('',*,*,#1280,.F.);
#1714 = ADVANCED_FACE('',(#1715,#1721),#1324,.F.);
#1715 = FACE_BOUND('',#1716,.F.);
#1716 = EDGE_LOOP('',(#1717,#1718,#1719,#1720));
#1717 = ORIENTED_EDGE('',*,*,#1693,.T.);
#1718 = ORIENTED_EDGE('',*,*,#1440,.T.);
#1719 = ORIENTED_EDGE('',*,*,#1513,.F.);
#1720 = ORIENTED_EDGE('',*,*,#1308,.F.);
#1721 = FACE_BOUND('',#1722,.F.);
#1722 = EDGE_LOOP('',(#1723));
#1723 = ORIENTED_EDGE('',*,*,#1724,.T.);
#1724 = EDGE_CURVE('',#1725,#1725,#1727,.T.);
#1725 = VERTEX_POINT('',#1726);
#1726 = CARTESIAN_POINT('',(-4.65E-02,-0.125,6.25E-02));
#1727 = SURFACE_CURVE('',#1728,(#1733,#1744),.PCURVE_S1.);
#1728 = CIRCLE('',#1729,1.58E-02);
#1729 = AXIS2_PLACEMENT_3D('',#1730,#1731,#1732);
#1730 = CARTESIAN_POINT('',(-6.23E-02,-0.125,6.25E-02));
#1731 = DIRECTION('',(0.,-1.,0.));
#1732 = DIRECTION('',(1.,0.,0.));
#1733 = PCURVE('',#1324,#1734);
#1734 = DEFINITIONAL_REPRESENTATION('',(#1735),#1743);
#1735 = ( BOUNDED_CURVE() B_SPLINE_CURVE(2,(#1736,#1737,#1738,#1739,
#1740,#1741,#1742),.UNSPECIFIED.,.T.,.F.) B_SPLINE_CURVE_WITH_KNOTS((1,2
    ,2,2,2,1),(-2.094395102393,0.,2.094395102393,4.188790204786,
6.28318530718,8.377580409573),.UNSPECIFIED.) CURVE() 
GEOMETRIC_REPRESENTATION_ITEM() RATIONAL_B_SPLINE_CURVE((1.,0.5,1.,0.5,
1.,0.5,1.)) REPRESENTATION_ITEM('') );
#1736 = CARTESIAN_POINT('',(7.85E-02,-6.25E-02));
#1737 = CARTESIAN_POINT('',(7.85E-02,-8.986640275959E-02));
#1738 = CARTESIAN_POINT('',(5.48E-02,-7.618320137979E-02));
#1739 = CARTESIAN_POINT('',(3.11E-02,-6.25E-02));
#1740 = CARTESIAN_POINT('',(5.48E-02,-4.881679862021E-02));
#1741 = CARTESIAN_POINT('',(7.85E-02,-3.513359724041E-02));
#1742 = CARTESIAN_POINT('',(7.85E-02,-6.25E-02));
#1743 = ( GEOMETRIC_REPRESENTATION_CONTEXT(2) 
PARAMETRIC_REPRESENTATION_CONTEXT() REPRESENTATION_CONTEXT('2D SPACE',''
  ) );
#1744 = PCURVE('',#1425,#1745);
#1745 = DEFINITIONAL_REPRESENTATION('',(#1746),#1750);
#1746 = LINE('',#1747,#1748);
#1747 = CARTESIAN_POINT('',(0.,0.));
#1748 = VECTOR('',#1749,1.);
#1749 = DIRECTION('',(1.,0.));
#1750 = ( GEOMETRIC_REPRESENTATION_CONTEXT(2) 
PARAMETRIC_REPRESENTATION_CONTEXT() REPRESENTATION_CONTEXT('2D SPACE',''
  ) );
#1751 = ADVANCED_FACE('',(#1752),#1425,.F.);
#1752 = FACE_BOUND('',#1753,.F.);
#1753 = EDGE_LOOP('',(#1754,#1775,#1776,#1777));
#1754 = ORIENTED_EDGE('',*,*,#1755,.T.);
#1755 = EDGE_CURVE('',#1725,#1409,#1756,.T.);
#1756 = SEAM_CURVE('',#1757,(#1761,#1768),.PCURVE_S1.);
#1757 = LINE('',#1758,#1759);
#1758 = CARTESIAN_POINT('',(-4.65E-02,-0.125,6.25E-02));
#1759 = VECTOR('',#1760,1.);
#1760 = DIRECTION('',(-0.,1.,-0.));
#1761 = PCURVE('',#1425,#1762);
#1762 = DEFINITIONAL_REPRESENTATION('',(#1763),#1767);
#1763 = LINE('',#1764,#1765);
#1764 = CARTESIAN_POINT('',(0.,0.));
#1765 = VECTOR('',#1766,1.);
#1766 = DIRECTION('',(0.,-1.));
#1767 = ( GEOMETRIC_REPRESENTATION_CONTEXT(2) 
PARAMETRIC_REPRESENTATION_CONTEXT() REPRESENTATION_CONTEXT('2D SPACE',''
  ) );
#1768 = PCURVE('',#1425,#1769);
#1769 = DEFINITIONAL_REPRESENTATION('',(#1770),#1774);
#1770 = LINE('',#1771,#1772);
#1771 = CARTESIAN_POINT('',(6.28318530718,0.));
#1772 = VECTOR('',#1773,1.);
#1773 = DIRECTION('',(0.,-1.));
#1774 = ( GEOMETRIC_REPRESENTATION_CONTEXT(2) 
PARAMETRIC_REPRESENTATION_CONTEXT() REPRESENTATION_CONTEXT('2D SPACE',''
  ) );
#1775 = ORIENTED_EDGE('',*,*,#1408,.T.);
#1776 = ORIENTED_EDGE('',*,*,#1755,.F.);
#1777 = ORIENTED_EDGE('',*,*,#1724,.F.);
#1778 = ADVANCED_FACE('',(#1779),#1573,.F.);
#1779 = FACE_BOUND('',#1780,.F.);
#1780 = EDGE_LOOP('',(#1781,#1782));
#1781 = ORIENTED_EDGE('',*,*,#1633,.T.);
#1782 = ORIENTED_EDGE('',*,*,#1557,.T.);
#1783 = ( GEOMETRIC_REPRESENTATION_CONTEXT(3) 
GLOBAL_UNCERTAINTY_ASSIGNED_CONTEXT((#1787)) 
GLOBAL_UNIT_ASSIGNED_CONTEXT((#1784,#1785,#1786)) REPRESENTATION_CONTEXT
('Context #1','3D Context with UNIT and UNCERTAINTY') );
#1784 = ( LENGTH_UNIT() NAMED_UNIT(*) SI_UNIT(.MILLI.,.METRE.) );
#1785 = ( NAMED_UNIT(*) PLANE_ANGLE_UNIT() SI_UNIT($,.RADIAN.) );
#1786 = ( NAMED_UNIT(*) SI_UNIT($,.STERADIAN.) SOLID_ANGLE_UNIT() );
#1787 = UNCERTAINTY_MEASURE_WITH_UNIT(LENGTH_MEASURE(1.E-07),#1784,
  'distance_accuracy_value','confusion accuracy');
#1788 = PRODUCT_RELATED_PRODUCT_CATEGORY('part',$,(#7));
ENDSEC;
END-ISO-10303-21;
